file,variable,site_key,sws_name,block_name,mws_name,institution,lat,lon,n_rows,poly_id,poly_ring,poly_name,sws,group,site_id,resolved_by,decision,reason
02_ground_ssm_long.csv,ssm_pct,"02_ground_ssm_long.csv|13.07007,78.04135",Chatrakodihalli,,Shettikotthnuru,UASB,13.07007,78.04135,40,3,0,Chhatrakodihalli,Chhatrakodihalli,programme,3,known spelling,counted,in the core
02_ground_ssm_long.csv,ssm_pct,"02_ground_ssm_long.csv|13.07301,78.05715",Chatrakodihalli,,Shettikotthnuru,UASB,13.07301,78.05715,40,3,0,Chhatrakodihalli,Chhatrakodihalli,programme,3,known spelling,counted,in the core
02_ground_ssm_long.csv,ssm_pct,"02_ground_ssm_long.csv|13.07746,78.06476",Chatrakodihalli,,Shettikotthnuru,UASB,13.07746,78.06476,40,3,0,Chhatrakodihalli,Chhatrakodihalli,programme,3,known spelling,counted,in the core
02_ground_ssm_long.csv,ssm_pct,"02_ground_ssm_long.csv|13.08221,78.12818",Holali (Kembodi),,Chikkahosala,UASB,13.08221,78.12818,39,3,1,Chhatrakodihalli,Holali (Kembodi),control,0,no name >= 80% similar,counted,near Chhatrakodihalli (ring 1)
02_ground_ssm_long.csv,ssm_pct,"02_ground_ssm_long.csv|13.11159,78.16204",Holali (Kembodi),,Kalipura1,UASB,13.11159,78.16204,39,3,5,Chhatrakodihalli,Holali (Kembodi),control,0,no name >= 80% similar,counted,near Chhatrakodihalli (ring 5)
02_ground_ssm_long.csv,ssm_pct,"02_ground_ssm_long.csv|13.11503,78.05843",Chatrakodihalli,,Chaluvanahalli,UASB,13.11503,78.05843,40,3,0,Chhatrakodihalli,Chhatrakodihalli,programme,3,known spelling,counted,in the core
02_ground_ssm_long.csv,ssm_pct,"02_ground_ssm_long.csv|13.11539,78.06761",Chatrakodihalli,,Chaluvanahalli,UASB,13.11539,78.06761,40,3,0,Chhatrakodihalli,Chhatrakodihalli,programme,3,known spelling,counted,in the core
02_ground_ssm_long.csv,ssm_pct,"02_ground_ssm_long.csv|13.11751,78.11468",Chatrakodihalli,,Kondarajanahalli,UASB,13.11751,78.11468,40,3,0,Chhatrakodihalli,Chhatrakodihalli,programme,3,known spelling,counted,in the core
02_ground_ssm_long.csv,ssm_pct,"02_ground_ssm_long.csv|13.11804,78.07721",Chatrakodihalli,,Chaluvanahalli,UASB,13.11804,78.07721,40,3,0,Chhatrakodihalli,Chhatrakodihalli,programme,3,known spelling,counted,in the core
02_ground_ssm_long.csv,ssm_pct,"02_ground_ssm_long.csv|13.11804,78.10021",Chatrakodihalli,,Kondarajanahalli,UASB,13.11804,78.10021,40,3,0,Chhatrakodihalli,Chhatrakodihalli,programme,3,known spelling,counted,in the core
02_ground_ssm_long.csv,ssm_pct,"02_ground_ssm_long.csv|13.11956,78.10804",Chatrakodihalli,,Kondarajanahalli,UASB,13.11956,78.10804,40,3,0,Chhatrakodihalli,Chhatrakodihalli,programme,3,known spelling,counted,in the core
02_ground_ssm_long.csv,ssm_pct,"02_ground_ssm_long.csv|13.14565,78.2165",Holali (Kembodi),,Karahalli,UASB,13.14565,78.2165,39,0,-1,,Holali (Kembodi),control,0,no name >= 80% similar,counted,outside the programme polygons
02_ground_ssm_long.csv,ssm_pct,"02_ground_ssm_long.csv|13.16346,76.15182",Doddenahalli,,Mootikere,UASB,13.16346,76.15182,39,5,0,Doddenahalli,Doddenahalli,programme,5,known spelling,counted,in the core
02_ground_ssm_long.csv,ssm_pct,"02_ground_ssm_long.csv|13.16885,76.16356",Doddenahalli,,Mootikere,UASB,13.168848,76.163555,39,5,0,Doddenahalli,Doddenahalli,programme,5,known spelling,counted,in the core
02_ground_ssm_long.csv,ssm_pct,"02_ground_ssm_long.csv|13.17616,76.16863",Doddenahalli,,Mootikere,UASB,13.176163,76.168628,58,5,0,Doddenahalli,Doddenahalli,programme,5,known spelling,counted,in the core
02_ground_ssm_long.csv,ssm_pct,"02_ground_ssm_long.csv|13.18196,76.18152",Doddenahalli,,Bilenahalli,UASB,13.181957,76.181518,39,5,0,Doddenahalli,Doddenahalli,programme,5,known spelling,counted,in the core
02_ground_ssm_long.csv,ssm_pct,"02_ground_ssm_long.csv|13.1992,76.21943",Doddenahalli,,Doddenahalli,UASB,13.199203,76.219427,39,5,0,Doddenahalli,Doddenahalli,programme,5,known spelling,counted,in the core
02_ground_ssm_long.csv,ssm_pct,"02_ground_ssm_long.csv|13.20847,76.18369",Doddenahalli,,Bilenahalli,UASB,13.208467,76.183692,38,5,0,Doddenahalli,Doddenahalli,programme,5,known spelling,counted,in the core
02_ground_ssm_long.csv,ssm_pct,"02_ground_ssm_long.csv|13.21507,76.18886",Doddenahalli,,Bilenahalli,UASB,13.215072,76.188855,39,5,0,Doddenahalli,Doddenahalli,programme,5,known spelling,counted,in the core
02_ground_ssm_long.csv,ssm_pct,"02_ground_ssm_long.csv|13.21721,76.21721",Doddenahalli,,Doddenahalli,UASB,13.217212,76.217207,39,5,0,Doddenahalli,Doddenahalli,programme,5,known spelling,counted,in the core
02_ground_ssm_long.csv,ssm_pct,"02_ground_ssm_long.csv|13.22211,76.21031",Doddenahalli,,Doddenahalli,UASB,13.222107,76.210308,39,5,0,Doddenahalli,Doddenahalli,programme,5,known spelling,counted,in the core
02_ground_ssm_long.csv,ssm_pct,"02_ground_ssm_long.csv|13.2235,77.08544",Virupasandra,,Kemarepalya,UASB,13.223505,77.085438,41,0,-1,,Virupasandra,control,0,no name >= 80% similar,counted,outside the programme polygons
02_ground_ssm_long.csv,ssm_pct,"02_ground_ssm_long.csv|13.23409,77.15894",Virupasandra,,Neralapura,UASB,13.234088,77.158945,39,0,-1,,Virupasandra,control,0,no name >= 80% similar,counted,outside the programme polygons
02_ground_ssm_long.csv,ssm_pct,"02_ground_ssm_long.csv|13.2404,77.1139",Virupasandra,,Mullenahalli,UASB,13.240405,77.113902,41,0,-1,,Virupasandra,control,0,no name >= 80% similar,counted,outside the programme polygons
02_ground_ssm_long.csv,ssm_pct,"02_ground_ssm_long.csv|13.29925,77.21188",Maidalakere,,Hodekallu,UASB,13.299252,77.211883,41,15,0,Maidalakere,Maidalakere,programme,15,known spelling,counted,in the core
02_ground_ssm_long.csv,ssm_pct,"02_ground_ssm_long.csv|13.31143,77.21385",Maidalakere,,Hodekallu,UASB,13.311427,77.213852,41,15,0,Maidalakere,Maidalakere,programme,15,known spelling,counted,in the core
02_ground_ssm_long.csv,ssm_pct,"02_ground_ssm_long.csv|13.31516,77.20767",Maidalakere,,Hodekallu,UASB,13.31516,77.207668,41,15,0,Maidalakere,Maidalakere,programme,15,known spelling,counted,in the core
02_ground_ssm_long.csv,ssm_pct,"02_ground_ssm_long.csv|13.31563,77.23567",Maidalakere,,Siddalingayyanapalya,UASB,13.315633,77.23567,39,15,0,Maidalakere,Maidalakere,programme,15,known spelling,counted,in the core
02_ground_ssm_long.csv,ssm_pct,"02_ground_ssm_long.csv|13.3198,77.22626",Maidalakere,,Siddalingayyanapalya,UASB,13.319803,77.226265,35,15,0,Maidalakere,Maidalakere,programme,15,known spelling,counted,in the core
02_ground_ssm_long.csv,ssm_pct,"02_ground_ssm_long.csv|13.32169,77.21903",Maidalakere,,Siddalingayyanapalya,UASB,13.321687,77.219032,41,15,0,Maidalakere,Maidalakere,programme,15,known spelling,counted,in the core
02_ground_ssm_long.csv,ssm_pct,"02_ground_ssm_long.csv|13.32445,77.25391",Maidalakere,,Kadugujjanahalli,UASB,13.32445,77.253913,41,15,0,Maidalakere,Maidalakere,programme,15,known spelling,counted,in the core
02_ground_ssm_long.csv,ssm_pct,"02_ground_ssm_long.csv|13.32695,77.25993",Maidalakere,,Kadugujjanahalli,UASB,13.326948,77.259928,41,15,0,Maidalakere,Maidalakere,programme,15,known spelling,counted,in the core
02_ground_ssm_long.csv,ssm_pct,"02_ground_ssm_long.csv|13.33316,77.27004",Maidalakere,,Kadugujjanahalli,UASB,13.333163,77.27004,41,15,0,Maidalakere,Maidalakere,programme,15,known spelling,counted,in the core
02_ground_ssm_long.csv,ssm_pct,"02_ground_ssm_long.csv|13.67463,75.93379",Koranahalli,,Gollarahalli,UAHS,13.6746325,75.933787,16,13,0,Koranahalli,Koranahalli,programme,13,known spelling,counted,in the core
02_ground_ssm_long.csv,ssm_pct,"02_ground_ssm_long.csv|13.6831,75.89688",Koranahalli,,Rajanahalli-2,UAHS,13.6831025,75.8968825,16,13,0,Koranahalli,Koranahalli,programme,13,known spelling,counted,in the core
02_ground_ssm_long.csv,ssm_pct,"02_ground_ssm_long.csv|13.68467,75.90995",Koranahalli,,Chatnahalli-2,UAHS,13.6846715,75.909951,16,13,0,Koranahalli,Koranahalli,programme,13,known spelling,counted,in the core
02_ground_ssm_long.csv,ssm_pct,"02_ground_ssm_long.csv|13.68505,75.93763",Koranahalli,,Koranahalli,UAHS,13.68505,75.937633,16,13,0,Koranahalli,Koranahalli,programme,13,known spelling,counted,in the core
02_ground_ssm_long.csv,ssm_pct,"02_ground_ssm_long.csv|13.69033,75.89806",Koranahalli,,Chatnahalli-2,UAHS,13.690333,75.898059,16,13,0,Koranahalli,Koranahalli,programme,13,known spelling,counted,in the core
02_ground_ssm_long.csv,ssm_pct,"02_ground_ssm_long.csv|13.69135,75.90366",Koranahalli,,Koranahalli,UAHS,13.69135,75.903662,16,13,0,Koranahalli,Koranahalli,programme,13,known spelling,counted,in the core
02_ground_ssm_long.csv,ssm_pct,"02_ground_ssm_long.csv|13.69229,75.91116",Koranahalli,,Jodi Bokikere,UAHS,13.6922875,75.9111595,16,13,0,Koranahalli,Koranahalli,programme,13,known spelling,counted,in the core
02_ground_ssm_long.csv,ssm_pct,"02_ground_ssm_long.csv|13.69537,75.94548",Koranahalli,,Makanahalli,UAHS,13.6953725,75.9454765,16,13,0,Koranahalli,Koranahalli,programme,13,known spelling,counted,in the core
02_ground_ssm_long.csv,ssm_pct,"02_ground_ssm_long.csv|13.70652,75.92282",Koranahalli,,Makanahalli,UAHS,13.70652,75.922819,16,13,0,Koranahalli,Koranahalli,programme,13,known spelling,counted,in the core
02_ground_ssm_long.csv,ssm_pct,"02_ground_ssm_long.csv|13.77134,77.92246",Gummalapalli,,Tollapalli,UASB,13.771343,77.922455,34,6,0,Gummlapalli,Gummlapalli,programme,6,known spelling,counted,in the core
02_ground_ssm_long.csv,ssm_pct,"02_ground_ssm_long.csv|13.78581,77.95945",Gummalapalli,,Peddareddipalli,UASB,13.785807,77.959447,37,6,0,Gummlapalli,Gummlapalli,programme,6,known spelling,counted,in the core
02_ground_ssm_long.csv,ssm_pct,"02_ground_ssm_long.csv|13.78792,77.9462",Gummalapalli,,Agutimadike,UASB,13.787918,77.946202,39,6,0,Gummlapalli,Gummlapalli,programme,6,known spelling,counted,in the core
02_ground_ssm_long.csv,ssm_pct,"02_ground_ssm_long.csv|13.78866,77.93922",Gummalapalli,,Tollapalli,UASB,13.788663,77.939217,35,6,0,Gummlapalli,Gummlapalli,programme,6,known spelling,counted,in the core
02_ground_ssm_long.csv,ssm_pct,"02_ground_ssm_long.csv|13.7935,77.97662",Gummalapalli,,Peddareddipalli,UASB,13.793505,77.976622,33,6,0,Gummlapalli,Gummlapalli,programme,6,known spelling,counted,in the core
02_ground_ssm_long.csv,ssm_pct,"02_ground_ssm_long.csv|13.79435,77.92257",Gummalapalli,,Tollapalli,UASB,13.794348,77.922572,35,6,0,Gummlapalli,Gummlapalli,programme,6,known spelling,counted,in the core
02_ground_ssm_long.csv,ssm_pct,"02_ground_ssm_long.csv|13.79507,77.94496",Gummalapalli,,Agutimadike,UASB,13.795073,77.944958,37,6,0,Gummlapalli,Gummlapalli,programme,6,known spelling,counted,in the core
02_ground_ssm_long.csv,ssm_pct,"02_ground_ssm_long.csv|13.79542,77.96995",Gummalapalli,,Peddareddipalli,UASB,13.795422,77.969948,27,6,0,Gummlapalli,Gummlapalli,programme,6,known spelling,counted,in the core
02_ground_ssm_long.csv,ssm_pct,"02_ground_ssm_long.csv|13.80618,77.93575",Gummalapalli,,Agutimadike,UASB,13.806175,77.935747,34,6,0,Gummlapalli,Gummlapalli,programme,6,known spelling,counted,in the core
02_ground_ssm_long.csv,ssm_pct,"02_ground_ssm_long.csv|13.82916,76.02328",Haralahalli,,Gijikatte,UAHS,13.829155,76.023283,16,0,-1,,Haralahalli,control,0,no name >= 80% similar,counted,outside the programme polygons
02_ground_ssm_long.csv,ssm_pct,"02_ground_ssm_long.csv|13.8503,76.06557",Haralahalli,,Karehalli,UAHS,13.8503045,76.0655685,16,0,-1,,Haralahalli,control,0,no name >= 80% similar,counted,outside the programme polygons
02_ground_ssm_long.csv,ssm_pct,"02_ground_ssm_long.csv|13.86628,76.02666",Haralahalli,,Donduru,UAHS,13.8662785,76.0266565,16,10,4,Jammapur,Haralahalli,control,0,no name >= 80% similar,counted,near Jammapur (ring 4)
02_ground_ssm_long.csv,ssm_pct,"02_ground_ssm_long.csv|13.89343,75.97875",Jammapura,,Kallikere,UAHS,13.893431,75.97875,16,10,0,Jammapur,Jammapur,programme,10,known spelling,counted,in the core
02_ground_ssm_long.csv,ssm_pct,"02_ground_ssm_long.csv|13.90105,75.98474",Jammapura,,Kallikere,UAHS,13.901052,75.9847365,16,10,0,Jammapur,Jammapur,programme,10,known spelling,counted,in the core
02_ground_ssm_long.csv,ssm_pct,"02_ground_ssm_long.csv|13.91465,75.99327",Jammapura,,Jammapur2,UAHS,13.91465,75.9932735,16,10,0,Jammapur,Jammapur,programme,10,known spelling,counted,in the core
02_ground_ssm_long.csv,ssm_pct,"02_ground_ssm_long.csv|13.93081,75.97341",Jammapura,,Meagondanahalli2,UAHS,13.93081,75.97340650000001,16,10,0,Jammapur,Jammapur,programme,10,known spelling,counted,in the core
02_ground_ssm_long.csv,ssm_pct,"02_ground_ssm_long.csv|13.94246,75.9764",Jammapura,,Maravanji2,UAHS,13.942465,75.97639749999999,16,10,0,Jammapur,Jammapur,programme,10,known spelling,counted,in the core
02_ground_ssm_long.csv,ssm_pct,"02_ground_ssm_long.csv|13.95899,75.97707",Jammapura,,Pandavamatti1,UAHS,13.958989,75.9770695,16,10,0,Jammapur,Jammapur,programme,10,known spelling,counted,in the core
02_ground_ssm_long.csv,ssm_pct,"02_ground_ssm_long.csv|13.96185,75.96293",Jammapura,,Pandavamatti1,UAHS,13.96185,75.9629305,16,10,0,Jammapur,Jammapur,programme,10,known spelling,counted,in the core
02_ground_ssm_long.csv,ssm_pct,"02_ground_ssm_long.csv|13.96494,75.98462",Jammapura,,Pandavamatti1,UAHS,13.964945,75.98462,16,10,0,Jammapur,Jammapur,programme,10,known spelling,counted,in the core
02_ground_ssm_long.csv,ssm_pct,"02_ground_ssm_long.csv|13.96758,75.97199",Jammapura,,Pandavamatti1,UAHS,13.967576,75.971994,16,10,0,Jammapur,Jammapur,programme,10,known spelling,counted,in the core
02_ground_ssm_long.csv,ssm_pct,"02_ground_ssm_long.csv|13.97208,75.92354",Laxmisagara 4U,,Mallegere3,UAHS,13.97208,75.92354,16,10,3,Jammapur,Laxmisagara 4U,control,0,no name >= 80% similar,counted,near Jammapur (ring 3)
02_ground_ssm_long.csv,ssm_pct,"02_ground_ssm_long.csv|13.99147,75.91774",Laxmisagara 4U,,Mallegere3,UAHS,13.9914665,75.917744,16,10,5,Jammapur,Laxmisagara 4U,control,0,no name >= 80% similar,counted,near Jammapur (ring 5)
02_ground_ssm_long.csv,ssm_pct,"02_ground_ssm_long.csv|14.01081,75.93455",Laxmisagara 4U,,Lakshimisagar1,UAHS,14.01081,75.93455349999999,16,0,-1,,Laxmisagara 4U,control,0,no name >= 80% similar,counted,outside the programme polygons
02_ground_ssm_long.csv,ssm_pct,"02_ground_ssm_long.csv|14.23744,75.39177",Mattikote,,Dhoopadahalli,UAHS,14.23744,75.391771,17,2,2,Beguru,Mattikote,control,0,no name >= 80% similar,counted,near Beguru (ring 2)
02_ground_ssm_long.csv,ssm_pct,"02_ground_ssm_long.csv|14.25728,75.37255",Mattikote,,Haliyur,UAHS,14.257282,75.372552,17,2,3,Beguru,Mattikote,control,0,no name >= 80% similar,counted,near Beguru (ring 3)
02_ground_ssm_long.csv,ssm_pct,"02_ground_ssm_long.csv|14.25784,75.46777",Beguru,,Gogga,UAHS,14.257845,75.467767,17,2,0,Beguru,Beguru,programme,2,known spelling,counted,in the core
02_ground_ssm_long.csv,ssm_pct,"02_ground_ssm_long.csv|14.25944,76.73196",Kytagondanahalli,,Kasturitimmanahalli1,UAHS,14.25944,76.731962,15,14,0,Kyatagondanahalli,Kyatagondanahalli,programme,14,known spelling,counted,in the core
02_ground_ssm_long.csv,ssm_pct,"02_ground_ssm_long.csv|14.26068,75.42317",Beguru,,Kenchagondanakoppa,UAHS,14.26068,75.423167,17,2,0,Beguru,Beguru,programme,2,known spelling,counted,in the core
02_ground_ssm_long.csv,ssm_pct,"02_ground_ssm_long.csv|14.26322,75.46386",Beguru,,Hulaganakatte1,UAHS,14.263222,75.463857,17,2,0,Beguru,Beguru,programme,2,known spelling,counted,in the core
02_ground_ssm_long.csv,ssm_pct,"02_ground_ssm_long.csv|14.26381,75.47206",Beguru,,Gogga,UAHS,14.263812,75.472055,17,2,0,Beguru,Beguru,programme,2,known spelling,counted,in the core
02_ground_ssm_long.csv,ssm_pct,"02_ground_ssm_long.csv|14.26815,76.76651",Nagagondanahalli,,Devaranahalli,UAHS,14.268152,76.766509,15,14,2,Kyatagondanahalli,Nagagondanahalli,control,0,"82% similar to Kyatagondanahalli, but 100% of its sites lie outside that core -- kept apart",counted,near Kyatagondanahalli (ring 2)
02_ground_ssm_long.csv,ssm_pct,"02_ground_ssm_long.csv|14.27489,75.48666",Beguru,,Gogga,UAHS,14.274888,75.486665,17,2,0,Beguru,Beguru,programme,2,known spelling,counted,in the core
02_ground_ssm_long.csv,ssm_pct,"02_ground_ssm_long.csv|14.2778,75.40839",Beguru,,Dabbanabairanahalli,UAHS,14.2778,75.408387,17,2,0,Beguru,Beguru,programme,2,known spelling,counted,in the core
02_ground_ssm_long.csv,ssm_pct,"02_ground_ssm_long.csv|14.2839,75.41148",Beguru,,Dabbanabairanahalli,UAHS,14.2839,75.411483,17,2,0,Beguru,Beguru,programme,2,known spelling,counted,in the core
02_ground_ssm_long.csv,ssm_pct,"02_ground_ssm_long.csv|14.28605,76.76128",Kytagondanahalli,,Vidappanakunte2,UAHS,14.286052,76.761281,15,14,0,Kyatagondanahalli,Kyatagondanahalli,programme,14,known spelling,counted,in the core
02_ground_ssm_long.csv,ssm_pct,"02_ground_ssm_long.csv|14.29094,75.3555",Mattikote,,Gabburu,UAHS,14.29094,75.355498,17,2,5,Beguru,Mattikote,control,0,no name >= 80% similar,counted,near Beguru (ring 5)
02_ground_ssm_long.csv,ssm_pct,"02_ground_ssm_long.csv|14.29116,75.4122",Beguru,,Dabbanabairanahalli,UAHS,14.291157,75.4122,17,2,0,Beguru,Beguru,programme,2,known spelling,counted,in the core
02_ground_ssm_long.csv,ssm_pct,"02_ground_ssm_long.csv|14.2919,76.74094",Kytagondanahalli,,Kyatagondanahalli3,UAHS,14.2919,76.740942,15,14,0,Kyatagondanahalli,Kyatagondanahalli,programme,14,known spelling,counted,in the core
02_ground_ssm_long.csv,ssm_pct,"02_ground_ssm_long.csv|14.29222,75.41706",Beguru,,Dabbanabairanahalli,UAHS,14.292225,75.417065,17,2,0,Beguru,Beguru,programme,2,known spelling,counted,in the core
02_ground_ssm_long.csv,ssm_pct,"02_ground_ssm_long.csv|14.29721,76.73081",Kytagondanahalli,,Kasturitimmanahalli1,UAHS,14.297212,76.730812,15,14,0,Kyatagondanahalli,Kyatagondanahalli,programme,14,known spelling,counted,in the core
02_ground_ssm_long.csv,ssm_pct,"02_ground_ssm_long.csv|14.30688,76.75303",Kytagondanahalli,,Kasturitimmanahalli2,UAHS,14.30688,76.753031,15,14,0,Kyatagondanahalli,Kyatagondanahalli,programme,14,known spelling,counted,in the core
02_ground_ssm_long.csv,ssm_pct,"02_ground_ssm_long.csv|14.3147,76.77367",Kytagondanahalli,,Kyatagondanahalli3,UAHS,14.314702,76.773671,15,14,0,Kyatagondanahalli,Kyatagondanahalli,programme,14,known spelling,counted,in the core
02_ground_ssm_long.csv,ssm_pct,"02_ground_ssm_long.csv|14.31918,76.80531",Nagagondanahalli,,Halagondanahalli2,UAHS,14.319177,76.805306,15,14,3,Kyatagondanahalli,Nagagondanahalli,control,0,"82% similar to Kyatagondanahalli, but 100% of its sites lie outside that core -- kept apart",counted,near Kyatagondanahalli (ring 3)
02_ground_ssm_long.csv,ssm_pct,"02_ground_ssm_long.csv|14.37274,76.83148",Nagagondanahalli,,Nagagondanahalli1,UAHS,14.37274,76.831483,15,14,2,Kyatagondanahalli,Nagagondanahalli,control,0,"82% similar to Kyatagondanahalli, but 100% of its sites lie outside that core -- kept apart",counted,near Kyatagondanahalli (ring 2)
02_ground_ssm_long.csv,ssm_pct,"02_ground_ssm_long.csv|14.37953,76.81908",Kytagondanahalli,,Vidappanakunte1,UAHS,14.37953,76.819081,15,14,0,Kyatagondanahalli,Kyatagondanahalli,programme,14,known spelling,counted,in the core
02_ground_ssm_long.csv,ssm_pct,"02_ground_ssm_long.csv|14.38759,76.8087",Kytagondanahalli,,Kyatagondanahalli2,UAHS,14.387589,76.808695,15,14,0,Kyatagondanahalli,Kyatagondanahalli,programme,14,known spelling,counted,in the core
02_ground_ssm_long.csv,ssm_pct,"02_ground_ssm_long.csv|14.39087,76.8039",Kytagondanahalli,,Vidappanakunte2,UAHS,14.390872,76.803899,15,14,0,Kyatagondanahalli,Kyatagondanahalli,programme,14,known spelling,counted,in the core
02_ground_ssm_long.csv,ssm_pct,"02_ground_ssm_long.csv|14.4867,75.5177",Kodihalli Sub-Watershed,,Mavintopa,UASD,14.486705,75.517697,16,12,0,Kodihalli,Kodihalli,programme,12,known spelling,counted,in the core
02_ground_ssm_long.csv,ssm_pct,"02_ground_ssm_long.csv|14.48861,75.40861",Hosahalli sub-watershed,,Nulageri,UASD,14.488611,75.4086111,15,0,-1,,Hosahalli,control,0,no name >= 80% similar,counted,outside the programme polygons
02_ground_ssm_long.csv,ssm_pct,"02_ground_ssm_long.csv|14.4975,75.39861",Hosahalli sub-watershed,,Hirekerur,UASD,14.4975,75.3986111,15,0,-1,,Hosahalli,control,0,no name >= 80% similar,counted,outside the programme polygons
02_ground_ssm_long.csv,ssm_pct,"02_ground_ssm_long.csv|14.50281,75.50323",Kodihalli Sub-Watershed,,Mavintopa,UASD,14.502813,75.503232,15,12,0,Kodihalli,Kodihalli,programme,12,known spelling,counted,in the core
02_ground_ssm_long.csv,ssm_pct,"02_ground_ssm_long.csv|14.50709,75.51372",Kodihalli Sub-Watershed,,Mavintopa,UASD,14.507089,75.513718,15,12,0,Kodihalli,Kodihalli,programme,12,known spelling,counted,in the core
02_ground_ssm_long.csv,ssm_pct,"02_ground_ssm_long.csv|14.5153,75.52068",Kodihalli Sub-Watershed,,Kunchur,UASD,14.515297,75.520683,16,12,0,Kodihalli,Kodihalli,programme,12,known spelling,counted,in the core
02_ground_ssm_long.csv,ssm_pct,"02_ground_ssm_long.csv|14.52459,75.51112",Kodihalli Sub-Watershed,,Kunchur,UASD,14.524592,75.511122,15,12,0,Kodihalli,Kodihalli,programme,12,known spelling,counted,in the core
02_ground_ssm_long.csv,ssm_pct,"02_ground_ssm_long.csv|14.5351,75.51241",Kodihalli Sub-Watershed,,Lingadevarakoppa,UASD,14.535103,75.512413,15,12,0,Kodihalli,Kodihalli,programme,12,known spelling,counted,in the core
02_ground_ssm_long.csv,ssm_pct,"02_ground_ssm_long.csv|14.55052,75.45111",Kodihalli Sub-Watershed,,Yelavadhalli,UASD,14.550516,75.451109,16,12,0,Kodihalli,Kodihalli,programme,12,known spelling,counted,in the core
02_ground_ssm_long.csv,ssm_pct,"02_ground_ssm_long.csv|14.55071,75.50808",Kodihalli Sub-Watershed,,Lingadevarakoppa,UASD,14.550707,75.508085,15,12,0,Kodihalli,Kodihalli,programme,12,known spelling,counted,in the core
02_ground_ssm_long.csv,ssm_pct,"02_ground_ssm_long.csv|14.55472,75.43139",Hosahalli sub-watershed,,Abalur,UASD,14.554722,75.4313889,15,12,2,Kodihalli,Hosahalli,control,0,no name >= 80% similar,counted,near Kodihalli (ring 2)
02_ground_ssm_long.csv,ssm_pct,"02_ground_ssm_long.csv|14.55559,75.47114",Kodihalli Sub-Watershed,,Aladgeri,UASD,14.555591,75.471144,16,12,0,Kodihalli,Kodihalli,programme,12,known spelling,counted,in the core
02_ground_ssm_long.csv,ssm_pct,"02_ground_ssm_long.csv|15.16528,75.15861",Hanchinal sub-watershed,,Hanchinal-1,UASD,15.165278,75.1586111,9,0,-1,,Hanchinal,control,0,no name >= 80% similar,counted,outside the programme polygons
02_ground_ssm_long.csv,ssm_pct,"02_ground_ssm_long.csv|15.17028,75.17694",Hanchinal sub-watershed,,Vittalapura-1,UASD,15.170278,75.1769444,9,0,-1,,Hanchinal,control,0,no name >= 80% similar,counted,outside the programme polygons
02_ground_ssm_long.csv,ssm_pct,"02_ground_ssm_long.csv|15.1772,75.23972",Shirur Sub-Watershed,,Kamadoli-2,UASD,15.1772,75.23972,5,20,0,Sirur,Sirur,programme,20,known spelling,counted,in the core
02_ground_ssm_long.csv,ssm_pct,"02_ground_ssm_long.csv|15.2122,75.23972",Shirur Sub-Watershed,,Devanurnorth,UASD,15.2122,75.23972,5,20,0,Sirur,Sirur,programme,20,known spelling,counted,in the core
02_ground_ssm_long.csv,ssm_pct,"02_ground_ssm_long.csv|15.2186,75.26",Shirur Sub-Watershed,,Bilebala,UASD,15.2186,75.26,5,20,0,Sirur,Sirur,programme,20,known spelling,counted,in the core
02_ground_ssm_long.csv,ssm_pct,"02_ground_ssm_long.csv|15.22694,75.22889",Hanchinal sub-watershed,,Vittalapura-2,UASD,15.226944,75.2288889,9,20,0,Sirur,Hanchinal,control,0,no name >= 80% similar,excluded,a non-programme site inside the Sirur core (treated land)
02_ground_ssm_long.csv,ssm_pct,"02_ground_ssm_long.csv|15.2358,75.28833",Shirur Sub-Watershed,,Kamadoli-1,UASD,15.2358,75.28833,5,20,1,Sirur,Sirur,programme,20,known spelling,counted,1 km ring (boundary tolerance)
02_ground_ssm_long.csv,ssm_pct,"02_ground_ssm_long.csv|15.2389,75.26917",Shirur Sub-Watershed,,Shirur-1,UASD,15.2389,75.26917,5,20,0,Sirur,Sirur,programme,20,known spelling,counted,in the core
02_ground_ssm_long.csv,ssm_pct,"02_ground_ssm_long.csv|15.2414,75.25917",Shirur Sub-Watershed,,Devanurnorth,UASD,15.2414,75.25917,5,20,0,Sirur,Sirur,programme,20,known spelling,counted,in the core
02_ground_ssm_long.csv,ssm_pct,"02_ground_ssm_long.csv|15.2433,75.28306",Shirur Sub-Watershed,,Devanur,UASD,15.2433,75.28306,5,20,0,Sirur,Sirur,programme,20,known spelling,counted,in the core
02_ground_ssm_long.csv,ssm_pct,"02_ground_ssm_long.csv|15.2444,75.23806",Shirur Sub-Watershed,,Shirur-1,UASD,15.2444,75.23806,5,20,0,Sirur,Sirur,programme,20,known spelling,counted,in the core
02_ground_ssm_long.csv,ssm_pct,"02_ground_ssm_long.csv|15.2636,75.27278",Shirur Sub-Watershed,,Shirur-1,UASD,15.2636,75.27278,5,20,1,Sirur,Sirur,programme,20,known spelling,counted,1 km ring (boundary tolerance)
02_ground_ssm_long.csv,ssm_pct,"02_ground_ssm_long.csv|15.29158,75.52045",Nilagunda Sub-watershed,,Mulgund-2,UASD,15.29158,75.52045,17,18,0,Nilgund,Nilgund,programme,18,known spelling,counted,in the core
02_ground_ssm_long.csv,ssm_pct,"02_ground_ssm_long.csv|15.29336,75.55522",Nilagunda Sub-watershed,,Kanvi-1,UASD,15.29336,75.55522,17,18,0,Nilgund,Nilgund,programme,18,known spelling,counted,in the core
02_ground_ssm_long.csv,ssm_pct,"02_ground_ssm_long.csv|15.29615,75.54059",Nilagunda Sub-watershed,,Mulgund-2,UASD,15.29615,75.54059,17,18,0,Nilgund,Nilgund,programme,18,known spelling,counted,in the core
02_ground_ssm_long.csv,ssm_pct,"02_ground_ssm_long.csv|15.29689,75.56802",Nilagunda Sub-watershed,,Mulgund East-3,UASD,15.29689,75.56802,17,18,0,Nilgund,Nilgund,programme,18,known spelling,counted,in the core
02_ground_ssm_long.csv,ssm_pct,"02_ground_ssm_long.csv|15.29886,75.48786",Nilagunda Sub-watershed,,Nilgund-3,UASD,15.29886,75.48786,17,18,0,Nilgund,Nilgund,programme,18,known spelling,counted,in the core
02_ground_ssm_long.csv,ssm_pct,"02_ground_ssm_long.csv|15.30131,75.49959",Nilagunda Sub-watershed,,Nilgund-3,UASD,15.30131,75.49959,17,18,0,Nilgund,Nilgund,programme,18,known spelling,counted,in the core
02_ground_ssm_long.csv,ssm_pct,"02_ground_ssm_long.csv|15.30442,75.48469",Nilagunda Sub-watershed,,Nilgund-3,UASD,15.30442,75.48469,17,18,0,Nilgund,Nilgund,programme,18,known spelling,counted,in the core
02_ground_ssm_long.csv,ssm_pct,"02_ground_ssm_long.csv|15.31464,75.52067",Nilagunda Sub-watershed,,Mulgund-1,UASD,15.31464,75.52067,17,18,0,Nilgund,Nilgund,programme,18,known spelling,counted,in the core
02_ground_ssm_long.csv,ssm_pct,"02_ground_ssm_long.csv|15.31486,75.5179",Nilagunda Sub-watershed,,Nilgund-2,UASD,15.31486,75.5179,17,18,0,Nilgund,Nilgund,programme,18,known spelling,counted,in the core
02_ground_ssm_long.csv,ssm_pct,"02_ground_ssm_long.csv|15.48029,75.66051",Gadag sub-watershed,,Chikkoppa,UASD,15.48029,75.66051,16,0,-1,,Gadag,control,0,no name >= 80% similar,counted,outside the programme polygons
02_ground_ssm_long.csv,ssm_pct,"02_ground_ssm_long.csv|15.49948,75.65871",Gadag sub-watershed,,Hirekoppa,UASD,15.49948,75.65871,16,0,-1,,Gadag,control,0,no name >= 80% similar,counted,outside the programme polygons
02_ground_ssm_long.csv,ssm_pct,"02_ground_ssm_long.csv|15.52089,75.67462",Gadag sub-watershed,,Kiratageri-2,UASD,15.52089,75.67462,16,0,-1,,Gadag,control,0,no name >= 80% similar,counted,outside the programme polygons
02_ground_ssm_long.csv,ssm_pct,"02_ground_ssm_long.csv|16.01278,75.95361",Chittaragi,,Sulibhavi-1,UHSB,16.012777777777778,75.95361111111112,1,4,0,Chittharagi,Chittharagi,programme,4,known spelling,counted,in the core
02_ground_ssm_long.csv,ssm_pct,"02_ground_ssm_long.csv|16.02444,75.94806",Chittaragi,,Sulibhavi-1,UHSB,16.024444444444445,75.94805555555556,1,4,0,Chittharagi,Chittharagi,programme,4,known spelling,counted,in the core
02_ground_ssm_long.csv,ssm_pct,"02_ground_ssm_long.csv|16.05361,75.95028",Chittaragi,,Sulibhavi-1,UHSB,16.053611111111113,75.95027777777779,1,4,0,Chittharagi,Chittharagi,programme,4,known spelling,counted,in the core
02_ground_ssm_long.csv,ssm_pct,"02_ground_ssm_long.csv|16.11861,75.96778",Chittaragi,,Chittaragi-1,UHSB,16.11861111111111,75.96777777777778,1,4,0,Chittharagi,Chittharagi,programme,4,known spelling,counted,in the core
02_ground_ssm_long.csv,ssm_pct,"02_ground_ssm_long.csv|16.11917,75.98194",Chittaragi,,Chittaragi-1,UHSB,16.11916666666667,75.98194444444445,1,4,0,Chittharagi,Chittharagi,programme,4,known spelling,counted,in the core
02_ground_ssm_long.csv,ssm_pct,"02_ground_ssm_long.csv|16.12056,75.97444",Chittaragi,,Chittaragi-1,UHSB,16.120555555555555,75.97444444444444,1,4,0,Chittharagi,Chittharagi,programme,4,known spelling,counted,in the core
02_ground_ssm_long.csv,ssm_pct,"02_ground_ssm_long.csv|16.4349,75.1752",Artal Sub-Watershed,,Artal-1,UASD,16.4349,75.1752,12,0,-1,,Artal,programme,1,known spelling,excluded,named Artal but lies in outside every programme sub-watershed
02_ground_ssm_long.csv,ssm_pct,"02_ground_ssm_long.csv|16.44,75.1724",Artal Sub-Watershed,,Artal 1,UASD,16.44,75.1724,12,0,-1,,Artal,programme,1,known spelling,excluded,named Artal but lies in outside every programme sub-watershed
02_ground_ssm_long.csv,ssm_pct,"02_ground_ssm_long.csv|16.4432,75.1718",Artal Sub-Watershed,,Artal-2,UASD,16.4432,75.1718,12,0,-1,,Artal,programme,1,known spelling,excluded,named Artal but lies in outside every programme sub-watershed
02_ground_ssm_long.csv,ssm_pct,"02_ground_ssm_long.csv|16.4448,75.1747",Artal Sub-Watershed,,Artal-2,UASD,16.4448,75.1747,12,0,-1,,Artal,programme,1,known spelling,excluded,named Artal but lies in outside every programme sub-watershed
02_ground_ssm_long.csv,ssm_pct,"02_ground_ssm_long.csv|16.4511,75.1816",Artal Sub-Watershed,,Artal-2,UASD,16.4511,75.1816,12,0,-1,,Artal,programme,1,known spelling,excluded,named Artal but lies in outside every programme sub-watershed
02_ground_ssm_long.csv,ssm_pct,"02_ground_ssm_long.csv|16.4519,75.2122",Artal Sub-Watershed,,Halahalli-1,UASD,16.4519,75.2122,12,0,-1,,Artal,programme,1,known spelling,excluded,named Artal but lies in outside every programme sub-watershed
02_ground_ssm_long.csv,ssm_pct,"02_ground_ssm_long.csv|16.4521,75.2009",Artal Sub-Watershed,,Halahalli-2,UASD,16.4521,75.2009,12,0,-1,,Artal,programme,1,known spelling,excluded,named Artal but lies in outside every programme sub-watershed
02_ground_ssm_long.csv,ssm_pct,"02_ground_ssm_long.csv|16.4612,75.2037",Artal Sub-Watershed,,Artal-3,UASD,16.4612,75.2037,12,0,-1,,Artal,programme,1,known spelling,excluded,named Artal but lies in outside every programme sub-watershed
02_ground_ssm_long.csv,ssm_pct,"02_ground_ssm_long.csv|16.7881,75.3506",Artal Sub-Watershed,,Artal 3,UASD,16.7881,75.3506,12,1,2,Artal,Artal,programme,1,known spelling,excluded,named Artal but lies in Artal ring 2
02_ground_ssm_long.csv,ssm_pct,"02_ground_ssm_long.csv|16.82444,75.25556",Kohalli sub-watershed,,Khilaraddi-1,UASD,16.824444,75.2555556,9,0,-1,,Kohalli,control,0,no name >= 80% similar,counted,outside the programme polygons
02_ground_ssm_long.csv,ssm_pct,"02_ground_ssm_long.csv|16.82472,75.27722",Kohalli sub-watershed,,Khilaraddi-2,UASD,16.824722,75.2772222,9,0,-1,,Kohalli,control,0,no name >= 80% similar,counted,outside the programme polygons
02_ground_ssm_long.csv,ssm_pct,"02_ground_ssm_long.csv|16.826,75.837",Honnutagi,,Koulgi-1,UHSB,16.826,75.837,14,8,0,Honnutagi,Honnutagi,programme,8,known spelling,counted,in the core
02_ground_ssm_long.csv,ssm_pct,"02_ground_ssm_long.csv|16.827,75.839",Honnutagi,,Koulgi-1,UHSB,16.827,75.839,13,8,0,Honnutagi,Honnutagi,programme,8,known spelling,counted,in the core
02_ground_ssm_long.csv,ssm_pct,"02_ground_ssm_long.csv|16.83,75.849",Honnutagi,,Koulgi-1,UHSB,16.83,75.849,12,8,0,Honnutagi,Honnutagi,programme,8,known spelling,counted,in the core
02_ground_ssm_long.csv,ssm_pct,"02_ground_ssm_long.csv|16.8525,75.30389",Kohalli sub-watershed,,Khilaraddi-3,UASD,16.8525,75.3038889,10,0,-1,,Kohalli,control,0,no name >= 80% similar,counted,outside the programme polygons
02_ground_ssm_long.csv,ssm_pct,"02_ground_ssm_long.csv|18.08434,77.44238",Pashapur,,Ladha 2,UHSB,18.084342,77.442383,36,19,0,Pashapur,Pashapur,programme,19,known spelling,counted,in the core
02_ground_ssm_long.csv,ssm_pct,"02_ground_ssm_long.csv|18.08578,77.45659",Pashapur,,Ladha 2,UHSB,18.085776,77.456589,36,19,0,Pashapur,Pashapur,programme,19,known spelling,counted,in the core
02_ground_ssm_long.csv,ssm_pct,"02_ground_ssm_long.csv|18.09002,77.45023",Pashapur,,Ladha 2,UHSB,18.090017,77.450232,36,19,0,Pashapur,Pashapur,programme,19,known spelling,counted,in the core
02_ground_ssm_long.csv,ssm_pct,"02_ground_ssm_long.csv|18.09009,77.53695",Kandgul,,Masjawadi,UHSB,18.09009,77.536949,30,19,5,Pashapur,Kandgula,control,0,>= 80 % similar to Kandgula and within 10 km -> Kandgula,counted,near Pashapur (ring 5)
02_ground_ssm_long.csv,ssm_pct,"02_ground_ssm_long.csv|18.09167,77.52663",Kandgul,,Masjawadi,UHSB,18.091666,77.526627,32,19,4,Pashapur,Kandgula,control,0,>= 80 % similar to Kandgula and within 10 km -> Kandgula,counted,near Pashapur (ring 4)
02_ground_ssm_long.csv,ssm_pct,"02_ground_ssm_long.csv|18.09857,77.54651",Kandgul,,Masjawadi,UHSB,18.098571,77.546512,31,0,-1,,Kandgula,control,0,>= 80 % similar to Kandgula and within 10 km -> Kandgula,counted,outside the programme polygons
02_ground_ssm_long.csv,ssm_pct,"02_ground_ssm_long.csv|18.10264,77.46111",Pashapur,,Mustapur,UHSB,18.102643,77.46111,36,19,0,Pashapur,Pashapur,programme,19,known spelling,counted,in the core
02_ground_ssm_long.csv,ssm_pct,"02_ground_ssm_long.csv|18.1087,77.45327",Pashapur,,Mustapur,UHSB,18.108699,77.453272,33,19,0,Pashapur,Pashapur,programme,19,known spelling,counted,in the core
02_ground_ssm_long.csv,ssm_pct,"02_ground_ssm_long.csv|18.1114,77.4309",Pashapur,,Ladha 1,UHSB,18.111395,77.430901,36,19,0,Pashapur,Pashapur,programme,19,known spelling,counted,in the core
02_ground_ssm_long.csv,ssm_pct,"02_ground_ssm_long.csv|18.11283,77.45965",Pashapur,,Mustapur,UHSB,18.112833,77.459653,36,19,0,Pashapur,Pashapur,programme,19,known spelling,counted,in the core
02_ground_ssm_long.csv,ssm_pct,"02_ground_ssm_long.csv|18.1193,77.43642",Pashapur,,Ladha 1,UHSB,18.119301,77.436416,34,19,0,Pashapur,Pashapur,programme,19,known spelling,counted,in the core
02_ground_ssm_long.csv,ssm_pct,"02_ground_ssm_long.csv|18.12458,77.4393",Pashapur,,Ladha 1,UHSB,18.124582,77.4393,35,19,0,Pashapur,Pashapur,programme,19,known spelling,counted,in the core
02_ground_ssm_long.csv,ssm_pct,02_ground_ssm_long.csv|UASD|Hanchinal sub-watershed|nan|,Hanchinal sub-watershed,,,UASD,,,36,0,-1,,Hanchinal,control,0,no name >= 80% similar,counted,outside the programme polygons
02_ground_ssm_long.csv,ssm_pct,02_ground_ssm_long.csv|UASD||nan|,,,,UASD,,,238,0,-1,,,,0,,excluded,"no name, and the site lies in no programme core"
02_ground_ssm_long.csv,ssm_pct,02_ground_ssm_long.csv|UASR|ITGI (Control Sub-watershed)|nan|,ITGI (Control Sub-watershed),,,UASR,,,3,0,-1,,ITGI,control,0,no name >= 80% similar,counted,outside the programme polygons
02_ground_ssm_long.csv,ssm_pct,02_ground_ssm_long.csv|UASR|Jantapur|nan|,Jantapur,,,UASR,,,12,0,-1,,Jantapur,programme,11,known spelling,counted,no coordinates: by name
02_ground_ssm_long.csv,ssm_pct,02_ground_ssm_long.csv|UASR||nan|,,,,UASR,,,1,0,-1,,,,0,,excluded,"no name, and the site lies in no programme core"
02_ground_ssm_long.csv,ssm_pct,02_ground_ssm_long.csv|UASR||nan|Hadagalharti,,,Hadagalharti,UASR,,,2,0,-1,,Hunasehadagi,programme,9,no name: micro-watershed 'Hadagalharti',counted,no coordinates: by name
02_ground_ssm_long.csv,ssm_pct,02_ground_ssm_long.csv|UASR||nan|Hadagalharti -1,,,Hadagalharti -1,UASR,,,1,0,-1,,Hunasehadagi,programme,9,no name: micro-watershed 'Hadagalharti -1',counted,no coordinates: by name
02_ground_ssm_long.csv,ssm_pct,02_ground_ssm_long.csv|UASR||nan|Hadagalharti-1,,,Hadagalharti-1,UASR,,,4,0,-1,,Hunasehadagi,programme,9,no name: micro-watershed 'Hadagalharti-1',counted,no coordinates: by name
02_ground_ssm_long.csv,ssm_pct,02_ground_ssm_long.csv|UASR||nan|Hadagalharti-2,,,Hadagalharti-2,UASR,,,2,0,-1,,Hunasehadagi,programme,9,no name: micro-watershed 'Hadagalharti-2',counted,no coordinates: by name
02_ground_ssm_long.csv,ssm_pct,02_ground_ssm_long.csv|UASR||nan|Hadagil haruti-2,,,Hadagil haruti-2,UASR,,,1,0,-1,,Hunasehadagi,programme,9,no name: micro-watershed 'Hadagil haruti-2',counted,no coordinates: by name
02_ground_ssm_long.csv,ssm_pct,02_ground_ssm_long.csv|UASR||nan|Hadagilharuti-1,,,Hadagilharuti-1,UASR,,,2,0,-1,,Hunasehadagi,programme,9,no name: micro-watershed 'Hadagilharuti-1',counted,no coordinates: by name
02_ground_ssm_long.csv,ssm_pct,02_ground_ssm_long.csv|UASR||nan|Malli-2,,,Malli-2,UASR,,,3,0,-1,,Hunasehadagi,programme,9,no name: micro-watershed 'Malli-2',counted,no coordinates: by name
02_ground_ssm_long.csv,ssm_pct,02_ground_ssm_long.csv|UASR||nan|Melakunda B- 2,,,Melakunda B- 2,UASR,,,1,0,-1,,Hunasehadagi,programme,9,no name: micro-watershed 'Melakunda B- 2',counted,no coordinates: by name
02_ground_ssm_long.csv,ssm_pct,02_ground_ssm_long.csv|UASR||nan|Melakunda B-1,,,Melakunda B-1,UASR,,,2,0,-1,,Hunasehadagi,programme,9,no name: micro-watershed 'Melakunda B-1',counted,no coordinates: by name
02_ground_ssm_long.csv,ssm_pct,02_ground_ssm_long.csv|UASR||nan|Melakunda B-2,,,Melakunda B-2,UASR,,,4,0,-1,,Hunasehadagi,programme,9,no name: micro-watershed 'Melakunda B-2',counted,no coordinates: by name
02_ground_ssm_long.csv,ssm_pct,02_ground_ssm_long.csv|UASR||nan|Melkunda B.-1,,,Melkunda B.-1,UASR,,,1,0,-1,,Hunasehadagi,programme,9,no name: micro-watershed 'Melkunda B.-1',counted,no coordinates: by name
02_ground_ssm_long.csv,ssm_pct,02_ground_ssm_long.csv|UASR||nan|Melkunda B.-2,,,Melkunda B.-2,UASR,,,2,0,-1,,Hunasehadagi,programme,9,no name: micro-watershed 'Melkunda B.-2',counted,no coordinates: by name
02_ground_ssm_long.csv,ssm_pct,02_ground_ssm_long.csv|UASR||nan|Melkunds B-2,,,Melkunds B-2,UASR,,,3,0,-1,,,,0,,excluded,"no name, and the site lies in no programme core"
03_ground_lai_long.csv,lai,"03_ground_lai_long.csv|13.67343,75.97357",Koranahalli,,Gollarahalli,UAHS,13.673428,75.97357,2,13,3,Koranahalli,Koranahalli,programme,13,known spelling,excluded,named Koranahalli but lies in Koranahalli ring 3
03_ground_lai_long.csv,lai,"03_ground_lai_long.csv|13.68087,75.90354",Koranahalli,,Chatnahalli-2,UAHS,13.680874500000002,75.9035385,4,13,0,Koranahalli,Koranahalli,programme,13,known spelling,counted,in the core
03_ground_lai_long.csv,lai,"03_ground_lai_long.csv|13.68425,75.89692",Koranahalli,,Rajanahalli-2,UAHS,13.684247,75.896918,2,13,0,Koranahalli,Koranahalli,programme,13,known spelling,counted,in the core
03_ground_lai_long.csv,lai,"03_ground_lai_long.csv|13.68812,75.92069",Koranahalli,,Koranahalli,UAHS,13.688118,75.920687,4,13,0,Koranahalli,Koranahalli,programme,13,known spelling,counted,in the core
03_ground_lai_long.csv,lai,"03_ground_lai_long.csv|13.69222,75.91121",Koranahalli,,Jodi Bokikere,UAHS,13.692221,75.911212,2,13,0,Koranahalli,Koranahalli,programme,13,known spelling,counted,in the core
03_ground_lai_long.csv,lai,"03_ground_lai_long.csv|13.70105,75.93422",Koranahalli,,Makanahalli,UAHS,13.701053,75.934223,4,13,0,Koranahalli,Koranahalli,programme,13,known spelling,counted,in the core
03_ground_lai_long.csv,lai,"03_ground_lai_long.csv|13.78876,77.94534",,,,UASB,13.78876,77.94534,31,6,0,Gummlapalli,Gummlapalli,programme,6,no name: the site lies in this core,counted,in the core
03_ground_lai_long.csv,lai,"03_ground_lai_long.csv|13.82923,75.0233",Haralahalli,,Gijikatte,UAHS,13.82923,75.023298,2,0,-1,,Haralahalli,control,0,no name >= 80% similar,counted,outside the programme polygons
03_ground_lai_long.csv,lai,"03_ground_lai_long.csv|13.84993,76.06558",Haralahalli,,Karehalli,UAHS,13.849931,76.06558,2,0,-1,,Haralahalli,control,0,no name >= 80% similar,counted,outside the programme polygons
03_ground_lai_long.csv,lai,"03_ground_lai_long.csv|13.86627,76.02689",Haralahalli,,Donduru,UAHS,13.866274,76.026893,2,10,4,Jammapur,Haralahalli,control,0,no name >= 80% similar,counted,near Jammapur (ring 4)
03_ground_lai_long.csv,lai,"03_ground_lai_long.csv|13.89732,75.98144",Jammapura,,Kallikere,UAHS,13.897323,75.98144400000001,4,10,0,Jammapur,Jammapur,programme,10,known spelling,counted,in the core
03_ground_lai_long.csv,lai,"03_ground_lai_long.csv|13.91454,75.99366",Jammapura,,Jammapur2,UAHS,13.91454,75.993658,2,10,0,Jammapur,Jammapur,programme,10,known spelling,counted,in the core
03_ground_lai_long.csv,lai,"03_ground_lai_long.csv|13.94246,75.9764",Jammapura,,Maravanji2,UAHS,13.942465,75.976404,2,10,0,Jammapur,Jammapur,programme,10,known spelling,counted,in the core
03_ground_lai_long.csv,lai,"03_ground_lai_long.csv|13.96328,75.97201",Jammapura,,Pandavamatti1,UAHS,13.9632795,75.972009,8,10,0,Jammapur,Jammapur,programme,10,known spelling,counted,in the core
03_ground_lai_long.csv,lai,"03_ground_lai_long.csv|13.96758,75.97189",Laxmisagara 4U,,Lakshimisagar1,UAHS,13.967582,75.971893,2,10,0,Jammapur,Laxmisagara 4U,control,0,no name >= 80% similar,excluded,a non-programme site inside the Jammapur core (treated land)
03_ground_lai_long.csv,lai,"03_ground_lai_long.csv|13.98158,75.9205",Laxmisagara 4U,,Mallegere3,UAHS,13.98158,75.9204975,4,10,4,Jammapur,Laxmisagara 4U,control,0,no name >= 80% similar,counted,near Jammapur (ring 4)
03_ground_lai_long.csv,lai,"03_ground_lai_long.csv|14.2374,75.39179",Mattikote,,Dhoopadahalli,UAHS,14.2374015,75.39179050000001,7,2,2,Beguru,Mattikote,control,0,no name >= 80% similar,counted,near Beguru (ring 2)
03_ground_lai_long.csv,lai,"03_ground_lai_long.csv|14.2573,75.37261",Mattikote,,Haliyur,UAHS,14.257301,75.372609,2,2,3,Beguru,Mattikote,control,0,no name >= 80% similar,counted,near Beguru (ring 3)
03_ground_lai_long.csv,lai,"03_ground_lai_long.csv|14.26068,75.42319",Beguru,,Kenchagondanakoppa,UAHS,14.26068,75.423193,6,2,0,Beguru,Beguru,programme,2,known spelling,counted,in the core
03_ground_lai_long.csv,lai,"03_ground_lai_long.csv|14.26332,75.46391",Beguru,,Hulaganakatte1,UAHS,14.263318,75.463906,2,2,0,Beguru,Beguru,programme,2,known spelling,counted,in the core
03_ground_lai_long.csv,lai,"03_ground_lai_long.csv|14.26385,75.47212",Beguru,,Gogga,UAHS,14.263854,75.472121,9,2,0,Beguru,Beguru,programme,2,known spelling,counted,in the core
03_ground_lai_long.csv,lai,"03_ground_lai_long.csv|14.26802,76.76629",Nagagondanahalli,,Devaranahalli,UAHS,14.268015,76.766286,1,14,2,Kyatagondanahalli,Nagagondanahalli,control,0,"82% similar to Kyatagondanahalli, but 100% of its sites lie outside that core -- kept apart",counted,near Kyatagondanahalli (ring 2)
03_ground_lai_long.csv,lai,"03_ground_lai_long.csv|14.27829,76.73136",Kytagondanahalli,,Kasturitimmanahalli1,UAHS,14.2782895,76.7313645,8,14,0,Kyatagondanahalli,Kyatagondanahalli,programme,14,known spelling,counted,in the core
03_ground_lai_long.csv,lai,"03_ground_lai_long.csv|14.29095,75.35569",Mattikote,,Gabburu,UAHS,14.290953,75.355686,2,2,5,Beguru,Mattikote,control,0,no name >= 80% similar,counted,near Beguru (ring 5)
03_ground_lai_long.csv,lai,"03_ground_lai_long.csv|14.29113,75.41221",Beguru,,Dabbanabairanahalli,UAHS,14.291134,75.412213,19,2,0,Beguru,Beguru,programme,2,known spelling,counted,in the core
03_ground_lai_long.csv,lai,"03_ground_lai_long.csv|14.30333,76.75742",Kytagondanahalli,,Kyatagondanahalli3,UAHS,14.3033265,76.757424,6,14,0,Kyatagondanahalli,Kyatagondanahalli,programme,14,known spelling,counted,in the core
03_ground_lai_long.csv,lai,"03_ground_lai_long.csv|14.30651,76.75311",Kytagondanahalli,,Kasturitimmanahalli2,UAHS,14.306506,76.753113,1,14,0,Kyatagondanahalli,Kyatagondanahalli,programme,14,known spelling,counted,in the core
03_ground_lai_long.csv,lai,"03_ground_lai_long.csv|14.3192,76.80529",Nagagondanahalli,,Halagondanahalli2,UAHS,14.319202,76.805294,2,14,3,Kyatagondanahalli,Nagagondanahalli,control,0,"82% similar to Kyatagondanahalli, but 100% of its sites lie outside that core -- kept apart",counted,near Kyatagondanahalli (ring 3)
03_ground_lai_long.csv,lai,"03_ground_lai_long.csv|14.33872,76.78273",Kytagondanahalli,,Vidappanakunte2,UAHS,14.3387205,76.78273,4,14,0,Kyatagondanahalli,Kyatagondanahalli,programme,14,known spelling,counted,in the core
03_ground_lai_long.csv,lai,"03_ground_lai_long.csv|14.37265,76.83035",Nagagondanahalli,,Nagagondanahalli1,UAHS,14.372646,76.830349,1,14,2,Kyatagondanahalli,Nagagondanahalli,control,0,"82% similar to Kyatagondanahalli, but 100% of its sites lie outside that core -- kept apart",counted,near Kyatagondanahalli (ring 2)
03_ground_lai_long.csv,lai,"03_ground_lai_long.csv|14.37952,76.81917",Kytagondanahalli,,Vidappanakunte1,UAHS,14.37952,76.819172,2,14,0,Kyatagondanahalli,Kyatagondanahalli,programme,14,known spelling,counted,in the core
03_ground_lai_long.csv,lai,"03_ground_lai_long.csv|14.38716,76.80891",Kytagondanahalli,,Kyatagondanahalli2,UAHS,14.387161,76.808913,1,14,0,Kyatagondanahalli,Kyatagondanahalli,programme,14,known spelling,counted,in the core
03_ground_lai_long.csv,lai,"03_ground_lai_long.csv|14.48861,75.40861",Hosahalli sub-watershed,,Nulageri,UASD,14.488611,75.4086111,3,0,-1,,Hosahalli,control,0,no name >= 80% similar,counted,outside the programme polygons
03_ground_lai_long.csv,lai,"03_ground_lai_long.csv|14.4975,75.39861",Hosahalli sub-watershed,,Hirekerur,UASD,14.4975,75.3986111,2,0,-1,,Hosahalli,control,0,no name >= 80% similar,counted,outside the programme polygons
03_ground_lai_long.csv,lai,"03_ground_lai_long.csv|14.50281,75.51372",Kodihalli Sub-Watershed,,Mavintopa,UASD,14.502813,75.513718,5,12,0,Kodihalli,Kodihalli,programme,12,known spelling,counted,in the core
03_ground_lai_long.csv,lai,"03_ground_lai_long.csv|14.51994,75.5159",Kodihalli Sub-Watershed,,Kunchur,UASD,14.5199445,75.51590250000001,5,12,0,Kodihalli,Kodihalli,programme,12,known spelling,counted,in the core
03_ground_lai_long.csv,lai,"03_ground_lai_long.csv|14.5429,75.51025",Kodihalli Sub-Watershed,,Lingadevarakoppa,UASD,14.542905,75.51024899999999,4,12,0,Kodihalli,Kodihalli,programme,12,known spelling,counted,in the core
03_ground_lai_long.csv,lai,"03_ground_lai_long.csv|14.55052,75.45111",Kodihalli Sub-Watershed,,Yelavadhalli,UASD,14.550516,75.451109,3,12,0,Kodihalli,Kodihalli,programme,12,known spelling,counted,in the core
03_ground_lai_long.csv,lai,"03_ground_lai_long.csv|14.55472,75.43139",Hosahalli sub-watershed,,Abalur,UASD,14.554722,75.4313889,3,12,2,Kodihalli,Hosahalli,control,0,no name >= 80% similar,counted,near Kodihalli (ring 2)
03_ground_lai_long.csv,lai,"03_ground_lai_long.csv|14.55559,75.47114",Kodihalli Sub-Watershed,,Aladgeri,UASD,14.555591,75.471144,3,12,0,Kodihalli,Kodihalli,programme,12,known spelling,counted,in the core
03_ground_lai_long.csv,lai,"03_ground_lai_long.csv|15.16528,75.15861",Hanchinal sub-watershed,,Hanchinal-1,UASD,15.165278,75.1586111,12,0,-1,,Hanchinal,control,0,no name >= 80% similar,counted,outside the programme polygons
03_ground_lai_long.csv,lai,"03_ground_lai_long.csv|15.17028,75.17694",Hanchinal sub-watershed,,Vittalapura-1,UASD,15.170278,75.1769444,14,0,-1,,Hanchinal,control,0,no name >= 80% similar,counted,outside the programme polygons
03_ground_lai_long.csv,lai,"03_ground_lai_long.csv|15.1772,75.23972",Shirur Sub-Watershed,,Kamadoli-2,UASD,15.1772,75.23972,11,20,0,Sirur,Sirur,programme,20,known spelling,counted,in the core
03_ground_lai_long.csv,lai,"03_ground_lai_long.csv|15.2186,75.26",Shirur Sub-Watershed,,Bilebala,UASD,15.2186,75.26,10,20,0,Sirur,Sirur,programme,20,known spelling,counted,in the core
03_ground_lai_long.csv,lai,"03_ground_lai_long.csv|15.2268,75.24945",Shirur Sub-Watershed,,Devanurnorth,UASD,15.2268,75.24944500000001,22,20,0,Sirur,Sirur,programme,20,known spelling,counted,in the core
03_ground_lai_long.csv,lai,"03_ground_lai_long.csv|15.22694,75.22889",Hanchinal sub-watershed,,Vittalapura-2,UASD,15.226944,75.2288889,14,20,0,Sirur,Hanchinal,control,0,no name >= 80% similar,excluded,a non-programme site inside the Sirur core (treated land)
03_ground_lai_long.csv,lai,"03_ground_lai_long.csv|15.2358,75.28833",Shirur Sub-Watershed,,Kamadoli-1,UASD,15.2358,75.28833,11,20,1,Sirur,Sirur,programme,20,known spelling,counted,1 km ring (boundary tolerance)
03_ground_lai_long.csv,lai,"03_ground_lai_long.csv|15.2433,75.28306",Shirur Sub-Watershed,,Devanur,UASD,15.2433,75.28306,11,20,0,Sirur,Sirur,programme,20,known spelling,counted,in the core
03_ground_lai_long.csv,lai,"03_ground_lai_long.csv|15.2444,75.26917",Shirur Sub-Watershed,,Shirur-1,UASD,15.2444,75.26917,32,20,0,Sirur,Sirur,programme,20,known spelling,counted,in the core
03_ground_lai_long.csv,lai,"03_ground_lai_long.csv|15.29158,75.52045",Nilagunda Sub-watershed,,Mulgund-2,UASD,15.29158,75.52045,4,18,0,Nilgund,Nilgund,programme,18,known spelling,counted,in the core
03_ground_lai_long.csv,lai,"03_ground_lai_long.csv|15.29336,75.55522",Nilagunda Sub-watershed,,Kanvi-1,UASD,15.29336,75.55522,7,18,0,Nilgund,Nilgund,programme,18,known spelling,counted,in the core
03_ground_lai_long.csv,lai,"03_ground_lai_long.csv|15.29615,75.54059",Nilagunda Sub-watershed,,Mulgund-2,UASD,15.29615,75.54059,4,18,0,Nilgund,Nilgund,programme,18,known spelling,counted,in the core
03_ground_lai_long.csv,lai,"03_ground_lai_long.csv|15.29689,75.56802",Nilagunda Sub-watershed,,Mulgund East-3,UASD,15.29689,75.56802,4,18,0,Nilgund,Nilgund,programme,18,known spelling,counted,in the core
03_ground_lai_long.csv,lai,"03_ground_lai_long.csv|15.29886,75.48786",Nilagunda Sub-watershed,,Nilgund-3,UASD,15.29886,75.48786,3,18,0,Nilgund,Nilgund,programme,18,known spelling,counted,in the core
03_ground_lai_long.csv,lai,"03_ground_lai_long.csv|15.31486,75.5179",Nilagunda Sub-watershed,,Nilgund-2,UASD,15.31486,75.5179,1,18,0,Nilgund,Nilgund,programme,18,known spelling,counted,in the core
03_ground_lai_long.csv,lai,"03_ground_lai_long.csv|15.48029,75.66051",Gadag sub-watershed,,Chikkoppa,UASD,15.48029,75.66051,2,0,-1,,Gadag,control,0,no name >= 80% similar,counted,outside the programme polygons
03_ground_lai_long.csv,lai,"03_ground_lai_long.csv|15.49948,75.65871",Gadag sub-watershed,,Hirekoppa,UASD,15.49948,75.65871,2,0,-1,,Gadag,control,0,no name >= 80% similar,counted,outside the programme polygons
03_ground_lai_long.csv,lai,"03_ground_lai_long.csv|15.52089,75.67462",Gadag sub-watershed,,Kiratgeri,UASD,15.52089,75.67462,2,0,-1,,Gadag,control,0,no name >= 80% similar,counted,outside the programme polygons
03_ground_lai_long.csv,lai,"03_ground_lai_long.csv|16.4448,75.1747",Artal Sub-Watershed,,Artal-2,UASD,16.4448,75.1747,20,0,-1,,Artal,programme,1,known spelling,excluded,named Artal but lies in outside every programme sub-watershed
03_ground_lai_long.csv,lai,"03_ground_lai_long.csv|16.4519,75.2122",Artal Sub-Watershed,,Halahalli-1,UASD,16.4519,75.2122,6,0,-1,,Artal,programme,1,known spelling,excluded,named Artal but lies in outside every programme sub-watershed
03_ground_lai_long.csv,lai,"03_ground_lai_long.csv|16.4521,75.2009",Artal Sub-Watershed,,Halahalli-2,UASD,16.4521,75.2009,8,0,-1,,Artal,programme,1,known spelling,excluded,named Artal but lies in outside every programme sub-watershed
03_ground_lai_long.csv,lai,"03_ground_lai_long.csv|16.4612,75.2037",Artal Sub-Watershed,,Artal-3,UASD,16.4612,75.2037,4,0,-1,,Artal,programme,1,known spelling,excluded,named Artal but lies in outside every programme sub-watershed
03_ground_lai_long.csv,lai,"03_ground_lai_long.csv|16.7881,75.3506",Artal Sub-Watershed,,Artal 3,UASD,16.7881,75.3506,4,1,2,Artal,Artal,programme,1,known spelling,excluded,named Artal but lies in Artal ring 2
03_ground_lai_long.csv,lai,"03_ground_lai_long.csv|16.80627,75.25765",Kohalli sub-watershed,,Khilaraddi-2,UASD,16.806273,75.25765,6,0,-1,,Kohalli,control,0,no name >= 80% similar,counted,outside the programme polygons
03_ground_lai_long.csv,lai,"03_ground_lai_long.csv|16.81685,75.25331",Kohalli sub-watershed,,Khilaraddi-3,UASD,16.816854,75.253313,5,0,-1,,Kohalli,control,0,no name >= 80% similar,counted,outside the programme polygons
03_ground_lai_long.csv,lai,"03_ground_lai_long.csv|16.82985,75.25762",Kohalli sub-watershed,,Khilaraddi-1,UASD,16.829852,75.257618,4,0,-1,,Kohalli,control,0,no name >= 80% similar,counted,outside the programme polygons
03_ground_lai_long.csv,lai,"03_ground_lai_long.csv|18.08434,77.44238",Pashapur,,Ladha 2,UHSB,18.084342,77.442383,22,19,0,Pashapur,Pashapur,programme,19,known spelling,counted,in the core
03_ground_lai_long.csv,lai,"03_ground_lai_long.csv|18.08578,77.45659",Pashapur,,Ladha 2,UHSB,18.085776,77.456589,21,19,0,Pashapur,Pashapur,programme,19,known spelling,counted,in the core
03_ground_lai_long.csv,lai,"03_ground_lai_long.csv|18.09002,77.45023",Pashapur,,Ladha 2,UHSB,18.090017,77.450232,12,19,0,Pashapur,Pashapur,programme,19,known spelling,counted,in the core
03_ground_lai_long.csv,lai,"03_ground_lai_long.csv|18.09009,77.53695",Kandgul,,Masjawadi,UHSB,18.09009,77.536949,22,19,5,Pashapur,Kandgula,control,0,>= 80 % similar to Kandgula and within 10 km -> Kandgula,counted,near Pashapur (ring 5)
03_ground_lai_long.csv,lai,"03_ground_lai_long.csv|18.09167,77.52663",Kandgul,,Masjawadi,UHSB,18.091666,77.526627,21,19,4,Pashapur,Kandgula,control,0,>= 80 % similar to Kandgula and within 10 km -> Kandgula,counted,near Pashapur (ring 4)
03_ground_lai_long.csv,lai,"03_ground_lai_long.csv|18.09857,77.54651",Kandgul,,Masjawadi,UHSB,18.098571,77.546512,21,0,-1,,Kandgula,control,0,>= 80 % similar to Kandgula and within 10 km -> Kandgula,counted,outside the programme polygons
03_ground_lai_long.csv,lai,"03_ground_lai_long.csv|18.10264,77.46111",Pashapur,,Mustapur,UHSB,18.102643,77.46111,22,19,0,Pashapur,Pashapur,programme,19,known spelling,counted,in the core
03_ground_lai_long.csv,lai,"03_ground_lai_long.csv|18.1087,77.45327",Pashapur,,Mustapur,UHSB,18.108699,77.453272,20,19,0,Pashapur,Pashapur,programme,19,known spelling,counted,in the core
03_ground_lai_long.csv,lai,"03_ground_lai_long.csv|18.1114,77.4309",Pashapur,,Ladha 1,UHSB,18.111395,77.430901,20,19,0,Pashapur,Pashapur,programme,19,known spelling,counted,in the core
03_ground_lai_long.csv,lai,"03_ground_lai_long.csv|18.11283,77.45965",Pashapur,,Mustapur,UHSB,18.112833,77.459653,21,19,0,Pashapur,Pashapur,programme,19,known spelling,counted,in the core
03_ground_lai_long.csv,lai,03_ground_lai_long.csv|UASR|Hunsehadagli|nan|,Hunsehadagli,,,UASR,,,39,0,-1,,Hunasehadagi,programme,9,known spelling,counted,no coordinates: by name
03_ground_lai_long.csv,lai,03_ground_lai_long.csv|UASR||nan|,,,,UASR,,,3,0,-1,,,,0,,excluded,"no name, and the site lies in no programme core"
04_ground_gw_long.csv,gw_depth_m,"04_ground_gw_long.csv|13.07007,78.04135",Chatrakodihalli,,Shettikotthnuru,UASB,13.07007,78.04135,8,3,0,Chhatrakodihalli,Chhatrakodihalli,programme,3,known spelling,counted,in the core
04_ground_gw_long.csv,gw_depth_m,"04_ground_gw_long.csv|13.07306,78.05681",Chatrakodihalli,,Shettikotthnuru,UASB,13.07306,78.056808,11,3,0,Chhatrakodihalli,Chhatrakodihalli,programme,3,known spelling,counted,in the core
04_ground_gw_long.csv,gw_depth_m,"04_ground_gw_long.csv|13.07626,78.06502",Chatrakodihalli,,Shettikotthnuru,UASB,13.076265,78.065024,11,3,0,Chhatrakodihalli,Chhatrakodihalli,programme,3,known spelling,counted,in the core
04_ground_gw_long.csv,gw_depth_m,"04_ground_gw_long.csv|13.08104,78.12858",Holali (Kembodi),,Chikkahosala,UASB,13.081037,78.128577,10,3,2,Chhatrakodihalli,Holali (Kembodi),control,0,no name >= 80% similar,counted,near Chhatrakodihalli (ring 2)
04_ground_gw_long.csv,gw_depth_m,"04_ground_gw_long.csv|13.11161,78.1619",Holali (Kembodi),,Kalipura1,UASB,13.111608,78.161897,10,3,5,Chhatrakodihalli,Holali (Kembodi),control,0,no name >= 80% similar,counted,near Chhatrakodihalli (ring 5)
04_ground_gw_long.csv,gw_depth_m,"04_ground_gw_long.csv|13.11694,78.06728",Chatrakodihalli,,Chaluvanahalli,UASB,13.116937,78.067283,11,3,0,Chhatrakodihalli,Chhatrakodihalli,programme,3,known spelling,counted,in the core
04_ground_gw_long.csv,gw_depth_m,"04_ground_gw_long.csv|13.11723,78.1139",Chatrakodihalli,,Kondarajanahalli,UASB,13.117226,78.113897,11,3,0,Chhatrakodihalli,Chhatrakodihalli,programme,3,known spelling,counted,in the core
04_ground_gw_long.csv,gw_depth_m,"04_ground_gw_long.csv|13.11773,78.07738",Chatrakodihalli,,Chaluvanahalli,UASB,13.117729,78.07738,11,3,0,Chhatrakodihalli,Chhatrakodihalli,programme,3,known spelling,counted,in the core
04_ground_gw_long.csv,gw_depth_m,"04_ground_gw_long.csv|13.11808,78.05863",Chatrakodihalli,,Chaluvanahalli,UASB,13.11808,78.05863,11,3,0,Chhatrakodihalli,Chhatrakodihalli,programme,3,known spelling,counted,in the core
04_ground_gw_long.csv,gw_depth_m,"04_ground_gw_long.csv|13.11872,78.10084",Chatrakodihalli,,Kondarajanahalli,UASB,13.118717,78.100837,11,3,0,Chhatrakodihalli,Chhatrakodihalli,programme,3,known spelling,counted,in the core
04_ground_gw_long.csv,gw_depth_m,"04_ground_gw_long.csv|13.11994,78.10831",Chatrakodihalli,,Kondarajanahalli,UASB,13.119943,78.108308,11,3,0,Chhatrakodihalli,Chhatrakodihalli,programme,3,known spelling,counted,in the core
04_ground_gw_long.csv,gw_depth_m,"04_ground_gw_long.csv|13.14566,78.21663",Holali (Kembodi),,Karahalli,UASB,13.145655,78.216626,10,0,-1,,Holali (Kembodi),control,0,no name >= 80% similar,counted,outside the programme polygons
04_ground_gw_long.csv,gw_depth_m,"04_ground_gw_long.csv|13.16102,76.15336",Doddenahalli,,Mootikere,UASB,13.161024,76.153356,9,5,1,Doddenahalli,Doddenahalli,programme,5,known spelling,counted,1 km ring (boundary tolerance)
04_ground_gw_long.csv,gw_depth_m,"04_ground_gw_long.csv|13.16521,76.25233",Narayanghatta (Annapura),,Adhihalli,UASB,13.16521,76.25233,2,5,3,Doddenahalli,Narayanghatta (Annapura),control,0,no name >= 80% similar,counted,near Doddenahalli (ring 3)
04_ground_gw_long.csv,gw_depth_m,"04_ground_gw_long.csv|13.16939,76.16226",Doddenahalli,,Mootikere,UASB,13.16939,76.16226,11,5,0,Doddenahalli,Doddenahalli,programme,5,known spelling,counted,in the core
04_ground_gw_long.csv,gw_depth_m,"04_ground_gw_long.csv|13.17626,76.16859",Doddenahalli,,Mootikere,UASB,13.17626,76.16859,11,5,0,Doddenahalli,Doddenahalli,programme,5,known spelling,counted,in the core
04_ground_gw_long.csv,gw_depth_m,"04_ground_gw_long.csv|13.18291,76.18134",Doddenahalli,,Bilenahalli,UASB,13.18291,76.18134,11,5,0,Doddenahalli,Doddenahalli,programme,5,known spelling,counted,in the core
04_ground_gw_long.csv,gw_depth_m,"04_ground_gw_long.csv|13.19863,76.21825",Doddenahalli,,Doddenahalli,UASB,13.19863,76.21825,11,5,0,Doddenahalli,Doddenahalli,programme,5,known spelling,counted,in the core
04_ground_gw_long.csv,gw_depth_m,"04_ground_gw_long.csv|13.20487,76.29447",Narayanghatta (Annapura),,Mududi,UASB,13.20487,76.29447,2,5,5,Doddenahalli,Narayanghatta (Annapura),control,0,no name >= 80% similar,counted,near Doddenahalli (ring 5)
04_ground_gw_long.csv,gw_depth_m,"04_ground_gw_long.csv|13.20963,76.18444",Doddenahalli,,Bilenahalli,UASB,13.20963,76.18444,11,5,0,Doddenahalli,Doddenahalli,programme,5,known spelling,counted,in the core
04_ground_gw_long.csv,gw_depth_m,"04_ground_gw_long.csv|13.21436,76.18927",Doddenahalli,,Bilenahalli,UASB,13.21436,76.18927,11,5,0,Doddenahalli,Doddenahalli,programme,5,known spelling,counted,in the core
04_ground_gw_long.csv,gw_depth_m,"04_ground_gw_long.csv|13.21715,76.21712",Doddenahalli,,Doddenahalli,UASB,13.21715,76.21712,11,5,0,Doddenahalli,Doddenahalli,programme,5,known spelling,counted,in the core
04_ground_gw_long.csv,gw_depth_m,"04_ground_gw_long.csv|13.22209,76.21029",Doddenahalli,,Doddenahalli,UASB,13.22209,76.21029,11,5,0,Doddenahalli,Doddenahalli,programme,5,known spelling,counted,in the core
04_ground_gw_long.csv,gw_depth_m,"04_ground_gw_long.csv|13.2237,77.08553",Virupasandra,,Kemarepalya,UASB,13.223703,77.085533,12,0,-1,,Virupasandra,control,0,no name >= 80% similar,counted,outside the programme polygons
04_ground_gw_long.csv,gw_depth_m,"04_ground_gw_long.csv|13.23369,77.15973",Virupasandra,,Neralapura,UASB,13.233691,77.159734,12,0,-1,,Virupasandra,control,0,no name >= 80% similar,counted,outside the programme polygons
04_ground_gw_long.csv,gw_depth_m,"04_ground_gw_long.csv|13.24037,77.11386",Virupasandra,,Mullenahalli,UASB,13.240368,77.113864,12,0,-1,,Virupasandra,control,0,no name >= 80% similar,counted,outside the programme polygons
04_ground_gw_long.csv,gw_depth_m,"04_ground_gw_long.csv|13.25336,76.28597",Narayanghatta (Annapura),,Talalur,UASB,13.25336,76.28597,2,5,5,Doddenahalli,Narayanghatta (Annapura),control,0,no name >= 80% similar,counted,near Doddenahalli (ring 5)
04_ground_gw_long.csv,gw_depth_m,"04_ground_gw_long.csv|13.29922,77.21173",Mydalakere,,Hodekallu,UASB,13.29922,77.21173,12,15,0,Maidalakere,Maidalakere,programme,15,known spelling,counted,in the core
04_ground_gw_long.csv,gw_depth_m,"04_ground_gw_long.csv|13.3108,77.21452",Mydalakere,,Hodekallu,UASB,13.3108,77.21452,12,15,0,Maidalakere,Maidalakere,programme,15,known spelling,counted,in the core
04_ground_gw_long.csv,gw_depth_m,"04_ground_gw_long.csv|13.31708,77.21108",Mydalakere,,Hodekallu,UASB,13.31708,77.21108,12,15,0,Maidalakere,Maidalakere,programme,15,known spelling,counted,in the core
04_ground_gw_long.csv,gw_depth_m,"04_ground_gw_long.csv|13.31713,77.2336",Mydalakere,,Kadugujjanahalli,UASB,13.31713,77.2336,12,15,0,Maidalakere,Maidalakere,programme,15,known spelling,counted,in the core
04_ground_gw_long.csv,gw_depth_m,"04_ground_gw_long.csv|13.32063,77.21906",Mydalakere,,Siddalingayyanapalya,UASB,13.32063,77.21906,12,15,0,Maidalakere,Maidalakere,programme,15,known spelling,counted,in the core
04_ground_gw_long.csv,gw_depth_m,"04_ground_gw_long.csv|13.32075,77.23139",Mydalakere,,Siddalingayyanapalya,UASB,13.32075,77.23139,12,15,0,Maidalakere,Maidalakere,programme,15,known spelling,counted,in the core
04_ground_gw_long.csv,gw_depth_m,"04_ground_gw_long.csv|13.32509,77.25637",Mydalakere,,Kadugujjanahalli,UASB,13.32509,77.25637,12,15,0,Maidalakere,Maidalakere,programme,15,known spelling,counted,in the core
04_ground_gw_long.csv,gw_depth_m,"04_ground_gw_long.csv|13.32626,77.26074",Mydalakere,,Kadugujjanahalli,UASB,13.32626,77.26074,12,15,0,Maidalakere,Maidalakere,programme,15,known spelling,counted,in the core
04_ground_gw_long.csv,gw_depth_m,"04_ground_gw_long.csv|13.33298,77.27035",Mydalakere,,Siddalingayyanapalya,UASB,13.33298,77.27035,12,15,0,Maidalakere,Maidalakere,programme,15,known spelling,counted,in the core
04_ground_gw_long.csv,gw_depth_m,"04_ground_gw_long.csv|13.67043,75.90853",Koranahalli,,Jodi Bokikere,UAHS,13.670428,75.908526,8,13,0,Koranahalli,Koranahalli,programme,13,known spelling,counted,in the core
04_ground_gw_long.csv,gw_depth_m,"04_ground_gw_long.csv|13.67411,75.93395",Koranahalli,,Chatnahalli-2,UAHS,13.674107,75.933946,8,13,0,Koranahalli,Koranahalli,programme,13,known spelling,counted,in the core
04_ground_gw_long.csv,gw_depth_m,"04_ground_gw_long.csv|13.68238,75.89589",Koranahalli,,Rajanahalli-2,UAHS,13.682378,75.895894,8,13,0,Koranahalli,Koranahalli,programme,13,known spelling,counted,in the core
04_ground_gw_long.csv,gw_depth_m,"04_ground_gw_long.csv|13.68524,75.93768",Koranahalli,,Makanahalli,UAHS,13.685239,75.937679,8,13,0,Koranahalli,Koranahalli,programme,13,known spelling,counted,in the core
04_ground_gw_long.csv,gw_depth_m,"04_ground_gw_long.csv|13.69039,75.89847",Koranahalli,,Chatnahalli-2,UAHS,13.69039,75.898468,8,13,0,Koranahalli,Koranahalli,programme,13,known spelling,counted,in the core
04_ground_gw_long.csv,gw_depth_m,"04_ground_gw_long.csv|13.6908,75.90349",Koranahalli,,Koranahalli,UAHS,13.690796,75.903492,8,13,0,Koranahalli,Koranahalli,programme,13,known spelling,counted,in the core
04_ground_gw_long.csv,gw_depth_m,"04_ground_gw_long.csv|13.69247,75.93877",Koranahalli,,Koranahalli,UAHS,13.692468,75.938769,8,13,0,Koranahalli,Koranahalli,programme,13,known spelling,counted,in the core
04_ground_gw_long.csv,gw_depth_m,"04_ground_gw_long.csv|13.6935,75.91102",Koranahalli,,Makanahalli,UAHS,13.693495,75.911021,8,13,0,Koranahalli,Koranahalli,programme,13,known spelling,counted,in the core
04_ground_gw_long.csv,gw_depth_m,"04_ground_gw_long.csv|13.70791,75.92264",Koranahalli,,Gollarahalli,UAHS,13.707913,75.922638,8,13,0,Koranahalli,Koranahalli,programme,13,known spelling,counted,in the core
04_ground_gw_long.csv,gw_depth_m,"04_ground_gw_long.csv|13.77135,77.92246",Gummalapalli,,Tollapalli,UASB,13.771348,77.92246,11,6,0,Gummlapalli,Gummlapalli,programme,6,known spelling,counted,in the core
04_ground_gw_long.csv,gw_depth_m,"04_ground_gw_long.csv|13.78557,77.95906",Gummalapalli,,Peddareddipalli,UASB,13.785574,77.959061,11,6,0,Gummlapalli,Gummlapalli,programme,6,known spelling,counted,in the core
04_ground_gw_long.csv,gw_depth_m,"04_ground_gw_long.csv|13.78829,77.94741",Gummalapalli,,Agutimadike,UASB,13.788287,77.94741,11,6,0,Gummlapalli,Gummlapalli,programme,6,known spelling,counted,in the core
04_ground_gw_long.csv,gw_depth_m,"04_ground_gw_long.csv|13.78875,77.93927",Gummalapalli,,Tollapalli,UASB,13.788746,77.939275,11,6,0,Gummlapalli,Gummlapalli,programme,6,known spelling,counted,in the core
04_ground_gw_long.csv,gw_depth_m,"04_ground_gw_long.csv|13.79354,77.97666",Gummalapalli,,Peddareddipalli,UASB,13.793544,77.976664,11,6,0,Gummlapalli,Gummlapalli,programme,6,known spelling,counted,in the core
04_ground_gw_long.csv,gw_depth_m,"04_ground_gw_long.csv|13.79436,77.92258",Gummalapalli,,Tollapalli,UASB,13.794364,77.922576,11,6,0,Gummlapalli,Gummlapalli,programme,6,known spelling,counted,in the core
04_ground_gw_long.csv,gw_depth_m,"04_ground_gw_long.csv|13.79544,77.97001",Gummalapalli,,Peddareddipalli,UASB,13.795445,77.970009,11,6,0,Gummlapalli,Gummlapalli,programme,6,known spelling,counted,in the core
04_ground_gw_long.csv,gw_depth_m,"04_ground_gw_long.csv|13.79686,77.94514",Gummalapalli,,Agutimadike,UASB,13.796859,77.945144,11,6,0,Gummlapalli,Gummlapalli,programme,6,known spelling,counted,in the core
04_ground_gw_long.csv,gw_depth_m,"04_ground_gw_long.csv|13.80625,77.93569",Gummalapalli,,Agutimadike,UASB,13.806246,77.935694,11,6,0,Gummlapalli,Gummlapalli,programme,6,known spelling,counted,in the core
04_ground_gw_long.csv,gw_depth_m,"04_ground_gw_long.csv|13.83363,76.02368",Haralahalli,,Karehalli,UAHS,13.833628,76.023677,8,0,-1,,Haralahalli,control,0,no name >= 80% similar,counted,outside the programme polygons
04_ground_gw_long.csv,gw_depth_m,"04_ground_gw_long.csv|13.84999,76.06702",Haralahalli,,Donduru,UAHS,13.849987,76.067017,8,0,-1,,Haralahalli,control,0,no name >= 80% similar,counted,outside the programme polygons
04_ground_gw_long.csv,gw_depth_m,"04_ground_gw_long.csv|13.86589,76.02706",Haralahalli,,Gijikatte,UAHS,13.865893,76.027062,8,10,4,Jammapur,Haralahalli,control,0,no name >= 80% similar,counted,near Jammapur (ring 4)
04_ground_gw_long.csv,gw_depth_m,"04_ground_gw_long.csv|13.89309,75.97814",Jammapura,,Kallikere,UAHS,13.893088,75.978145,9,10,0,Jammapur,Jammapur,programme,10,known spelling,counted,in the core
04_ground_gw_long.csv,gw_depth_m,"04_ground_gw_long.csv|13.90011,75.9856",Jammapura,,Kallikere,UAHS,13.900111,75.9856,9,10,0,Jammapur,Jammapur,programme,10,known spelling,counted,in the core
04_ground_gw_long.csv,gw_depth_m,"04_ground_gw_long.csv|13.92985,75.97152",Jammapura,,Meagondanahalli2,UAHS,13.929846,75.971519,9,10,0,Jammapur,Jammapur,programme,10,known spelling,counted,in the core
04_ground_gw_long.csv,gw_depth_m,"04_ground_gw_long.csv|13.94079,75.97656",Jammapura,,Maravanji2,UAHS,13.940788,75.976565,9,10,0,Jammapur,Jammapur,programme,10,known spelling,counted,in the core
04_ground_gw_long.csv,gw_depth_m,"04_ground_gw_long.csv|13.95905,75.97719",Jammapura,,Pandavamatti1,UAHS,13.95905,75.977187,9,10,0,Jammapur,Jammapur,programme,10,known spelling,counted,in the core
04_ground_gw_long.csv,gw_depth_m,"04_ground_gw_long.csv|13.96187,75.96293",Jammapura,,Pandavamatti1,UAHS,13.961868,75.962928,9,10,0,Jammapur,Jammapur,programme,10,known spelling,counted,in the core
04_ground_gw_long.csv,gw_depth_m,"04_ground_gw_long.csv|13.96417,75.98442",Jammapura,,Pandavamatti1,UAHS,13.964166,75.984418,9,10,0,Jammapur,Jammapur,programme,10,known spelling,counted,in the core
04_ground_gw_long.csv,gw_depth_m,"04_ground_gw_long.csv|13.9676,75.97208",Jammapura,,Pandavamatti1,UAHS,13.967596,75.972083,9,10,0,Jammapur,Jammapur,programme,10,known spelling,counted,in the core
04_ground_gw_long.csv,gw_depth_m,"04_ground_gw_long.csv|13.97211,75.92351",Laxmisagara 4U,,Mallegere3,UAHS,13.972108,75.923512,9,10,3,Jammapur,Laxmisagara 4U,control,0,no name >= 80% similar,counted,near Jammapur (ring 3)
04_ground_gw_long.csv,gw_depth_m,"04_ground_gw_long.csv|13.9912,75.91788",Laxmisagara 4U,,Mallegere3,UAHS,13.991198,75.917885,9,10,5,Jammapur,Laxmisagara 4U,control,0,no name >= 80% similar,counted,near Jammapur (ring 5)
04_ground_gw_long.csv,gw_depth_m,"04_ground_gw_long.csv|14.01121,75.93486",Laxmisagara 4U,,Lakshimisagar1,UAHS,14.011207,75.934855,9,0,-1,,Laxmisagara 4U,control,0,no name >= 80% similar,counted,outside the programme polygons
04_ground_gw_long.csv,gw_depth_m,"04_ground_gw_long.csv|14.2371,75.3914",Mattikote,,Dhoopadahalli,UAHS,14.237096,75.391404,9,2,2,Beguru,Mattikote,control,0,no name >= 80% similar,counted,near Beguru (ring 2)
04_ground_gw_long.csv,gw_depth_m,"04_ground_gw_long.csv|14.2552,75.37263",Mattikote,,Haliyur,UAHS,14.255205,75.372627,9,2,3,Beguru,Mattikote,control,0,no name >= 80% similar,counted,near Beguru (ring 3)
04_ground_gw_long.csv,gw_depth_m,"04_ground_gw_long.csv|14.25804,75.46738",Beguru,,Gogga,UAHS,14.258038,75.467385,9,2,0,Beguru,Beguru,programme,2,known spelling,counted,in the core
04_ground_gw_long.csv,gw_depth_m,"04_ground_gw_long.csv|14.26,75.42461",Beguru,,Kenchagondanakoppa,UAHS,14.259995,75.424608,9,2,0,Beguru,Beguru,programme,2,known spelling,counted,in the core
04_ground_gw_long.csv,gw_depth_m,"04_ground_gw_long.csv|14.26065,76.73324",Kytagondanahalli,,Kasturitimmanahalli1,UAHS,14.260647,76.733238,8,14,0,Kyatagondanahalli,Kyatagondanahalli,programme,14,known spelling,counted,in the core
04_ground_gw_long.csv,gw_depth_m,"04_ground_gw_long.csv|14.26267,75.46484",Beguru,,Hulaganakatte1,UAHS,14.262668,75.464844,9,2,0,Beguru,Beguru,programme,2,known spelling,counted,in the core
04_ground_gw_long.csv,gw_depth_m,"04_ground_gw_long.csv|14.264,75.74142",Beguru,,Gogga,UAHS,14.263995,75.741418,9,0,-1,,Beguru,programme,2,known spelling,excluded,named Beguru but lies in outside every programme sub-watershed
04_ground_gw_long.csv,gw_depth_m,"04_ground_gw_long.csv|14.27022,76.7676",Nagagondanahalli,,Devaranahalli,UAHS,14.270219,76.7676,8,14,2,Kyatagondanahalli,Nagagondanahalli,control,0,"82% similar to Kyatagondanahalli, but 100% of its sites lie outside that core -- kept apart",counted,near Kyatagondanahalli (ring 2)
04_ground_gw_long.csv,gw_depth_m,"04_ground_gw_long.csv|14.27445,75.48583",Beguru,,Gogga,UAHS,14.274452,75.485833,9,2,0,Beguru,Beguru,programme,2,known spelling,counted,in the core
04_ground_gw_long.csv,gw_depth_m,"04_ground_gw_long.csv|14.27828,75.40903",Beguru,,Dabbanabairanahalli,UAHS,14.27828,75.409032,9,2,0,Beguru,Beguru,programme,2,known spelling,counted,in the core
04_ground_gw_long.csv,gw_depth_m,"04_ground_gw_long.csv|14.28543,75.41123",Beguru,,Dabbanabairanahalli,UAHS,14.28543,75.411232,9,2,0,Beguru,Beguru,programme,2,known spelling,counted,in the core
04_ground_gw_long.csv,gw_depth_m,"04_ground_gw_long.csv|14.28699,76.75851",Kytagondanahalli,,Vidappanakunte2,UAHS,14.286991,76.758507,8,14,0,Kyatagondanahalli,Kyatagondanahalli,programme,14,known spelling,counted,in the core
04_ground_gw_long.csv,gw_depth_m,"04_ground_gw_long.csv|14.28984,75.41137",Beguru,,Dabbanabairanahalli,UAHS,14.289835,75.411367,9,2,0,Beguru,Beguru,programme,2,known spelling,counted,in the core
04_ground_gw_long.csv,gw_depth_m,"04_ground_gw_long.csv|14.29054,75.35584",Mattikote,,Gabburu,UAHS,14.290543,75.35584,9,2,5,Beguru,Mattikote,control,0,no name >= 80% similar,counted,near Beguru (ring 5)
04_ground_gw_long.csv,gw_depth_m,"04_ground_gw_long.csv|14.29211,75.41805",Beguru,,Dabbanabairanahalli,UAHS,14.292106,75.418045,9,2,0,Beguru,Beguru,programme,2,known spelling,counted,in the core
04_ground_gw_long.csv,gw_depth_m,"04_ground_gw_long.csv|14.29249,76.74197",Kytagondanahalli,,Kyatagondanahalli3,UAHS,14.292494,76.741971,8,14,0,Kyatagondanahalli,Kyatagondanahalli,programme,14,known spelling,counted,in the core
04_ground_gw_long.csv,gw_depth_m,"04_ground_gw_long.csv|14.29949,76.73413",Kytagondanahalli,,Kasturitimmanahalli1,UAHS,14.299492,76.734126,8,14,0,Kyatagondanahalli,Kyatagondanahalli,programme,14,known spelling,counted,in the core
04_ground_gw_long.csv,gw_depth_m,"04_ground_gw_long.csv|14.30611,76.75202",Kytagondanahalli,,Kasturitimmanahalli2,UAHS,14.306106,76.752021,8,14,0,Kyatagondanahalli,Kyatagondanahalli,programme,14,known spelling,counted,in the core
04_ground_gw_long.csv,gw_depth_m,"04_ground_gw_long.csv|14.31331,76.7731",Kytagondanahalli,,Kyatagondanahalli3,UAHS,14.313308,76.773103,8,14,0,Kyatagondanahalli,Kyatagondanahalli,programme,14,known spelling,counted,in the core
04_ground_gw_long.csv,gw_depth_m,"04_ground_gw_long.csv|14.32158,76.80595",Nagagondanahalli,,Halagondanahalli2,UAHS,14.321584,76.805952,8,14,3,Kyatagondanahalli,Nagagondanahalli,control,0,"82% similar to Kyatagondanahalli, but 100% of its sites lie outside that core -- kept apart",counted,near Kyatagondanahalli (ring 3)
04_ground_gw_long.csv,gw_depth_m,"04_ground_gw_long.csv|14.37784,76.83218",Nagagondanahalli,,Nagagondanahalli1,UAHS,14.377841,76.83218,8,14,1,Kyatagondanahalli,Nagagondanahalli,control,0,"82% similar to Kyatagondanahalli, but 100% of its sites lie outside that core -- kept apart",counted,near Kyatagondanahalli (ring 1)
04_ground_gw_long.csv,gw_depth_m,"04_ground_gw_long.csv|14.38016,76.81849",Kytagondanahalli,,Vidappanakunte1,UAHS,14.380159,76.818494,8,14,0,Kyatagondanahalli,Kyatagondanahalli,programme,14,known spelling,counted,in the core
04_ground_gw_long.csv,gw_depth_m,"04_ground_gw_long.csv|14.3879,76.80875",Kytagondanahalli,,Kyatagondanahalli2,UAHS,14.387904,76.80875,8,14,0,Kyatagondanahalli,Kyatagondanahalli,programme,14,known spelling,counted,in the core
04_ground_gw_long.csv,gw_depth_m,"04_ground_gw_long.csv|14.39144,76.80345",Kytagondanahalli,,Vidappanakunte2,UAHS,14.391436,76.803447,8,14,0,Kyatagondanahalli,Kyatagondanahalli,programme,14,known spelling,counted,in the core
04_ground_gw_long.csv,gw_depth_m,"04_ground_gw_long.csv|14.42652,75.51762",Kodihalli sub-watershed,,Mavinthoppa,UASD,14.426522,75.517618,9,0,-1,,Kodihalli,programme,12,known spelling,excluded,named Kodihalli but lies in outside every programme sub-watershed
04_ground_gw_long.csv,gw_depth_m,"04_ground_gw_long.csv|14.48383,75.39697",Hosahalli sub-watershed,,Herekerur,UASD,14.483826,75.396967,9,0,-1,,Hosahalli,control,0,no name >= 80% similar,counted,outside the programme polygons
04_ground_gw_long.csv,gw_depth_m,"04_ground_gw_long.csv|14.48513,75.39862",Hosahalli sub-watershed,,Herekerur,UASD,14.48513,75.398625,9,0,-1,,Hosahalli,control,0,no name >= 80% similar,counted,outside the programme polygons
04_ground_gw_long.csv,gw_depth_m,"04_ground_gw_long.csv|14.48519,75.39802",Hosahalli sub-watershed,,Herekerur,UASD,14.485192,75.398019,9,0,-1,,Hosahalli,control,0,no name >= 80% similar,counted,outside the programme polygons
04_ground_gw_long.csv,gw_depth_m,"04_ground_gw_long.csv|14.48586,75.39754",Hosahalli sub-watershed,,Herekerur,UASD,14.485859,75.397537,9,0,-1,,Hosahalli,control,0,no name >= 80% similar,counted,outside the programme polygons
04_ground_gw_long.csv,gw_depth_m,"04_ground_gw_long.csv|14.48652,75.51747",Kodihalli sub-watershed,,Mavinthoppa,UASD,14.486516,75.517472,9,12,0,Kodihalli,Kodihalli,programme,12,known spelling,counted,in the core
04_ground_gw_long.csv,gw_depth_m,"04_ground_gw_long.csv|14.48694,75.5177",Kodihalli sub-watershed,,Mavinthoppa,UASD,14.486942,75.517697,9,12,0,Kodihalli,Kodihalli,programme,12,known spelling,counted,in the core
04_ground_gw_long.csv,gw_depth_m,"04_ground_gw_long.csv|14.5004,75.40339",Hosahalli sub-watershed,,Nulageri,UASD,14.500395,75.40339,9,0,-1,,Hosahalli,control,0,no name >= 80% similar,counted,outside the programme polygons
04_ground_gw_long.csv,gw_depth_m,"04_ground_gw_long.csv|14.50057,75.40286",Hosahalli sub-watershed,,Nulageri,UASD,14.500566,75.402855,9,0,-1,,Hosahalli,control,0,no name >= 80% similar,counted,outside the programme polygons
04_ground_gw_long.csv,gw_depth_m,"04_ground_gw_long.csv|14.5013,75.40101",Hosahalli sub-watershed,,Nulageri,UASD,14.501301,75.40101,9,0,-1,,Hosahalli,control,0,no name >= 80% similar,counted,outside the programme polygons
04_ground_gw_long.csv,gw_depth_m,"04_ground_gw_long.csv|14.50153,75.4015",Hosahalli sub-watershed,,Nulageri,UASD,14.501526,75.4015,9,0,-1,,Hosahalli,control,0,no name >= 80% similar,counted,outside the programme polygons
04_ground_gw_long.csv,gw_depth_m,"04_ground_gw_long.csv|14.50284,75.50324",Kodihalli sub-watershed,,Mavinthoppa,UASD,14.502841,75.503241,9,12,0,Kodihalli,Kodihalli,programme,12,known spelling,counted,in the core
04_ground_gw_long.csv,gw_depth_m,"04_ground_gw_long.csv|14.50287,75.50367",Kodihalli sub-watershed,,Mavinthoppa,UASD,14.502871,75.503667,9,12,0,Kodihalli,Kodihalli,programme,12,known spelling,counted,in the core
04_ground_gw_long.csv,gw_depth_m,"04_ground_gw_long.csv|14.50288,75.5032",Kodihalli sub-watershed,,Mavinthoppa,UASD,14.502878,75.503197,18,12,0,Kodihalli,Kodihalli,programme,12,known spelling,counted,in the core
04_ground_gw_long.csv,gw_depth_m,"04_ground_gw_long.csv|14.50344,75.50299",Kodihalli sub-watershed,,Mavinthoppa,UASD,14.503442,75.502986,9,12,0,Kodihalli,Kodihalli,programme,12,known spelling,counted,in the core
04_ground_gw_long.csv,gw_depth_m,"04_ground_gw_long.csv|14.50589,75.51217",Kodihalli sub-watershed,,Mavinthoppa,UASD,14.505886,75.512174,9,12,0,Kodihalli,Kodihalli,programme,12,known spelling,counted,in the core
04_ground_gw_long.csv,gw_depth_m,"04_ground_gw_long.csv|14.50652,75.51214",Kodihalli sub-watershed,,Mavinthoppa,UASD,14.506521,75.512143,9,12,0,Kodihalli,Kodihalli,programme,12,known spelling,counted,in the core
04_ground_gw_long.csv,gw_depth_m,"04_ground_gw_long.csv|14.50714,75.51288",Kodihalli sub-watershed,,Mavinthoppa,UASD,14.507141,75.512877,9,12,0,Kodihalli,Kodihalli,programme,12,known spelling,counted,in the core
04_ground_gw_long.csv,gw_depth_m,"04_ground_gw_long.csv|14.51302,75.50616",Kodihalli sub-watershed,,Mavinthoppa,UASD,14.513023,75.506158,9,12,0,Kodihalli,Kodihalli,programme,12,known spelling,counted,in the core
04_ground_gw_long.csv,gw_depth_m,"04_ground_gw_long.csv|14.51419,75.52308",Kodihalli sub-watershed,,Kunchuru,UASD,14.514193,75.523076,9,12,0,Kodihalli,Kodihalli,programme,12,known spelling,counted,in the core
04_ground_gw_long.csv,gw_depth_m,"04_ground_gw_long.csv|14.51422,75.52347",Kodihalli sub-watershed,,Kunchuru,UASD,14.51422,75.523473,9,12,0,Kodihalli,Kodihalli,programme,12,known spelling,counted,in the core
04_ground_gw_long.csv,gw_depth_m,"04_ground_gw_long.csv|14.51517,75.5213",Kodihalli sub-watershed,,Kunchuru,UASD,14.515173,75.521298,9,12,0,Kodihalli,Kodihalli,programme,12,known spelling,counted,in the core
04_ground_gw_long.csv,gw_depth_m,"04_ground_gw_long.csv|14.51527,75.52114",Kodihalli sub-watershed,,Kunchuru,UASD,14.515274,75.521135,9,12,0,Kodihalli,Kodihalli,programme,12,known spelling,counted,in the core
04_ground_gw_long.csv,gw_depth_m,"04_ground_gw_long.csv|14.51531,75.52069",Kodihalli sub-watershed,,Kunchuru,UASD,14.515312,75.52069,9,12,0,Kodihalli,Kodihalli,programme,12,known spelling,counted,in the core
04_ground_gw_long.csv,gw_depth_m,"04_ground_gw_long.csv|14.5173,75.52145",Kodihalli sub-watershed,,Kunchuru,UASD,14.5173,75.521448,9,12,0,Kodihalli,Kodihalli,programme,12,known spelling,counted,in the core
04_ground_gw_long.csv,gw_depth_m,"04_ground_gw_long.csv|14.52365,75.51086",Kodihalli sub-watershed,,Kunchuru,UASD,14.523653,75.510857,9,12,0,Kodihalli,Kodihalli,programme,12,known spelling,counted,in the core
04_ground_gw_long.csv,gw_depth_m,"04_ground_gw_long.csv|14.52386,75.51116",Kodihalli sub-watershed,,Kunchuru,UASD,14.523865,75.511158,9,12,0,Kodihalli,Kodihalli,programme,12,known spelling,counted,in the core
04_ground_gw_long.csv,gw_depth_m,"04_ground_gw_long.csv|14.52451,75.51059",Kodihalli sub-watershed,,Kunchuru,UASD,14.524507,75.51059,9,12,0,Kodihalli,Kodihalli,programme,12,known spelling,counted,in the core
04_ground_gw_long.csv,gw_depth_m,"04_ground_gw_long.csv|14.52452,75.51234",Kodihalli sub-watershed,,Kunchuru,UASD,14.524516,75.512345,9,12,0,Kodihalli,Kodihalli,programme,12,known spelling,counted,in the core
04_ground_gw_long.csv,gw_depth_m,"04_ground_gw_long.csv|14.53456,75.51216",Kodihalli sub-watershed,,Lingadevarakoppa,UASD,14.534561,75.512156,9,12,0,Kodihalli,Kodihalli,programme,12,known spelling,counted,in the core
04_ground_gw_long.csv,gw_depth_m,"04_ground_gw_long.csv|14.53486,75.51143",Kodihalli sub-watershed,,Lingadevarakoppa,UASD,14.534858,75.511427,9,12,0,Kodihalli,Kodihalli,programme,12,known spelling,counted,in the core
04_ground_gw_long.csv,gw_depth_m,"04_ground_gw_long.csv|14.53501,75.51233",Kodihalli sub-watershed,,Lingadevarakoppa,UASD,14.535009,75.512333,9,12,0,Kodihalli,Kodihalli,programme,12,known spelling,counted,in the core
04_ground_gw_long.csv,gw_depth_m,"04_ground_gw_long.csv|14.53502,75.51172",Kodihalli sub-watershed,,Lingadevarakoppa,UASD,14.535019,75.511716,9,12,0,Kodihalli,Kodihalli,programme,12,known spelling,counted,in the core
04_ground_gw_long.csv,gw_depth_m,"04_ground_gw_long.csv|14.53555,75.51387",Kodihalli sub-watershed,,Lingadevarakoppa,UASD,14.535548,75.513873,9,12,0,Kodihalli,Kodihalli,programme,12,known spelling,counted,in the core
04_ground_gw_long.csv,gw_depth_m,"04_ground_gw_long.csv|14.54014,75.4303",Hosahalli sub-watershed,,Abalur,UASD,14.540138,75.430295,9,12,3,Kodihalli,Hosahalli,control,0,no name >= 80% similar,counted,near Kodihalli (ring 3)
04_ground_gw_long.csv,gw_depth_m,"04_ground_gw_long.csv|14.54023,75.42951",Hosahalli sub-watershed,,Abalur,UASD,14.540231,75.429512,9,12,3,Kodihalli,Hosahalli,control,0,no name >= 80% similar,counted,near Kodihalli (ring 3)
04_ground_gw_long.csv,gw_depth_m,"04_ground_gw_long.csv|14.54248,75.42983",Hosahalli sub-watershed,,Abalur,UASD,14.542475,75.429826,9,12,3,Kodihalli,Hosahalli,control,0,no name >= 80% similar,counted,near Kodihalli (ring 3)
04_ground_gw_long.csv,gw_depth_m,"04_ground_gw_long.csv|14.543,75.42971",Hosahalli sub-watershed,,Abalur,UASD,14.543002,75.429714,9,12,3,Kodihalli,Hosahalli,control,0,no name >= 80% similar,counted,near Kodihalli (ring 3)
04_ground_gw_long.csv,gw_depth_m,"04_ground_gw_long.csv|14.54955,75.45147",Kodihalli sub-watershed,,Lingadevarakoppa,UASD,14.54955,75.451466,9,12,0,Kodihalli,Kodihalli,programme,12,known spelling,counted,in the core
04_ground_gw_long.csv,gw_depth_m,"04_ground_gw_long.csv|14.54987,75.4519",Kodihalli sub-watershed,,Lingadevarakoppa,UASD,14.549873,75.451901,9,12,0,Kodihalli,Kodihalli,programme,12,known spelling,counted,in the core
04_ground_gw_long.csv,gw_depth_m,"04_ground_gw_long.csv|14.5499,75.45071",Kodihalli sub-watershed,,Lingadevarakoppa,UASD,14.549902,75.450706,9,12,0,Kodihalli,Kodihalli,programme,12,known spelling,counted,in the core
04_ground_gw_long.csv,gw_depth_m,"04_ground_gw_long.csv|14.55024,75.51051",Kodihalli sub-watershed,,Lingadevarakoppa,UASD,14.550241,75.510513,9,12,0,Kodihalli,Kodihalli,programme,12,known spelling,counted,in the core
04_ground_gw_long.csv,gw_depth_m,"04_ground_gw_long.csv|14.55075,75.4527",Kodihalli sub-watershed,,Lingadevarakoppa,UASD,14.550751,75.4527,9,12,0,Kodihalli,Kodihalli,programme,12,known spelling,counted,in the core
04_ground_gw_long.csv,gw_depth_m,"04_ground_gw_long.csv|14.55083,75.50591",Kodihalli sub-watershed,,Lingadevarakoppa,UASD,14.550829,75.505906,9,12,0,Kodihalli,Kodihalli,programme,12,known spelling,counted,in the core
04_ground_gw_long.csv,gw_depth_m,"04_ground_gw_long.csv|14.55125,75.50582",Kodihalli sub-watershed,,Lingadevarakoppa,UASD,14.551247,75.505818,9,12,0,Kodihalli,Kodihalli,programme,12,known spelling,counted,in the core
04_ground_gw_long.csv,gw_depth_m,"04_ground_gw_long.csv|14.55143,75.50983",Kodihalli sub-watershed,,Lingadevarakoppa,UASD,14.551427,75.509834,9,12,0,Kodihalli,Kodihalli,programme,12,known spelling,counted,in the core
04_ground_gw_long.csv,gw_depth_m,"04_ground_gw_long.csv|14.55184,75.45204",Kodihalli sub-watershed,,Lingadevarakoppa,UASD,14.551841,75.45204,9,12,0,Kodihalli,Kodihalli,programme,12,known spelling,counted,in the core
04_ground_gw_long.csv,gw_depth_m,"04_ground_gw_long.csv|14.55491,75.47108",Kodihalli sub-watershed,,Lingadevarakoppa,UASD,14.554912,75.471081,9,12,0,Kodihalli,Kodihalli,programme,12,known spelling,counted,in the core
04_ground_gw_long.csv,gw_depth_m,"04_ground_gw_long.csv|14.55559,75.47114",Kodihalli sub-watershed,,Lingadevarakoppa,UASD,14.555591,75.471144,9,12,0,Kodihalli,Kodihalli,programme,12,known spelling,counted,in the core
04_ground_gw_long.csv,gw_depth_m,"04_ground_gw_long.csv|14.55564,75.47003",Kodihalli sub-watershed,,Lingadevarakoppa,UASD,14.555645,75.470031,9,12,0,Kodihalli,Kodihalli,programme,12,known spelling,counted,in the core
04_ground_gw_long.csv,gw_depth_m,"04_ground_gw_long.csv|14.5562,75.46949",Kodihalli sub-watershed,,Lingadevarakoppa,UASD,14.556205,75.46949,9,12,0,Kodihalli,Kodihalli,programme,12,known spelling,counted,in the core
04_ground_gw_long.csv,gw_depth_m,"04_ground_gw_long.csv|14.55656,75.47089",Kodihalli sub-watershed,,Lingadevarakoppa,UASD,14.556562,75.470893,9,12,0,Kodihalli,Kodihalli,programme,12,known spelling,counted,in the core
04_ground_gw_long.csv,gw_depth_m,"04_ground_gw_long.csv|15.12048,75.25633",Shirur sub-watershed,,Kamdolli-2,UASD,15.120478,75.256333,9,20,4,Sirur,Sirur,programme,20,known spelling,excluded,named Sirur but lies in Sirur ring 4
04_ground_gw_long.csv,gw_depth_m,"04_ground_gw_long.csv|15.15244,75.15236",Shirur sub-watershed,,Vittalapura-2,UASD,15.152445,75.152362,8,0,-1,,Sirur,programme,20,known spelling,excluded,named Sirur but lies in outside every programme sub-watershed
04_ground_gw_long.csv,gw_depth_m,"04_ground_gw_long.csv|15.15376,75.15384",Shirur sub-watershed,,Vittalapura-2,UASD,15.153755,75.153843,8,0,-1,,Sirur,programme,20,known spelling,excluded,named Sirur but lies in outside every programme sub-watershed
04_ground_gw_long.csv,gw_depth_m,"04_ground_gw_long.csv|15.15493,75.15046",Shirur sub-watershed,,Vittalapura-2,UASD,15.154928,75.150457,8,0,-1,,Sirur,programme,20,known spelling,excluded,named Sirur but lies in outside every programme sub-watershed
04_ground_gw_long.csv,gw_depth_m,"04_ground_gw_long.csv|15.15537,75.15778",Shirur sub-watershed,,Vittalapura-2,UASD,15.15537,75.157777,8,0,-1,,Sirur,programme,20,known spelling,excluded,named Sirur but lies in outside every programme sub-watershed
04_ground_gw_long.csv,gw_depth_m,"04_ground_gw_long.csv|15.15683,75.15666",Shirur sub-watershed,,Vittalapura-2,UASD,15.156828,75.156664,8,0,-1,,Sirur,programme,20,known spelling,excluded,named Sirur but lies in outside every programme sub-watershed
04_ground_gw_long.csv,gw_depth_m,"04_ground_gw_long.csv|15.16001,75.17261",Shirur sub-watershed,,Vittalapura-1,UASD,15.160007,75.172613,8,0,-1,,Sirur,programme,20,known spelling,excluded,named Sirur but lies in outside every programme sub-watershed
04_ground_gw_long.csv,gw_depth_m,"04_ground_gw_long.csv|15.16018,75.16962",Shirur sub-watershed,,Vittalapura-1,UASD,15.160176,75.169621,8,0,-1,,Sirur,programme,20,known spelling,excluded,named Sirur but lies in outside every programme sub-watershed
04_ground_gw_long.csv,gw_depth_m,"04_ground_gw_long.csv|15.16079,75.16715",Shirur sub-watershed,,Vittalapura-1,UASD,15.160794,75.167153,8,0,-1,,Sirur,programme,20,known spelling,excluded,named Sirur but lies in outside every programme sub-watershed
04_ground_gw_long.csv,gw_depth_m,"04_ground_gw_long.csv|15.16683,75.17879",Shirur sub-watershed,,Vittalapura-1,UASD,15.166829,75.178789,8,0,-1,,Sirur,programme,20,known spelling,excluded,named Sirur but lies in outside every programme sub-watershed
04_ground_gw_long.csv,gw_depth_m,"04_ground_gw_long.csv|15.16904,75.18405",Shirur sub-watershed,,Vittalapura-1,UASD,15.169041,75.184047,8,0,-1,,Sirur,programme,20,known spelling,excluded,named Sirur but lies in outside every programme sub-watershed
04_ground_gw_long.csv,gw_depth_m,"04_ground_gw_long.csv|15.18641,75.19694",Shirur sub-watershed,,Vittalapura-1,UASD,15.18641,75.196945,24,20,4,Sirur,Sirur,programme,20,known spelling,excluded,named Sirur but lies in Sirur ring 4
04_ground_gw_long.csv,gw_depth_m,"04_ground_gw_long.csv|15.18926,75.25819",Shirur sub-watershed,,Kamdolli-2,UASD,15.18926,75.258192,9,20,0,Sirur,Sirur,programme,20,known spelling,counted,in the core
04_ground_gw_long.csv,gw_depth_m,"04_ground_gw_long.csv|15.1963,75.25329",Shirur sub-watershed,,Kamdolli-2,UASD,15.1963,75.253288,9,20,0,Sirur,Sirur,programme,20,known spelling,counted,in the core
04_ground_gw_long.csv,gw_depth_m,"04_ground_gw_long.csv|15.19733,75.98475",Koppal (4D4A2),,kallahalli,UASR,15.19733,75.984748,2,17,1,Murlapura,Murlapura,programme,17,its sites lie in the Murlapura core,counted,1 km ring (boundary tolerance)
04_ground_gw_long.csv,gw_depth_m,"04_ground_gw_long.csv|15.19785,75.25528",Shirur sub-watershed,,Kamdolli-2,UASD,15.197852,75.255278,9,20,0,Sirur,Sirur,programme,20,known spelling,counted,in the core
04_ground_gw_long.csv,gw_depth_m,"04_ground_gw_long.csv|15.19933,75.2534",Shirur sub-watershed,,Kamdolli-2,UASD,15.199327,75.253405,9,20,0,Sirur,Sirur,programme,20,known spelling,counted,in the core
04_ground_gw_long.csv,gw_depth_m,"04_ground_gw_long.csv|15.20687,75.22508",Shirur sub-watershed,,Devanur,UASD,15.206866,75.225083,9,20,0,Sirur,Sirur,programme,20,known spelling,counted,in the core
04_ground_gw_long.csv,gw_depth_m,"04_ground_gw_long.csv|15.20744,75.98176",Koppal (4D4A2),,Raghunathanahalli west 2,UASR,15.207436,75.98176,2,17,1,Murlapura,Murlapura,programme,17,its sites lie in the Murlapura core,counted,1 km ring (boundary tolerance)
04_ground_gw_long.csv,gw_depth_m,"04_ground_gw_long.csv|15.20772,75.9771",Koppal (4D4A2),,Raghunathanahalli west 2,UASR,15.207717,75.977095,2,17,0,Murlapura,Murlapura,programme,17,its sites lie in the Murlapura core,counted,in the core
04_ground_gw_long.csv,gw_depth_m,"04_ground_gw_long.csv|15.20781,75.22445",Shirur sub-watershed,,Devanur,UASD,15.20781,75.224447,9,20,0,Sirur,Sirur,programme,20,known spelling,counted,in the core
04_ground_gw_long.csv,gw_depth_m,"04_ground_gw_long.csv|15.20981,75.22623",Shirur sub-watershed,,Devanur,UASD,15.209813,75.2262255,9,20,0,Sirur,Sirur,programme,20,known spelling,counted,in the core
04_ground_gw_long.csv,gw_depth_m,"04_ground_gw_long.csv|15.21055,75.25448",Shirur sub-watershed,,Kamdolli-1,UASD,15.21055,75.254481,9,20,0,Sirur,Sirur,programme,20,known spelling,counted,in the core
04_ground_gw_long.csv,gw_depth_m,"04_ground_gw_long.csv|15.21093,75.2539",Shirur sub-watershed,,Kamdolli-1,UASD,15.210927,75.253905,9,20,0,Sirur,Sirur,programme,20,known spelling,counted,in the core
04_ground_gw_long.csv,gw_depth_m,"04_ground_gw_long.csv|15.21098,75.2249",Shirur sub-watershed,,Devanur,UASD,15.210978,75.224902,9,20,0,Sirur,Sirur,programme,20,known spelling,counted,in the core
04_ground_gw_long.csv,gw_depth_m,"04_ground_gw_long.csv|15.21161,75.22215",Shirur sub-watershed,,Devanur,UASD,15.211612,75.22215,9,20,0,Sirur,Sirur,programme,20,known spelling,counted,in the core
04_ground_gw_long.csv,gw_depth_m,"04_ground_gw_long.csv|15.21219,75.97111",Koppal (4D4A2),,Raghunathanahalli west 2,UASR,15.212193,75.971108,2,17,0,Murlapura,Murlapura,programme,17,its sites lie in the Murlapura core,counted,in the core
04_ground_gw_long.csv,gw_depth_m,"04_ground_gw_long.csv|15.21301,75.97347",Koppal (4D4A2),,Raghunathanahalli west 2,UASR,15.213013,75.973468,2,17,0,Murlapura,Murlapura,programme,17,its sites lie in the Murlapura core,counted,in the core
04_ground_gw_long.csv,gw_depth_m,"04_ground_gw_long.csv|15.21323,75.25584",Shirur sub-watershed,,Kamdolli-1,UASD,15.213234,75.255838,9,20,0,Sirur,Sirur,programme,20,known spelling,counted,in the core
04_ground_gw_long.csv,gw_depth_m,"04_ground_gw_long.csv|15.21377,75.25304",Shirur sub-watershed,,Kamdolli-1,UASD,15.21377,75.253042,8,20,0,Sirur,Sirur,programme,20,known spelling,counted,in the core
04_ground_gw_long.csv,gw_depth_m,"04_ground_gw_long.csv|15.21504,75.97366",Koppal (4D4A2),,Raghunathanahalli west 2,UASR,15.215036,75.973663,2,17,0,Murlapura,Murlapura,programme,17,its sites lie in the Murlapura core,counted,in the core
04_ground_gw_long.csv,gw_depth_m,"04_ground_gw_long.csv|15.216,75.96359",Koppal (4D4A2),,Raghunathanahalli west 2,UASR,15.216003,75.963589,2,17,0,Murlapura,Murlapura,programme,17,its sites lie in the Murlapura core,counted,in the core
04_ground_gw_long.csv,gw_depth_m,"04_ground_gw_long.csv|15.21658,75.93827",Koppal (4D4A2),,Raghunathanahalli 1,UASR,15.21658,75.938274,2,17,0,Murlapura,Murlapura,programme,17,its sites lie in the Murlapura core,counted,in the core
04_ground_gw_long.csv,gw_depth_m,"04_ground_gw_long.csv|15.21688,75.93787",Koppal (4D4A2),,Hatti,UASR,15.21688,75.937867,2,17,0,Murlapura,Murlapura,programme,17,its sites lie in the Murlapura core,counted,in the core
04_ground_gw_long.csv,gw_depth_m,"04_ground_gw_long.csv|15.2183,75.9381",Koppal (4D4A2),,Hatti,UASR,15.218301,75.9381,2,17,0,Murlapura,Murlapura,programme,17,its sites lie in the Murlapura core,counted,in the core
04_ground_gw_long.csv,gw_depth_m,"04_ground_gw_long.csv|15.21993,75.92295",Koppal (4D4A2),,Raghunathanahalli 1,UASR,15.219932,75.92295,2,17,0,Murlapura,Murlapura,programme,17,its sites lie in the Murlapura core,counted,in the core
04_ground_gw_long.csv,gw_depth_m,"04_ground_gw_long.csv|15.2201,75.92419",Koppal (4D4A2),,Raghunathanahalli 2,UASR,15.220105,75.924187,2,17,0,Murlapura,Murlapura,programme,17,its sites lie in the Murlapura core,counted,in the core
04_ground_gw_long.csv,gw_depth_m,"04_ground_gw_long.csv|15.22124,75.95126",Koppal (4D4A2),,Hatti,UASR,15.221236,75.951256,2,17,0,Murlapura,Murlapura,programme,17,its sites lie in the Murlapura core,counted,in the core
04_ground_gw_long.csv,gw_depth_m,"04_ground_gw_long.csv|15.22133,75.94194",Koppal (4D4A2),,Raghunathanahalli 1,UASR,15.221334,75.941939,2,17,0,Murlapura,Murlapura,programme,17,its sites lie in the Murlapura core,counted,in the core
04_ground_gw_long.csv,gw_depth_m,"04_ground_gw_long.csv|15.22208,75.94677",Koppal (4D4A2),,Hatti,UASR,15.222079,75.946771,2,17,0,Murlapura,Murlapura,programme,17,its sites lie in the Murlapura core,counted,in the core
04_ground_gw_long.csv,gw_depth_m,"04_ground_gw_long.csv|15.22386,75.24182",Shirur sub-watershed,,Devanur north,UASD,15.223865,75.241822,9,20,0,Sirur,Sirur,programme,20,known spelling,counted,in the core
04_ground_gw_long.csv,gw_depth_m,"04_ground_gw_long.csv|15.22403,75.94851",Koppal (4D4A2),,Hatti,UASR,15.224028,75.948507,2,17,0,Murlapura,Murlapura,programme,17,its sites lie in the Murlapura core,counted,in the core
04_ground_gw_long.csv,gw_depth_m,"04_ground_gw_long.csv|15.22473,75.24095",Shirur sub-watershed,,Devanur north,UASD,15.224727,75.240949,9,20,0,Sirur,Sirur,programme,20,known spelling,counted,in the core
04_ground_gw_long.csv,gw_depth_m,"04_ground_gw_long.csv|15.22634,75.9463",Koppal (4D4A2),,Raghunathanahalli 1,UASR,15.226336,75.946304,2,17,0,Murlapura,Murlapura,programme,17,its sites lie in the Murlapura core,counted,in the core
04_ground_gw_long.csv,gw_depth_m,"04_ground_gw_long.csv|15.22743,75.24042",Shirur sub-watershed,,Devanur north,UASD,15.227431,75.240424,9,20,0,Sirur,Sirur,programme,20,known spelling,counted,in the core
04_ground_gw_long.csv,gw_depth_m,"04_ground_gw_long.csv|15.22766,75.95299",Koppal (4D4A2),,Raghunathanahalli west 1,UASR,15.227665,75.952993,2,17,0,Murlapura,Murlapura,programme,17,its sites lie in the Murlapura core,counted,in the core
04_ground_gw_long.csv,gw_depth_m,"04_ground_gw_long.csv|15.22921,75.92284",Koppal (4D4A2),,Raghunathanahalli 2,UASR,15.22921,75.922839,2,17,0,Murlapura,Murlapura,programme,17,its sites lie in the Murlapura core,counted,in the core
04_ground_gw_long.csv,gw_depth_m,"04_ground_gw_long.csv|15.23321,75.92271",Koppal (4D4A2),,Raghunathanahalli 2,UASR,15.233214,75.922713,2,17,0,Murlapura,Murlapura,programme,17,its sites lie in the Murlapura core,counted,in the core
04_ground_gw_long.csv,gw_depth_m,"04_ground_gw_long.csv|15.23336,75.92341",Koppal (4D4A2),,Raghunathanahalli 2,UASR,15.233365,75.923408,2,17,0,Murlapura,Murlapura,programme,17,its sites lie in the Murlapura core,counted,in the core
04_ground_gw_long.csv,gw_depth_m,"04_ground_gw_long.csv|15.235,75.92198",Koppal (4D4A2),,Raghunathanahalli 2,UASR,15.235002,75.921979,2,17,0,Murlapura,Murlapura,programme,17,its sites lie in the Murlapura core,counted,in the core
04_ground_gw_long.csv,gw_depth_m,"04_ground_gw_long.csv|15.26352,75.55983",Nilgunda sub-watershed,,Mulgunda east-3,UASD,15.263517,75.55983,10,18,1,Nilgund,Nilgund,programme,18,known spelling,counted,1 km ring (boundary tolerance)
04_ground_gw_long.csv,gw_depth_m,"04_ground_gw_long.csv|15.27949,75.534",Nilgunda sub-watershed,,Mulgunda east-3,UASD,15.27949,75.534,10,18,0,Nilgund,Nilgund,programme,18,known spelling,counted,in the core
04_ground_gw_long.csv,gw_depth_m,"04_ground_gw_long.csv|15.28007,75.54616",Nilgunda sub-watershed,,Mulgunda east-3,UASD,15.280066,75.54616,10,18,0,Nilgund,Nilgund,programme,18,known spelling,counted,in the core
04_ground_gw_long.csv,gw_depth_m,"04_ground_gw_long.csv|15.28054,75.5461",Nilgunda sub-watershed,,Mulgunda east-3,UASD,15.280544,75.5461,10,18,0,Nilgund,Nilgund,programme,18,known spelling,counted,in the core
04_ground_gw_long.csv,gw_depth_m,"04_ground_gw_long.csv|15.28263,75.55984",Nilgunda sub-watershed,,Mulgunda east-3,UASD,15.282628,75.55984,10,18,0,Nilgund,Nilgund,programme,18,known spelling,counted,in the core
04_ground_gw_long.csv,gw_depth_m,"04_ground_gw_long.csv|15.29034,75.51066",Nilgunda sub-watershed,,Mulgund-2,UASD,15.290342,75.510663,10,18,0,Nilgund,Nilgund,programme,18,known spelling,counted,in the core
04_ground_gw_long.csv,gw_depth_m,"04_ground_gw_long.csv|15.29237,75.55353",Nilgunda sub-watershed,,Kanvi-1,UASD,15.292367,75.55353,10,18,0,Nilgund,Nilgund,programme,18,known spelling,counted,in the core
04_ground_gw_long.csv,gw_depth_m,"04_ground_gw_long.csv|15.29249,75.52072",Nilgunda sub-watershed,,Mulgunda-1,UASD,15.292492,75.520723,10,18,0,Nilgund,Nilgund,programme,18,known spelling,counted,in the core
04_ground_gw_long.csv,gw_depth_m,"04_ground_gw_long.csv|15.29365,75.55527",Nilgunda sub-watershed,,Kanvi-1,UASD,15.293646,75.555267,10,18,0,Nilgund,Nilgund,programme,18,known spelling,counted,in the core
04_ground_gw_long.csv,gw_depth_m,"04_ground_gw_long.csv|15.29366,75.55849",Nilgunda sub-watershed,,Kanvi-1,UASD,15.293663,75.558494,10,18,0,Nilgund,Nilgund,programme,18,known spelling,counted,in the core
04_ground_gw_long.csv,gw_depth_m,"04_ground_gw_long.csv|15.29396,75.56166",Nilgunda sub-watershed,,Kanvi-1,UASD,15.293962,75.56166,10,18,0,Nilgund,Nilgund,programme,18,known spelling,counted,in the core
04_ground_gw_long.csv,gw_depth_m,"04_ground_gw_long.csv|15.29518,75.56604",Nilgunda sub-watershed,,Kanvi-1,UASD,15.295179,75.566042,10,18,0,Nilgund,Nilgund,programme,18,known spelling,counted,in the core
04_ground_gw_long.csv,gw_depth_m,"04_ground_gw_long.csv|15.29666,75.48803",Nilgunda sub-watershed,,Nilgund-3,UASD,15.296665,75.488032,10,18,0,Nilgund,Nilgund,programme,18,known spelling,counted,in the core
04_ground_gw_long.csv,gw_depth_m,"04_ground_gw_long.csv|15.29731,75.48789",Nilgunda sub-watershed,,Nilgund-3,UASD,15.297309,75.487891,10,18,0,Nilgund,Nilgund,programme,18,known spelling,counted,in the core
04_ground_gw_long.csv,gw_depth_m,"04_ground_gw_long.csv|15.29747,75.52117",Nilgunda sub-watershed,,Mulgunda-1,UASD,15.297468,75.521171,10,18,0,Nilgund,Nilgund,programme,18,known spelling,counted,in the core
04_ground_gw_long.csv,gw_depth_m,"04_ground_gw_long.csv|15.29757,75.52109",Nilgunda sub-watershed,,Mulgunda-1,UASD,15.297573,75.52109,10,18,0,Nilgund,Nilgund,programme,18,known spelling,counted,in the core
04_ground_gw_long.csv,gw_depth_m,"04_ground_gw_long.csv|15.29847,75.52009",Nilgunda sub-watershed,,Nilgund-3,UASD,15.298473,75.52009,10,18,0,Nilgund,Nilgund,programme,18,known spelling,counted,in the core
04_ground_gw_long.csv,gw_depth_m,"04_ground_gw_long.csv|15.30049,75.52034",Nilgunda sub-watershed,,Nilgund-3,UASD,15.300489,75.52034,10,18,0,Nilgund,Nilgund,programme,18,known spelling,counted,in the core
04_ground_gw_long.csv,gw_depth_m,"04_ground_gw_long.csv|15.3021,75.52007",Nilgunda sub-watershed,,Nilgund-3,UASD,15.302102,75.52007,10,18,0,Nilgund,Nilgund,programme,18,known spelling,counted,in the core
04_ground_gw_long.csv,gw_depth_m,"04_ground_gw_long.csv|15.30542,75.48436",Nilgunda sub-watershed,,Nilgund-3,UASD,15.305418,75.48436,10,18,0,Nilgund,Nilgund,programme,18,known spelling,counted,in the core
04_ground_gw_long.csv,gw_depth_m,"04_ground_gw_long.csv|15.31555,75.52104",Nilgunda sub-watershed,,Mulgunda-1,UASD,15.31555,75.52104,10,18,0,Nilgund,Nilgund,programme,18,known spelling,counted,in the core
04_ground_gw_long.csv,gw_depth_m,"04_ground_gw_long.csv|15.39826,75.52067",Nilgunda sub-watershed,,Nilgund-3,UASD,15.398265,75.520666,10,0,-1,,Nilgund,programme,18,known spelling,excluded,named Nilgund but lies in outside every programme sub-watershed
04_ground_gw_long.csv,gw_depth_m,"04_ground_gw_long.csv|15.50062,75.66077",Gadag sub-watershed,,Hirekoppa,UASD,15.500623,75.660772,8,0,-1,,Gadag,control,0,no name >= 80% similar,counted,outside the programme polygons
04_ground_gw_long.csv,gw_depth_m,"04_ground_gw_long.csv|15.50079,75.65876",Gadag sub-watershed,,Hirekoppa,UASD,15.500786,75.658762,8,0,-1,,Gadag,control,0,no name >= 80% similar,counted,outside the programme polygons
04_ground_gw_long.csv,gw_depth_m,"04_ground_gw_long.csv|15.50174,75.65941",Gadag sub-watershed,,Hirekoppa,UASD,15.501736,75.659407,8,0,-1,,Gadag,control,0,no name >= 80% similar,counted,outside the programme polygons
04_ground_gw_long.csv,gw_depth_m,"04_ground_gw_long.csv|15.50366,75.6593",Gadag sub-watershed,,Hirekoppa,UASD,15.503662,75.659297,8,0,-1,,Gadag,control,0,no name >= 80% similar,counted,outside the programme polygons
04_ground_gw_long.csv,gw_depth_m,"04_ground_gw_long.csv|15.50367,75.66075",Gadag sub-watershed,,Hirekoppa,UASD,15.50367,75.660745,8,0,-1,,Gadag,control,0,no name >= 80% similar,counted,outside the programme polygons
04_ground_gw_long.csv,gw_depth_m,"04_ground_gw_long.csv|15.52028,75.66434",Gadag sub-watershed,,Kiratgeri,UASD,15.520277,75.664337,8,0,-1,,Gadag,control,0,no name >= 80% similar,counted,outside the programme polygons
04_ground_gw_long.csv,gw_depth_m,"04_ground_gw_long.csv|15.52028,75.66539",Gadag sub-watershed,,Kiratgeri,UASD,15.520281,75.665386,8,0,-1,,Gadag,control,0,no name >= 80% similar,counted,outside the programme polygons
04_ground_gw_long.csv,gw_depth_m,"04_ground_gw_long.csv|15.52073,75.67267",Gadag sub-watershed,,Kiratgeri,UASD,15.520726,75.672671,8,0,-1,,Gadag,control,0,no name >= 80% similar,counted,outside the programme polygons
04_ground_gw_long.csv,gw_depth_m,"04_ground_gw_long.csv|15.52106,75.67538",Gadag sub-watershed,,Kiratgeri,UASD,15.521062,75.67538,8,0,-1,,Gadag,control,0,no name >= 80% similar,counted,outside the programme polygons
04_ground_gw_long.csv,gw_depth_m,"04_ground_gw_long.csv|15.95491,76.44727",Jantapur,,Piklihal4,UASR,15.954914,76.447273,2,11,0,Jantapur,Jantapur,programme,11,known spelling,counted,in the core
04_ground_gw_long.csv,gw_depth_m,"04_ground_gw_long.csv|15.95542,76.44714",Jantapur,,Piklihal4,UASR,15.955415,76.447135,2,11,0,Jantapur,Jantapur,programme,11,known spelling,counted,in the core
04_ground_gw_long.csv,gw_depth_m,"04_ground_gw_long.csv|15.97028,76.44158",Jantapur,,Piklihal4,UASR,15.970278,76.441583,2,11,0,Jantapur,Jantapur,programme,11,known spelling,counted,in the core
04_ground_gw_long.csv,gw_depth_m,"04_ground_gw_long.csv|15.97077,76.43899",Jantapur,,Piklihal3,UASR,15.970771,76.438987,2,11,0,Jantapur,Jantapur,programme,11,known spelling,counted,in the core
04_ground_gw_long.csv,gw_depth_m,"04_ground_gw_long.csv|15.97778,76.41837",Jantapur,,Jantapur1,UASR,15.97778,76.41837,2,11,0,Jantapur,Jantapur,programme,11,known spelling,counted,in the core
04_ground_gw_long.csv,gw_depth_m,"04_ground_gw_long.csv|15.98414,76.4027",Jantapur,,Jantapur4,UASR,15.984145,76.402704,2,11,0,Jantapur,Jantapur,programme,11,known spelling,counted,in the core
04_ground_gw_long.csv,gw_depth_m,"04_ground_gw_long.csv|15.98414,76.40272",Jantapur,,Jantapur4,UASR,15.984136,76.402715,2,11,0,Jantapur,Jantapur,programme,11,known spelling,counted,in the core
04_ground_gw_long.csv,gw_depth_m,"04_ground_gw_long.csv|15.98682,76.415",Jantapur,,Jantapur1,UASR,15.986815,76.415005,2,11,0,Jantapur,Jantapur,programme,11,known spelling,counted,in the core
04_ground_gw_long.csv,gw_depth_m,"04_ground_gw_long.csv|15.98698,76.42555",Jantapur,,Jantapur1,UASR,15.986981,76.425553,2,11,0,Jantapur,Jantapur,programme,11,known spelling,counted,in the core
04_ground_gw_long.csv,gw_depth_m,"04_ground_gw_long.csv|15.98704,76.41641",Jantapur,,Jantapur1,UASR,15.987041,76.416413,2,11,0,Jantapur,Jantapur,programme,11,known spelling,counted,in the core
04_ground_gw_long.csv,gw_depth_m,"04_ground_gw_long.csv|15.98767,76.41257",Jantapur,,Jantapur1,UASR,15.98767,76.41257,2,11,0,Jantapur,Jantapur,programme,11,known spelling,counted,in the core
04_ground_gw_long.csv,gw_depth_m,"04_ground_gw_long.csv|16.71056,77.18626",Halligera,,Poglapur,UASR,16.710562,77.186262,1,7,0,Haligeri,Haligeri,programme,7,known spelling,counted,in the core
04_ground_gw_long.csv,gw_depth_m,"04_ground_gw_long.csv|16.71063,75.29422",Artal Sub Watershed,,Artal-1,UASD,16.71063,75.294222,7,1,1,Artal,Artal,programme,1,known spelling,counted,1 km ring (boundary tolerance)
04_ground_gw_long.csv,gw_depth_m,"04_ground_gw_long.csv|16.71766,77.17079",Halligera,,koyalur,UASR,16.717661,77.170786,1,7,0,Haligeri,Haligeri,programme,7,known spelling,counted,in the core
04_ground_gw_long.csv,gw_depth_m,"04_ground_gw_long.csv|16.72366,77.23773",Halligera,,Raisabad Hosalli1,UASR,16.723657,77.237732,1,7,0,Haligeri,Haligeri,programme,7,known spelling,counted,in the core
04_ground_gw_long.csv,gw_depth_m,"04_ground_gw_long.csv|16.72436,77.17947",Halligera,,koyalur,UASR,16.724364,77.179471,1,7,0,Haligeri,Haligeri,programme,7,known spelling,counted,in the core
04_ground_gw_long.csv,gw_depth_m,"04_ground_gw_long.csv|16.7292,75.30566",Artal Sub Watershed,,Artal-1,UASD,16.729199,75.305656,7,1,0,Artal,Artal,programme,1,known spelling,counted,in the core
04_ground_gw_long.csv,gw_depth_m,"04_ground_gw_long.csv|16.73056,75.29743",Artal Sub Watershed,,Artal-1,UASD,16.730558,75.29743,7,1,0,Artal,Artal,programme,1,known spelling,counted,in the core
04_ground_gw_long.csv,gw_depth_m,"04_ground_gw_long.csv|16.73118,75.2941",Artal Sub Watershed,,Artal-1,UASD,16.73118,75.2941,7,1,0,Artal,Artal,programme,1,known spelling,counted,in the core
04_ground_gw_long.csv,gw_depth_m,"04_ground_gw_long.csv|16.73122,75.30056",Artal Sub Watershed,,Artal-1,UASD,16.731217,75.300558,7,1,0,Artal,Artal,programme,1,known spelling,counted,in the core
04_ground_gw_long.csv,gw_depth_m,"04_ground_gw_long.csv|16.73125,75.30091",Artal Sub Watershed,,Artal-1,UASD,16.73125,75.300913,7,1,0,Artal,Artal,programme,1,known spelling,counted,in the core
04_ground_gw_long.csv,gw_depth_m,"04_ground_gw_long.csv|16.73127,75.29588",Artal Sub Watershed,,Artal-1,UASD,16.731269,75.295878,7,1,0,Artal,Artal,programme,1,known spelling,counted,in the core
04_ground_gw_long.csv,gw_depth_m,"04_ground_gw_long.csv|16.73141,75.29569",Artal Sub Watershed,,Artal-1,UASD,16.731406,75.295691,7,1,0,Artal,Artal,programme,1,known spelling,counted,in the core
04_ground_gw_long.csv,gw_depth_m,"04_ground_gw_long.csv|16.73192,77.2346",Halligera,,Halligera 1,UASR,16.731923,77.234602,1,7,0,Haligeri,Haligeri,programme,7,known spelling,counted,in the core
04_ground_gw_long.csv,gw_depth_m,"04_ground_gw_long.csv|16.73432,77.27035",Halligera,,Raisabad Hosalli2,UASR,16.734321,77.270345,1,7,0,Haligeri,Haligeri,programme,7,known spelling,counted,in the core
04_ground_gw_long.csv,gw_depth_m,"04_ground_gw_long.csv|16.73446,75.31963",Artal Sub Watershed,,Artal-1,UASD,16.734456,75.31963,7,1,0,Artal,Artal,programme,1,known spelling,counted,in the core
04_ground_gw_long.csv,gw_depth_m,"04_ground_gw_long.csv|16.73466,75.32097",Artal Sub Watershed,,Artal-1,UASD,16.734665,75.320969,7,1,0,Artal,Artal,programme,1,known spelling,counted,in the core
04_ground_gw_long.csv,gw_depth_m,"04_ground_gw_long.csv|16.7364,77.26899",Halligera,,Raisabad Hosalli2,UASR,16.736399,77.268993,1,7,0,Haligeri,Haligeri,programme,7,known spelling,counted,in the core
04_ground_gw_long.csv,gw_depth_m,"04_ground_gw_long.csv|16.73667,77.23918",Halligera,,Mylapur,UASR,16.736668,77.239178,1,7,0,Haligeri,Haligeri,programme,7,known spelling,counted,in the core
04_ground_gw_long.csv,gw_depth_m,"04_ground_gw_long.csv|16.73765,77.23911",Halligera,,Mylapur,UASR,16.737651,77.239112,1,7,0,Haligeri,Haligeri,programme,7,known spelling,counted,in the core
04_ground_gw_long.csv,gw_depth_m,"04_ground_gw_long.csv|16.73774,77.19154",Halligera,,koyalur,UASR,16.737736,77.191538,1,7,0,Haligeri,Haligeri,programme,7,known spelling,counted,in the core
04_ground_gw_long.csv,gw_depth_m,"04_ground_gw_long.csv|16.74092,77.19104",Halligera,,koyalur,UASR,16.74092,77.191037,1,7,0,Haligeri,Haligeri,programme,7,known spelling,counted,in the core
04_ground_gw_long.csv,gw_depth_m,"04_ground_gw_long.csv|16.74112,77.24403",Halligera,,Mylapur,UASR,16.741122,77.24403,1,7,0,Haligeri,Haligeri,programme,7,known spelling,counted,in the core
04_ground_gw_long.csv,gw_depth_m,"04_ground_gw_long.csv|16.74203,75.29037",Artal Sub Watershed,,Artal-2,UASD,16.742029,75.290372,7,1,0,Artal,Artal,programme,1,known spelling,counted,in the core
04_ground_gw_long.csv,gw_depth_m,"04_ground_gw_long.csv|16.74254,77.18138",Halligera,,Varkanhalli,UASR,16.74254,77.181376,1,7,0,Haligeri,Haligeri,programme,7,known spelling,counted,in the core
04_ground_gw_long.csv,gw_depth_m,"04_ground_gw_long.csv|16.74429,75.28813",Artal Sub Watershed,,Artal-2,UASD,16.744285,75.288134,7,1,0,Artal,Artal,programme,1,known spelling,counted,in the core
04_ground_gw_long.csv,gw_depth_m,"04_ground_gw_long.csv|16.74527,77.13634",Halligera,,Raisabad Hosalli3,UASR,16.745268,77.136336,1,7,4,Haligeri,Haligeri,programme,7,known spelling,excluded,named Haligeri but lies in Haligeri ring 4
04_ground_gw_long.csv,gw_depth_m,"04_ground_gw_long.csv|16.74586,75.2972",Artal Sub Watershed,,Artal-2,UASD,16.74586,75.297202,7,1,0,Artal,Artal,programme,1,known spelling,counted,in the core
04_ground_gw_long.csv,gw_depth_m,"04_ground_gw_long.csv|16.74759,75.28451",Artal Sub Watershed,,Artal-2,UASD,16.74759,75.284508,7,1,0,Artal,Artal,programme,1,known spelling,counted,in the core
04_ground_gw_long.csv,gw_depth_m,"04_ground_gw_long.csv|16.74784,75.29916",Artal Sub Watershed,,Artal-2,UASD,16.747843,75.299165,7,1,0,Artal,Artal,programme,1,known spelling,counted,in the core
04_ground_gw_long.csv,gw_depth_m,"04_ground_gw_long.csv|16.74813,75.28134",Artal Sub Watershed,,Artal-2,UASD,16.748134,75.281341,7,1,0,Artal,Artal,programme,1,known spelling,counted,in the core
04_ground_gw_long.csv,gw_depth_m,"04_ground_gw_long.csv|16.74836,75.29967",Artal Sub Watershed,,Artal-2,UASD,16.748359,75.299672,7,1,0,Artal,Artal,programme,1,known spelling,counted,in the core
04_ground_gw_long.csv,gw_depth_m,"04_ground_gw_long.csv|16.75045,75.35757",Artal Sub Watershed,,Halahalli-1,UASD,16.750451,75.357569,7,1,0,Artal,Artal,programme,1,known spelling,counted,in the core
04_ground_gw_long.csv,gw_depth_m,"04_ground_gw_long.csv|16.7509,75.30654",Artal Sub Watershed,,Artal-2,UASD,16.750897,75.306537,7,1,0,Artal,Artal,programme,1,known spelling,counted,in the core
04_ground_gw_long.csv,gw_depth_m,"04_ground_gw_long.csv|16.75124,75.30698",Artal Sub Watershed,,Artal-2,UASD,16.751244,75.306978,7,1,0,Artal,Artal,programme,1,known spelling,counted,in the core
04_ground_gw_long.csv,gw_depth_m,"04_ground_gw_long.csv|16.75222,75.30615",Artal Sub Watershed,,Artal-2,UASD,16.75222,75.306151,7,1,0,Artal,Artal,programme,1,known spelling,counted,in the core
04_ground_gw_long.csv,gw_depth_m,"04_ground_gw_long.csv|16.75247,75.33324",Artal Sub Watershed,,Halahalli-2,UASD,16.752469,75.33324,7,1,0,Artal,Artal,programme,1,known spelling,counted,in the core
04_ground_gw_long.csv,gw_depth_m,"04_ground_gw_long.csv|16.75286,75.35253",Artal Sub Watershed,,Halahalli-1,UASD,16.752865,75.352532,7,1,0,Artal,Artal,programme,1,known spelling,counted,in the core
04_ground_gw_long.csv,gw_depth_m,"04_ground_gw_long.csv|16.75397,75.35047",Artal Sub Watershed,,Halahalli-1,UASD,16.753969,75.350473,7,1,0,Artal,Artal,programme,1,known spelling,counted,in the core
04_ground_gw_long.csv,gw_depth_m,"04_ground_gw_long.csv|16.75432,75.35164",Artal Sub Watershed,,Halahalli-1,UASD,16.754321,75.35164,7,1,0,Artal,Artal,programme,1,known spelling,counted,in the core
04_ground_gw_long.csv,gw_depth_m,"04_ground_gw_long.csv|16.75446,75.33422",Artal Sub Watershed,,Halahalli-2,UASD,16.75446,75.334219,7,1,0,Artal,Artal,programme,1,known spelling,counted,in the core
04_ground_gw_long.csv,gw_depth_m,"04_ground_gw_long.csv|16.75535,77.17781",Halligera,,Varkanhalli,UASR,16.755351,77.177813,1,7,0,Haligeri,Haligeri,programme,7,known spelling,counted,in the core
04_ground_gw_long.csv,gw_depth_m,"04_ground_gw_long.csv|16.7559,75.33568",Artal Sub Watershed,,Halahalli-2,UASD,16.755899,75.335681,7,1,0,Artal,Artal,programme,1,known spelling,counted,in the core
04_ground_gw_long.csv,gw_depth_m,"04_ground_gw_long.csv|16.75615,75.35499",Artal Sub Watershed,,Halahalli-1,UASD,16.756148,75.354987,7,1,0,Artal,Artal,programme,1,known spelling,counted,in the core
04_ground_gw_long.csv,gw_depth_m,"04_ground_gw_long.csv|16.75796,75.3421",Artal Sub Watershed,,Halahalli-2,UASD,16.757957,75.342096,7,1,0,Artal,Artal,programme,1,known spelling,counted,in the core
04_ground_gw_long.csv,gw_depth_m,"04_ground_gw_long.csv|16.75824,75.34138",Artal Sub Watershed,,Halahalli-2,UASD,16.758242,75.341379,7,1,0,Artal,Artal,programme,1,known spelling,counted,in the core
04_ground_gw_long.csv,gw_depth_m,"04_ground_gw_long.csv|16.7606,75.34126",Artal Sub Watershed,,Artal-3,UASD,16.760603,75.34126,7,1,0,Artal,Artal,programme,1,known spelling,counted,in the core
04_ground_gw_long.csv,gw_depth_m,"04_ground_gw_long.csv|16.7655,75.33936",Artal Sub Watershed,,Artal-3,UASD,16.765498,75.339361,7,1,0,Artal,Artal,programme,1,known spelling,counted,in the core
04_ground_gw_long.csv,gw_depth_m,"04_ground_gw_long.csv|16.76566,75.3407",Artal Sub Watershed,,Artal-3,UASD,16.765663,75.340696,7,1,0,Artal,Artal,programme,1,known spelling,counted,in the core
04_ground_gw_long.csv,gw_depth_m,"04_ground_gw_long.csv|16.76627,75.33669",Artal Sub Watershed,,Artal-3,UASD,16.76627,75.336693,7,1,0,Artal,Artal,programme,1,known spelling,counted,in the core
04_ground_gw_long.csv,gw_depth_m,"04_ground_gw_long.csv|16.76645,75.33468",Artal Sub Watershed,,Artal-3,UASD,16.766452,75.334682,7,1,0,Artal,Artal,programme,1,known spelling,counted,in the core
04_ground_gw_long.csv,gw_depth_m,"04_ground_gw_long.csv|16.76835,75.33643",Artal Sub Watershed,,Artal-3,UASD,16.768353,75.336428,7,1,0,Artal,Artal,programme,1,known spelling,counted,in the core
04_ground_gw_long.csv,gw_depth_m,"04_ground_gw_long.csv|16.76874,75.33584",Artal Sub Watershed,,Artal-3,UASD,16.768744,75.335842,7,1,0,Artal,Artal,programme,1,known spelling,counted,in the core
04_ground_gw_long.csv,gw_depth_m,"04_ground_gw_long.csv|16.77092,75.33726",Artal Sub Watershed,,Artal-3,UASD,16.770922,75.337257,7,1,0,Artal,Artal,programme,1,known spelling,counted,in the core
04_ground_gw_long.csv,gw_depth_m,"04_ground_gw_long.csv|16.79833,75.26022",Kohalli sub-watershed,,Khilaradaddi-2,UASD,16.798329,75.260217,7,0,-1,,Kohalli,control,0,no name >= 80% similar,counted,outside the programme polygons
04_ground_gw_long.csv,gw_depth_m,"04_ground_gw_long.csv|16.80362,75.26593",Kohalli sub-watershed,,Khilaradaddi-2,UASD,16.803623,75.265927,7,0,-1,,Kohalli,control,0,no name >= 80% similar,counted,outside the programme polygons
04_ground_gw_long.csv,gw_depth_m,"04_ground_gw_long.csv|16.80471,75.26711",Kohalli sub-watershed,,Khilaradaddi-2,UASD,16.804711,75.267108,7,0,-1,,Kohalli,control,0,no name >= 80% similar,counted,outside the programme polygons
04_ground_gw_long.csv,gw_depth_m,"04_ground_gw_long.csv|16.807,77.2203",Halligera,,Maskanahalli2,UASR,16.807,77.2203,1,7,5,Haligeri,Haligeri,programme,7,known spelling,excluded,named Haligeri but lies in Haligeri ring 5
04_ground_gw_long.csv,gw_depth_m,"04_ground_gw_long.csv|16.80746,77.23174",Halligera,,Maskanahalli2,UASR,16.807456,77.231735,1,7,5,Haligeri,Haligeri,programme,7,known spelling,excluded,named Haligeri but lies in Haligeri ring 5
04_ground_gw_long.csv,gw_depth_m,"04_ground_gw_long.csv|16.80782,75.2423",Kohalli sub-watershed,,Khilaradaddi-1,UASD,16.807817,75.242295,7,0,-1,,Kohalli,control,0,no name >= 80% similar,counted,outside the programme polygons
04_ground_gw_long.csv,gw_depth_m,"04_ground_gw_long.csv|16.8083,75.24426",Kohalli sub-watershed,,Khilaradaddi-1,UASD,16.808297,75.24426,7,0,-1,,Kohalli,control,0,no name >= 80% similar,counted,outside the programme polygons
04_ground_gw_long.csv,gw_depth_m,"04_ground_gw_long.csv|16.8086,77.2257",Halligera,,Maskanahalli2,UASR,16.8086,77.2257,1,7,5,Haligeri,Haligeri,programme,7,known spelling,excluded,named Haligeri but lies in Haligeri ring 5
04_ground_gw_long.csv,gw_depth_m,"04_ground_gw_long.csv|16.80916,75.24899",Kohalli sub-watershed,,Khilaradaddi-1,UASD,16.809165,75.248994,7,0,-1,,Kohalli,control,0,no name >= 80% similar,counted,outside the programme polygons
04_ground_gw_long.csv,gw_depth_m,"04_ground_gw_long.csv|16.8092,75.26062",Kohalli sub-watershed,,Khilaradaddi-2,UASD,16.809198,75.260624,7,0,-1,,Kohalli,control,0,no name >= 80% similar,counted,outside the programme polygons
04_ground_gw_long.csv,gw_depth_m,"04_ground_gw_long.csv|16.81698,75.25332",Kohalli sub-watershed,,Khilaradaddi-1,UASD,16.816985,75.253325,7,0,-1,,Kohalli,control,0,no name >= 80% similar,counted,outside the programme polygons
04_ground_gw_long.csv,gw_depth_m,"04_ground_gw_long.csv|16.82842,75.2751",Kohalli sub-watershed,,Khilaradaddi-3,UASD,16.828425,75.275101,7,0,-1,,Kohalli,control,0,no name >= 80% similar,counted,outside the programme polygons
04_ground_gw_long.csv,gw_depth_m,"04_ground_gw_long.csv|16.84188,75.28114",Kohalli sub-watershed,,Khilaradaddi-3,UASD,16.841879,75.281137,7,0,-1,,Kohalli,control,0,no name >= 80% similar,counted,outside the programme polygons
04_ground_gw_long.csv,gw_depth_m,"04_ground_gw_long.csv|16.84214,75.28133",Kohalli sub-watershed,,Khilaradaddi-3,UASD,16.84214,75.28133,7,0,-1,,Kohalli,control,0,no name >= 80% similar,counted,outside the programme polygons
04_ground_gw_long.csv,gw_depth_m,"04_ground_gw_long.csv|16.84795,75.28628",Kohalli sub-watershed,,Khilaradaddi-3,UASD,16.847951,75.286282,7,0,-1,,Kohalli,control,0,no name >= 80% similar,counted,outside the programme polygons
04_ground_gw_long.csv,gw_depth_m,"04_ground_gw_long.csv|16.8915,75.27636",Kohalli sub-watershed,,Khilaradaddi-3,UASD,16.8915,75.276364,7,0,-1,,Kohalli,control,0,no name >= 80% similar,counted,outside the programme polygons
04_ground_gw_long.csv,gw_depth_m,"04_ground_gw_long.csv|17.28019,76.71811",Hunsehadagli,,Kollur 2,UASR,17.2801911,76.71811,1,9,0,Hunasehadagi,Hunasehadagi,programme,9,known spelling,counted,in the core
04_ground_gw_long.csv,gw_depth_m,"04_ground_gw_long.csv|17.28128,76.70822",Hunsehadagli,,,UASR,17.281282,76.708218,1,9,0,Hunasehadagi,Hunasehadagi,programme,9,known spelling,counted,in the core
04_ground_gw_long.csv,gw_depth_m,"04_ground_gw_long.csv|17.28246,76.74135",Hunsehadagli,,Hadagil Harut 1,UASR,17.2824645,76.741348,1,9,1,Hunasehadagi,Hunasehadagi,programme,9,known spelling,counted,1 km ring (boundary tolerance)
04_ground_gw_long.csv,gw_depth_m,"04_ground_gw_long.csv|17.28428,76.7195",Hunsehadagli,,Kollur 2,UASR,17.284277,76.719498,1,9,0,Hunasehadagi,Hunasehadagi,programme,9,known spelling,counted,in the core
04_ground_gw_long.csv,gw_depth_m,"04_ground_gw_long.csv|17.2845,76.7191",Hunsehadagli,,Kollur 2,UASR,17.284505,76.719102,1,9,0,Hunasehadagi,Hunasehadagi,programme,9,known spelling,counted,in the core
04_ground_gw_long.csv,gw_depth_m,"04_ground_gw_long.csv|17.28497,76.0",Hunsehadagli,,Kollur 2,UASR,17.284974,76.0,1,0,-1,,Hunasehadagi,programme,9,known spelling,excluded,named Hunasehadagi but lies in outside every programme sub-watershed
04_ground_gw_long.csv,gw_depth_m,"04_ground_gw_long.csv|17.28686,76.7158",Hunsehadagli,,,UASR,17.286857,76.715795,1,9,0,Hunasehadagi,Hunasehadagi,programme,9,known spelling,counted,in the core
04_ground_gw_long.csv,gw_depth_m,"04_ground_gw_long.csv|17.28769,76.72896",Hunsehadagli,,Kollur 2,UASR,17.2876929,76.728959,1,9,0,Hunasehadagi,Hunasehadagi,programme,9,known spelling,counted,in the core
04_ground_gw_long.csv,gw_depth_m,"04_ground_gw_long.csv|17.28784,76.86651",Hunsehadagli,,,UASR,17.287844,76.866511,1,0,-1,,Hunasehadagi,programme,9,known spelling,excluded,named Hunasehadagi but lies in outside every programme sub-watershed
04_ground_gw_long.csv,gw_depth_m,"04_ground_gw_long.csv|17.2893,76.7095",Hunsehadagli,,,UASR,17.289297,76.709502,1,9,0,Hunasehadagi,Hunasehadagi,programme,9,known spelling,counted,in the core
04_ground_gw_long.csv,gw_depth_m,"04_ground_gw_long.csv|17.2899,76.7095",Hunsehadagli,,,UASR,17.289901,76.709504,1,9,0,Hunasehadagi,Hunasehadagi,programme,9,known spelling,counted,in the core
04_ground_gw_long.csv,gw_depth_m,"04_ground_gw_long.csv|17.28997,76.70826",Hunsehadagli,,Kollur 2,UASR,17.2899667,76.708265,1,9,0,Hunasehadagi,Hunasehadagi,programme,9,known spelling,counted,in the core
04_ground_gw_long.csv,gw_depth_m,"04_ground_gw_long.csv|17.29,76.70885",Hunsehadagli,,Kollur 2,UASR,17.2900042,76.7088525,1,9,0,Hunasehadagi,Hunasehadagi,programme,9,known spelling,counted,in the core
04_ground_gw_long.csv,gw_depth_m,"04_ground_gw_long.csv|17.29076,76.70893",Hunsehadagli,,,UASR,17.290762,76.708927,1,9,0,Hunasehadagi,Hunasehadagi,programme,9,known spelling,counted,in the core
04_ground_gw_long.csv,gw_depth_m,"04_ground_gw_long.csv|17.29321,76.71692",Hunsehadagli,,Kollur 2,UASR,17.2932054,76.7169164,1,9,0,Hunasehadagi,Hunasehadagi,programme,9,known spelling,counted,in the core
04_ground_gw_long.csv,gw_depth_m,"04_ground_gw_long.csv|17.29365,76.73505",Hunsehadagli,,Hadagil Harut 1,UASR,17.293653,76.735047,1,9,0,Hunasehadagi,Hunasehadagi,programme,9,known spelling,counted,in the core
04_ground_gw_long.csv,gw_depth_m,"04_ground_gw_long.csv|17.29453,76.71558",Hunsehadagli,,Kollur 2,UASR,17.2945288,76.715578,1,9,0,Hunasehadagi,Hunasehadagi,programme,9,known spelling,counted,in the core
04_ground_gw_long.csv,gw_depth_m,"04_ground_gw_long.csv|17.29515,76.70722",Hunsehadagli,,Kollur 2,UASR,17.295145,76.70722,1,9,0,Hunasehadagi,Hunasehadagi,programme,9,known spelling,counted,in the core
04_ground_gw_long.csv,gw_depth_m,"04_ground_gw_long.csv|17.29528,76.72956",Hunsehadagli,,Hadagil Harut 1,UASR,17.295279,76.729563,1,9,0,Hunasehadagi,Hunasehadagi,programme,9,known spelling,counted,in the core
04_ground_gw_long.csv,gw_depth_m,"04_ground_gw_long.csv|17.29543,76.70917",Hunsehadagli,,Kollur 2,UASR,17.295429,76.709171,1,9,0,Hunasehadagi,Hunasehadagi,programme,9,known spelling,counted,in the core
04_ground_gw_long.csv,gw_depth_m,"04_ground_gw_long.csv|17.29617,76.73427",Hunsehadagli,,,UASR,17.296172,76.734274,1,9,0,Hunasehadagi,Hunasehadagi,programme,9,known spelling,counted,in the core
04_ground_gw_long.csv,gw_depth_m,"04_ground_gw_long.csv|17.29617,76.73428",Hunsehadagli,,,UASR,17.296168,76.734282,1,9,0,Hunasehadagi,Hunasehadagi,programme,9,known spelling,counted,in the core
04_ground_gw_long.csv,gw_depth_m,"04_ground_gw_long.csv|17.29895,76.7364",Hunsehadagli,,,UASR,17.298954,76.736401,1,9,0,Hunasehadagi,Hunasehadagi,programme,9,known spelling,counted,in the core
04_ground_gw_long.csv,gw_depth_m,"04_ground_gw_long.csv|17.29922,76.73628",Hunsehadagli,,,UASR,17.299224,76.736284,1,9,0,Hunasehadagi,Hunasehadagi,programme,9,known spelling,counted,in the core
04_ground_gw_long.csv,gw_depth_m,"04_ground_gw_long.csv|17.29998,76.69089",Hunsehadagli,,Malli 1,UASR,17.299977,76.690888,1,9,0,Hunasehadagi,Hunasehadagi,programme,9,known spelling,counted,in the core
04_ground_gw_long.csv,gw_depth_m,"04_ground_gw_long.csv|17.29998,76.73611",Hunsehadagli,,,UASR,17.299979,76.736109,1,9,0,Hunasehadagi,Hunasehadagi,programme,9,known spelling,counted,in the core
04_ground_gw_long.csv,gw_depth_m,"04_ground_gw_long.csv|17.30058,76.73581",Hunsehadagli,,Hunsehadagi 2,UASR,17.300582,76.735811,1,9,0,Hunasehadagi,Hunasehadagi,programme,9,known spelling,counted,in the core
04_ground_gw_long.csv,gw_depth_m,"04_ground_gw_long.csv|17.30199,76.74832",Hunsehadagli,,,UASR,17.301987,76.748321,1,9,0,Hunasehadagi,Hunasehadagi,programme,9,known spelling,counted,in the core
04_ground_gw_long.csv,gw_depth_m,"04_ground_gw_long.csv|17.30205,76.70053",Hunsehadagli,,Malli 1,UASR,17.302049,76.700527,1,9,0,Hunasehadagi,Hunasehadagi,programme,9,known spelling,counted,in the core
04_ground_gw_long.csv,gw_depth_m,"04_ground_gw_long.csv|17.30207,76.72869",Hunsehadagli,,Hadagil Harut 1,UASR,17.302067,76.7286853,1,9,0,Hunasehadagi,Hunasehadagi,programme,9,known spelling,counted,in the core
04_ground_gw_long.csv,gw_depth_m,"04_ground_gw_long.csv|17.30211,76.74673",Hunsehadagli,,Hunsehadagi 1,UASR,17.302107,76.746726,1,9,0,Hunasehadagi,Hunasehadagi,programme,9,known spelling,counted,in the core
04_ground_gw_long.csv,gw_depth_m,"04_ground_gw_long.csv|17.3022,76.74486",Hunsehadagli,,Hunsehadagi 1,UASR,17.302197,76.744856,1,9,0,Hunasehadagi,Hunasehadagi,programme,9,known spelling,counted,in the core
04_ground_gw_long.csv,gw_depth_m,"04_ground_gw_long.csv|17.30225,76.74801",Hunsehadagli,,Hadagil Harut 2,UASR,17.30225,76.748014,1,9,0,Hunasehadagi,Hunasehadagi,programme,9,known spelling,counted,in the core
04_ground_gw_long.csv,gw_depth_m,"04_ground_gw_long.csv|17.30232,76.74745",Hunsehadagli,,Hunsehadagi 1,UASR,17.302322,76.747449,1,9,0,Hunasehadagi,Hunasehadagi,programme,9,known spelling,counted,in the core
04_ground_gw_long.csv,gw_depth_m,"04_ground_gw_long.csv|17.303,76.66091",Hunsehadagli,,Melkunda buzurg 1,UASR,17.302998,76.66091,1,9,0,Hunasehadagi,Hunasehadagi,programme,9,known spelling,counted,in the core
04_ground_gw_long.csv,gw_depth_m,"04_ground_gw_long.csv|17.3034,76.66659",Hunsehadagli,,Melkunda buzurg 1,UASR,17.303403,76.666594,1,9,0,Hunasehadagi,Hunasehadagi,programme,9,known spelling,counted,in the core
04_ground_gw_long.csv,gw_depth_m,"04_ground_gw_long.csv|17.30422,76.70047",Hunsehadagli,,Malli 1,UASR,17.304225,76.700467,1,9,0,Hunasehadagi,Hunasehadagi,programme,9,known spelling,counted,in the core
04_ground_gw_long.csv,gw_depth_m,"04_ground_gw_long.csv|17.30512,76.75022",Hunsehadagli,,Hadagil Harut 2,UASR,17.305116,76.750223,1,9,0,Hunasehadagi,Hunasehadagi,programme,9,known spelling,counted,in the core
04_ground_gw_long.csv,gw_depth_m,"04_ground_gw_long.csv|17.30555,76.66903",Hunsehadagli,,Melkunda buzurg 1,UASR,17.305553,76.669033,1,9,0,Hunasehadagi,Hunasehadagi,programme,9,known spelling,counted,in the core
04_ground_gw_long.csv,gw_depth_m,"04_ground_gw_long.csv|17.30596,76.65341",Hunsehadagli,,,UASR,17.305963,76.653405,1,9,0,Hunasehadagi,Hunasehadagi,programme,9,known spelling,counted,in the core
04_ground_gw_long.csv,gw_depth_m,"04_ground_gw_long.csv|17.30606,76.71713",Hunsehadagli,,Kollur 2,UASR,17.306055,76.717131,1,9,0,Hunasehadagi,Hunasehadagi,programme,9,known spelling,counted,in the core
04_ground_gw_long.csv,gw_depth_m,"04_ground_gw_long.csv|17.30641,76.65475",Hunsehadagli,,,UASR,17.306413,76.654753,1,9,0,Hunasehadagi,Hunasehadagi,programme,9,known spelling,counted,in the core
04_ground_gw_long.csv,gw_depth_m,"04_ground_gw_long.csv|17.30643,76.7339",Hunsehadagli,,Hadagil Harut 1,UASR,17.3064253,76.733896,1,9,0,Hunasehadagi,Hunasehadagi,programme,9,known spelling,counted,in the core
04_ground_gw_long.csv,gw_depth_m,"04_ground_gw_long.csv|17.30687,76.71585",Hunsehadagli,,Kollur 2,UASR,17.306871,76.715847,1,9,0,Hunasehadagi,Hunasehadagi,programme,9,known spelling,counted,in the core
04_ground_gw_long.csv,gw_depth_m,"04_ground_gw_long.csv|17.30721,76.73117",Hunsehadagli,,Hadagil Harut 1,UASR,17.3072061,76.7311691,1,9,0,Hunasehadagi,Hunasehadagi,programme,9,known spelling,counted,in the core
04_ground_gw_long.csv,gw_depth_m,"04_ground_gw_long.csv|17.30732,76.73199",Hunsehadagli,,Hadagil Harut 1,UASR,17.3073199,76.7319928,1,9,0,Hunasehadagi,Hunasehadagi,programme,9,known spelling,counted,in the core
04_ground_gw_long.csv,gw_depth_m,"04_ground_gw_long.csv|17.30744,76.69353",Hunsehadagli,,Malli 1,UASR,17.307437,76.693532,1,9,0,Hunasehadagi,Hunasehadagi,programme,9,known spelling,counted,in the core
04_ground_gw_long.csv,gw_depth_m,"04_ground_gw_long.csv|17.30785,76.71985",Hunsehadagli,,Kollur 2,UASR,17.30785,76.719854,1,9,0,Hunasehadagi,Hunasehadagi,programme,9,known spelling,counted,in the core
04_ground_gw_long.csv,gw_depth_m,"04_ground_gw_long.csv|17.30806,76.68025",Hunsehadagli,,Malli 1,UASR,17.308056,76.680251,1,9,0,Hunasehadagi,Hunasehadagi,programme,9,known spelling,counted,in the core
04_ground_gw_long.csv,gw_depth_m,"04_ground_gw_long.csv|17.30831,76.74974",Hunsehadagli,,Hadagil Harut 2,UASR,17.308309,76.749744,1,9,0,Hunasehadagi,Hunasehadagi,programme,9,known spelling,counted,in the core
04_ground_gw_long.csv,gw_depth_m,"04_ground_gw_long.csv|17.30841,76.74932",Hunsehadagli,,Hadagil Harut 2,UASR,17.308411,76.749324,1,9,0,Hunasehadagi,Hunasehadagi,programme,9,known spelling,counted,in the core
04_ground_gw_long.csv,gw_depth_m,"04_ground_gw_long.csv|17.30888,76.68087",Hunsehadagli,,Malli 1,UASR,17.308881,76.680874,1,9,0,Hunasehadagi,Hunasehadagi,programme,9,known spelling,counted,in the core
04_ground_gw_long.csv,gw_depth_m,"04_ground_gw_long.csv|17.30962,76.67147",Hunsehadagli,,Melkunda Buzurg 1,UASR,17.309621,76.671469,1,9,0,Hunasehadagi,Hunasehadagi,programme,9,known spelling,counted,in the core
04_ground_gw_long.csv,gw_depth_m,"04_ground_gw_long.csv|17.31141,76.67315",Hunsehadagli,,Melkunda Buzurg 2,UASR,17.311407,76.6731517,2,9,0,Hunasehadagi,Hunasehadagi,programme,9,known spelling,counted,in the core
04_ground_gw_long.csv,gw_depth_m,"04_ground_gw_long.csv|17.31165,76.67519",Hunsehadagli,,Melkunda Buzurg 1,UASR,17.311654,76.6751899,1,9,0,Hunasehadagi,Hunasehadagi,programme,9,known spelling,counted,in the core
04_ground_gw_long.csv,gw_depth_m,"04_ground_gw_long.csv|17.31175,76.68614",Hunsehadagli,,Malli 1,UASR,17.311748,76.686138,1,9,0,Hunasehadagi,Hunasehadagi,programme,9,known spelling,counted,in the core
04_ground_gw_long.csv,gw_depth_m,"04_ground_gw_long.csv|17.3121,76.70466",Hunsehadagli,,,UASR,17.312098,76.704659,1,9,0,Hunasehadagi,Hunasehadagi,programme,9,known spelling,counted,in the core
04_ground_gw_long.csv,gw_depth_m,"04_ground_gw_long.csv|17.31264,76.66729",Hunsehadagli,,,UASR,17.312636,76.667286,1,9,0,Hunasehadagi,Hunasehadagi,programme,9,known spelling,counted,in the core
04_ground_gw_long.csv,gw_depth_m,"04_ground_gw_long.csv|17.3127,76.73119",Hunsehadagli,,Hadagil Harut 1,UASR,17.3127034,76.7311852,1,9,0,Hunasehadagi,Hunasehadagi,programme,9,known spelling,counted,in the core
04_ground_gw_long.csv,gw_depth_m,"04_ground_gw_long.csv|17.31321,76.72401",Hunsehadagli,,Hadagil Harut 1,UASR,17.313206,76.7240051,1,9,0,Hunasehadagi,Hunasehadagi,programme,9,known spelling,counted,in the core
04_ground_gw_long.csv,gw_depth_m,"04_ground_gw_long.csv|17.31381,76.67953",Hunsehadagli,,,UASR,17.313806,76.679532,1,9,0,Hunasehadagi,Hunasehadagi,programme,9,known spelling,counted,in the core
04_ground_gw_long.csv,gw_depth_m,"04_ground_gw_long.csv|17.31395,76.66701",Hunsehadagli,,Melkunda Buzurg 1,UASR,17.313953,76.667012,1,9,0,Hunasehadagi,Hunasehadagi,programme,9,known spelling,counted,in the core
04_ground_gw_long.csv,gw_depth_m,"04_ground_gw_long.csv|17.31434,76.68055",Hunsehadagli,,,UASR,17.314338,76.68055,1,9,0,Hunasehadagi,Hunasehadagi,programme,9,known spelling,counted,in the core
04_ground_gw_long.csv,gw_depth_m,"04_ground_gw_long.csv|17.31442,76.66816",Hunsehadagli,,Melkunda buzurg 1,UASR,17.314423,76.668162,1,9,0,Hunasehadagi,Hunasehadagi,programme,9,known spelling,counted,in the core
04_ground_gw_long.csv,gw_depth_m,"04_ground_gw_long.csv|17.31455,76.68732",Hunsehadagli,,Malli 1,UASR,17.314553,76.687323,1,9,0,Hunasehadagi,Hunasehadagi,programme,9,known spelling,counted,in the core
04_ground_gw_long.csv,gw_depth_m,"04_ground_gw_long.csv|17.31457,76.68644",Hunsehadagli,,Malli 1,UASR,17.31457,76.686437,1,9,0,Hunasehadagi,Hunasehadagi,programme,9,known spelling,counted,in the core
04_ground_gw_long.csv,gw_depth_m,"04_ground_gw_long.csv|17.31473,76.68032",Hunsehadagli,,,UASR,17.314726,76.680325,1,9,0,Hunasehadagi,Hunasehadagi,programme,9,known spelling,counted,in the core
04_ground_gw_long.csv,gw_depth_m,"04_ground_gw_long.csv|17.31751,76.65768",Hunsehadagli,,Melkunda buzurg 1,UASR,17.317506,76.657685,1,9,0,Hunasehadagi,Hunasehadagi,programme,9,known spelling,counted,in the core
04_ground_gw_long.csv,gw_depth_m,"04_ground_gw_long.csv|17.31752,76.66462",Hunsehadagli,,Melkunda buzurg 1,UASR,17.317518,76.664622,1,9,0,Hunasehadagi,Hunasehadagi,programme,9,known spelling,counted,in the core
04_ground_gw_long.csv,gw_depth_m,"04_ground_gw_long.csv|17.3193,76.66128",Hunsehadagli,,Melkunda buzurg 1,UASR,17.319305,76.661283,1,9,0,Hunasehadagi,Hunasehadagi,programme,9,known spelling,counted,in the core
04_ground_gw_long.csv,gw_depth_m,"04_ground_gw_long.csv|17.3194,76.65851",Hunsehadagli,,Melkunda buzurg 1,UASR,17.319402,76.65851,1,9,0,Hunasehadagi,Hunasehadagi,programme,9,known spelling,counted,in the core
04_ground_gw_long.csv,gw_depth_m,"04_ground_gw_long.csv|17.32256,76.6761",Hunsehadagli,,Melkunda Buzurg 2,UASR,17.322559,76.676102,1,9,0,Hunasehadagi,Hunasehadagi,programme,9,known spelling,counted,in the core
04_ground_gw_long.csv,gw_depth_m,"04_ground_gw_long.csv|17.32285,76.68942",Hunsehadagli,,Melkunda Buzurg 2,UASR,17.322851,76.68942,1,9,0,Hunasehadagi,Hunasehadagi,programme,9,known spelling,counted,in the core
04_ground_gw_long.csv,gw_depth_m,"04_ground_gw_long.csv|17.32361,76.66142",Hunsehadagli,,Melkunda Buzurg 1,UASR,17.323607,76.66142,1,9,0,Hunasehadagi,Hunasehadagi,programme,9,known spelling,counted,in the core
04_ground_gw_long.csv,gw_depth_m,"04_ground_gw_long.csv|17.324,76.65869",Hunsehadagli,,Melkunda Buzurg 1,UASR,17.324001,76.658695,1,9,0,Hunasehadagi,Hunasehadagi,programme,9,known spelling,counted,in the core
04_ground_gw_long.csv,gw_depth_m,"04_ground_gw_long.csv|17.32446,76.68928",Hunsehadagli,,Melkunda Buzurg 2,UASR,17.324459,76.689278,1,9,0,Hunasehadagi,Hunasehadagi,programme,9,known spelling,counted,in the core
04_ground_gw_long.csv,gw_depth_m,"04_ground_gw_long.csv|17.32506,76.70786",Hunsehadagli,,Melkunda Buzurg 2,UASR,17.325056,76.707857,1,9,2,Hunasehadagi,Hunasehadagi,programme,9,known spelling,excluded,named Hunasehadagi but lies in Hunasehadagi ring 2
04_ground_gw_long.csv,gw_depth_m,"04_ground_gw_long.csv|17.33102,76.67547",Hunsehadagli,,Melkunda Buzurg 3,UASR,17.331025,76.67547,1,9,0,Hunasehadagi,Hunasehadagi,programme,9,known spelling,counted,in the core
04_ground_gw_long.csv,gw_depth_m,"04_ground_gw_long.csv|17.33117,76.68084",Hunsehadagli,,Melkunda Buzurg 3,UASR,17.331172,76.680843,1,9,0,Hunasehadagi,Hunasehadagi,programme,9,known spelling,counted,in the core
04_ground_gw_long.csv,gw_depth_m,"04_ground_gw_long.csv|17.33117,76.68085",Hunsehadagli,,Melkunda Buzurg 3,UASR,17.331171,76.680845,1,9,0,Hunasehadagi,Hunasehadagi,programme,9,known spelling,counted,in the core
04_ground_gw_long.csv,gw_depth_m,"04_ground_gw_long.csv|17.33223,76.68175",Hunsehadagli,,Melkunda Buzurg 3,UASR,17.33223,76.6817479,1,9,0,Hunasehadagi,Hunasehadagi,programme,9,known spelling,counted,in the core
04_ground_gw_long.csv,gw_depth_m,"04_ground_gw_long.csv|17.33397,76.68622",Hunsehadagli,,Melkunda Buzurg 3,UASR,17.333967,76.686222,1,9,0,Hunasehadagi,Hunasehadagi,programme,9,known spelling,counted,in the core
04_ground_gw_long.csv,gw_depth_m,"04_ground_gw_long.csv|17.33489,76.6595",Hunsehadagli,,Melkunda Buzurg 3,UASR,17.3348949,76.6595,1,9,0,Hunasehadagi,Hunasehadagi,programme,9,known spelling,counted,in the core
04_ground_gw_long.csv,gw_depth_m,"04_ground_gw_long.csv|17.33609,76.66201",Hunsehadagli,,Melkunda Buzurg 3,UASR,17.3360947,76.66201,1,9,0,Hunasehadagi,Hunasehadagi,programme,9,known spelling,counted,in the core
04_ground_gw_long.csv,gw_depth_m,"04_ground_gw_long.csv|17.33625,76.66933",Hunsehadagli,,Melkunda Buzurg 3,UASR,17.336251,76.669331,1,9,0,Hunasehadagi,Hunasehadagi,programme,9,known spelling,counted,in the core
04_ground_gw_long.csv,gw_depth_m,"04_ground_gw_long.csv|17.33628,76.66307",Hunsehadagli,,Melkunda Buzurg 3,UASR,17.336281,76.663068,1,9,0,Hunasehadagi,Hunasehadagi,programme,9,known spelling,counted,in the core
04_ground_gw_long.csv,gw_depth_m,"04_ground_gw_long.csv|18.08544,77.54237",Kandgula,,Masjawadi,UHSB,18.085436,77.542369,11,19,5,Pashapur,Kandgula,control,0,>= 80 % similar to Kandgul and within 10 km -> Kandgula,counted,near Pashapur (ring 5)
04_ground_gw_long.csv,gw_depth_m,"04_ground_gw_long.csv|18.08634,77.54185",Kandgula,,Masjawadi,UHSB,18.086338,77.541849,11,19,5,Pashapur,Kandgula,control,0,>= 80 % similar to Kandgul and within 10 km -> Kandgula,counted,near Pashapur (ring 5)
04_ground_gw_long.csv,gw_depth_m,"04_ground_gw_long.csv|18.08809,77.43961",Pashapur,,Ladha 2,UHSB,18.088087,77.439609,11,19,0,Pashapur,Pashapur,programme,19,known spelling,counted,in the core
04_ground_gw_long.csv,gw_depth_m,"04_ground_gw_long.csv|18.08902,77.43893",Pashapur,,Ladha 2,UHSB,18.089022,77.438932,11,19,0,Pashapur,Pashapur,programme,19,known spelling,counted,in the core
04_ground_gw_long.csv,gw_depth_m,"04_ground_gw_long.csv|18.09269,77.43915",Pashapur,,Ladha 2,UHSB,18.092692,77.439153,22,19,0,Pashapur,Pashapur,programme,19,known spelling,counted,in the core
04_ground_gw_long.csv,gw_depth_m,"04_ground_gw_long.csv|18.09304,77.43984",Pashapur,,Ladha 2,UHSB,18.093035,77.439838,11,19,0,Pashapur,Pashapur,programme,19,known spelling,counted,in the core
04_ground_gw_long.csv,gw_depth_m,"04_ground_gw_long.csv|18.09305,77.42876",Pashapur,,Ladha 1,UHSB,18.093046,77.428762,11,19,0,Pashapur,Pashapur,programme,19,known spelling,counted,in the core
04_ground_gw_long.csv,gw_depth_m,"04_ground_gw_long.csv|18.09318,77.54987",Kandgula,,Masjawadi,UHSB,18.093178,77.549872,11,0,-1,,Kandgula,control,0,>= 80 % similar to Kandgul and within 10 km -> Kandgula,counted,outside the programme polygons
04_ground_gw_long.csv,gw_depth_m,"04_ground_gw_long.csv|18.09393,77.4404",Pashapur,,Ladha 2,UHSB,18.093927,77.440403,11,19,0,Pashapur,Pashapur,programme,19,known spelling,counted,in the core
04_ground_gw_long.csv,gw_depth_m,"04_ground_gw_long.csv|18.09445,77.43191",Pashapur,,Ladha 1,UHSB,18.094452,77.431907,11,19,0,Pashapur,Pashapur,programme,19,known spelling,counted,in the core
04_ground_gw_long.csv,gw_depth_m,"04_ground_gw_long.csv|18.09447,77.44046",Pashapur,,Ladha 2,UHSB,18.094467,77.440462,11,19,0,Pashapur,Pashapur,programme,19,known spelling,counted,in the core
04_ground_gw_long.csv,gw_depth_m,"04_ground_gw_long.csv|18.09508,77.42937",Pashapur,,Ladha 1,UHSB,18.09508,77.429371,11,19,0,Pashapur,Pashapur,programme,19,known spelling,counted,in the core
04_ground_gw_long.csv,gw_depth_m,"04_ground_gw_long.csv|18.09533,77.43585",Pashapur,,Ladha 1,UHSB,18.095331,77.435847,10,19,0,Pashapur,Pashapur,programme,19,known spelling,counted,in the core
04_ground_gw_long.csv,gw_depth_m,"04_ground_gw_long.csv|18.09694,77.45222",Pashapur,,Mustapur,UHSB,18.096944,77.452222,11,19,0,Pashapur,Pashapur,programme,19,known spelling,counted,in the core
04_ground_gw_long.csv,gw_depth_m,"04_ground_gw_long.csv|18.09762,77.4409",Pashapur,,Ladha 2,UHSB,18.097619,77.440904,11,19,0,Pashapur,Pashapur,programme,19,known spelling,counted,in the core
04_ground_gw_long.csv,gw_depth_m,"04_ground_gw_long.csv|18.09806,77.45222",Pashapur,,Mustapur,UHSB,18.098056,77.452222,11,19,0,Pashapur,Pashapur,programme,19,known spelling,counted,in the core
04_ground_gw_long.csv,gw_depth_m,"04_ground_gw_long.csv|18.09889,77.45083",Pashapur,,Mustapur,UHSB,18.098889,77.450833,10,19,0,Pashapur,Pashapur,programme,19,known spelling,counted,in the core
04_ground_gw_long.csv,gw_depth_m,"04_ground_gw_long.csv|18.09889,77.45139",Pashapur,,Mustapur,UHSB,18.098889,77.451389,11,19,0,Pashapur,Pashapur,programme,19,known spelling,counted,in the core
04_ground_gw_long.csv,gw_depth_m,"04_ground_gw_long.csv|18.09917,77.45111",Pashapur,,Mustapur,UHSB,18.099167,77.451111,11,19,0,Pashapur,Pashapur,programme,19,known spelling,counted,in the core
04_ground_gw_long.csv,gw_depth_m,"04_ground_gw_long.csv|18.09967,77.44417",Pashapur,,Ladha 2,UHSB,18.099674,77.444174,9,19,0,Pashapur,Pashapur,programme,19,known spelling,counted,in the core
04_ground_gw_long.csv,gw_depth_m,"04_ground_gw_long.csv|18.10013,77.45185",Pashapur,,Mustapur,UHSB,18.100133,77.451853,10,19,0,Pashapur,Pashapur,programme,19,known spelling,counted,in the core
04_ground_gw_long.csv,gw_depth_m,"04_ground_gw_long.csv|18.10023,77.54273",Kandgula,,Masjawadi,UHSB,18.100233,77.542729,11,0,-1,,Kandgula,control,0,>= 80 % similar to Kandgul and within 10 km -> Kandgula,counted,outside the programme polygons
04_ground_gw_long.csv,gw_depth_m,"04_ground_gw_long.csv|18.10062,77.54217",Kandgula,,Masjawadi,UHSB,18.100618,77.542168,11,0,-1,,Kandgula,control,0,>= 80 % similar to Kandgul and within 10 km -> Kandgula,counted,outside the programme polygons
04_ground_gw_long.csv,gw_depth_m,"04_ground_gw_long.csv|18.10091,77.54325",Kandgula,,Masjawadi,UHSB,18.100911,77.543254,11,0,-1,,Kandgula,control,0,>= 80 % similar to Kandgul and within 10 km -> Kandgula,counted,outside the programme polygons
04_ground_gw_long.csv,gw_depth_m,"04_ground_gw_long.csv|18.10146,77.45177",Pashapur,,Mustapur,UHSB,18.101461,77.451772,11,19,0,Pashapur,Pashapur,programme,19,known spelling,counted,in the core
04_ground_gw_long.csv,gw_depth_m,"04_ground_gw_long.csv|18.10267,77.5431",Kandgula,,Masjawadi,UHSB,18.102674,77.543102,11,0,-1,,Kandgula,control,0,>= 80 % similar to Kandgul and within 10 km -> Kandgula,counted,outside the programme polygons
04_ground_gw_long.csv,gw_depth_m,"04_ground_gw_long.csv|18.10278,77.45167",Pashapur,,Mustapur,UHSB,18.102778,77.451667,11,19,0,Pashapur,Pashapur,programme,19,known spelling,counted,in the core
04_ground_gw_long.csv,gw_depth_m,"04_ground_gw_long.csv|18.10334,77.44917",Pashapur,,Mustapur,UHSB,18.103345,77.44917,11,19,0,Pashapur,Pashapur,programme,19,known spelling,counted,in the core
04_ground_gw_long.csv,gw_depth_m,"04_ground_gw_long.csv|18.10353,77.45183",Pashapur,,Mustapur,UHSB,18.103533,77.451829,11,19,0,Pashapur,Pashapur,programme,19,known spelling,counted,in the core
04_ground_gw_long.csv,gw_depth_m,"04_ground_gw_long.csv|18.10412,77.4386",Pashapur,,Ladha 1,UHSB,18.104115,77.438598,5,19,0,Pashapur,Pashapur,programme,19,known spelling,counted,in the core
04_ground_gw_long.csv,gw_depth_m,"04_ground_gw_long.csv|18.10417,77.45194",Pashapur,,Mustapur,UHSB,18.104167,77.451944,11,19,0,Pashapur,Pashapur,programme,19,known spelling,counted,in the core
04_ground_gw_long.csv,gw_depth_m,"04_ground_gw_long.csv|18.10472,77.45139",Pashapur,,Mustapur,UHSB,18.104722,77.451389,11,19,0,Pashapur,Pashapur,programme,19,known spelling,counted,in the core
04_ground_gw_long.csv,gw_depth_m,"04_ground_gw_long.csv|18.10485,77.45168",Pashapur,,Mustapur,UHSB,18.104847,77.45168,11,19,0,Pashapur,Pashapur,programme,19,known spelling,counted,in the core
04_ground_gw_long.csv,gw_depth_m,"04_ground_gw_long.csv|18.10547,77.45171",Pashapur,,Mustapur,UHSB,18.105467,77.451708,10,19,0,Pashapur,Pashapur,programme,19,known spelling,counted,in the core
04_ground_gw_long.csv,gw_depth_m,"04_ground_gw_long.csv|18.10567,77.45182",Pashapur,,Mustapur,UHSB,18.105668,77.451824,8,19,0,Pashapur,Pashapur,programme,19,known spelling,counted,in the core
04_ground_gw_long.csv,gw_depth_m,"04_ground_gw_long.csv|18.1058,77.4505",Pashapur,,Mustapur,UHSB,18.1058,77.450495,11,19,0,Pashapur,Pashapur,programme,19,known spelling,counted,in the core
04_ground_gw_long.csv,gw_depth_m,"04_ground_gw_long.csv|18.10645,77.54767",Kandgula,,Masjawadi,UHSB,18.106451,77.547673,11,0,-1,,Kandgula,control,0,>= 80 % similar to Kandgul and within 10 km -> Kandgula,counted,outside the programme polygons
04_ground_gw_long.csv,gw_depth_m,"04_ground_gw_long.csv|18.10667,77.45194",Pashapur,,Mustapur,UHSB,18.106667,77.451944,10,19,0,Pashapur,Pashapur,programme,19,known spelling,counted,in the core
04_ground_gw_long.csv,gw_depth_m,"04_ground_gw_long.csv|18.10677,77.54508",Kandgula,,Masjawadi,UHSB,18.106774,77.545077,11,0,-1,,Kandgula,control,0,>= 80 % similar to Kandgul and within 10 km -> Kandgula,counted,outside the programme polygons
04_ground_gw_long.csv,gw_depth_m,"04_ground_gw_long.csv|18.10691,77.5477",Kandgula,,Masjawadi,UHSB,18.106911,77.547701,11,0,-1,,Kandgula,control,0,>= 80 % similar to Kandgul and within 10 km -> Kandgula,counted,outside the programme polygons
04_ground_gw_long.csv,gw_depth_m,"04_ground_gw_long.csv|18.10697,77.5595",Kandgula,,Masjawadi,UHSB,18.106966,77.559501,11,0,-1,,Kandgula,control,0,>= 80 % similar to Kandgul and within 10 km -> Kandgula,counted,outside the programme polygons
04_ground_gw_long.csv,gw_depth_m,"04_ground_gw_long.csv|18.10713,77.4521",Pashapur,,Mustapur,UHSB,18.107126,77.452101,11,19,0,Pashapur,Pashapur,programme,19,known spelling,counted,in the core
04_ground_gw_long.csv,gw_depth_m,"04_ground_gw_long.csv|18.10721,77.54707",Kandgula,,Masjawadi,UHSB,18.107214,77.547068,11,0,-1,,Kandgula,control,0,>= 80 % similar to Kandgul and within 10 km -> Kandgula,counted,outside the programme polygons
04_ground_gw_long.csv,gw_depth_m,"04_ground_gw_long.csv|18.1079,77.45184",Pashapur,,Mustapur,UHSB,18.107899,77.451837,10,19,0,Pashapur,Pashapur,programme,19,known spelling,counted,in the core
04_ground_gw_long.csv,gw_depth_m,"04_ground_gw_long.csv|18.10793,77.44135",Pashapur,,Ladha 1,UHSB,18.107931,77.441354,11,19,0,Pashapur,Pashapur,programme,19,known spelling,counted,in the core
04_ground_gw_long.csv,gw_depth_m,"04_ground_gw_long.csv|18.10804,77.43347",Pashapur,,Ladha 1,UHSB,18.108036,77.433473,11,19,0,Pashapur,Pashapur,programme,19,known spelling,counted,in the core
04_ground_gw_long.csv,gw_depth_m,"04_ground_gw_long.csv|18.10856,77.43408",Pashapur,,Ladha 1,UHSB,18.108564,77.434075,11,19,0,Pashapur,Pashapur,programme,19,known spelling,counted,in the core
04_ground_gw_long.csv,gw_depth_m,"04_ground_gw_long.csv|18.10856,77.54664",Kandgula,,Masjawadi,UHSB,18.10856,77.54664,11,0,-1,,Kandgula,control,0,>= 80 % similar to Kandgul and within 10 km -> Kandgula,counted,outside the programme polygons
04_ground_gw_long.csv,gw_depth_m,"04_ground_gw_long.csv|18.10861,77.45139",Pashapur,,Mustapur,UHSB,18.108611,77.451389,11,19,0,Pashapur,Pashapur,programme,19,known spelling,counted,in the core
04_ground_gw_long.csv,gw_depth_m,"04_ground_gw_long.csv|18.10889,77.45167",Pashapur,,Mustapur,UHSB,18.108889,77.451667,11,19,0,Pashapur,Pashapur,programme,19,known spelling,counted,in the core
04_ground_gw_long.csv,gw_depth_m,"04_ground_gw_long.csv|18.10894,77.43384",Pashapur,,Ladha 1,UHSB,18.108941,77.433838,11,19,0,Pashapur,Pashapur,programme,19,known spelling,counted,in the core
04_ground_gw_long.csv,gw_depth_m,"04_ground_gw_long.csv|18.10972,77.45111",Pashapur,,Mustapur,UHSB,18.109722,77.451111,11,19,0,Pashapur,Pashapur,programme,19,known spelling,counted,in the core
04_ground_gw_long.csv,gw_depth_m,"04_ground_gw_long.csv|18.11027,77.45024",Pashapur,,Mustapur,UHSB,18.110274,77.450237,6,19,0,Pashapur,Pashapur,programme,19,known spelling,counted,in the core
04_ground_gw_long.csv,gw_depth_m,"04_ground_gw_long.csv|18.11045,77.45145",Pashapur,,Mustapur,UHSB,18.110453,77.451451,11,19,0,Pashapur,Pashapur,programme,19,known spelling,counted,in the core
04_ground_gw_long.csv,gw_depth_m,"04_ground_gw_long.csv|18.1105,77.44802",Pashapur,,Mustapur,UHSB,18.110504,77.448025,11,19,0,Pashapur,Pashapur,programme,19,known spelling,counted,in the core
04_ground_gw_long.csv,gw_depth_m,"04_ground_gw_long.csv|18.11053,77.45121",Pashapur,,Mustapur,UHSB,18.11053,77.451208,11,19,0,Pashapur,Pashapur,programme,19,known spelling,counted,in the core
04_ground_gw_long.csv,gw_depth_m,"04_ground_gw_long.csv|18.11056,77.45056",Pashapur,,Mustapur,UHSB,18.110556,77.450556,8,19,0,Pashapur,Pashapur,programme,19,known spelling,counted,in the core
04_ground_gw_long.csv,gw_depth_m,"04_ground_gw_long.csv|18.11083,77.4508",Pashapur,,Mustapur,UHSB,18.110832,77.450797,11,19,0,Pashapur,Pashapur,programme,19,known spelling,counted,in the core
04_ground_gw_long.csv,gw_depth_m,"04_ground_gw_long.csv|18.11139,77.45083",Pashapur,,Mustapur,UHSB,18.111389,77.450833,11,19,0,Pashapur,Pashapur,programme,19,known spelling,counted,in the core
04_ground_gw_long.csv,gw_depth_m,"04_ground_gw_long.csv|18.11171,77.54884",Kandgula,,Masjawadi,UHSB,18.111711,77.548843,11,0,-1,,Kandgula,control,0,>= 80 % similar to Kandgul and within 10 km -> Kandgula,counted,outside the programme polygons
04_ground_gw_long.csv,gw_depth_m,"04_ground_gw_long.csv|18.11222,77.45083",Pashapur,,Mustapur,UHSB,18.112222,77.450833,22,19,0,Pashapur,Pashapur,programme,19,known spelling,counted,in the core
04_ground_gw_long.csv,gw_depth_m,"04_ground_gw_long.csv|18.1125,77.45028",Pashapur,,Mustapur,UHSB,18.1125,77.450278,22,19,0,Pashapur,Pashapur,programme,19,known spelling,counted,in the core
04_ground_gw_long.csv,gw_depth_m,"04_ground_gw_long.csv|18.11282,77.54906",Kandgula,,Masjawadi,UHSB,18.112816,77.549063,11,0,-1,,Kandgula,control,0,>= 80 % similar to Kandgul and within 10 km -> Kandgula,counted,outside the programme polygons
04_ground_gw_long.csv,gw_depth_m,"04_ground_gw_long.csv|18.11332,77.43454",Pashapur,,Ladha 1,UHSB,18.113324,77.434539,11,19,0,Pashapur,Pashapur,programme,19,known spelling,counted,in the core
04_ground_gw_long.csv,gw_depth_m,"04_ground_gw_long.csv|18.11334,77.44756",Pashapur,,Mustapur,UHSB,18.113337,77.44756,11,19,0,Pashapur,Pashapur,programme,19,known spelling,counted,in the core
04_ground_gw_long.csv,gw_depth_m,"04_ground_gw_long.csv|18.11457,77.54887",Kandgula,,Masjawadi,UHSB,18.114568,77.548875,11,0,-1,,Kandgula,control,0,>= 80 % similar to Kandgul and within 10 km -> Kandgula,counted,outside the programme polygons
04_ground_gw_long.csv,gw_depth_m,04_ground_gw_long.csv|UASD|Kohalli sub-watershed|MD|Khilaradaddi-1,Kohalli sub-watershed,,Khilaradaddi-1,UASD,,,7,0,-1,,Kohalli,control,0,no name >= 80% similar,counted,outside the programme polygons
05_ground_tdr_long.csv,soil_temp_c,05_ground_tdr_long.csv|UASR||nan|Hadagalharti -1,,Hunsehadagli,Hadagalharti -1,UASR,,,36,0,-1,,Hunasehadagi,programme,9,no name: the file's block name,counted,no coordinates: by name
05_ground_tdr_long.csv,soil_temp_c,05_ground_tdr_long.csv|UASR||nan|Hadagil haruti-2,,Hunsehadagli,Hadagil haruti-2,UASR,,,30,0,-1,,Hunasehadagi,programme,9,no name: the file's block name,counted,no coordinates: by name
05_ground_tdr_long.csv,soil_temp_c,05_ground_tdr_long.csv|UASR||nan|Hadagilharuti-1,,Hunsehadagli,Hadagilharuti-1,UASR,,,62,0,-1,,Hunasehadagi,programme,9,no name: the file's block name,counted,no coordinates: by name
05_ground_tdr_long.csv,soil_temp_c,05_ground_tdr_long.csv|UASR||nan|Malli-2,,Hunsehadagli,Malli-2,UASR,,,30,0,-1,,Hunasehadagi,programme,9,no name: the file's block name,counted,no coordinates: by name
05_ground_tdr_long.csv,soil_temp_c,05_ground_tdr_long.csv|UASR||nan|Melakunda B- 2,,Hunsehadagli,Melakunda B- 2,UASR,,,24,0,-1,,Hunasehadagi,programme,9,no name: the file's block name,counted,no coordinates: by name
05_ground_tdr_long.csv,soil_temp_c,05_ground_tdr_long.csv|UASR||nan|Melkunda B.-1,,Hunsehadagli,Melkunda B.-1,UASR,,,18,0,-1,,Hunasehadagi,programme,9,no name: the file's block name,counted,no coordinates: by name
05_ground_tdr_long.csv,soil_temp_c,05_ground_tdr_long.csv|UASR||nan|Melkunda B.-2,,Hunsehadagli,Melkunda B.-2,UASR,,,91,0,-1,,Hunasehadagi,programme,9,no name: the file's block name,counted,no coordinates: by name
06_ground_tdr_rootzone_0_30cm_by_visit.csv,tdr_rootzone_ec_ds_m,"06_ground_tdr_rootzone_0_30cm_by_visit.csv|13.29957,77.21202",Maidalakere,,Hodekallu,UASB,13.299569,77.212021,19,15,0,Maidalakere,Maidalakere,programme,15,known spelling,counted,in the core
06_ground_tdr_rootzone_0_30cm_by_visit.csv,tdr_rootzone_ec_ds_m,"06_ground_tdr_rootzone_0_30cm_by_visit.csv|13.31007,77.21446",Maidalakere,,Hodekallu,UASB,13.310066,77.214461,19,15,0,Maidalakere,Maidalakere,programme,15,known spelling,counted,in the core
06_ground_tdr_rootzone_0_30cm_by_visit.csv,tdr_rootzone_ec_ds_m,"06_ground_tdr_rootzone_0_30cm_by_visit.csv|13.31715,77.21049",Maidalakere,,Hodekallu,UASB,13.317151,77.210485,19,15,0,Maidalakere,Maidalakere,programme,15,known spelling,counted,in the core
06_ground_tdr_rootzone_0_30cm_by_visit.csv,tdr_rootzone_ec_ds_m,"06_ground_tdr_rootzone_0_30cm_by_visit.csv|13.6716,75.90818",Koranahalli and Haralahalli,,Shivapura,UAHS,13.671599,75.908182,9,13,0,Koranahalli,Koranahalli,programme,13,its sites lie in the Koranahalli core,counted,in the core
06_ground_tdr_rootzone_0_30cm_by_visit.csv,tdr_rootzone_ec_ds_m,"06_ground_tdr_rootzone_0_30cm_by_visit.csv|13.67466,75.93385",Koranahalli and Haralahalli,,G. Gollarahalli,UAHS,13.674664,75.933849,9,13,0,Koranahalli,Koranahalli,programme,13,its sites lie in the Koranahalli core,counted,in the core
06_ground_tdr_rootzone_0_30cm_by_visit.csv,tdr_rootzone_ec_ds_m,"06_ground_tdr_rootzone_0_30cm_by_visit.csv|13.68237,75.8965",Koranahalli and Haralahalli,,Rajanahalli,UAHS,13.682374,75.896502,9,13,0,Koranahalli,Koranahalli,programme,13,its sites lie in the Koranahalli core,counted,in the core
06_ground_tdr_rootzone_0_30cm_by_visit.csv,tdr_rootzone_ec_ds_m,"06_ground_tdr_rootzone_0_30cm_by_visit.csv|13.68564,75.94282",Koranahalli,,Jodi Bokikere,UAHS,13.685641,75.94282,9,13,0,Koranahalli,Koranahalli,programme,13,known spelling,counted,in the core
06_ground_tdr_rootzone_0_30cm_by_visit.csv,tdr_rootzone_ec_ds_m,"06_ground_tdr_rootzone_0_30cm_by_visit.csv|13.69074,75.89806",Koranahalli,,Koranahalli,UAHS,13.690737,75.898062,9,13,0,Koranahalli,Koranahalli,programme,13,known spelling,counted,in the core
06_ground_tdr_rootzone_0_30cm_by_visit.csv,tdr_rootzone_ec_ds_m,"06_ground_tdr_rootzone_0_30cm_by_visit.csv|13.69133,75.90372",Koranahalli,,Koranahalli,UAHS,13.691331,75.903725,9,13,0,Koranahalli,Koranahalli,programme,13,known spelling,counted,in the core
06_ground_tdr_rootzone_0_30cm_by_visit.csv,tdr_rootzone_ec_ds_m,"06_ground_tdr_rootzone_0_30cm_by_visit.csv|13.69225,75.9112",Koranahalli and Haralahalli,,K. Chatnahalli,UAHS,13.692253,75.911195,9,13,0,Koranahalli,Koranahalli,programme,13,its sites lie in the Koranahalli core,counted,in the core
06_ground_tdr_rootzone_0_30cm_by_visit.csv,tdr_rootzone_ec_ds_m,"06_ground_tdr_rootzone_0_30cm_by_visit.csv|13.69541,75.9455",Koranahalli and Haralahalli,,Shyanaboganahalli,UAHS,13.695406,75.945505,5,13,0,Koranahalli,Koranahalli,programme,13,its sites lie in the Koranahalli core,counted,in the core
06_ground_tdr_rootzone_0_30cm_by_visit.csv,tdr_rootzone_ec_ds_m,"06_ground_tdr_rootzone_0_30cm_by_visit.csv|13.70643,75.92343",Koranahalli and Haralahalli,,Basavanahalli,UAHS,13.706431,75.923428,9,13,0,Koranahalli,Koranahalli,programme,13,its sites lie in the Koranahalli core,counted,in the core
06_ground_tdr_rootzone_0_30cm_by_visit.csv,tdr_rootzone_ec_ds_m,"06_ground_tdr_rootzone_0_30cm_by_visit.csv|13.83257,76.02362",Haralahalli,,Donduru,UAHS,13.832572,76.023622,8,0,-1,,Haralahalli,control,0,no name >= 80% similar,counted,outside the programme polygons
06_ground_tdr_rootzone_0_30cm_by_visit.csv,tdr_rootzone_ec_ds_m,"06_ground_tdr_rootzone_0_30cm_by_visit.csv|13.85036,76.06535",Haralahalli,,Gijikatte,UAHS,13.850361,76.065353,9,0,-1,,Haralahalli,control,0,no name >= 80% similar,counted,outside the programme polygons
06_ground_tdr_rootzone_0_30cm_by_visit.csv,tdr_rootzone_ec_ds_m,"06_ground_tdr_rootzone_0_30cm_by_visit.csv|13.86778,76.02684",Haralahalli,,Karehalli,UAHS,13.867785,76.026836,9,10,4,Jammapur,Haralahalli,control,0,no name >= 80% similar,counted,near Jammapur (ring 4)
06_ground_tdr_rootzone_0_30cm_by_visit.csv,tdr_rootzone_ec_ds_m,"06_ground_tdr_rootzone_0_30cm_by_visit.csv|13.89344,75.97887",Jammapura,,Jammapur2,UAHS,13.89344,75.978869,2,10,0,Jammapur,Jammapur,programme,10,known spelling,counted,in the core
06_ground_tdr_rootzone_0_30cm_by_visit.csv,tdr_rootzone_ec_ds_m,"06_ground_tdr_rootzone_0_30cm_by_visit.csv|13.901,75.98495",Jammapura,,Kallikere,UAHS,13.900999,75.984947,3,10,0,Jammapur,Jammapur,programme,10,known spelling,counted,in the core
06_ground_tdr_rootzone_0_30cm_by_visit.csv,tdr_rootzone_ec_ds_m,"06_ground_tdr_rootzone_0_30cm_by_visit.csv|13.91455,75.99352",Jammapura,,Kallikere,UAHS,13.914549,75.993515,10,10,0,Jammapur,Jammapur,programme,10,known spelling,counted,in the core
06_ground_tdr_rootzone_0_30cm_by_visit.csv,tdr_rootzone_ec_ds_m,"06_ground_tdr_rootzone_0_30cm_by_visit.csv|13.93077,75.97339",Jammapura,,Pandavamatti1,UAHS,13.93077,75.97339,17,10,0,Jammapur,Jammapur,programme,10,known spelling,counted,in the core
06_ground_tdr_rootzone_0_30cm_by_visit.csv,tdr_rootzone_ec_ds_m,"06_ground_tdr_rootzone_0_30cm_by_visit.csv|13.94241,75.97658",Jammapura,,Maravanji2,UAHS,13.94241,75.97658,17,10,0,Jammapur,Jammapur,programme,10,known spelling,counted,in the core
06_ground_tdr_rootzone_0_30cm_by_visit.csv,tdr_rootzone_ec_ds_m,"06_ground_tdr_rootzone_0_30cm_by_visit.csv|13.9589,75.97698",Jammapura,,Pandavamatti1,UAHS,13.958904,75.976977,16,10,0,Jammapur,Jammapur,programme,10,known spelling,counted,in the core
06_ground_tdr_rootzone_0_30cm_by_visit.csv,tdr_rootzone_ec_ds_m,"06_ground_tdr_rootzone_0_30cm_by_visit.csv|13.96185,75.96289",Jammapura,,Meagondanahalli2,UAHS,13.961851,75.962892,16,10,0,Jammapur,Jammapur,programme,10,known spelling,counted,in the core
06_ground_tdr_rootzone_0_30cm_by_visit.csv,tdr_rootzone_ec_ds_m,"06_ground_tdr_rootzone_0_30cm_by_visit.csv|13.96495,75.98466",Jammapura,,Pandavamatti1,UAHS,13.964954,75.984663,17,10,0,Jammapur,Jammapur,programme,10,known spelling,counted,in the core
06_ground_tdr_rootzone_0_30cm_by_visit.csv,tdr_rootzone_ec_ds_m,"06_ground_tdr_rootzone_0_30cm_by_visit.csv|13.96754,75.97191",Jammapura,,Pandavamatti1,UAHS,13.967543,75.97191,17,10,0,Jammapur,Jammapur,programme,10,known spelling,counted,in the core
06_ground_tdr_rootzone_0_30cm_by_visit.csv,tdr_rootzone_ec_ds_m,"06_ground_tdr_rootzone_0_30cm_by_visit.csv|13.97206,75.92357",Laxmisagara 4U,,Mallegere3,UAHS,13.97206,75.92357,15,10,3,Jammapur,Laxmisagara 4U,control,0,no name >= 80% similar,counted,near Jammapur (ring 3)
06_ground_tdr_rootzone_0_30cm_by_visit.csv,tdr_rootzone_ec_ds_m,"06_ground_tdr_rootzone_0_30cm_by_visit.csv|13.99141,75.91774",Laxmisagara 4U,,Mallegere3,UAHS,13.99141,75.91774,17,10,5,Jammapur,Laxmisagara 4U,control,0,no name >= 80% similar,counted,near Jammapur (ring 5)
06_ground_tdr_rootzone_0_30cm_by_visit.csv,tdr_rootzone_ec_ds_m,"06_ground_tdr_rootzone_0_30cm_by_visit.csv|14.01087,75.93452",Laxmisagara 4U,,Lakshimisagar1,UAHS,14.01087,75.93452,17,0,-1,,Laxmisagara 4U,control,0,no name >= 80% similar,counted,outside the programme polygons
06_ground_tdr_rootzone_0_30cm_by_visit.csv,tdr_rootzone_ec_ds_m,"06_ground_tdr_rootzone_0_30cm_by_visit.csv|14.25769,75.46771",Begur SWS,,UP2,UAHS,14.257693,75.467711,5,2,0,Beguru,Beguru,programme,2,known spelling,counted,in the core
06_ground_tdr_rootzone_0_30cm_by_visit.csv,tdr_rootzone_ec_ds_m,"06_ground_tdr_rootzone_0_30cm_by_visit.csv|14.26068,75.42319",Begur SWS,,MP1,UAHS,14.26068,75.423193,5,2,0,Beguru,Beguru,programme,2,known spelling,counted,in the core
06_ground_tdr_rootzone_0_30cm_by_visit.csv,tdr_rootzone_ec_ds_m,"06_ground_tdr_rootzone_0_30cm_by_visit.csv|14.26332,75.46391",Begur SWS,,MP2,UAHS,14.263318,75.463906,5,2,0,Beguru,Beguru,programme,2,known spelling,counted,in the core
06_ground_tdr_rootzone_0_30cm_by_visit.csv,tdr_rootzone_ec_ds_m,"06_ground_tdr_rootzone_0_30cm_by_visit.csv|14.26385,75.47212",Begur SWS,,UP3,UAHS,14.263854,75.472121,5,2,0,Beguru,Beguru,programme,2,known spelling,counted,in the core
06_ground_tdr_rootzone_0_30cm_by_visit.csv,tdr_rootzone_ec_ds_m,"06_ground_tdr_rootzone_0_30cm_by_visit.csv|14.27485,75.48665",Begur SWS,,UP1,UAHS,14.274853,75.48665,5,2,0,Beguru,Beguru,programme,2,known spelling,counted,in the core
06_ground_tdr_rootzone_0_30cm_by_visit.csv,tdr_rootzone_ec_ds_m,"06_ground_tdr_rootzone_0_30cm_by_visit.csv|14.27787,75.40842",Begur SWS,,MP3,UAHS,14.277867,75.40842,5,2,0,Beguru,Beguru,programme,2,known spelling,counted,in the core
06_ground_tdr_rootzone_0_30cm_by_visit.csv,tdr_rootzone_ec_ds_m,"06_ground_tdr_rootzone_0_30cm_by_visit.csv|14.29112,75.41224",Begur SWS,,LP2,UAHS,14.291116,75.412237,5,2,0,Beguru,Beguru,programme,2,known spelling,counted,in the core
06_ground_tdr_rootzone_0_30cm_by_visit.csv,tdr_rootzone_ec_ds_m,"06_ground_tdr_rootzone_0_30cm_by_visit.csv|14.29229,75.41705",Begur SWS,,LP3,UAHS,14.292289,75.417048,1,2,0,Beguru,Beguru,programme,2,known spelling,counted,in the core
06_ground_tdr_rootzone_0_30cm_by_visit.csv,tdr_rootzone_ec_ds_m,"06_ground_tdr_rootzone_0_30cm_by_visit.csv|16.12056,75.97444",Chittaragi,,Chittaragi,UHSB,16.120555555555555,75.97444444444444,1,4,0,Chittharagi,Chittharagi,programme,4,known spelling,counted,in the core
06_ground_tdr_rootzone_0_30cm_by_visit.csv,tdr_rootzone_ec_ds_m,"06_ground_tdr_rootzone_0_30cm_by_visit.csv|16.826,75.837",Honnutagi,,Koulgi-1,UHSB,16.826,75.837,12,8,0,Honnutagi,Honnutagi,programme,8,known spelling,counted,in the core
06_ground_tdr_rootzone_0_30cm_by_visit.csv,tdr_rootzone_ec_ds_m,"06_ground_tdr_rootzone_0_30cm_by_visit.csv|18.08432,77.44238",Pashapur,,Ladha 2,UHSB,18.08432,77.442383,37,19,0,Pashapur,Pashapur,programme,19,known spelling,counted,in the core
06_ground_tdr_rootzone_0_30cm_by_visit.csv,tdr_rootzone_ec_ds_m,"06_ground_tdr_rootzone_0_30cm_by_visit.csv|18.08578,77.45659",Pashapur,,Ladha 2,UHSB,18.085776,77.456589,37,19,0,Pashapur,Pashapur,programme,19,known spelling,counted,in the core
06_ground_tdr_rootzone_0_30cm_by_visit.csv,tdr_rootzone_ec_ds_m,"06_ground_tdr_rootzone_0_30cm_by_visit.csv|18.09002,77.45023",Pashapur,,Ladha 2,UHSB,18.090017,77.450232,37,19,0,Pashapur,Pashapur,programme,19,known spelling,counted,in the core
06_ground_tdr_rootzone_0_30cm_by_visit.csv,tdr_rootzone_ec_ds_m,"06_ground_tdr_rootzone_0_30cm_by_visit.csv|18.09009,77.53695",Pashapur,,Kandgula,UHSB,18.09009,77.536949,37,19,5,Pashapur,Pashapur,programme,19,known spelling,excluded,named Pashapur but lies in Pashapur ring 5
06_ground_tdr_rootzone_0_30cm_by_visit.csv,tdr_rootzone_ec_ds_m,"06_ground_tdr_rootzone_0_30cm_by_visit.csv|18.09167,77.52663",Pashapur,,Kandgula,UHSB,18.091666,77.526627,37,19,4,Pashapur,Pashapur,programme,19,known spelling,excluded,named Pashapur but lies in Pashapur ring 4
06_ground_tdr_rootzone_0_30cm_by_visit.csv,tdr_rootzone_ec_ds_m,"06_ground_tdr_rootzone_0_30cm_by_visit.csv|18.09857,77.54651",Pashapur,,Kandgula,UHSB,18.098571,77.546512,37,0,-1,,Pashapur,programme,19,known spelling,excluded,named Pashapur but lies in outside every programme sub-watershed
06_ground_tdr_rootzone_0_30cm_by_visit.csv,tdr_rootzone_ec_ds_m,"06_ground_tdr_rootzone_0_30cm_by_visit.csv|18.10264,77.46111",Pashapur,,Mustapur,UHSB,18.102643,77.46111,37,19,0,Pashapur,Pashapur,programme,19,known spelling,counted,in the core
06_ground_tdr_rootzone_0_30cm_by_visit.csv,tdr_rootzone_ec_ds_m,"06_ground_tdr_rootzone_0_30cm_by_visit.csv|18.1087,77.45327",Pashapur,,Mustapur,UHSB,18.108699,77.453272,37,19,0,Pashapur,Pashapur,programme,19,known spelling,counted,in the core
06_ground_tdr_rootzone_0_30cm_by_visit.csv,tdr_rootzone_ec_ds_m,"06_ground_tdr_rootzone_0_30cm_by_visit.csv|18.1114,77.4309",Pashapur,,Ladha 1,UHSB,18.111395,77.430901,37,19,0,Pashapur,Pashapur,programme,19,known spelling,counted,in the core
06_ground_tdr_rootzone_0_30cm_by_visit.csv,tdr_rootzone_ec_ds_m,"06_ground_tdr_rootzone_0_30cm_by_visit.csv|18.11283,77.45965",Pashapur,,Mustapur,UHSB,18.112833,77.459653,37,19,0,Pashapur,Pashapur,programme,19,known spelling,counted,in the core
06_ground_tdr_rootzone_0_30cm_by_visit.csv,tdr_rootzone_ec_ds_m,"06_ground_tdr_rootzone_0_30cm_by_visit.csv|18.1193,77.43642",Pashapur,,Ladha 1,UHSB,18.119301,77.436416,37,19,0,Pashapur,Pashapur,programme,19,known spelling,counted,in the core
06_ground_tdr_rootzone_0_30cm_by_visit.csv,tdr_rootzone_ec_ds_m,"06_ground_tdr_rootzone_0_30cm_by_visit.csv|18.12458,77.4393",Pashapur,,Ladha 1,UHSB,18.124582,77.4393,37,19,0,Pashapur,Pashapur,programme,19,known spelling,counted,in the core
06_ground_tdr_rootzone_0_30cm_by_visit.csv,tdr_rootzone_ec_ds_m,06_ground_tdr_rootzone_0_30cm_by_visit.csv|UASB|Gummalapalli|1.0|Nirgantipalli,Gummalapalli,,Nirgantipalli,UASB,,,6,0,-1,,Gummlapalli,programme,6,known spelling,counted,no coordinates: by name
06_ground_tdr_rootzone_0_30cm_by_visit.csv,tdr_rootzone_ec_ds_m,06_ground_tdr_rootzone_0_30cm_by_visit.csv|UASR||07 rep1|Melkunda B.-2,,,Melkunda B.-2,UASR,,,1,0,-1,,Hunasehadagi,programme,9,no name: micro-watershed 'Melkunda B.-2',counted,no coordinates: by name
06_ground_tdr_rootzone_0_30cm_by_visit.csv,tdr_rootzone_ec_ds_m,06_ground_tdr_rootzone_0_30cm_by_visit.csv|UASR||07 rep2|Melkunda B.-2,,,Melkunda B.-2,UASR,,,1,0,-1,,Hunasehadagi,programme,9,no name: micro-watershed 'Melkunda B.-2',counted,no coordinates: by name
06_ground_tdr_rootzone_0_30cm_by_visit.csv,tdr_rootzone_ec_ds_m,06_ground_tdr_rootzone_0_30cm_by_visit.csv|UASR||107 rep01|Malli-2,,,Malli-2,UASR,,,3,0,-1,,Hunasehadagi,programme,9,no name: micro-watershed 'Malli-2',counted,no coordinates: by name
06_ground_tdr_rootzone_0_30cm_by_visit.csv,tdr_rootzone_ec_ds_m,06_ground_tdr_rootzone_0_30cm_by_visit.csv|UASR||107 rep02|Malli-2,,,Malli-2,UASR,,,3,0,-1,,Hunasehadagi,programme,9,no name: micro-watershed 'Malli-2',counted,no coordinates: by name
06_ground_tdr_rootzone_0_30cm_by_visit.csv,tdr_rootzone_ec_ds_m,06_ground_tdr_rootzone_0_30cm_by_visit.csv|UASR||112 rep01|Hadagalharti -1,,,Hadagalharti -1,UASR,,,3,0,-1,,Hunasehadagi,programme,9,no name: micro-watershed 'Hadagalharti -1',counted,no coordinates: by name
06_ground_tdr_rootzone_0_30cm_by_visit.csv,tdr_rootzone_ec_ds_m,06_ground_tdr_rootzone_0_30cm_by_visit.csv|UASR||112 rep02|Hadagalharti -1,,,Hadagalharti -1,UASR,,,3,0,-1,,Hunasehadagi,programme,9,no name: micro-watershed 'Hadagalharti -1',counted,no coordinates: by name
06_ground_tdr_rootzone_0_30cm_by_visit.csv,tdr_rootzone_ec_ds_m,06_ground_tdr_rootzone_0_30cm_by_visit.csv|UASR||151 rep01|Melkunda B.-2,,,Melkunda B.-2,UASR,,,3,0,-1,,Hunasehadagi,programme,9,no name: micro-watershed 'Melkunda B.-2',counted,no coordinates: by name
06_ground_tdr_rootzone_0_30cm_by_visit.csv,tdr_rootzone_ec_ds_m,06_ground_tdr_rootzone_0_30cm_by_visit.csv|UASR||151 rep02|Melkunda B.-2,,,Melkunda B.-2,UASR,,,3,0,-1,,Hunasehadagi,programme,9,no name: micro-watershed 'Melkunda B.-2',counted,no coordinates: by name
06_ground_tdr_rootzone_0_30cm_by_visit.csv,tdr_rootzone_ec_ds_m,06_ground_tdr_rootzone_0_30cm_by_visit.csv|UASR||209 rep01|Melkunda B.-2,,,Melkunda B.-2,UASR,,,3,0,-1,,Hunasehadagi,programme,9,no name: micro-watershed 'Melkunda B.-2',counted,no coordinates: by name
06_ground_tdr_rootzone_0_30cm_by_visit.csv,tdr_rootzone_ec_ds_m,06_ground_tdr_rootzone_0_30cm_by_visit.csv|UASR||209 rep02|Melkunda B.-2,,,Melkunda B.-2,UASR,,,3,0,-1,,Hunasehadagi,programme,9,no name: micro-watershed 'Melkunda B.-2',counted,no coordinates: by name
06_ground_tdr_rootzone_0_30cm_by_visit.csv,tdr_rootzone_ec_ds_m,06_ground_tdr_rootzone_0_30cm_by_visit.csv|UASR||39 rep01|Melkunda B.-1,,,Melkunda B.-1,UASR,,,3,0,-1,,Hunasehadagi,programme,9,no name: micro-watershed 'Melkunda B.-1',counted,no coordinates: by name
06_ground_tdr_rootzone_0_30cm_by_visit.csv,tdr_rootzone_ec_ds_m,06_ground_tdr_rootzone_0_30cm_by_visit.csv|UASR||39 rep02|Melkunda B.-1,,,Melkunda B.-1,UASR,,,3,0,-1,,Hunasehadagi,programme,9,no name: micro-watershed 'Melkunda B.-1',counted,no coordinates: by name
06_ground_tdr_rootzone_0_30cm_by_visit.csv,tdr_rootzone_ec_ds_m,06_ground_tdr_rootzone_0_30cm_by_visit.csv|UASR||41 rep1|Melkunda B.-2,,,Melkunda B.-2,UASR,,,1,0,-1,,Hunasehadagi,programme,9,no name: micro-watershed 'Melkunda B.-2',counted,no coordinates: by name
06_ground_tdr_rootzone_0_30cm_by_visit.csv,tdr_rootzone_ec_ds_m,06_ground_tdr_rootzone_0_30cm_by_visit.csv|UASR||41 rep2|Melkunda B.-2,,,Melkunda B.-2,UASR,,,1,0,-1,,Hunasehadagi,programme,9,no name: micro-watershed 'Melkunda B.-2',counted,no coordinates: by name
06_ground_tdr_rootzone_0_30cm_by_visit.csv,tdr_rootzone_ec_ds_m,06_ground_tdr_rootzone_0_30cm_by_visit.csv|UASR||50 rep01|Hadagilharuti-1,,,Hadagilharuti-1,UASR,,,3,0,-1,,Hunasehadagi,programme,9,no name: micro-watershed 'Hadagilharuti-1',counted,no coordinates: by name
06_ground_tdr_rootzone_0_30cm_by_visit.csv,tdr_rootzone_ec_ds_m,06_ground_tdr_rootzone_0_30cm_by_visit.csv|UASR||50 rep02|Hadagilharuti-1,,,Hadagilharuti-1,UASR,,,3,0,-1,,Hunasehadagi,programme,9,no name: micro-watershed 'Hadagilharuti-1',counted,no coordinates: by name
06_ground_tdr_rootzone_0_30cm_by_visit.csv,tdr_rootzone_ec_ds_m,06_ground_tdr_rootzone_0_30cm_by_visit.csv|UASR||55 rep01|Hadagilharuti-1,,,Hadagilharuti-1,UASR,,,3,0,-1,,Hunasehadagi,programme,9,no name: micro-watershed 'Hadagilharuti-1',counted,no coordinates: by name
06_ground_tdr_rootzone_0_30cm_by_visit.csv,tdr_rootzone_ec_ds_m,06_ground_tdr_rootzone_0_30cm_by_visit.csv|UASR||55 rep02|Hadagilharuti-1,,,Hadagilharuti-1,UASR,,,3,0,-1,,Hunasehadagi,programme,9,no name: micro-watershed 'Hadagilharuti-1',counted,no coordinates: by name
06_ground_tdr_rootzone_0_30cm_by_visit.csv,tdr_rootzone_ec_ds_m,06_ground_tdr_rootzone_0_30cm_by_visit.csv|UASR||63 rep1|Melkunda B.-2,,,Melkunda B.-2,UASR,,,1,0,-1,,Hunasehadagi,programme,9,no name: micro-watershed 'Melkunda B.-2',counted,no coordinates: by name
06_ground_tdr_rootzone_0_30cm_by_visit.csv,tdr_rootzone_ec_ds_m,06_ground_tdr_rootzone_0_30cm_by_visit.csv|UASR||63 rep2|Melkunda B.-2,,,Melkunda B.-2,UASR,,,1,0,-1,,Hunasehadagi,programme,9,no name: micro-watershed 'Melkunda B.-2',counted,no coordinates: by name
06_ground_tdr_rootzone_0_30cm_by_visit.csv,tdr_rootzone_ec_ds_m,06_ground_tdr_rootzone_0_30cm_by_visit.csv|UASR||65 rep01|Melakunda B- 2,,,Melakunda B- 2,UASR,,,3,0,-1,,Hunasehadagi,programme,9,no name: micro-watershed 'Melakunda B- 2',counted,no coordinates: by name
06_ground_tdr_rootzone_0_30cm_by_visit.csv,tdr_rootzone_ec_ds_m,06_ground_tdr_rootzone_0_30cm_by_visit.csv|UASR||65 rep02|Melakunda B- 2,,,Melakunda B- 2,UASR,,,3,0,-1,,Hunasehadagi,programme,9,no name: micro-watershed 'Melakunda B- 2',counted,no coordinates: by name
06_ground_tdr_rootzone_0_30cm_by_visit.csv,tdr_rootzone_ec_ds_m,06_ground_tdr_rootzone_0_30cm_by_visit.csv|UASR||71 rep01|Hadagil haruti-2,,,Hadagil haruti-2,UASR,,,3,0,-1,,Hunasehadagi,programme,9,no name: micro-watershed 'Hadagil haruti-2',counted,no coordinates: by name
06_ground_tdr_rootzone_0_30cm_by_visit.csv,tdr_rootzone_ec_ds_m,06_ground_tdr_rootzone_0_30cm_by_visit.csv|UASR||71 rep02|Hadagil haruti-2,,,Hadagil haruti-2,UASR,,,3,0,-1,,Hunasehadagi,programme,9,no name: micro-watershed 'Hadagil haruti-2',counted,no coordinates: by name
06_ground_tdr_rootzone_0_30cm_by_visit.csv,tdr_rootzone_pct,"06_ground_tdr_rootzone_0_30cm_by_visit.csv|13.29957,77.21202",Maidalakere,,Hodekallu,UASB,13.299569,77.212021,19,15,0,Maidalakere,Maidalakere,programme,15,known spelling,counted,in the core
06_ground_tdr_rootzone_0_30cm_by_visit.csv,tdr_rootzone_pct,"06_ground_tdr_rootzone_0_30cm_by_visit.csv|13.31007,77.21446",Maidalakere,,Hodekallu,UASB,13.310066,77.214461,19,15,0,Maidalakere,Maidalakere,programme,15,known spelling,counted,in the core
06_ground_tdr_rootzone_0_30cm_by_visit.csv,tdr_rootzone_pct,"06_ground_tdr_rootzone_0_30cm_by_visit.csv|13.31715,77.21049",Maidalakere,,Hodekallu,UASB,13.317151,77.210485,19,15,0,Maidalakere,Maidalakere,programme,15,known spelling,counted,in the core
06_ground_tdr_rootzone_0_30cm_by_visit.csv,tdr_rootzone_pct,"06_ground_tdr_rootzone_0_30cm_by_visit.csv|13.6716,75.90818",Koranahalli and Haralahalli,,Shivapura,UAHS,13.671599,75.908182,9,13,0,Koranahalli,Koranahalli,programme,13,its sites lie in the Koranahalli core,counted,in the core
06_ground_tdr_rootzone_0_30cm_by_visit.csv,tdr_rootzone_pct,"06_ground_tdr_rootzone_0_30cm_by_visit.csv|13.67466,75.93385",Koranahalli and Haralahalli,,G. Gollarahalli,UAHS,13.674664,75.933849,9,13,0,Koranahalli,Koranahalli,programme,13,its sites lie in the Koranahalli core,counted,in the core
06_ground_tdr_rootzone_0_30cm_by_visit.csv,tdr_rootzone_pct,"06_ground_tdr_rootzone_0_30cm_by_visit.csv|13.68237,75.8965",Koranahalli and Haralahalli,,Rajanahalli,UAHS,13.682374,75.896502,9,13,0,Koranahalli,Koranahalli,programme,13,its sites lie in the Koranahalli core,counted,in the core
06_ground_tdr_rootzone_0_30cm_by_visit.csv,tdr_rootzone_pct,"06_ground_tdr_rootzone_0_30cm_by_visit.csv|13.68564,75.94282",Koranahalli,,Jodi Bokikere,UAHS,13.685641,75.94282,9,13,0,Koranahalli,Koranahalli,programme,13,known spelling,counted,in the core
06_ground_tdr_rootzone_0_30cm_by_visit.csv,tdr_rootzone_pct,"06_ground_tdr_rootzone_0_30cm_by_visit.csv|13.69074,75.89806",Koranahalli,,Koranahalli,UAHS,13.690737,75.898062,9,13,0,Koranahalli,Koranahalli,programme,13,known spelling,counted,in the core
06_ground_tdr_rootzone_0_30cm_by_visit.csv,tdr_rootzone_pct,"06_ground_tdr_rootzone_0_30cm_by_visit.csv|13.69133,75.90372",Koranahalli,,Koranahalli,UAHS,13.691331,75.903725,9,13,0,Koranahalli,Koranahalli,programme,13,known spelling,counted,in the core
06_ground_tdr_rootzone_0_30cm_by_visit.csv,tdr_rootzone_pct,"06_ground_tdr_rootzone_0_30cm_by_visit.csv|13.69225,75.9112",Koranahalli and Haralahalli,,K. Chatnahalli,UAHS,13.692253,75.911195,9,13,0,Koranahalli,Koranahalli,programme,13,its sites lie in the Koranahalli core,counted,in the core
06_ground_tdr_rootzone_0_30cm_by_visit.csv,tdr_rootzone_pct,"06_ground_tdr_rootzone_0_30cm_by_visit.csv|13.69541,75.9455",Koranahalli and Haralahalli,,Shyanaboganahalli,UAHS,13.695406,75.945505,5,13,0,Koranahalli,Koranahalli,programme,13,its sites lie in the Koranahalli core,counted,in the core
06_ground_tdr_rootzone_0_30cm_by_visit.csv,tdr_rootzone_pct,"06_ground_tdr_rootzone_0_30cm_by_visit.csv|13.70643,75.92343",Koranahalli and Haralahalli,,Basavanahalli,UAHS,13.706431,75.923428,9,13,0,Koranahalli,Koranahalli,programme,13,its sites lie in the Koranahalli core,counted,in the core
06_ground_tdr_rootzone_0_30cm_by_visit.csv,tdr_rootzone_pct,"06_ground_tdr_rootzone_0_30cm_by_visit.csv|13.83257,76.02362",Haralahalli,,Donduru,UAHS,13.832572,76.023622,9,0,-1,,Haralahalli,control,0,no name >= 80% similar,counted,outside the programme polygons
06_ground_tdr_rootzone_0_30cm_by_visit.csv,tdr_rootzone_pct,"06_ground_tdr_rootzone_0_30cm_by_visit.csv|13.85036,76.06535",Haralahalli,,Gijikatte,UAHS,13.850361,76.065353,9,0,-1,,Haralahalli,control,0,no name >= 80% similar,counted,outside the programme polygons
06_ground_tdr_rootzone_0_30cm_by_visit.csv,tdr_rootzone_pct,"06_ground_tdr_rootzone_0_30cm_by_visit.csv|13.86778,76.02684",Haralahalli,,Karehalli,UAHS,13.867785,76.026836,9,10,4,Jammapur,Haralahalli,control,0,no name >= 80% similar,counted,near Jammapur (ring 4)
06_ground_tdr_rootzone_0_30cm_by_visit.csv,tdr_rootzone_pct,"06_ground_tdr_rootzone_0_30cm_by_visit.csv|13.89344,75.97887",Jammapura,,Jammapur2,UAHS,13.89344,75.978869,2,10,0,Jammapur,Jammapur,programme,10,known spelling,counted,in the core
06_ground_tdr_rootzone_0_30cm_by_visit.csv,tdr_rootzone_pct,"06_ground_tdr_rootzone_0_30cm_by_visit.csv|13.901,75.98495",Jammapura,,Kallikere,UAHS,13.900999,75.984947,3,10,0,Jammapur,Jammapur,programme,10,known spelling,counted,in the core
06_ground_tdr_rootzone_0_30cm_by_visit.csv,tdr_rootzone_pct,"06_ground_tdr_rootzone_0_30cm_by_visit.csv|13.91455,75.99352",Jammapura,,Kallikere,UAHS,13.914549,75.993515,10,10,0,Jammapur,Jammapur,programme,10,known spelling,counted,in the core
06_ground_tdr_rootzone_0_30cm_by_visit.csv,tdr_rootzone_pct,"06_ground_tdr_rootzone_0_30cm_by_visit.csv|13.93077,75.97339",Jammapura,,Pandavamatti1,UAHS,13.93077,75.97339,17,10,0,Jammapur,Jammapur,programme,10,known spelling,counted,in the core
06_ground_tdr_rootzone_0_30cm_by_visit.csv,tdr_rootzone_pct,"06_ground_tdr_rootzone_0_30cm_by_visit.csv|13.94241,75.97658",Jammapura,,Maravanji2,UAHS,13.94241,75.97658,17,10,0,Jammapur,Jammapur,programme,10,known spelling,counted,in the core
06_ground_tdr_rootzone_0_30cm_by_visit.csv,tdr_rootzone_pct,"06_ground_tdr_rootzone_0_30cm_by_visit.csv|13.9589,75.97698",Jammapura,,Pandavamatti1,UAHS,13.958904,75.976977,16,10,0,Jammapur,Jammapur,programme,10,known spelling,counted,in the core
06_ground_tdr_rootzone_0_30cm_by_visit.csv,tdr_rootzone_pct,"06_ground_tdr_rootzone_0_30cm_by_visit.csv|13.96185,75.96289",Jammapura,,Meagondanahalli2,UAHS,13.961851,75.962892,16,10,0,Jammapur,Jammapur,programme,10,known spelling,counted,in the core
06_ground_tdr_rootzone_0_30cm_by_visit.csv,tdr_rootzone_pct,"06_ground_tdr_rootzone_0_30cm_by_visit.csv|13.96495,75.98466",Jammapura,,Pandavamatti1,UAHS,13.964954,75.984663,17,10,0,Jammapur,Jammapur,programme,10,known spelling,counted,in the core
06_ground_tdr_rootzone_0_30cm_by_visit.csv,tdr_rootzone_pct,"06_ground_tdr_rootzone_0_30cm_by_visit.csv|13.96754,75.97191",Jammapura,,Pandavamatti1,UAHS,13.967543,75.97191,17,10,0,Jammapur,Jammapur,programme,10,known spelling,counted,in the core
06_ground_tdr_rootzone_0_30cm_by_visit.csv,tdr_rootzone_pct,"06_ground_tdr_rootzone_0_30cm_by_visit.csv|13.97206,75.92357",Laxmisagara 4U,,Mallegere3,UAHS,13.97206,75.92357,15,10,3,Jammapur,Laxmisagara 4U,control,0,no name >= 80% similar,counted,near Jammapur (ring 3)
06_ground_tdr_rootzone_0_30cm_by_visit.csv,tdr_rootzone_pct,"06_ground_tdr_rootzone_0_30cm_by_visit.csv|13.99141,75.91774",Laxmisagara 4U,,Mallegere3,UAHS,13.99141,75.91774,17,10,5,Jammapur,Laxmisagara 4U,control,0,no name >= 80% similar,counted,near Jammapur (ring 5)
06_ground_tdr_rootzone_0_30cm_by_visit.csv,tdr_rootzone_pct,"06_ground_tdr_rootzone_0_30cm_by_visit.csv|14.01087,75.93452",Laxmisagara 4U,,Lakshimisagar1,UAHS,14.01087,75.93452,17,0,-1,,Laxmisagara 4U,control,0,no name >= 80% similar,counted,outside the programme polygons
06_ground_tdr_rootzone_0_30cm_by_visit.csv,tdr_rootzone_pct,"06_ground_tdr_rootzone_0_30cm_by_visit.csv|14.25769,75.46771",Begur SWS,,UP2,UAHS,14.257693,75.467711,5,2,0,Beguru,Beguru,programme,2,known spelling,counted,in the core
06_ground_tdr_rootzone_0_30cm_by_visit.csv,tdr_rootzone_pct,"06_ground_tdr_rootzone_0_30cm_by_visit.csv|14.26068,75.42319",Begur SWS,,MP1,UAHS,14.26068,75.423193,5,2,0,Beguru,Beguru,programme,2,known spelling,counted,in the core
06_ground_tdr_rootzone_0_30cm_by_visit.csv,tdr_rootzone_pct,"06_ground_tdr_rootzone_0_30cm_by_visit.csv|14.26332,75.46391",Begur SWS,,MP2,UAHS,14.263318,75.463906,5,2,0,Beguru,Beguru,programme,2,known spelling,counted,in the core
06_ground_tdr_rootzone_0_30cm_by_visit.csv,tdr_rootzone_pct,"06_ground_tdr_rootzone_0_30cm_by_visit.csv|14.26385,75.47212",Begur SWS,,UP3,UAHS,14.263854,75.472121,5,2,0,Beguru,Beguru,programme,2,known spelling,counted,in the core
06_ground_tdr_rootzone_0_30cm_by_visit.csv,tdr_rootzone_pct,"06_ground_tdr_rootzone_0_30cm_by_visit.csv|14.27485,75.48665",Begur SWS,,UP1,UAHS,14.274853,75.48665,5,2,0,Beguru,Beguru,programme,2,known spelling,counted,in the core
06_ground_tdr_rootzone_0_30cm_by_visit.csv,tdr_rootzone_pct,"06_ground_tdr_rootzone_0_30cm_by_visit.csv|14.27787,75.40842",Begur SWS,,MP3,UAHS,14.277867,75.40842,5,2,0,Beguru,Beguru,programme,2,known spelling,counted,in the core
06_ground_tdr_rootzone_0_30cm_by_visit.csv,tdr_rootzone_pct,"06_ground_tdr_rootzone_0_30cm_by_visit.csv|14.29112,75.41224",Begur SWS,,LP2,UAHS,14.291116,75.412237,5,2,0,Beguru,Beguru,programme,2,known spelling,counted,in the core
06_ground_tdr_rootzone_0_30cm_by_visit.csv,tdr_rootzone_pct,"06_ground_tdr_rootzone_0_30cm_by_visit.csv|14.29229,75.41705",Begur SWS,,LP3,UAHS,14.292289,75.417048,1,2,0,Beguru,Beguru,programme,2,known spelling,counted,in the core
06_ground_tdr_rootzone_0_30cm_by_visit.csv,tdr_rootzone_pct,"06_ground_tdr_rootzone_0_30cm_by_visit.csv|16.12056,75.97444",Chittaragi,,Chittaragi,UHSB,16.120555555555555,75.97444444444444,1,4,0,Chittharagi,Chittharagi,programme,4,known spelling,counted,in the core
06_ground_tdr_rootzone_0_30cm_by_visit.csv,tdr_rootzone_pct,"06_ground_tdr_rootzone_0_30cm_by_visit.csv|16.826,75.837",Honnutagi,,Koulgi-1,UHSB,16.826,75.837,12,8,0,Honnutagi,Honnutagi,programme,8,known spelling,counted,in the core
06_ground_tdr_rootzone_0_30cm_by_visit.csv,tdr_rootzone_pct,"06_ground_tdr_rootzone_0_30cm_by_visit.csv|18.08432,77.44238",Pashapur,,Ladha 2,UHSB,18.08432,77.442383,37,19,0,Pashapur,Pashapur,programme,19,known spelling,counted,in the core
06_ground_tdr_rootzone_0_30cm_by_visit.csv,tdr_rootzone_pct,"06_ground_tdr_rootzone_0_30cm_by_visit.csv|18.08578,77.45659",Pashapur,,Ladha 2,UHSB,18.085776,77.456589,37,19,0,Pashapur,Pashapur,programme,19,known spelling,counted,in the core
06_ground_tdr_rootzone_0_30cm_by_visit.csv,tdr_rootzone_pct,"06_ground_tdr_rootzone_0_30cm_by_visit.csv|18.09002,77.45023",Pashapur,,Ladha 2,UHSB,18.090017,77.450232,37,19,0,Pashapur,Pashapur,programme,19,known spelling,counted,in the core
06_ground_tdr_rootzone_0_30cm_by_visit.csv,tdr_rootzone_pct,"06_ground_tdr_rootzone_0_30cm_by_visit.csv|18.09009,77.53695",Pashapur,,Kandgula,UHSB,18.09009,77.536949,37,19,5,Pashapur,Pashapur,programme,19,known spelling,excluded,named Pashapur but lies in Pashapur ring 5
06_ground_tdr_rootzone_0_30cm_by_visit.csv,tdr_rootzone_pct,"06_ground_tdr_rootzone_0_30cm_by_visit.csv|18.09167,77.52663",Pashapur,,Kandgula,UHSB,18.091666,77.526627,37,19,4,Pashapur,Pashapur,programme,19,known spelling,excluded,named Pashapur but lies in Pashapur ring 4
06_ground_tdr_rootzone_0_30cm_by_visit.csv,tdr_rootzone_pct,"06_ground_tdr_rootzone_0_30cm_by_visit.csv|18.09857,77.54651",Pashapur,,Kandgula,UHSB,18.098571,77.546512,37,0,-1,,Pashapur,programme,19,known spelling,excluded,named Pashapur but lies in outside every programme sub-watershed
06_ground_tdr_rootzone_0_30cm_by_visit.csv,tdr_rootzone_pct,"06_ground_tdr_rootzone_0_30cm_by_visit.csv|18.10264,77.46111",Pashapur,,Mustapur,UHSB,18.102643,77.46111,37,19,0,Pashapur,Pashapur,programme,19,known spelling,counted,in the core
06_ground_tdr_rootzone_0_30cm_by_visit.csv,tdr_rootzone_pct,"06_ground_tdr_rootzone_0_30cm_by_visit.csv|18.1087,77.45327",Pashapur,,Mustapur,UHSB,18.108699,77.453272,37,19,0,Pashapur,Pashapur,programme,19,known spelling,counted,in the core
06_ground_tdr_rootzone_0_30cm_by_visit.csv,tdr_rootzone_pct,"06_ground_tdr_rootzone_0_30cm_by_visit.csv|18.1114,77.4309",Pashapur,,Ladha 1,UHSB,18.111395,77.430901,37,19,0,Pashapur,Pashapur,programme,19,known spelling,counted,in the core
06_ground_tdr_rootzone_0_30cm_by_visit.csv,tdr_rootzone_pct,"06_ground_tdr_rootzone_0_30cm_by_visit.csv|18.11283,77.45965",Pashapur,,Mustapur,UHSB,18.112833,77.459653,37,19,0,Pashapur,Pashapur,programme,19,known spelling,counted,in the core
06_ground_tdr_rootzone_0_30cm_by_visit.csv,tdr_rootzone_pct,"06_ground_tdr_rootzone_0_30cm_by_visit.csv|18.1193,77.43642",Pashapur,,Ladha 1,UHSB,18.119301,77.436416,37,19,0,Pashapur,Pashapur,programme,19,known spelling,counted,in the core
06_ground_tdr_rootzone_0_30cm_by_visit.csv,tdr_rootzone_pct,"06_ground_tdr_rootzone_0_30cm_by_visit.csv|18.12458,77.4393",Pashapur,,Ladha 1,UHSB,18.124582,77.4393,37,19,0,Pashapur,Pashapur,programme,19,known spelling,counted,in the core
06_ground_tdr_rootzone_0_30cm_by_visit.csv,tdr_rootzone_pct,06_ground_tdr_rootzone_0_30cm_by_visit.csv|UASB|Gummalapalli|1.0|Nirgantipalli,Gummalapalli,,Nirgantipalli,UASB,,,4,0,-1,,Gummlapalli,programme,6,known spelling,counted,no coordinates: by name
06_ground_tdr_rootzone_0_30cm_by_visit.csv,tdr_rootzone_pct,06_ground_tdr_rootzone_0_30cm_by_visit.csv|UASR||07 rep1|Melkunda B.-2,,,Melkunda B.-2,UASR,,,1,0,-1,,Hunasehadagi,programme,9,no name: micro-watershed 'Melkunda B.-2',counted,no coordinates: by name
06_ground_tdr_rootzone_0_30cm_by_visit.csv,tdr_rootzone_pct,06_ground_tdr_rootzone_0_30cm_by_visit.csv|UASR||07 rep2|Melkunda B.-2,,,Melkunda B.-2,UASR,,,1,0,-1,,Hunasehadagi,programme,9,no name: micro-watershed 'Melkunda B.-2',counted,no coordinates: by name
06_ground_tdr_rootzone_0_30cm_by_visit.csv,tdr_rootzone_pct,06_ground_tdr_rootzone_0_30cm_by_visit.csv|UASR||107 rep01|Malli-2,,,Malli-2,UASR,,,5,0,-1,,Hunasehadagi,programme,9,no name: micro-watershed 'Malli-2',counted,no coordinates: by name
06_ground_tdr_rootzone_0_30cm_by_visit.csv,tdr_rootzone_pct,06_ground_tdr_rootzone_0_30cm_by_visit.csv|UASR||107 rep02|Malli-2,,,Malli-2,UASR,,,5,0,-1,,Hunasehadagi,programme,9,no name: micro-watershed 'Malli-2',counted,no coordinates: by name
06_ground_tdr_rootzone_0_30cm_by_visit.csv,tdr_rootzone_pct,06_ground_tdr_rootzone_0_30cm_by_visit.csv|UASR||112 rep01|Hadagalharti -1,,,Hadagalharti -1,UASR,,,4,0,-1,,Hunasehadagi,programme,9,no name: micro-watershed 'Hadagalharti -1',counted,no coordinates: by name
06_ground_tdr_rootzone_0_30cm_by_visit.csv,tdr_rootzone_pct,06_ground_tdr_rootzone_0_30cm_by_visit.csv|UASR||112 rep02|Hadagalharti -1,,,Hadagalharti -1,UASR,,,5,0,-1,,Hunasehadagi,programme,9,no name: micro-watershed 'Hadagalharti -1',counted,no coordinates: by name
06_ground_tdr_rootzone_0_30cm_by_visit.csv,tdr_rootzone_pct,06_ground_tdr_rootzone_0_30cm_by_visit.csv|UASR||112 rep1|Hadagalharti -1,,,Hadagalharti -1,UASR,,,1,0,-1,,Hunasehadagi,programme,9,no name: micro-watershed 'Hadagalharti -1',counted,no coordinates: by name
06_ground_tdr_rootzone_0_30cm_by_visit.csv,tdr_rootzone_pct,06_ground_tdr_rootzone_0_30cm_by_visit.csv|UASR||151 rep01|Melkunda B.-2,,,Melkunda B.-2,UASR,,,5,0,-1,,Hunasehadagi,programme,9,no name: micro-watershed 'Melkunda B.-2',counted,no coordinates: by name
06_ground_tdr_rootzone_0_30cm_by_visit.csv,tdr_rootzone_pct,06_ground_tdr_rootzone_0_30cm_by_visit.csv|UASR||151 rep02|Melkunda B.-2,,,Melkunda B.-2,UASR,,,5,0,-1,,Hunasehadagi,programme,9,no name: micro-watershed 'Melkunda B.-2',counted,no coordinates: by name
06_ground_tdr_rootzone_0_30cm_by_visit.csv,tdr_rootzone_pct,06_ground_tdr_rootzone_0_30cm_by_visit.csv|UASR||209 rep01|Melkunda B.-2,,,Melkunda B.-2,UASR,,,5,0,-1,,Hunasehadagi,programme,9,no name: micro-watershed 'Melkunda B.-2',counted,no coordinates: by name
06_ground_tdr_rootzone_0_30cm_by_visit.csv,tdr_rootzone_pct,06_ground_tdr_rootzone_0_30cm_by_visit.csv|UASR||209 rep02|Melkunda B.-2,,,Melkunda B.-2,UASR,,,5,0,-1,,Hunasehadagi,programme,9,no name: micro-watershed 'Melkunda B.-2',counted,no coordinates: by name
06_ground_tdr_rootzone_0_30cm_by_visit.csv,tdr_rootzone_pct,06_ground_tdr_rootzone_0_30cm_by_visit.csv|UASR||39 rep01|Melkunda B.-1,,,Melkunda B.-1,UASR,,,5,0,-1,,Hunasehadagi,programme,9,no name: micro-watershed 'Melkunda B.-1',counted,no coordinates: by name
06_ground_tdr_rootzone_0_30cm_by_visit.csv,tdr_rootzone_pct,06_ground_tdr_rootzone_0_30cm_by_visit.csv|UASR||39 rep02|Melkunda B.-1,,,Melkunda B.-1,UASR,,,5,0,-1,,Hunasehadagi,programme,9,no name: micro-watershed 'Melkunda B.-1',counted,no coordinates: by name
06_ground_tdr_rootzone_0_30cm_by_visit.csv,tdr_rootzone_pct,06_ground_tdr_rootzone_0_30cm_by_visit.csv|UASR||41 rep1|Melkunda B.-2,,,Melkunda B.-2,UASR,,,1,0,-1,,Hunasehadagi,programme,9,no name: micro-watershed 'Melkunda B.-2',counted,no coordinates: by name
06_ground_tdr_rootzone_0_30cm_by_visit.csv,tdr_rootzone_pct,06_ground_tdr_rootzone_0_30cm_by_visit.csv|UASR||41 rep2|Melkunda B.-2,,,Melkunda B.-2,UASR,,,1,0,-1,,Hunasehadagi,programme,9,no name: micro-watershed 'Melkunda B.-2',counted,no coordinates: by name
06_ground_tdr_rootzone_0_30cm_by_visit.csv,tdr_rootzone_pct,06_ground_tdr_rootzone_0_30cm_by_visit.csv|UASR||50 rep01|Hadagilharuti-1,,,Hadagilharuti-1,UASR,,,4,0,-1,,Hunasehadagi,programme,9,no name: micro-watershed 'Hadagilharuti-1',counted,no coordinates: by name
06_ground_tdr_rootzone_0_30cm_by_visit.csv,tdr_rootzone_pct,06_ground_tdr_rootzone_0_30cm_by_visit.csv|UASR||50 rep02|Hadagilharuti-1,,,Hadagilharuti-1,UASR,,,5,0,-1,,Hunasehadagi,programme,9,no name: micro-watershed 'Hadagilharuti-1',counted,no coordinates: by name
06_ground_tdr_rootzone_0_30cm_by_visit.csv,tdr_rootzone_pct,06_ground_tdr_rootzone_0_30cm_by_visit.csv|UASR||50 rep1|Hadagilharuti-1,,,Hadagilharuti-1,UASR,,,1,0,-1,,Hunasehadagi,programme,9,no name: micro-watershed 'Hadagilharuti-1',counted,no coordinates: by name
06_ground_tdr_rootzone_0_30cm_by_visit.csv,tdr_rootzone_pct,06_ground_tdr_rootzone_0_30cm_by_visit.csv|UASR||55 rep01|Hadagilharuti-1,,,Hadagilharuti-1,UASR,,,4,0,-1,,Hunasehadagi,programme,9,no name: micro-watershed 'Hadagilharuti-1',counted,no coordinates: by name
06_ground_tdr_rootzone_0_30cm_by_visit.csv,tdr_rootzone_pct,06_ground_tdr_rootzone_0_30cm_by_visit.csv|UASR||55 rep02|Hadagilharuti-1,,,Hadagilharuti-1,UASR,,,4,0,-1,,Hunasehadagi,programme,9,no name: micro-watershed 'Hadagilharuti-1',counted,no coordinates: by name
06_ground_tdr_rootzone_0_30cm_by_visit.csv,tdr_rootzone_pct,06_ground_tdr_rootzone_0_30cm_by_visit.csv|UASR||55 rep02|Melkunda B.-2,,,Melkunda B.-2,UASR,,,1,0,-1,,Hunasehadagi,programme,9,no name: micro-watershed 'Melkunda B.-2',counted,no coordinates: by name
06_ground_tdr_rootzone_0_30cm_by_visit.csv,tdr_rootzone_pct,06_ground_tdr_rootzone_0_30cm_by_visit.csv|UASR||63 rep1|Melkunda B.-2,,,Melkunda B.-2,UASR,,,1,0,-1,,Hunasehadagi,programme,9,no name: micro-watershed 'Melkunda B.-2',counted,no coordinates: by name
06_ground_tdr_rootzone_0_30cm_by_visit.csv,tdr_rootzone_pct,06_ground_tdr_rootzone_0_30cm_by_visit.csv|UASR||63 rep2|Melkunda B.-2,,,Melkunda B.-2,UASR,,,1,0,-1,,Hunasehadagi,programme,9,no name: micro-watershed 'Melkunda B.-2',counted,no coordinates: by name
06_ground_tdr_rootzone_0_30cm_by_visit.csv,tdr_rootzone_pct,06_ground_tdr_rootzone_0_30cm_by_visit.csv|UASR||65 rep01|Melakunda B- 2,,,Melakunda B- 2,UASR,,,5,0,-1,,Hunasehadagi,programme,9,no name: micro-watershed 'Melakunda B- 2',counted,no coordinates: by name
06_ground_tdr_rootzone_0_30cm_by_visit.csv,tdr_rootzone_pct,06_ground_tdr_rootzone_0_30cm_by_visit.csv|UASR||65 rep02|Melakunda B- 2,,,Melakunda B- 2,UASR,,,5,0,-1,,Hunasehadagi,programme,9,no name: micro-watershed 'Melakunda B- 2',counted,no coordinates: by name
06_ground_tdr_rootzone_0_30cm_by_visit.csv,tdr_rootzone_pct,06_ground_tdr_rootzone_0_30cm_by_visit.csv|UASR||71 rep01|Hadagil haruti-2,,,Hadagil haruti-2,UASR,,,5,0,-1,,Hunasehadagi,programme,9,no name: micro-watershed 'Hadagil haruti-2',counted,no coordinates: by name
06_ground_tdr_rootzone_0_30cm_by_visit.csv,tdr_rootzone_pct,06_ground_tdr_rootzone_0_30cm_by_visit.csv|UASR||71 rep02|Hadagil haruti-2,,,Hadagil haruti-2,UASR,,,5,0,-1,,Hunasehadagi,programme,9,no name: micro-watershed 'Hadagil haruti-2',counted,no coordinates: by name
