institution,sws_name,sws_role,mws_name,district,bm_site_no,survey_no,soil_phase,latitude,longitude,lat_site,lon_site,dist_to_site_median_m,coord_outlier_gt_300m,pixel_id_site_median,date,date_flag,Year,Season,crop_raw,crop,crop_source,lai1,lai2,lai3,lai_mean,lai_mean_clean,lai_flag,n_replicates,reported_avg_minus_mean3,crop_height_cm,days_after_sowing,remark,dup_key_flag,site_cols_inherited,source_sheet,source_row
UAHS,Beguru,unlabelled,Dabbanabairanahalli,,,118.0,,14.292298,75.417259,14.291134,75.412213,556.2288712468727,True,010429113025541221,2023-04-10,ddmm_kept_by_sequence,2023,3,Maize,maize,,5.05,4.52,4.61,4.73,4.73,,3,0.0033333333333338544,,,,,False,LAI,50
UAHS,Beguru,unlabelled,Dabbanabairanahalli,,,118.0,,14.292289,75.417048,14.291134,75.412213,534.0021295646943,True,010429113025541221,2023-10-30,,2023,2,Maize,maize,,8.21,6.83,7.91,7.65,7.65,,3,-8.881784197001252e-16,,,,,False,LAI,106
UAHS,Beguru,unlabelled,Dabbanabairanahalli,,,118.0,,14.292289,75.417048,14.291134,75.412213,534.0021295646943,True,010429113025541221,2023-11-30,,2023,2,No crop,no_crop,,,,,,,,0,,,,-,,False,LAI,162
UAHS,Beguru,unlabelled,Dabbanabairanahalli,,,118.0,,14.292289,75.417048,14.291134,75.412213,534.0021295646943,True,010429113025541221,2023-12-15,,2023,2,No crop,no_crop,,,,,,,,0,,,,-,,False,LAI,218
UAHS,Beguru,unlabelled,Dabbanabairanahalli,,,118.0,,14.292289,75.417048,14.291134,75.412213,534.0021295646943,True,010429113025541221,2023-12-30,,2023,2,No crop,no_crop,,,,,,,,0,,,,-,,False,LAI,274
UAHS,Beguru,unlabelled,Dabbanabairanahalli,,,118.0,,14.292495,75.417115,14.291134,75.412213,546.8070072031993,True,010429113025541221,2024-01-20,,2023,2,Maize,maize,,2.53,3.28,2.18,2.66,2.66,,3,-0.0033333333333334103,,,,,False,LAI,330
UAHS,Beguru,unlabelled,Dabbanabairanahalli,,,118.0,,14.292446,75.417059,14.291134,75.412213,539.5540405690733,True,010429113025541221,2024-02-06,ddmm_swapped_by_sequence,2023,2,Maize,maize,,2.84,2.73,3.59,3.05,3.05,,3,-0.0033333333333334103,,,,,False,LAI,386
UAHS,Beguru,unlabelled,Dabbanabairanahalli,,,118.0,,14.292446,75.417059,14.291134,75.412213,539.5540405690733,True,010429113025541221,2024-02-23,,2023,2,Maize,maize,,3.19,4.74,3.11,3.68,3.68,,3,4.440892098500626e-16,,,,,False,LAI,442
UAHS,Beguru,unlabelled,Dabbanabairanahalli,,,118.0,,14.292446,75.417059,14.291134,75.412213,539.5540405690733,True,010429113025541221,2024-03-12,ddmm_swapped_by_sequence,2024,3,Maize,maize,,4.16,5.63,4.19,4.66,4.66,,3,0.0,,,,,False,LAI,498
UAHS,Beguru,unlabelled,Dabbanabairanahalli,,,118.0,,14.292446,75.417059,14.291134,75.412213,539.5540405690733,True,010429113025541221,2024-03-28,ddmm_kept_by_sequence,2024,3,Maize,maize,,5.07,4.83,5.46,5.12,5.12,,3,0.0,,,,,False,LAI,555
UAHS,Beguru,unlabelled,Dabbanabairanahalli,,,820.0,,14.291134,75.412213,14.291134,75.412213,0.0,False,010429113025541221,2023-04-10,ddmm_kept_by_sequence,2023,3,Maize,maize,,6.29,6.17,5.63,6.03,6.03,,3,0.0,,,,,False,LAI,49
UAHS,Beguru,unlabelled,Dabbanabairanahalli,,,820.0,,14.29116,75.412237,14.291134,75.412213,3.858681660821086,False,010429113025541221,2023-10-30,,2023,2,Maize,maize,,3.76,2.31,3.53,3.2,3.2,,3,4.440892098500626e-16,,,,,False,LAI,105
UAHS,Beguru,unlabelled,Dabbanabairanahalli,,,820.0,,14.29116,75.412237,14.291134,75.412213,3.858681660821086,False,010429113025541221,2023-11-30,,2023,2,No crop,no_crop,,,,,,,,0,,,,-,,False,LAI,161
UAHS,Beguru,unlabelled,Dabbanabairanahalli,,,820.0,,14.29116,75.412237,14.291134,75.412213,3.858681660821086,False,010429113025541221,2023-12-15,,2023,2,No crop,no_crop,,,,,,,,0,,,,-,,False,LAI,217
UAHS,Beguru,unlabelled,Dabbanabairanahalli,,,820.0,,14.29116,75.412237,14.291134,75.412213,3.858681660821086,False,010429113025541221,2023-12-30,,2023,2,No crop,no_crop,,,,,,,,0,,,,-,,False,LAI,273
UAHS,Beguru,unlabelled,Dabbanabairanahalli,,,820.0,,14.29116,75.412237,14.291134,75.412213,3.858681660821086,False,010429113025541221,2024-01-20,,2023,2,No crop,no_crop,,,,,,,,0,,,,-,,False,LAI,329
UAHS,Beguru,unlabelled,Dabbanabairanahalli,,,820.0,,14.29116,75.412237,14.291134,75.412213,3.858681660821086,False,010429113025541221,2024-02-06,ddmm_swapped_by_sequence,2023,2,Maize,maize,,,,,,,,0,,,,-,,False,LAI,385
UAHS,Beguru,unlabelled,Dabbanabairanahalli,,,820.0,,14.29116,75.412237,14.291134,75.412213,3.858681660821086,False,010429113025541221,2024-02-23,,2023,2,Maize,maize,,,,,,,,0,,,,-,,False,LAI,441
UAHS,Beguru,unlabelled,Dabbanabairanahalli,,,820.0,,14.29116,75.412237,14.291134,75.412213,3.858681660821086,False,010429113025541221,2024-03-12,ddmm_swapped_by_sequence,2024,3,No crop,no_crop,,,,,,,,0,,,,-,,False,LAI,497
UAHS,Beguru,unlabelled,Dabbanabairanahalli,,,820.0,,14.29116,75.412237,14.291134,75.412213,3.858681660821086,False,010429113025541221,2024-03-28,ddmm_kept_by_sequence,2024,3,No crop,no_crop,,,,,,,,0,,,,-,,False,LAI,554
UAHS,Beguru,unlabelled,Dabbanabairanahalli,,,832.0,,14.283849,75.411688,14.291134,75.412213,807.4967139179489,True,010429113025541221,2023-04-10,ddmm_kept_by_sequence,2023,3,Maize,maize,,6.04,5.37,6.71,6.04,6.04,,3,0.0,,,,,False,LAI,48
UAHS,Beguru,unlabelled,Dabbanabairanahalli,,,832.0,,14.283876,75.411584,14.291134,75.412213,805.3758523130003,True,010429113025541221,2023-10-30,,2023,2,Maize,maize,,6.83,4.73,4.39,5.32,5.32,,3,0.0033333333333338544,,,,,False,LAI,104
UAHS,Beguru,unlabelled,Dabbanabairanahalli,,,832.0,,14.283876,75.411584,14.291134,75.412213,805.3758523130003,True,010429113025541221,2023-11-30,,2023,2,No crop,no_crop,,,,,,,,0,,,,-,,False,LAI,160
UAHS,Beguru,unlabelled,Dabbanabairanahalli,,,832.0,,14.283876,75.411584,14.291134,75.412213,805.3758523130003,True,010429113025541221,2023-12-15,,2023,2,No crop,no_crop,,,,,,,,0,,,,-,,False,LAI,216
UAHS,Beguru,unlabelled,Dabbanabairanahalli,,,832.0,,14.283876,75.411584,14.291134,75.412213,805.3758523130003,True,010429113025541221,2023-12-30,,2023,2,No crop,no_crop,,,,,,,,0,,,,-,,False,LAI,272
UAHS,Beguru,unlabelled,Dabbanabairanahalli,,,832.0,,14.284001,75.411656,14.291134,75.412213,790.9829823446742,True,010429113025541221,2024-01-20,,2023,2,Maize,maize,,1.36,2.74,1.59,1.9,1.9,,3,0.0033333333333331883,,,,,False,LAI,328
UAHS,Beguru,unlabelled,Dabbanabairanahalli,,,832.0,,14.284059,75.411588,14.291134,75.412213,785.1770033567226,True,010429113025541221,2024-02-06,ddmm_swapped_by_sequence,2023,2,Maize,maize,,2.17,3.61,2.36,2.71,2.71,,3,-0.0033333333333329662,,,,,False,LAI,384
UAHS,Beguru,unlabelled,Dabbanabairanahalli,,,832.0,,14.284059,75.411588,14.291134,75.412213,785.1770033567226,True,010429113025541221,2024-02-23,,2023,2,Maize,maize,,,,,,,,0,,,,-,,False,LAI,440
UAHS,Beguru,unlabelled,Dabbanabairanahalli,,,832.0,,14.284059,75.411588,14.291134,75.412213,785.1770033567226,True,010429113025541221,2024-03-12,ddmm_swapped_by_sequence,2024,3,No crop,no_crop,,,,,,,,0,,,,-,,False,LAI,496
UAHS,Beguru,unlabelled,Dabbanabairanahalli,,,832.0,,14.284059,75.411588,14.291134,75.412213,785.1770033567226,True,010429113025541221,2024-03-28,ddmm_kept_by_sequence,2024,3,No crop,no_crop,,,,,,,,0,,,,-,,False,LAI,553
UAHS,Beguru,unlabelled,Dabbanabairanahalli,,,850.0,,14.277927,75.408419,14.291134,75.412213,1515.9704571827233,True,010429113025541221,2023-04-10,ddmm_kept_by_sequence,2023,3,Maize,maize,,5.08,4.21,5.42,4.9,4.9,,3,-0.0033333333333329662,,,,,False,LAI,47
UAHS,Beguru,unlabelled,Dabbanabairanahalli,,,850.0,,14.277867,75.40842,14.291134,75.412213,1522.3338690954624,True,010429113025541221,2023-10-30,,2023,2,Maize,maize,,4.48,5.16,4.73,4.79,4.79,,3,0.0,,,,,False,LAI,103
UAHS,Beguru,unlabelled,Dabbanabairanahalli,,,850.0,,14.277867,75.40842,14.291134,75.412213,1522.3338690954624,True,010429113025541221,2023-11-30,,2023,2,No crop,no_crop,,,,,,,,0,,,,-,,False,LAI,159
UAHS,Beguru,unlabelled,Dabbanabairanahalli,,,850.0,,14.277867,75.40842,14.291134,75.412213,1522.3338690954624,True,010429113025541221,2023-12-15,,2023,2,No crop,no_crop,,,,,,,,0,,,,-,,False,LAI,215
UAHS,Beguru,unlabelled,Dabbanabairanahalli,,,850.0,,14.277867,75.40842,14.291134,75.412213,1522.3338690954624,True,010429113025541221,2023-12-30,,2023,2,No crop,no_crop,,,,,,,,0,,,,-,,False,LAI,271
UAHS,Beguru,unlabelled,Dabbanabairanahalli,,,850.0,,14.277842,75.40842,14.291134,75.412213,1524.9978924648574,True,010429113025541221,2024-01-20,,2023,2,Maize,maize,,3.29,2.63,3.84,3.25,3.25,,3,-0.0033333333333334103,,,,,False,LAI,327
UAHS,Beguru,unlabelled,Dabbanabairanahalli,,,850.0,,14.277801,75.408423,14.291134,75.412213,1529.2821262819307,True,010429113025541221,2024-02-06,ddmm_swapped_by_sequence,2023,2,Maize,maize,,3.05,3.24,4.69,3.66,3.66,,3,0.0,,,,,False,LAI,383
UAHS,Beguru,unlabelled,Dabbanabairanahalli,,,850.0,,14.277801,75.408423,14.291134,75.412213,1529.2821262819307,True,010429113025541221,2024-02-23,,2023,2,Maize,maize,,4.21,3.67,4.52,4.133333333,4.133333333,,3,-3.333324727350373e-10,,,,,False,LAI,439
UAHS,Beguru,unlabelled,Dabbanabairanahalli,,,850.0,,14.277801,75.408423,14.291134,75.412213,1529.2821262819307,True,010429113025541221,2024-03-12,ddmm_swapped_by_sequence,2024,3,Maize,maize,,5.36,4.7,5.81,5.29,5.29,,3,0.0,,,,,False,LAI,495
UAHS,Beguru,unlabelled,Gogga,,,189.0,,14.263843,75.472142,14.263854,75.472121,2.5595117794992706,False,010426385025547212,2023-04-10,ddmm_kept_by_sequence,2023,3,Maize,maize,,1.97,2.46,0.82,1.75,1.75,,3,0.0,,,,,False,LAI,54
UAHS,Beguru,unlabelled,Gogga,,,189.0,,14.263854,75.472121,14.263854,75.472121,0.0,False,010426385025547212,2023-10-30,,2023,2,Maize,maize,,4.38,4.93,5.69,5.0,5.0,,3,0.0,,,,,False,LAI,110
UAHS,Beguru,unlabelled,Gogga,,,189.0,,14.263854,75.472121,14.263854,75.472121,0.0,False,010426385025547212,2023-11-30,,2023,2,No crop,no_crop,,,,,,,,0,,,,-,,False,LAI,166
UAHS,Beguru,unlabelled,Gogga,,,189.0,,14.263854,75.472121,14.263854,75.472121,0.0,False,010426385025547212,2023-12-15,,2023,2,No crop,no_crop,,,,,,,,0,,,,-,,False,LAI,222
UAHS,Beguru,unlabelled,Gogga,,,189.0,,14.263854,75.472121,14.263854,75.472121,0.0,False,010426385025547212,2023-12-30,,2023,2,No crop,no_crop,,,,,,,,0,,,,-,,False,LAI,278
UAHS,Beguru,unlabelled,Gogga,,,189.0,,14.263854,75.472121,14.263854,75.472121,0.0,False,010426385025547212,2024-01-20,,2023,2,No crop,no_crop,,,,,,,,0,,,,-,,False,LAI,334
UAHS,Beguru,unlabelled,Gogga,,,189.0,,14.263854,75.472121,14.263854,75.472121,0.0,False,010426385025547212,2024-02-06,ddmm_swapped_by_sequence,2023,2,Maize,maize,,,,,,,,0,,,,-,,False,LAI,390
UAHS,Beguru,unlabelled,Gogga,,,189.0,,14.263854,75.472121,14.263854,75.472121,0.0,False,010426385025547212,2024-02-23,,2023,2,Maize,maize,,,,,,,,0,,,,-,,False,LAI,446
UAHS,Beguru,unlabelled,Gogga,,,189.0,,14.263854,75.472121,14.263854,75.472121,0.0,False,010426385025547212,2024-03-12,ddmm_swapped_by_sequence,2024,3,No crop,no_crop,,,,,,,,0,,,,-,,False,LAI,502
UAHS,Beguru,unlabelled,Gogga,,,189.0,,14.263854,75.472121,14.263854,75.472121,0.0,False,010426385025547212,2024-03-28,ddmm_kept_by_sequence,2024,3,No crop,no_crop,,,,,,,,0,,,,-,,False,LAI,559
UAHS,Beguru,unlabelled,Gogga,,,76.0,,14.257764,75.467797,14.263854,75.472121,817.6090779068928,True,010426385025547212,2023-04-10,ddmm_kept_by_sequence,2023,3,Maize,maize,,4.62,4.71,5.67,5.0,5.0,,3,0.0,,,,,False,LAI,53
UAHS,Beguru,unlabelled,Gogga,,,76.0,,14.274862,75.486621,14.263854,75.472121,1974.7236795231947,True,010426385025547212,2023-04-10,ddmm_kept_by_sequence,2023,3,Maize,maize,,4.7,5.41,4.89,5.0,5.0,,3,0.0,,,,,False,LAI,55
UAHS,Beguru,unlabelled,Gogga,,,76.0,,14.257693,75.467711,14.263854,75.472121,829.3116422087495,True,010426385025547212,2023-10-30,,2023,2,Maize,maize,,5.6,6.08,5.74,5.81,5.81,,3,0.003333333333332078,,,,,False,LAI,109
UAHS,Beguru,unlabelled,Gogga,,,76.0,,14.274853,75.48665,14.263854,75.472121,1976.5610256587988,True,010426385025547212,2023-10-30,,2023,2,Maize,maize,,6.63,5.27,6.48,6.13,6.13,,3,0.0033333333333338544,,,,,False,LAI,111
UAHS,Beguru,unlabelled,Gogga,,,76.0,,14.257693,75.467711,14.263854,75.472121,829.3116422087495,True,010426385025547212,2023-11-30,,2023,2,No crop,no_crop,,,,,,,,0,,,,-,,False,LAI,165
UAHS,Beguru,unlabelled,Gogga,,,76.0,,14.274853,75.48665,14.263854,75.472121,1976.5610256587988,True,010426385025547212,2023-11-30,,2023,2,No crop,no_crop,,,,,,,,0,,,,-,,False,LAI,167
UAHS,Beguru,unlabelled,Gogga,,,76.0,,14.257693,75.467711,14.263854,75.472121,829.3116422087495,True,010426385025547212,2023-12-15,,2023,2,No crop,no_crop,,,,,,,,0,,,,-,,False,LAI,221
UAHS,Beguru,unlabelled,Gogga,,,76.0,,14.274853,75.48665,14.263854,75.472121,1976.5610256587988,True,010426385025547212,2023-12-15,,2023,2,No crop,no_crop,,,,,,,,0,,,,-,,False,LAI,223
UAHS,Beguru,unlabelled,Gogga,,,76.0,,14.257693,75.467711,14.263854,75.472121,829.3116422087495,True,010426385025547212,2023-12-30,,2023,2,No crop,no_crop,,,,,,,,0,,,,-,,False,LAI,277
UAHS,Beguru,unlabelled,Gogga,,,76.0,,14.274853,75.48665,14.263854,75.472121,1976.5610256587988,True,010426385025547212,2023-12-30,,2023,2,No crop,no_crop,,,,,,,,0,,,,-,,False,LAI,279
UAHS,Beguru,unlabelled,Gogga,,,76.0,,14.257669,75.467782,14.263854,75.472121,827.1860613103687,True,010426385025547212,2024-01-20,,2023,2,Maize,maize,,2.48,2.49,3.67,2.88,2.88,,3,-4.440892098500626e-16,,,,,False,LAI,333
UAHS,Beguru,unlabelled,Gogga,,,76.0,,14.274853,75.48665,14.263854,75.472121,1976.5610256587988,True,010426385025547212,2024-01-20,,2023,2,No crop,no_crop,,,,,,,,0,,,,-,,False,LAI,335
UAHS,Beguru,unlabelled,Gogga,,,76.0,,14.2577,75.467752,14.263854,75.472121,826.1745329920238,True,010426385025547212,2024-02-06,ddmm_swapped_by_sequence,2023,2,Maize,maize,,1.42,2.67,3.94,2.68,2.68,,3,0.0033333333333338544,,,,,False,LAI,389
UAHS,Beguru,unlabelled,Gogga,,,76.0,,14.274853,75.48665,14.263854,75.472121,1976.5610256587988,True,010426385025547212,2024-02-06,ddmm_swapped_by_sequence,2023,2,Maize,maize,,,,,,,,0,,,,-,,False,LAI,391
UAHS,Beguru,unlabelled,Gogga,,,76.0,,14.2577,75.467752,14.263854,75.472121,826.1745329920238,True,010426385025547212,2024-02-23,,2023,2,Maize,maize,,2.71,3.11,4.39,3.403333333,3.403333333,,3,-3.3333380500266685e-10,,,,,False,LAI,445
UAHS,Beguru,unlabelled,Gogga,,,76.0,,14.274853,75.48665,14.263854,75.472121,1976.5610256587988,True,010426385025547212,2024-02-23,,2023,2,Maize,maize,,,,,,,,0,,,,-,,False,LAI,447
UAHS,Beguru,unlabelled,Gogga,,,76.0,,14.2577,75.467752,14.263854,75.472121,826.1745329920238,True,010426385025547212,2024-03-12,ddmm_swapped_by_sequence,2024,3,No crop,no_crop,,,,,,,,0,,,,-,,False,LAI,501
UAHS,Beguru,unlabelled,Gogga,,,76.0,,14.274853,75.48665,14.263854,75.472121,1976.5610256587988,True,010426385025547212,2024-03-12,ddmm_swapped_by_sequence,2024,3,No crop,no_crop,,,,,,,,0,,,,-,,False,LAI,503
UAHS,Beguru,unlabelled,Gogga,,,76.0,,14.2577,75.467752,14.263854,75.472121,826.1745329920238,True,010426385025547212,2024-03-28,ddmm_kept_by_sequence,2024,3,No crop,no_crop,,,,,,,,0,,,,-,,False,LAI,558
UAHS,Beguru,unlabelled,Gogga,,,76.0,,14.274853,75.48665,14.263854,75.472121,1976.5610256587988,True,010426385025547212,2024-03-28,ddmm_kept_by_sequence,2024,3,No crop,no_crop,,,,,,,,0,,,,-,,False,LAI,560
UAHS,Beguru,unlabelled,Hulaganakatte1,,,141.0,,14.263289,75.463948,14.263318,75.463906,5.528951236856835,False,010426332025546391,2023-04-10,ddmm_kept_by_sequence,2023,3,Maize,maize,,4.09,5.26,6.51,5.29,5.29,,3,0.0033333333333338544,,,,,False,LAI,52
UAHS,Beguru,unlabelled,Hulaganakatte1,,,141.0,,14.263318,75.463906,14.263318,75.463906,0.0,False,010426332025546391,2023-10-30,,2023,2,Maize,maize,,6.2,4.32,6.11,5.54,5.54,,3,-0.0033333333333329662,,,,,False,LAI,108
UAHS,Beguru,unlabelled,Hulaganakatte1,,,141.0,,14.263318,75.463906,14.263318,75.463906,0.0,False,010426332025546391,2023-11-30,,2023,2,No crop,no_crop,,,,,,,,0,,,,-,,False,LAI,164
UAHS,Beguru,unlabelled,Hulaganakatte1,,,141.0,,14.263318,75.463906,14.263318,75.463906,0.0,False,010426332025546391,2023-12-15,,2023,2,No crop,no_crop,,,,,,,,0,,,,-,,False,LAI,220
UAHS,Beguru,unlabelled,Hulaganakatte1,,,141.0,,14.263318,75.463906,14.263318,75.463906,0.0,False,010426332025546391,2023-12-30,,2023,2,No crop,no_crop,,,,,,,,0,,,,-,,False,LAI,276
UAHS,Beguru,unlabelled,Hulaganakatte1,,,141.0,,14.263318,75.463906,14.263318,75.463906,0.0,False,010426332025546391,2024-01-20,,2023,2,No crop,no_crop,,,,,,,,0,,,,-,,False,LAI,332
UAHS,Beguru,unlabelled,Hulaganakatte1,,,141.0,,14.263318,75.463906,14.263318,75.463906,0.0,False,010426332025546391,2024-02-06,ddmm_swapped_by_sequence,2023,2,Maize,maize,,,,,,,,0,,,,-,,False,LAI,388
UAHS,Beguru,unlabelled,Hulaganakatte1,,,141.0,,14.263318,75.463906,14.263318,75.463906,0.0,False,010426332025546391,2024-02-23,,2023,2,Maize,maize,,,,,,,,0,,,,-,,False,LAI,444
UAHS,Beguru,unlabelled,Hulaganakatte1,,,141.0,,14.263318,75.463906,14.263318,75.463906,0.0,False,010426332025546391,2024-03-12,ddmm_swapped_by_sequence,2024,3,No crop,no_crop,,,,,,,,0,,,,-,,False,LAI,500
UAHS,Beguru,unlabelled,Hulaganakatte1,,,141.0,,14.263318,75.463906,14.263318,75.463906,0.0,False,010426332025546391,2024-03-28,ddmm_kept_by_sequence,2024,3,No crop,no_crop,,,,,,,,0,,,,-,,False,LAI,557
UAHS,Beguru,unlabelled,Kenchagondanakoppa,,,48.0,,14.260739,75.423173,14.26068,75.423193,6.867386079999951,False,010426068025542319,2023-04-10,ddmm_kept_by_sequence,2023,3,Maize,maize,,2.95,3.84,2.39,3.06,3.06,,3,0.0,,,,,False,LAI,51
UAHS,Beguru,unlabelled,Kenchagondanakoppa,,,48.0,,14.26068,75.423193,14.26068,75.423193,0.0,False,010426068025542319,2023-10-30,,2023,2,Maize,maize,,6.14,5.27,4.17,5.19,5.19,,3,-0.0033333333333329662,,,,,False,LAI,107
UAHS,Beguru,unlabelled,Kenchagondanakoppa,,,48.0,,14.26068,75.423193,14.26068,75.423193,0.0,False,010426068025542319,2023-11-30,,2023,2,No crop,no_crop,,,,,,,,0,,,,-,,False,LAI,163
UAHS,Beguru,unlabelled,Kenchagondanakoppa,,,48.0,,14.26068,75.423193,14.26068,75.423193,0.0,False,010426068025542319,2023-12-15,,2023,2,No crop,no_crop,,,,,,,,0,,,,-,,False,LAI,219
UAHS,Beguru,unlabelled,Kenchagondanakoppa,,,48.0,,14.26068,75.423193,14.26068,75.423193,0.0,False,010426068025542319,2023-12-30,,2023,2,No crop,no_crop,,,,,,,,0,,,,-,,False,LAI,275
UAHS,Beguru,unlabelled,Kenchagondanakoppa,,,48.0,,14.260663,75.423295,14.26068,75.423193,11.098817754948534,False,010426068025542319,2024-01-20,,2023,2,Maize,maize,,1.02,2.79,1.34,1.72,1.72,,3,0.0033333333333331883,,,,,False,LAI,331
UAHS,Beguru,unlabelled,Kenchagondanakoppa,,,48.0,,14.260571,75.423165,14.26068,75.423193,12.420976958700086,False,010426068025542319,2024-02-06,ddmm_swapped_by_sequence,2023,2,Maize,maize,,3.45,4.81,3.29,3.85,3.85,,3,0.0,,,,,False,LAI,387
UAHS,Beguru,unlabelled,Kenchagondanakoppa,,,48.0,,14.260571,75.423165,14.26068,75.423193,12.420976958700086,False,010426068025542319,2024-02-23,,2023,2,Maize,maize,,4.86,4.39,5.06,4.77,4.77,,3,0.0,,,,,False,LAI,443
UAHS,Beguru,unlabelled,Kenchagondanakoppa,,,48.0,,14.260571,75.423165,14.26068,75.423193,12.420976958700086,False,010426068025542319,2024-03-12,ddmm_swapped_by_sequence,2024,3,Maize,maize,,4.56,5.39,4.73,4.893333333,4.893333333,,3,-3.33333360913457e-10,,,,,False,LAI,499
UAHS,Haralahalli,unlabelled,Donduru,,,35.0,,13.866311,76.026599,13.866274,76.026893,31.792887023700434,False,010386627025602689,2023-05-10,ddmm_kept_by_sequence,2023,3,Raagi,finger_millet,,3.24,3.85,4.13,3.74,3.74,,3,4.440892098500626e-16,,,,,False,LAI,30
UAHS,Haralahalli,unlabelled,Donduru,,,35.0,,13.866274,76.026893,13.866274,76.026893,0.0,False,010386627025602689,2023-10-30,,2023,2,Raagi,finger_millet,,3.71,3.87,4.14,3.91,3.91,,3,0.0033333333333338544,,,,,False,LAI,86
UAHS,Haralahalli,unlabelled,Donduru,,,35.0,,13.866274,76.026893,13.866274,76.026893,0.0,False,010386627025602689,2023-11-30,,2023,2,No crop,no_crop,,,,,,,,0,,,,-,,False,LAI,142
UAHS,Haralahalli,unlabelled,Donduru,,,35.0,,13.866274,76.026893,13.866274,76.026893,0.0,False,010386627025602689,2023-12-15,,2023,2,No crop,no_crop,,,,,,,,0,,,,-,,False,LAI,198
UAHS,Haralahalli,unlabelled,Donduru,,,35.0,,13.866274,76.026893,13.866274,76.026893,0.0,False,010386627025602689,2023-12-30,,2023,2,No crop,no_crop,,,,,,,,0,,,,-,,False,LAI,254
UAHS,Haralahalli,unlabelled,Donduru,,,35.0,,13.866274,76.026893,13.866274,76.026893,0.0,False,010386627025602689,2024-01-20,,2023,2,No crop,no_crop,,,,,,,,0,,,,-,,False,LAI,310
UAHS,Haralahalli,unlabelled,Donduru,,,35.0,,13.866274,76.026893,13.866274,76.026893,0.0,False,010386627025602689,2024-02-06,ddmm_swapped_by_sequence,2023,2,No crop,no_crop,,,,,,,,0,,,,-,,False,LAI,366
UAHS,Haralahalli,unlabelled,Donduru,,,35.0,,13.866274,76.026893,13.866274,76.026893,0.0,False,010386627025602689,2024-02-23,,2023,2,No crop,no_crop,,,,,,,,0,,,,-,same_site_date_different_values,False,LAI,422
UAHS,Haralahalli,unlabelled,Donduru,,,35.0,,13.866274,76.026893,13.866274,76.026893,0.0,False,010386627025602689,2024-03-11,ddmm_swapped_by_sequence,2024,3,No crop,no_crop,,,,,,,,0,,,,-,,False,LAI,535
UAHS,Haralahalli,unlabelled,Gijikatte,,,95.0,,13.829059,76.023425,13.82923,75.023298,107253.58561014044,True,010382923025502330,2023-05-10,ddmm_kept_by_sequence,2023,3,Onion,onion,,4.01,3.71,4.16,3.96,3.96,,3,4.440892098500626e-16,,,,,False,LAI,29
UAHS,Haralahalli,unlabelled,Gijikatte,,,95.0,,13.82923,75.023298,13.82923,75.023298,0.0,False,010382923025502330,2023-10-30,,2023,2,Onion,onion,,3.01,2.18,3.11,2.77,2.77,,3,0.0033333333333338544,,,,,False,LAI,85
UAHS,Haralahalli,unlabelled,Gijikatte,,,95.0,,13.82923,75.023298,13.82923,75.023298,0.0,False,010382923025502330,2023-11-30,,2023,2,No crop,no_crop,,,,,,,,0,,,,-,,False,LAI,141
UAHS,Haralahalli,unlabelled,Gijikatte,,,95.0,,13.82923,75.023298,13.82923,75.023298,0.0,False,010382923025502330,2023-12-15,,2023,2,No crop,no_crop,,,,,,,,0,,,,-,,False,LAI,197
UAHS,Haralahalli,unlabelled,Gijikatte,,,95.0,,13.82923,75.023298,13.82923,75.023298,0.0,False,010382923025502330,2023-12-30,,2023,2,No crop,no_crop,,,,,,,,0,,,,-,,False,LAI,253
UAHS,Haralahalli,unlabelled,Gijikatte,,,95.0,,13.82923,75.023298,13.82923,75.023298,0.0,False,010382923025502330,2024-01-20,,2023,2,No crop,no_crop,,,,,,,,0,,,,-,,False,LAI,309
UAHS,Haralahalli,unlabelled,Gijikatte,,,95.0,,13.82923,75.023298,13.82923,75.023298,0.0,False,010382923025502330,2024-02-06,ddmm_swapped_by_sequence,2023,2,No crop,no_crop,,,,,,,,0,,,,-,,False,LAI,365
UAHS,Haralahalli,unlabelled,Gijikatte,,,95.0,,13.82923,75.023298,13.82923,75.023298,0.0,False,010382923025502330,2024-02-23,,2023,2,No crop,no_crop,,,,,,,,0,,,,-,same_site_date_different_values,False,LAI,421
UAHS,Haralahalli,unlabelled,Gijikatte,,,95.0,,13.82923,75.023298,13.82923,75.023298,0.0,False,010382923025502330,2024-03-11,ddmm_swapped_by_sequence,2024,3,No crop,no_crop,,,,,,,,0,,,,-,,False,LAI,534
UAHS,Haralahalli,unlabelled,Karehalli,,,7.0,,13.849994,76.065676,13.849931,76.06558,12.430413966438364,False,010384993025606558,2023-05-10,ddmm_kept_by_sequence,2023,3,Raagi,finger_millet,,0.692,0.915,0.863,0.82,0.82,,3,-0.0033333333333332993,,,,,False,LAI,31
UAHS,Haralahalli,unlabelled,Karehalli,,,7.0,,13.849931,76.06558,13.849931,76.06558,0.0,False,010384993025606558,2023-10-30,,2023,2,Raagi,finger_millet,,2.37,2.2,2.68,2.42,2.42,,3,0.0033333333333334103,,,,,False,LAI,87
UAHS,Haralahalli,unlabelled,Karehalli,,,7.0,,13.849931,76.06558,13.849931,76.06558,0.0,False,010384993025606558,2023-11-30,,2023,2,No crop,no_crop,,,,,,,,0,,,,-,,False,LAI,143
UAHS,Haralahalli,unlabelled,Karehalli,,,7.0,,13.849931,76.06558,13.849931,76.06558,0.0,False,010384993025606558,2023-12-15,,2023,2,No crop,no_crop,,,,,,,,0,,,,-,,False,LAI,199
UAHS,Haralahalli,unlabelled,Karehalli,,,7.0,,13.849931,76.06558,13.849931,76.06558,0.0,False,010384993025606558,2023-12-30,,2023,2,No crop,no_crop,,,,,,,,0,,,,-,,False,LAI,255
UAHS,Haralahalli,unlabelled,Karehalli,,,7.0,,13.849931,76.06558,13.849931,76.06558,0.0,False,010384993025606558,2024-01-20,,2023,2,No crop,no_crop,,,,,,,,0,,,,-,,False,LAI,311
UAHS,Haralahalli,unlabelled,Karehalli,,,7.0,,13.849931,76.06558,13.849931,76.06558,0.0,False,010384993025606558,2024-02-06,ddmm_swapped_by_sequence,2023,2,No crop,no_crop,,,,,,,,0,,,,-,,False,LAI,367
UAHS,Haralahalli,unlabelled,Karehalli,,,7.0,,13.849931,76.06558,13.849931,76.06558,0.0,False,010384993025606558,2024-02-23,,2023,2,No crop,no_crop,,,,,,,,0,,,,-,same_site_date_different_values,False,LAI,423
UAHS,Haralahalli,unlabelled,Karehalli,,,7.0,,13.849931,76.06558,13.849931,76.06558,0.0,False,010384993025606558,2024-03-11,ddmm_swapped_by_sequence,2024,3,No crop,no_crop,,,,,,,,0,,,,-,,False,LAI,536
UAHS,Jammapura,unlabelled,Jammapur2,,,6.0,,13.914846,75.993287,13.91454,75.993658,52.228141215612936,False,010391454025599366,2023-04-10,ddmm_kept_by_sequence,2023,3,Ragi,finger_millet,,2.33,2.1,2.13,2.19,2.19,,3,0.0033333333333334103,,,,,False,LAI,11
UAHS,Jammapura,unlabelled,Jammapur2,,,6.0,,13.91454,75.993658,13.91454,75.993658,0.0,False,010391454025599366,2023-10-25,,2023,2,Ragi,finger_millet,,3.3,3.37,4.26,3.64,3.64,,3,-0.0033333333333329662,,,,,False,LAI,67
UAHS,Jammapura,unlabelled,Jammapur2,,,6.0,,13.91454,75.993658,13.91454,75.993658,0.0,False,010391454025599366,2023-11-30,,2023,2,No crop,no_crop,,,,,,,,0,,,,-,,False,LAI,123
UAHS,Jammapura,unlabelled,Jammapur2,,,6.0,,13.91454,75.993658,13.91454,75.993658,0.0,False,010391454025599366,2023-12-15,,2023,2,No crop,no_crop,,,,,,,,0,,,,-,,False,LAI,179
UAHS,Jammapura,unlabelled,Jammapur2,,,6.0,,13.91454,75.993658,13.91454,75.993658,0.0,False,010391454025599366,2023-12-30,,2023,2,No crop,no_crop,,,,,,,,0,,,,-,,False,LAI,235
UAHS,Jammapura,unlabelled,Jammapur2,,,6.0,,13.91454,75.993658,13.91454,75.993658,0.0,False,010391454025599366,2024-01-20,,2023,2,No crop,no_crop,,,,,,,,0,,,,-,,False,LAI,291
UAHS,Jammapura,unlabelled,Jammapur2,,,6.0,,13.91454,75.993658,13.91454,75.993658,0.0,False,010391454025599366,2024-02-06,ddmm_swapped_by_sequence,2023,2,No crop,no_crop,,,,,,,,0,,,,-,,False,LAI,347
UAHS,Jammapura,unlabelled,Jammapur2,,,6.0,,13.91454,75.993658,13.91454,75.993658,0.0,False,010391454025599366,2024-02-23,,2023,2,No crop,no_crop,,,,,,,,0,,,,-,same_site_date_different_values,False,LAI,403
UAHS,Jammapura,unlabelled,Jammapur2,,,6.0,,13.91454,75.993658,13.91454,75.993658,0.0,False,010391454025599366,2024-03-11,ddmm_swapped_by_sequence,2024,3,No crop,no_crop,,,,,,,,0,,,,-,,False,LAI,516
UAHS,Jammapura,unlabelled,Kallikere,,,3.0,,13.893563,75.978578,13.897323,75.98144400000001,517.0287957926842,True,010389732025598144,2023-04-10,ddmm_kept_by_sequence,2023,3,Ragi,finger_millet,,1.13,1.46,3.14,1.91,1.91,,3,-2.220446049250313e-16,,,,,False,LAI,13
UAHS,Jammapura,unlabelled,Kallikere,,,3.0,,13.893823,75.978728,13.897323,75.98144400000001,484.3661160281316,True,010389732025598144,2023-10-25,,2023,2,Ragi,finger_millet,,3.86,2.54,3.24,3.21,3.21,,3,-0.0033333333333334103,,,,,False,LAI,69
UAHS,Jammapura,unlabelled,Kallikere,,,3.0,,13.893823,75.978728,13.897323,75.98144400000001,484.3661160281316,True,010389732025598144,2023-11-30,,2023,2,No crop,no_crop,,,,,,,,0,,,,-,,False,LAI,125
UAHS,Jammapura,unlabelled,Kallikere,,,3.0,,13.893823,75.978728,13.897323,75.98144400000001,484.3661160281316,True,010389732025598144,2023-12-15,,2023,2,No crop,no_crop,,,,,,,,0,,,,-,,False,LAI,181
UAHS,Jammapura,unlabelled,Kallikere,,,3.0,,13.893823,75.978728,13.897323,75.98144400000001,484.3661160281316,True,010389732025598144,2023-12-30,,2023,2,No crop,no_crop,,,,,,,,0,,,,-,,False,LAI,237
UAHS,Jammapura,unlabelled,Kallikere,,,3.0,,13.893823,75.978728,13.897323,75.98144400000001,484.3661160281316,True,010389732025598144,2024-01-20,,2023,2,No crop,no_crop,,,,,,,,0,,,,-,,False,LAI,293
UAHS,Jammapura,unlabelled,Kallikere,,,3.0,,13.893823,75.978728,13.897323,75.98144400000001,484.3661160281316,True,010389732025598144,2024-02-06,ddmm_swapped_by_sequence,2023,2,No crop,no_crop,,,,,,,,0,,,,-,,False,LAI,349
UAHS,Jammapura,unlabelled,Kallikere,,,3.0,,13.893823,75.978728,13.897323,75.98144400000001,484.3661160281316,True,010389732025598144,2024-02-23,,2023,2,No crop,no_crop,,,,,,,,0,,,,-,same_site_date_different_values,False,LAI,405
UAHS,Jammapura,unlabelled,Kallikere,,,3.0,,13.893823,75.978728,13.897323,75.98144400000001,484.3661160281316,True,010389732025598144,2024-03-11,ddmm_swapped_by_sequence,2024,3,No crop,no_crop,,,,,,,,0,,,,-,,False,LAI,518
UAHS,Jammapura,unlabelled,Kallikere,,,32.0,,13.900823,75.984784,13.897323,75.98144400000001,527.3233729348125,True,010389732025598144,2023-04-10,ddmm_kept_by_sequence,2023,3,Ragi,finger_millet,,4.23,2.78,2.74,3.25,3.25,,3,0.0,,,,,False,LAI,12
UAHS,Jammapura,unlabelled,Kallikere,,,32.0,,13.901092,75.98416,13.897323,75.98144400000001,508.4466242260251,True,010389732025598144,2023-10-25,,2023,2,Ragi,finger_millet,,1.46,5.28,6.82,4.52,4.52,,3,-8.881784197001252e-16,,,,,False,LAI,68
UAHS,Jammapura,unlabelled,Kallikere,,,32.0,,13.901092,75.98416,13.897323,75.98144400000001,508.4466242260251,True,010389732025598144,2023-11-30,,2023,2,No crop,no_crop,,,,,,,,0,,,,-,,False,LAI,124
UAHS,Jammapura,unlabelled,Kallikere,,,32.0,,13.901092,75.98416,13.897323,75.98144400000001,508.4466242260251,True,010389732025598144,2023-12-15,,2023,2,No crop,no_crop,,,,,,,,0,,,,-,,False,LAI,180
UAHS,Jammapura,unlabelled,Kallikere,,,32.0,,13.901092,75.98416,13.897323,75.98144400000001,508.4466242260251,True,010389732025598144,2023-12-30,,2023,2,No crop,no_crop,,,,,,,,0,,,,-,,False,LAI,236
UAHS,Jammapura,unlabelled,Kallikere,,,32.0,,13.901092,75.98416,13.897323,75.98144400000001,508.4466242260251,True,010389732025598144,2024-01-20,,2023,2,No crop,no_crop,,,,,,,,0,,,,-,,False,LAI,292
UAHS,Jammapura,unlabelled,Kallikere,,,32.0,,13.901092,75.98416,13.897323,75.98144400000001,508.4466242260251,True,010389732025598144,2024-02-06,ddmm_swapped_by_sequence,2023,2,No crop,no_crop,,,,,,,,0,,,,-,,False,LAI,348
UAHS,Jammapura,unlabelled,Kallikere,,,32.0,,13.901092,75.98416,13.897323,75.98144400000001,508.4466242260251,True,010389732025598144,2024-02-23,,2023,2,No crop,no_crop,,,,,,,,0,,,,-,same_site_date_different_values,False,LAI,404
UAHS,Jammapura,unlabelled,Kallikere,,,32.0,,13.901092,75.98416,13.897323,75.98144400000001,508.4466242260251,True,010389732025598144,2024-03-11,ddmm_swapped_by_sequence,2024,3,No crop,no_crop,,,,,,,,0,,,,-,,False,LAI,517
UAHS,Jammapura,unlabelled,Maravanji2,,,1.0,,13.942089,75.976469,13.942465,75.976404,42.156119050958196,False,010394246025597640,2023-04-10,ddmm_kept_by_sequence,2023,3,Maize,maize,,3.85,1.97,1.96,2.59,2.59,,3,-0.0033333333333334103,,,,,False,LAI,9
UAHS,Jammapura,unlabelled,Maravanji2,,,1.0,,13.942465,75.976404,13.942465,75.976404,0.0,False,010394246025597640,2023-10-25,,2023,2,Maize,maize,,1.7,1.85,2.64,2.06,2.06,,3,-0.0033333333333329662,,,,,False,LAI,65
UAHS,Jammapura,unlabelled,Maravanji2,,,1.0,,13.942465,75.976404,13.942465,75.976404,0.0,False,010394246025597640,2023-11-30,,2023,2,No crop,no_crop,,,,,,,,0,,,,-,,False,LAI,121
UAHS,Jammapura,unlabelled,Maravanji2,,,1.0,,13.942465,75.976404,13.942465,75.976404,0.0,False,010394246025597640,2023-12-15,,2023,2,No crop,no_crop,,,,,,,,0,,,,-,,False,LAI,177
UAHS,Jammapura,unlabelled,Maravanji2,,,1.0,,13.942465,75.976404,13.942465,75.976404,0.0,False,010394246025597640,2023-12-30,,2023,2,No crop,no_crop,,,,,,,,0,,,,-,,False,LAI,233
UAHS,Jammapura,unlabelled,Maravanji2,,,1.0,,13.942465,75.976404,13.942465,75.976404,0.0,False,010394246025597640,2024-01-20,,2023,2,No crop,no_crop,,,,,,,,0,,,,-,,False,LAI,289
UAHS,Jammapura,unlabelled,Maravanji2,,,1.0,,13.942465,75.976404,13.942465,75.976404,0.0,False,010394246025597640,2024-02-06,ddmm_swapped_by_sequence,2023,2,No crop,no_crop,,,,,,,,0,,,,-,,False,LAI,345
UAHS,Jammapura,unlabelled,Maravanji2,,,1.0,,13.942465,75.976404,13.942465,75.976404,0.0,False,010394246025597640,2024-02-23,,2023,2,No crop,no_crop,,,,,,,,0,,,,-,same_site_date_different_values,False,LAI,401
UAHS,Jammapura,unlabelled,Maravanji2,,,1.0,,13.942465,75.976404,13.942465,75.976404,0.0,False,010394246025597640,2024-03-11,ddmm_swapped_by_sequence,2024,3,No crop,no_crop,,,,,,,,0,,,,-,,False,LAI,514
UAHS,Jammapura,unlabelled,Meagondanahalli2,,,58.0,,,,,,,False,,2023-04-10,ddmm_kept_by_sequence,2023,3,Scrub Land,other:scrub land,,,,,,,,0,,,,-,,False,LAI,10
UAHS,Jammapura,unlabelled,Meagondanahalli2,,,58.0,,,,,,,False,,2023-10-25,,2023,2,Scrub Land,other:scrub land,,,,,,,,0,,,,-,,False,LAI,66
UAHS,Jammapura,unlabelled,Meagondanahalli2,,,58.0,,,,,,,False,,2023-11-30,,2023,2,Scrub Land,other:scrub land,,,,,,,,0,,,,-,,False,LAI,122
UAHS,Jammapura,unlabelled,Meagondanahalli2,,,58.0,,,,,,,False,,2023-12-15,,2023,2,Scrub Land,other:scrub land,,,,,,,,0,,,,-,,False,LAI,178
UAHS,Jammapura,unlabelled,Meagondanahalli2,,,58.0,,,,,,,False,,2023-12-30,,2023,2,Scrub Land,other:scrub land,,,,,,,,0,,,,-,,False,LAI,234
UAHS,Jammapura,unlabelled,Meagondanahalli2,,,58.0,,,,,,,False,,2024-01-20,,2023,2,Scrub Land,other:scrub land,,,,,,,,0,,,,-,,False,LAI,290
UAHS,Jammapura,unlabelled,Meagondanahalli2,,,58.0,,,,,,,False,,2024-02-06,ddmm_swapped_by_sequence,2023,2,Scrub Land,other:scrub land,,,,,,,,0,,,,-,,False,LAI,346
UAHS,Jammapura,unlabelled,Meagondanahalli2,,,58.0,,,,,,,False,,2024-02-23,,2023,2,Scrub Land,other:scrub land,,,,,,,,0,,,,-,same_site_date_different_values,False,LAI,402
UAHS,Jammapura,unlabelled,Meagondanahalli2,,,58.0,,,,,,,False,,2024-03-11,ddmm_swapped_by_sequence,2024,3,Scrub Land,other:scrub land,,,,,,,,0,,,,-,,False,LAI,515
UAHS,Jammapura,unlabelled,Pandavamatti1,,,111.0,,13.967512,75.971979,13.9632795,75.972009,468.01551285047776,True,010396328025597201,2023-04-10,ddmm_kept_by_sequence,2023,3,Maize,maize,,1.57,3.98,2.38,2.64,2.64,,3,-0.0033333333333329662,,,,,False,LAI,5
UAHS,Jammapura,unlabelled,Pandavamatti1,,,111.0,,13.96757,75.972009,13.9632795,75.972009,474.4177469999727,True,010396328025597201,2023-10-25,,2023,2,Maize,maize,,2.0,1.95,2.1,2.02,2.02,,3,0.0033333333333329662,,,,,False,LAI,61
UAHS,Jammapura,unlabelled,Pandavamatti1,,,111.0,,13.96757,75.972009,13.9632795,75.972009,474.4177469999727,True,010396328025597201,2023-11-30,,2023,2,No crop,no_crop,,,,,,,,0,,,,-,,False,LAI,117
UAHS,Jammapura,unlabelled,Pandavamatti1,,,111.0,,13.96757,75.972009,13.9632795,75.972009,474.4177469999727,True,010396328025597201,2023-12-15,,2023,2,No crop,no_crop,,,,,,,,0,,,,-,,False,LAI,173
UAHS,Jammapura,unlabelled,Pandavamatti1,,,111.0,,13.96757,75.972009,13.9632795,75.972009,474.4177469999727,True,010396328025597201,2023-12-30,,2023,2,No crop,no_crop,,,,,,,,0,,,,-,,False,LAI,229
UAHS,Jammapura,unlabelled,Pandavamatti1,,,111.0,,13.96757,75.972009,13.9632795,75.972009,474.4177469999727,True,010396328025597201,2024-01-20,,2023,2,No crop,no_crop,,,,,,,,0,,,,-,,False,LAI,285
UAHS,Jammapura,unlabelled,Pandavamatti1,,,111.0,,13.96757,75.972009,13.9632795,75.972009,474.4177469999727,True,010396328025597201,2024-02-06,ddmm_swapped_by_sequence,2023,2,No crop,no_crop,,,,,,,,0,,,,-,,False,LAI,341
UAHS,Jammapura,unlabelled,Pandavamatti1,,,111.0,,13.96757,75.972009,13.9632795,75.972009,474.4177469999727,True,010396328025597201,2024-02-23,,2023,2,No crop,no_crop,,,,,,,,0,,,,-,same_site_date_different_values,False,LAI,397
UAHS,Jammapura,unlabelled,Pandavamatti1,,,111.0,,13.96757,75.972009,13.9632795,75.972009,474.4177469999727,True,010396328025597201,2024-03-11,ddmm_swapped_by_sequence,2024,3,No crop,no_crop,,,,,,,,0,,,,-,,False,LAI,510
UAHS,Jammapura,unlabelled,Pandavamatti1,,,20.0,,13.958802,75.976982,13.9632795,75.972009,727.6899516783781,True,010396328025597201,2023-04-10,ddmm_kept_by_sequence,2023,3,Maize,maize,,2.73,1.66,3.12,2.5,2.5,,3,-0.0033333333333334103,,,,,False,LAI,7
UAHS,Jammapura,unlabelled,Pandavamatti1,,,20.0,,13.959092,75.977003,13.9632795,75.972009,707.9662043221052,True,010396328025597201,2023-10-25,,2023,2,Maize,maize,,2.74,2.84,2.97,2.85,2.85,,3,0.0,,,,,False,LAI,63
UAHS,Jammapura,unlabelled,Pandavamatti1,,,20.0,,13.959092,75.977003,13.9632795,75.972009,707.9662043221052,True,010396328025597201,2023-11-30,,2023,2,No crop,no_crop,,,,,,,,0,,,,-,,False,LAI,119
UAHS,Jammapura,unlabelled,Pandavamatti1,,,20.0,,13.959092,75.977003,13.9632795,75.972009,707.9662043221052,True,010396328025597201,2023-12-15,,2023,2,No crop,no_crop,,,,,,,,0,,,,-,,False,LAI,175
UAHS,Jammapura,unlabelled,Pandavamatti1,,,20.0,,13.959092,75.977003,13.9632795,75.972009,707.9662043221052,True,010396328025597201,2023-12-30,,2023,2,No crop,no_crop,,,,,,,,0,,,,-,,False,LAI,231
UAHS,Jammapura,unlabelled,Pandavamatti1,,,20.0,,13.959092,75.977003,13.9632795,75.972009,707.9662043221052,True,010396328025597201,2024-01-20,,2023,2,No crop,no_crop,,,,,,,,0,,,,-,,False,LAI,287
UAHS,Jammapura,unlabelled,Pandavamatti1,,,20.0,,13.959092,75.977003,13.9632795,75.972009,707.9662043221052,True,010396328025597201,2024-02-06,ddmm_swapped_by_sequence,2023,2,No crop,no_crop,,,,,,,,0,,,,-,,False,LAI,343
UAHS,Jammapura,unlabelled,Pandavamatti1,,,20.0,,13.959092,75.977003,13.9632795,75.972009,707.9662043221052,True,010396328025597201,2024-02-23,,2023,2,No crop,no_crop,,,,,,,,0,,,,-,same_site_date_different_values,False,LAI,399
UAHS,Jammapura,unlabelled,Pandavamatti1,,,20.0,,13.959092,75.977003,13.9632795,75.972009,707.9662043221052,True,010396328025597201,2024-03-11,ddmm_swapped_by_sequence,2024,3,No crop,no_crop,,,,,,,,0,,,,-,,False,LAI,512
UAHS,Jammapura,unlabelled,Pandavamatti1,,,27.0,,13.964695,75.944656,13.9632795,75.972009,2937.507527008964,True,010396328025597201,2023-04-10,ddmm_kept_by_sequence,2023,3,Maize,maize,,2.47,3.55,2.34,2.79,2.79,,3,0.0033333333333334103,,,,,False,LAI,6
UAHS,Jammapura,unlabelled,Pandavamatti1,,,27.0,,13.964859,75.984608,13.9632795,75.972009,1362.357692515807,True,010396328025597201,2023-10-25,,2023,2,Maize,maize,,2.42,1.84,1.89,2.05,2.05,,3,0.0,,,,,False,LAI,62
UAHS,Jammapura,unlabelled,Pandavamatti1,,,27.0,,13.964859,75.984608,13.9632795,75.972009,1362.357692515807,True,010396328025597201,2023-11-30,,2023,2,No crop,no_crop,,,,,,,,0,,,,-,,False,LAI,118
UAHS,Jammapura,unlabelled,Pandavamatti1,,,27.0,,13.964859,75.984608,13.9632795,75.972009,1362.357692515807,True,010396328025597201,2023-12-15,,2023,2,No crop,no_crop,,,,,,,,0,,,,-,,False,LAI,174
UAHS,Jammapura,unlabelled,Pandavamatti1,,,27.0,,13.964859,75.984608,13.9632795,75.972009,1362.357692515807,True,010396328025597201,2023-12-30,,2023,2,No crop,no_crop,,,,,,,,0,,,,-,,False,LAI,230
UAHS,Jammapura,unlabelled,Pandavamatti1,,,27.0,,13.964859,75.984608,13.9632795,75.972009,1362.357692515807,True,010396328025597201,2024-01-20,,2023,2,No crop,no_crop,,,,,,,,0,,,,-,,False,LAI,286
UAHS,Jammapura,unlabelled,Pandavamatti1,,,27.0,,13.964859,75.984608,13.9632795,75.972009,1362.357692515807,True,010396328025597201,2024-02-06,ddmm_swapped_by_sequence,2023,2,No crop,no_crop,,,,,,,,0,,,,-,,False,LAI,342
UAHS,Jammapura,unlabelled,Pandavamatti1,,,27.0,,13.964859,75.984608,13.9632795,75.972009,1362.357692515807,True,010396328025597201,2024-02-23,,2023,2,No crop,no_crop,,,,,,,,0,,,,-,same_site_date_different_values,False,LAI,398
UAHS,Jammapura,unlabelled,Pandavamatti1,,,27.0,,13.964859,75.984608,13.9632795,75.972009,1362.357692515807,True,010396328025597201,2024-03-11,ddmm_swapped_by_sequence,2024,3,No crop,no_crop,,,,,,,,0,,,,-,,False,LAI,511
UAHS,Jammapura,unlabelled,Pandavamatti1,,,61.0,,13.961796,75.963055,13.9632795,75.972009,974.1371497679228,True,010396328025597201,2023-04-10,ddmm_kept_by_sequence,2023,3,Maize,maize,,2.88,2.65,1.98,2.5,2.5,,3,-0.0033333333333334103,,,,,False,LAI,8
UAHS,Jammapura,unlabelled,Pandavamatti1,,,61.0,,13.961864,75.962869,13.9632795,75.972009,992.5912433407144,True,010396328025597201,2023-10-25,,2023,2,Maize,maize,,4.4,3.44,3.82,3.89,3.89,,3,0.0033333333333334103,,,,,False,LAI,64
UAHS,Jammapura,unlabelled,Pandavamatti1,,,61.0,,13.961864,75.962869,13.9632795,75.972009,992.5912433407144,True,010396328025597201,2023-11-30,,2023,2,No crop,no_crop,,,,,,,,0,,,,-,,False,LAI,120
UAHS,Jammapura,unlabelled,Pandavamatti1,,,61.0,,13.961864,75.962869,13.9632795,75.972009,992.5912433407144,True,010396328025597201,2023-12-15,,2023,2,No crop,no_crop,,,,,,,,0,,,,-,,False,LAI,176
UAHS,Jammapura,unlabelled,Pandavamatti1,,,61.0,,13.961864,75.962869,13.9632795,75.972009,992.5912433407144,True,010396328025597201,2023-12-30,,2023,2,No crop,no_crop,,,,,,,,0,,,,-,,False,LAI,232
UAHS,Jammapura,unlabelled,Pandavamatti1,,,61.0,,13.961864,75.962869,13.9632795,75.972009,992.5912433407144,True,010396328025597201,2024-01-20,,2023,2,No crop,no_crop,,,,,,,,0,,,,-,,False,LAI,288
UAHS,Jammapura,unlabelled,Pandavamatti1,,,61.0,,13.961864,75.962869,13.9632795,75.972009,992.5912433407144,True,010396328025597201,2024-02-06,ddmm_swapped_by_sequence,2023,2,No crop,no_crop,,,,,,,,0,,,,-,,False,LAI,344
UAHS,Jammapura,unlabelled,Pandavamatti1,,,61.0,,13.961864,75.962869,13.9632795,75.972009,992.5912433407144,True,010396328025597201,2024-02-23,,2023,2,No crop,no_crop,,,,,,,,0,,,,-,same_site_date_different_values,False,LAI,400
UAHS,Jammapura,unlabelled,Pandavamatti1,,,61.0,,13.961864,75.962869,13.9632795,75.972009,992.5912433407144,True,010396328025597201,2024-03-11,ddmm_swapped_by_sequence,2024,3,No crop,no_crop,,,,,,,,0,,,,-,,False,LAI,513
UAHS,Koranahalli,unlabelled,Chatnahalli-2,,,186.0,,13.690628,75.898286,13.680874500000002,75.9035385,1216.7204637353884,True,010368087025590354,2023-04-10,ddmm_kept_by_sequence,2023,3,JOWAR,sorghum,,2.79,2.31,3.03,2.71,2.71,,3,4.440892098500626e-16,,,,,False,LAI,25
UAHS,Koranahalli,unlabelled,Chatnahalli-2,,,186.0,,13.69058,75.898205,13.680874500000002,75.9035385,1216.0797066446387,True,010368087025590354,2023-10-27,,2023,2,Jowar,sorghum,,3.55,3.68,3.73,3.65,3.65,,3,-0.0033333333333338544,,,,,False,LAI,81
UAHS,Koranahalli,unlabelled,Chatnahalli-2,,,186.0,,13.69058,75.898205,13.680874500000002,75.9035385,1216.0797066446387,True,010368087025590354,2023-11-30,,2023,2,No crop,no_crop,,,,,,,,0,,,,-,,False,LAI,137
UAHS,Koranahalli,unlabelled,Chatnahalli-2,,,186.0,,13.69058,75.898205,13.680874500000002,75.9035385,1216.0797066446387,True,010368087025590354,2023-12-15,,2023,2,No crop,no_crop,,,,,,,,0,,,,-,,False,LAI,193
UAHS,Koranahalli,unlabelled,Chatnahalli-2,,,186.0,,13.69058,75.898205,13.680874500000002,75.9035385,1216.0797066446387,True,010368087025590354,2023-12-30,,2023,2,No crop,no_crop,,,,,,,,0,,,,-,,False,LAI,249
UAHS,Koranahalli,unlabelled,Chatnahalli-2,,,186.0,,13.69058,75.898205,13.680874500000002,75.9035385,1216.0797066446387,True,010368087025590354,2024-01-20,,2023,2,No crop,no_crop,,,,,,,,0,,,,-,,False,LAI,305
UAHS,Koranahalli,unlabelled,Chatnahalli-2,,,186.0,,13.69058,75.898205,13.680874500000002,75.9035385,1216.0797066446387,True,010368087025590354,2024-02-06,ddmm_swapped_by_sequence,2023,2,No crop,no_crop,,,,,,,,0,,,,-,,False,LAI,361
UAHS,Koranahalli,unlabelled,Chatnahalli-2,,,186.0,,13.69058,75.898205,13.680874500000002,75.9035385,1216.0797066446387,True,010368087025590354,2024-02-23,,2023,2,No crop,no_crop,,,,,,,,0,,,,-,same_site_date_different_values,False,LAI,417
UAHS,Koranahalli,unlabelled,Chatnahalli-2,,,186.0,,13.69058,75.898205,13.680874500000002,75.9035385,1216.0797066446387,True,010368087025590354,2024-03-11,ddmm_swapped_by_sequence,2024,3,No crop,no_crop,,,,,,,,0,,,,-,,False,LAI,530
UAHS,Koranahalli,unlabelled,Chatnahalli-2,,,63.0,,13.671168,75.908791,13.680874500000002,75.9035385,1212.1163249928948,True,010368087025590354,2023-04-10,ddmm_kept_by_sequence,2023,3,RAAGI,finger_millet,,2.35,2.77,2.15,2.42,2.42,,3,-0.0033333333333334103,,,,,False,LAI,22
UAHS,Koranahalli,unlabelled,Chatnahalli-2,,,63.0,,13.671169,75.908869,13.680874500000002,75.9035385,1215.92842379731,True,010368087025590354,2023-10-27,,2023,2,Raagi,finger_millet,,1.7,1.52,1.77,1.66,1.66,,3,-0.0033333333333334103,,,,,False,LAI,78
UAHS,Koranahalli,unlabelled,Chatnahalli-2,,,63.0,,13.671169,75.908869,13.680874500000002,75.9035385,1215.92842379731,True,010368087025590354,2023-11-30,,2023,2,No crop,no_crop,,,,,,,,0,,,,-,,False,LAI,134
UAHS,Koranahalli,unlabelled,Chatnahalli-2,,,63.0,,13.671169,75.908869,13.680874500000002,75.9035385,1215.92842379731,True,010368087025590354,2023-12-15,,2023,2,No crop,no_crop,,,,,,,,0,,,,-,,False,LAI,190
UAHS,Koranahalli,unlabelled,Chatnahalli-2,,,63.0,,13.671169,75.908869,13.680874500000002,75.9035385,1215.92842379731,True,010368087025590354,2023-12-30,,2023,2,No crop,no_crop,,,,,,,,0,,,,-,,False,LAI,246
UAHS,Koranahalli,unlabelled,Chatnahalli-2,,,63.0,,13.671169,75.908869,13.680874500000002,75.9035385,1215.92842379731,True,010368087025590354,2024-01-20,,2023,2,No crop,no_crop,,,,,,,,0,,,,-,,False,LAI,302
UAHS,Koranahalli,unlabelled,Chatnahalli-2,,,63.0,,13.671169,75.908869,13.680874500000002,75.9035385,1215.92842379731,True,010368087025590354,2024-02-06,ddmm_swapped_by_sequence,2023,2,No crop,no_crop,,,,,,,,0,,,,-,,False,LAI,358
UAHS,Koranahalli,unlabelled,Chatnahalli-2,,,63.0,,13.671169,75.908869,13.680874500000002,75.9035385,1215.92842379731,True,010368087025590354,2024-02-23,,2023,2,No crop,no_crop,,,,,,,,0,,,,-,same_site_date_different_values,False,LAI,414
UAHS,Koranahalli,unlabelled,Chatnahalli-2,,,63.0,,13.671169,75.908869,13.680874500000002,75.9035385,1215.92842379731,True,010368087025590354,2024-03-11,ddmm_swapped_by_sequence,2024,3,No crop,no_crop,,,,,,,,0,,,,-,,False,LAI,527
UAHS,Koranahalli,unlabelled,Gollarahalli,,,61.0,,13.673428,75.973575,13.673428,75.97357,0.5361998225099778,False,010367343025597357,2023-04-10,ddmm_kept_by_sequence,2023,3,MAIZE,maize,,3.43,3.11,3.65,3.4,3.4,,3,0.0033333333333334103,,,,,False,LAI,21
UAHS,Koranahalli,unlabelled,Gollarahalli,,,61.0,,13.673428,75.97357,13.673428,75.97357,0.0,False,010367343025597357,2023-10-27,,2023,2,Maize,maize,,1.59,1.66,1.69,1.65,1.65,,3,0.0033333333333334103,,,,,False,LAI,77
UAHS,Koranahalli,unlabelled,Gollarahalli,,,61.0,,13.673428,75.97357,13.673428,75.97357,0.0,False,010367343025597357,2023-11-30,,2023,2,No crop,no_crop,,,,,,,,0,,,,-,,False,LAI,133
UAHS,Koranahalli,unlabelled,Gollarahalli,,,61.0,,13.673428,75.97357,13.673428,75.97357,0.0,False,010367343025597357,2023-12-15,,2023,2,No crop,no_crop,,,,,,,,0,,,,-,,False,LAI,189
UAHS,Koranahalli,unlabelled,Gollarahalli,,,61.0,,13.673428,75.97357,13.673428,75.97357,0.0,False,010367343025597357,2023-12-30,,2023,2,No crop,no_crop,,,,,,,,0,,,,-,,False,LAI,245
UAHS,Koranahalli,unlabelled,Gollarahalli,,,61.0,,13.673428,75.97357,13.673428,75.97357,0.0,False,010367343025597357,2024-01-20,,2023,2,No crop,no_crop,,,,,,,,0,,,,-,,False,LAI,301
UAHS,Koranahalli,unlabelled,Gollarahalli,,,61.0,,13.673428,75.97357,13.673428,75.97357,0.0,False,010367343025597357,2024-02-06,ddmm_swapped_by_sequence,2023,2,No crop,no_crop,,,,,,,,0,,,,-,,False,LAI,357
UAHS,Koranahalli,unlabelled,Gollarahalli,,,61.0,,13.673428,75.97357,13.673428,75.97357,0.0,False,010367343025597357,2024-02-23,,2023,2,No crop,no_crop,,,,,,,,0,,,,-,same_site_date_different_values,False,LAI,413
UAHS,Koranahalli,unlabelled,Gollarahalli,,,61.0,,13.673428,75.97357,13.673428,75.97357,0.0,False,010367343025597357,2024-03-11,ddmm_swapped_by_sequence,2024,3,No crop,no_crop,,,,,,,,0,,,,-,,False,LAI,526
UAHS,Koranahalli,unlabelled,Jodi Bokikere,,,13.0,,13.692315,75.911197,13.692221,75.911212,10.517695259822528,False,010369222025591121,2023-04-10,ddmm_kept_by_sequence,2023,3,RAAGI,finger_millet,,3.97,3.6,4.02,3.86,3.86,,3,-0.0033333333333334103,,,,,False,LAI,23
UAHS,Koranahalli,unlabelled,Jodi Bokikere,,,13.0,,13.692221,75.911212,13.692221,75.911212,0.0,False,010369222025591121,2023-10-27,,2023,2,Raagi,finger_millet,,1.8,1.93,1.78,1.84,1.84,,3,0.0033333333333334103,,,,,False,LAI,79
UAHS,Koranahalli,unlabelled,Jodi Bokikere,,,13.0,,13.692221,75.911212,13.692221,75.911212,0.0,False,010369222025591121,2023-11-30,,2023,2,No crop,no_crop,,,,,,,,0,,,,-,,False,LAI,135
UAHS,Koranahalli,unlabelled,Jodi Bokikere,,,13.0,,13.692221,75.911212,13.692221,75.911212,0.0,False,010369222025591121,2023-12-15,,2023,2,No crop,no_crop,,,,,,,,0,,,,-,,False,LAI,191
UAHS,Koranahalli,unlabelled,Jodi Bokikere,,,13.0,,13.692221,75.911212,13.692221,75.911212,0.0,False,010369222025591121,2023-12-30,,2023,2,No crop,no_crop,,,,,,,,0,,,,-,,False,LAI,247
UAHS,Koranahalli,unlabelled,Jodi Bokikere,,,13.0,,13.692221,75.911212,13.692221,75.911212,0.0,False,010369222025591121,2024-01-20,,2023,2,No crop,no_crop,,,,,,,,0,,,,-,,False,LAI,303
UAHS,Koranahalli,unlabelled,Jodi Bokikere,,,13.0,,13.692221,75.911212,13.692221,75.911212,0.0,False,010369222025591121,2024-02-06,ddmm_swapped_by_sequence,2023,2,No crop,no_crop,,,,,,,,0,,,,-,,False,LAI,359
UAHS,Koranahalli,unlabelled,Jodi Bokikere,,,13.0,,13.692221,75.911212,13.692221,75.911212,0.0,False,010369222025591121,2024-02-23,,2023,2,No crop,no_crop,,,,,,,,0,,,,-,same_site_date_different_values,False,LAI,415
UAHS,Koranahalli,unlabelled,Jodi Bokikere,,,13.0,,13.692221,75.911212,13.692221,75.911212,0.0,False,010369222025591121,2024-03-11,ddmm_swapped_by_sequence,2024,3,No crop,no_crop,,,,,,,,0,,,,-,,False,LAI,528
UAHS,Koranahalli,unlabelled,Koranahalli,,,13.0,,13.685003,75.93763,13.688118,75.920687,1849.32571414041,True,010368812025592069,2023-04-10,ddmm_kept_by_sequence,2023,3,RAAGI,finger_millet,,2.05,2.24,2.57,2.29,2.29,,3,0.0033333333333334103,,,,,False,LAI,20
UAHS,Koranahalli,unlabelled,Koranahalli,,,13.0,,13.684982,75.937627,13.688118,75.920687,1849.4435895864651,True,010368812025592069,2023-10-27,,2023,2,Raagi,finger_millet,,1.67,1.82,1.74,1.74,1.74,,3,-0.0033333333333334103,,,,,False,LAI,76
UAHS,Koranahalli,unlabelled,Koranahalli,,,13.0,,13.684982,75.937627,13.688118,75.920687,1849.4435895864651,True,010368812025592069,2023-11-30,,2023,2,No crop,no_crop,,,,,,,,0,,,,-,,False,LAI,132
UAHS,Koranahalli,unlabelled,Koranahalli,,,13.0,,13.684982,75.937627,13.688118,75.920687,1849.4435895864651,True,010368812025592069,2023-12-15,,2023,2,No crop,no_crop,,,,,,,,0,,,,-,,False,LAI,188
UAHS,Koranahalli,unlabelled,Koranahalli,,,13.0,,13.684982,75.937627,13.688118,75.920687,1849.4435895864651,True,010368812025592069,2023-12-30,,2023,2,No crop,no_crop,,,,,,,,0,,,,-,,False,LAI,244
UAHS,Koranahalli,unlabelled,Koranahalli,,,13.0,,13.684982,75.937627,13.688118,75.920687,1849.4435895864651,True,010368812025592069,2024-01-20,,2023,2,No crop,no_crop,,,,,,,,0,,,,-,,False,LAI,300
UAHS,Koranahalli,unlabelled,Koranahalli,,,13.0,,13.684982,75.937627,13.688118,75.920687,1849.4435895864651,True,010368812025592069,2024-02-06,ddmm_swapped_by_sequence,2023,2,No crop,no_crop,,,,,,,,0,,,,-,,False,LAI,356
UAHS,Koranahalli,unlabelled,Koranahalli,,,13.0,,13.684982,75.937627,13.688118,75.920687,1849.4435895864651,True,010368812025592069,2024-02-23,,2023,2,No crop,no_crop,,,,,,,,0,,,,-,same_site_date_different_values,False,LAI,412
UAHS,Koranahalli,unlabelled,Koranahalli,,,13.0,,13.684982,75.937627,13.688118,75.920687,1849.4435895864651,True,010368812025592069,2024-03-11,ddmm_swapped_by_sequence,2024,3,No crop,no_crop,,,,,,,,0,,,,-,,False,LAI,525
UAHS,Koranahalli,unlabelled,Koranahalli,,,3.0,,13.691374,75.903688,13.688118,75.920687,1858.1841464275994,True,010368812025592069,2023-04-10,ddmm_kept_by_sequence,2023,3,RAAGI,finger_millet,,5.02,4.3,2.24,3.85,3.85,,3,-0.0033333333333334103,,,,,False,LAI,24
UAHS,Koranahalli,unlabelled,Koranahalli,,,3.0,,13.691233,75.903747,13.688118,75.920687,1849.009624585567,True,010368812025592069,2023-10-27,,2023,2,Raagi,finger_millet,,4.45,3.9,3.96,4.1,4.1,,3,-0.0033333333333329662,,,,,False,LAI,80
UAHS,Koranahalli,unlabelled,Koranahalli,,,3.0,,13.691233,75.903747,13.688118,75.920687,1849.009624585567,True,010368812025592069,2023-11-30,,2023,2,No crop,no_crop,,,,,,,,0,,,,-,,False,LAI,136
UAHS,Koranahalli,unlabelled,Koranahalli,,,3.0,,13.691233,75.903747,13.688118,75.920687,1849.009624585567,True,010368812025592069,2023-12-15,,2023,2,No crop,no_crop,,,,,,,,0,,,,-,,False,LAI,192
UAHS,Koranahalli,unlabelled,Koranahalli,,,3.0,,13.691233,75.903747,13.688118,75.920687,1849.009624585567,True,010368812025592069,2023-12-30,,2023,2,No crop,no_crop,,,,,,,,0,,,,-,,False,LAI,248
UAHS,Koranahalli,unlabelled,Koranahalli,,,3.0,,13.691233,75.903747,13.688118,75.920687,1849.009624585567,True,010368812025592069,2024-01-20,,2023,2,No crop,no_crop,,,,,,,,0,,,,-,,False,LAI,304
UAHS,Koranahalli,unlabelled,Koranahalli,,,3.0,,13.691233,75.903747,13.688118,75.920687,1849.009624585567,True,010368812025592069,2024-02-06,ddmm_swapped_by_sequence,2023,2,No crop,no_crop,,,,,,,,0,,,,-,,False,LAI,360
UAHS,Koranahalli,unlabelled,Koranahalli,,,3.0,,13.691233,75.903747,13.688118,75.920687,1849.009624585567,True,010368812025592069,2024-02-23,,2023,2,No crop,no_crop,,,,,,,,0,,,,-,same_site_date_different_values,False,LAI,416
UAHS,Koranahalli,unlabelled,Koranahalli,,,3.0,,13.691233,75.903747,13.688118,75.920687,1849.009624585567,True,010368812025592069,2024-03-11,ddmm_swapped_by_sequence,2024,3,No crop,no_crop,,,,,,,,0,,,,-,,False,LAI,529
UAHS,Koranahalli,unlabelled,Makanahalli,,,18.0,,13.69542,75.945553,13.701053,75.934223,1365.3767690173318,True,010370105025593422,2023-04-10,ddmm_kept_by_sequence,2023,3,RAAGI,finger_millet,,3.85,4.42,3.93,4.07,4.07,,3,0.0033333333333338544,,,,,False,LAI,27
UAHS,Koranahalli,unlabelled,Makanahalli,,,18.0,,13.695563,75.945694,13.701053,75.934223,1371.77962894586,True,010370105025593422,2023-10-27,,2023,2,Raagi,finger_millet,,2.33,2.1,2.36,2.26,2.26,,3,-0.0033333333333334103,,,,,False,LAI,83
UAHS,Koranahalli,unlabelled,Makanahalli,,,18.0,,13.695563,75.945694,13.701053,75.934223,1371.77962894586,True,010370105025593422,2023-11-30,,2023,2,No crop,no_crop,,,,,,,,0,,,,-,,False,LAI,139
UAHS,Koranahalli,unlabelled,Makanahalli,,,18.0,,13.695563,75.945694,13.701053,75.934223,1371.77962894586,True,010370105025593422,2023-12-15,,2023,2,No crop,no_crop,,,,,,,,0,,,,-,,False,LAI,195
UAHS,Koranahalli,unlabelled,Makanahalli,,,18.0,,13.695563,75.945694,13.701053,75.934223,1371.77962894586,True,010370105025593422,2023-12-30,,2023,2,No crop,no_crop,,,,,,,,0,,,,-,,False,LAI,251
UAHS,Koranahalli,unlabelled,Makanahalli,,,18.0,,13.695563,75.945694,13.701053,75.934223,1371.77962894586,True,010370105025593422,2024-01-20,,2023,2,No crop,no_crop,,,,,,,,0,,,,-,,False,LAI,307
UAHS,Koranahalli,unlabelled,Makanahalli,,,18.0,,13.695563,75.945694,13.701053,75.934223,1371.77962894586,True,010370105025593422,2024-02-06,ddmm_swapped_by_sequence,2023,2,No crop,no_crop,,,,,,,,0,,,,-,,False,LAI,363
UAHS,Koranahalli,unlabelled,Makanahalli,,,18.0,,13.695563,75.945694,13.701053,75.934223,1371.77962894586,True,010370105025593422,2024-02-23,,2023,2,No crop,no_crop,,,,,,,,0,,,,-,same_site_date_different_values,False,LAI,419
UAHS,Koranahalli,unlabelled,Makanahalli,,,18.0,,13.695563,75.945694,13.701053,75.934223,1371.77962894586,True,010370105025593422,2024-03-11,ddmm_swapped_by_sequence,2024,3,No crop,no_crop,,,,,,,,0,,,,-,,False,LAI,532
UAHS,Koranahalli,unlabelled,Makanahalli,,,35.0,,13.706543,75.922893,13.701053,75.934223,1358.2364340689905,True,010370105025593422,2023-04-10,ddmm_kept_by_sequence,2023,3,RAAGI,finger_millet,,1.2,1.74,1.97,1.64,1.64,,3,0.0033333333333331883,,,,,False,LAI,19
UAHS,Koranahalli,unlabelled,Makanahalli,,,35.0,,13.706584,75.922672,13.701053,75.934223,1381.4793061995147,True,010370105025593422,2023-10-27,,2023,2,Raagi,finger_millet,,0.5847,0.651,0.84,0.69,0.69,,3,-0.0019000000000000128,,,,,False,LAI,75
UAHS,Koranahalli,unlabelled,Makanahalli,,,35.0,,13.706584,75.922672,13.701053,75.934223,1381.4793061995147,True,010370105025593422,2023-11-30,,2023,2,No crop,no_crop,,,,,,,,0,,,,-,,False,LAI,131
UAHS,Koranahalli,unlabelled,Makanahalli,,,35.0,,13.706584,75.922672,13.701053,75.934223,1381.4793061995147,True,010370105025593422,2023-12-15,,2023,2,No crop,no_crop,,,,,,,,0,,,,-,,False,LAI,187
UAHS,Koranahalli,unlabelled,Makanahalli,,,35.0,,13.706584,75.922672,13.701053,75.934223,1381.4793061995147,True,010370105025593422,2023-12-30,,2023,2,No crop,no_crop,,,,,,,,0,,,,-,,False,LAI,243
UAHS,Koranahalli,unlabelled,Makanahalli,,,35.0,,13.706584,75.922672,13.701053,75.934223,1381.4793061995147,True,010370105025593422,2024-01-20,,2023,2,No crop,no_crop,,,,,,,,0,,,,-,,False,LAI,299
UAHS,Koranahalli,unlabelled,Makanahalli,,,35.0,,13.706584,75.922672,13.701053,75.934223,1381.4793061995147,True,010370105025593422,2024-02-06,ddmm_swapped_by_sequence,2023,2,No crop,no_crop,,,,,,,,0,,,,-,,False,LAI,355
UAHS,Koranahalli,unlabelled,Makanahalli,,,35.0,,13.706584,75.922672,13.701053,75.934223,1381.4793061995147,True,010370105025593422,2024-02-23,,2023,2,No crop,no_crop,,,,,,,,0,,,,-,same_site_date_different_values,False,LAI,411
UAHS,Koranahalli,unlabelled,Makanahalli,,,35.0,,13.706584,75.922672,13.701053,75.934223,1381.4793061995147,True,010370105025593422,2024-03-11,ddmm_swapped_by_sequence,2024,3,No crop,no_crop,,,,,,,,0,,,,-,,False,LAI,524
UAHS,Koranahalli,unlabelled,Rajanahalli-2,,,11.0,,13.684319,75.896951,13.684247,75.896918,8.712444547563647,False,010368425025589692,2023-04-10,ddmm_kept_by_sequence,2023,3,RAAGI,finger_millet,,4.2,3.89,4.06,4.05,4.05,,3,0.0,,,,,False,LAI,26
UAHS,Koranahalli,unlabelled,Rajanahalli-2,,,11.0,,13.684247,75.896918,13.684247,75.896918,0.0,False,010368425025589692,2023-10-27,,2023,2,Raagi,finger_millet,,3.77,3.51,3.86,3.71,3.71,,3,-0.0033333333333329662,,,,,False,LAI,82
UAHS,Koranahalli,unlabelled,Rajanahalli-2,,,11.0,,13.684247,75.896918,13.684247,75.896918,0.0,False,010368425025589692,2023-11-30,,2023,2,No crop,no_crop,,,,,,,,0,,,,-,,False,LAI,138
UAHS,Koranahalli,unlabelled,Rajanahalli-2,,,11.0,,13.684247,75.896918,13.684247,75.896918,0.0,False,010368425025589692,2023-12-15,,2023,2,No crop,no_crop,,,,,,,,0,,,,-,,False,LAI,194
UAHS,Koranahalli,unlabelled,Rajanahalli-2,,,11.0,,13.684247,75.896918,13.684247,75.896918,0.0,False,010368425025589692,2023-12-30,,2023,2,No crop,no_crop,,,,,,,,0,,,,-,,False,LAI,250
UAHS,Koranahalli,unlabelled,Rajanahalli-2,,,11.0,,13.684247,75.896918,13.684247,75.896918,0.0,False,010368425025589692,2024-01-20,,2023,2,No crop,no_crop,,,,,,,,0,,,,-,,False,LAI,306
UAHS,Koranahalli,unlabelled,Rajanahalli-2,,,11.0,,13.684247,75.896918,13.684247,75.896918,0.0,False,010368425025589692,2024-02-06,ddmm_swapped_by_sequence,2023,2,No crop,no_crop,,,,,,,,0,,,,-,,False,LAI,362
UAHS,Koranahalli,unlabelled,Rajanahalli-2,,,11.0,,13.684247,75.896918,13.684247,75.896918,0.0,False,010368425025589692,2024-02-23,,2023,2,No crop,no_crop,,,,,,,,0,,,,-,same_site_date_different_values,False,LAI,418
UAHS,Koranahalli,unlabelled,Rajanahalli-2,,,11.0,,13.684247,75.896918,13.684247,75.896918,0.0,False,010368425025589692,2024-03-11,ddmm_swapped_by_sequence,2024,3,No crop,no_crop,,,,,,,,0,,,,-,,False,LAI,531
UAHS,Kytagondanahalli,unlabelled,Kasturitimmanahalli1,,,48.0,,14.259391,76.731957,14.2782895,76.7313645,2090.6485215058665,True,010427829025673136,2023-10-19,,2023,2,Redgram,pigeon_pea,,3.05,2.15,2.08,2.43,2.43,,3,0.0033333333333338544,,,,,False,LAI,41
UAHS,Kytagondanahalli,unlabelled,Kasturitimmanahalli1,,,48.0,,14.259391,76.731957,14.2782895,76.7313645,2090.6485215058665,True,010427829025673136,2023-11-10,ddmm_swapped_by_sequence,2023,2,Redgram,pigeon_pea,,1.93,2.32,1.27,1.84,1.84,,3,2.220446049250313e-16,,,,,False,LAI,97
UAHS,Kytagondanahalli,unlabelled,Kasturitimmanahalli1,,,48.0,,14.259371,76.731929,14.2782895,76.7313645,2092.7699699213313,True,010427829025673136,2023-11-30,,2023,2,Redgram,pigeon_pea,,2.45,2.21,2.1,2.25,2.25,,3,-0.0033333333333334103,,,,,False,LAI,153
UAHS,Kytagondanahalli,unlabelled,Kasturitimmanahalli1,,,48.0,,14.259371,76.731929,14.2782895,76.7313645,2092.7699699213313,True,010427829025673136,2023-12-15,,2023,2,No crop,no_crop,,,,,,,,0,,,,-,,False,LAI,209
UAHS,Kytagondanahalli,unlabelled,Kasturitimmanahalli1,,,48.0,,14.259371,76.731929,14.2782895,76.7313645,2092.7699699213313,True,010427829025673136,2023-12-30,,2023,2,No crop,no_crop,,,,,,,,0,,,,-,,False,LAI,265
UAHS,Kytagondanahalli,unlabelled,Kasturitimmanahalli1,,,48.0,,14.259371,76.731929,14.2782895,76.7313645,2092.7699699213313,True,010427829025673136,2024-01-20,,2023,2,No crop,no_crop,,,,,,,,0,,,,-,,False,LAI,321
UAHS,Kytagondanahalli,unlabelled,Kasturitimmanahalli1,,,48.0,,14.259371,76.731929,14.2782895,76.7313645,2092.7699699213313,True,010427829025673136,2024-02-06,ddmm_swapped_by_sequence,2023,2,No crop,no_crop,,,,,,,,0,,,,-,,False,LAI,377
UAHS,Kytagondanahalli,unlabelled,Kasturitimmanahalli1,,,48.0,,14.259371,76.731929,14.2782895,76.7313645,2092.7699699213313,True,010427829025673136,2024-02-23,,2023,2,No crop,no_crop,,,,,,,,0,,,,-,same_site_date_different_values,False,LAI,433
UAHS,Kytagondanahalli,unlabelled,Kasturitimmanahalli1,,,48.0,,14.259371,76.731929,14.2782895,76.7313645,2092.7699699213313,True,010427829025673136,2024-03-11,ddmm_swapped_by_sequence,2024,3,No crop,no_crop,,,,,,,,0,,,,-,,False,LAI,546
UAHS,Kytagondanahalli,unlabelled,Kasturitimmanahalli1,,,69.0,,14.297199,76.7308,14.2782895,76.7313645,2091.775220561678,True,010427829025673136,2023-10-19,,2023,2,Redgram,pigeon_pea,,1.59,1.13,1.34,1.35,1.35,,3,-0.0033333333333331883,,,,,False,LAI,40
UAHS,Kytagondanahalli,unlabelled,Kasturitimmanahalli1,,,69.0,,14.297199,76.7308,14.2782895,76.7313645,2091.775220561678,True,010427829025673136,2023-11-10,ddmm_swapped_by_sequence,2023,2,Redgram,pigeon_pea,,1.26,2.53,2.81,2.2,2.2,,3,4.440892098500626e-16,,,,,False,LAI,96
UAHS,Kytagondanahalli,unlabelled,Kasturitimmanahalli1,,,69.0,,14.297188,76.730754,14.2782895,76.7313645,2090.7080787027953,True,010427829025673136,2023-11-30,,2023,2,Redgram,pigeon_pea,,1.92,2.22,1.91,2.02,2.02,,3,0.0033333333333329662,,,,,False,LAI,152
UAHS,Kytagondanahalli,unlabelled,Kasturitimmanahalli1,,,69.0,,14.297277,76.730635,14.2782895,76.7313645,2100.9808347045973,True,010427829025673136,2023-12-15,,2023,2,Redgram,pigeon_pea,,1.23,0.99,1.46,1.23,1.23,,3,0.0033333333333334103,,,,,False,LAI,208
UAHS,Kytagondanahalli,unlabelled,Kasturitimmanahalli1,,,69.0,,14.297263,76.730772,14.2782895,76.7313645,2098.9377556351274,True,010427829025673136,2023-12-30,,2023,2,Redgram,pigeon_pea,,3.54,1.41,0.29,1.75,1.75,,3,0.0033333333333331883,,,,,False,LAI,264
UAHS,Kytagondanahalli,unlabelled,Kasturitimmanahalli1,,,69.0,,14.297188,76.730754,14.2782895,76.7313645,2090.7080787027953,True,010427829025673136,2024-01-20,,2023,2,No crop,no_crop,,,,,,,,0,,,,-,,False,LAI,320
UAHS,Kytagondanahalli,unlabelled,Kasturitimmanahalli1,,,69.0,,14.297188,76.730754,14.2782895,76.7313645,2090.7080787027953,True,010427829025673136,2024-02-06,ddmm_swapped_by_sequence,2023,2,No crop,no_crop,,,,,,,,0,,,,-,,False,LAI,376
UAHS,Kytagondanahalli,unlabelled,Kasturitimmanahalli1,,,69.0,,14.297188,76.730754,14.2782895,76.7313645,2090.7080787027953,True,010427829025673136,2024-02-23,,2023,2,No crop,no_crop,,,,,,,,0,,,,-,same_site_date_different_values,False,LAI,432
UAHS,Kytagondanahalli,unlabelled,Kasturitimmanahalli1,,,69.0,,14.297188,76.730754,14.2782895,76.7313645,2090.7080787027953,True,010427829025673136,2024-03-11,ddmm_swapped_by_sequence,2024,3,No crop,no_crop,,,,,,,,0,,,,-,,False,LAI,545
UAHS,Kytagondanahalli,unlabelled,Kasturitimmanahalli2,,,76.0,,14.306506,76.753113,14.306506,76.753113,0.0,False,010430651025675311,2023-10-19,,2023,2,Groundnut,groundnut,,2.11,3.01,2.33,2.48,2.48,,3,-0.0033333333333329662,,,,,False,LAI,37
UAHS,Kytagondanahalli,unlabelled,Kasturitimmanahalli2,,,76.0,,14.306506,76.753113,14.306506,76.753113,0.0,False,010430651025675311,2023-11-10,ddmm_swapped_by_sequence,2023,2,-,no_crop,,,,,,,,0,,,,-,,False,LAI,93
UAHS,Kytagondanahalli,unlabelled,Kasturitimmanahalli2,,,76.0,,14.306506,76.753113,14.306506,76.753113,0.0,False,010430651025675311,2023-11-30,,2023,2,-,no_crop,,,,,,,,0,,,,-,,False,LAI,149
UAHS,Kytagondanahalli,unlabelled,Kasturitimmanahalli2,,,76.0,,14.306506,76.753113,14.306506,76.753113,0.0,False,010430651025675311,2023-12-15,,2023,2,No crop,no_crop,,,,,,,,0,,,,-,,False,LAI,205
UAHS,Kytagondanahalli,unlabelled,Kasturitimmanahalli2,,,76.0,,14.306506,76.753113,14.306506,76.753113,0.0,False,010430651025675311,2023-12-30,,2023,2,No crop,no_crop,,,,,,,,0,,,,-,,False,LAI,261
UAHS,Kytagondanahalli,unlabelled,Kasturitimmanahalli2,,,76.0,,14.306506,76.753113,14.306506,76.753113,0.0,False,010430651025675311,2024-01-20,,2023,2,No crop,no_crop,,,,,,,,0,,,,-,,False,LAI,317
UAHS,Kytagondanahalli,unlabelled,Kasturitimmanahalli2,,,76.0,,14.306506,76.753113,14.306506,76.753113,0.0,False,010430651025675311,2024-02-06,ddmm_swapped_by_sequence,2023,2,No crop,no_crop,,,,,,,,0,,,,-,,False,LAI,373
UAHS,Kytagondanahalli,unlabelled,Kasturitimmanahalli2,,,76.0,,14.306506,76.753113,14.306506,76.753113,0.0,False,010430651025675311,2024-02-23,,2023,2,No crop,no_crop,,,,,,,,0,,,,-,same_site_date_different_values,False,LAI,429
UAHS,Kytagondanahalli,unlabelled,Kasturitimmanahalli2,,,76.0,,14.306506,76.753113,14.306506,76.753113,0.0,False,010430651025675311,2024-03-11,ddmm_swapped_by_sequence,2024,3,No crop,no_crop,,,,,,,,0,,,,-,,False,LAI,542
UAHS,Kytagondanahalli,unlabelled,Kyatagondanahalli2,,,88.0,,14.387161,76.808913,14.387161,76.808913,0.0,False,010438716025680891,2023-10-19,,2023,2,Groundnut,groundnut,,2.23,4.2,2.63,3.02,3.02,,3,4.440892098500626e-16,,,,,False,LAI,34
UAHS,Kytagondanahalli,unlabelled,Kyatagondanahalli2,,,88.0,,14.387161,76.808913,14.387161,76.808913,0.0,False,010438716025680891,2023-11-10,ddmm_swapped_by_sequence,2023,2,-,no_crop,,,,,,,,0,,,,-,,False,LAI,90
UAHS,Kytagondanahalli,unlabelled,Kyatagondanahalli2,,,88.0,,14.387161,76.808913,14.387161,76.808913,0.0,False,010438716025680891,2023-11-30,,2023,2,No crop,no_crop,,,,,,,,0,,,,-,,False,LAI,146
UAHS,Kytagondanahalli,unlabelled,Kyatagondanahalli2,,,88.0,,14.387161,76.808913,14.387161,76.808913,0.0,False,010438716025680891,2023-12-15,,2023,2,No crop,no_crop,,,,,,,,0,,,,-,,False,LAI,202
UAHS,Kytagondanahalli,unlabelled,Kyatagondanahalli2,,,88.0,,14.387161,76.808913,14.387161,76.808913,0.0,False,010438716025680891,2023-12-30,,2023,2,No crop,no_crop,,,,,,,,0,,,,-,,False,LAI,258
UAHS,Kytagondanahalli,unlabelled,Kyatagondanahalli2,,,88.0,,14.387161,76.808913,14.387161,76.808913,0.0,False,010438716025680891,2024-01-20,,2023,2,No crop,no_crop,,,,,,,,0,,,,-,,False,LAI,314
UAHS,Kytagondanahalli,unlabelled,Kyatagondanahalli2,,,88.0,,14.387161,76.808913,14.387161,76.808913,0.0,False,010438716025680891,2024-02-06,ddmm_swapped_by_sequence,2023,2,No crop,no_crop,,,,,,,,0,,,,-,,False,LAI,370
UAHS,Kytagondanahalli,unlabelled,Kyatagondanahalli2,,,88.0,,14.387161,76.808913,14.387161,76.808913,0.0,False,010438716025680891,2024-02-23,,2023,2,No crop,no_crop,,,,,,,,0,,,,-,same_site_date_different_values,False,LAI,426
UAHS,Kytagondanahalli,unlabelled,Kyatagondanahalli2,,,88.0,,14.387161,76.808913,14.387161,76.808913,0.0,False,010438716025680891,2024-03-11,ddmm_swapped_by_sequence,2024,3,No crop,no_crop,,,,,,,,0,,,,-,,False,LAI,539
UAHS,Kytagondanahalli,unlabelled,Kyatagondanahalli3,,,41.0,,14.314646,76.773962,14.3033265,76.757424,2170.7218655244637,True,010430333025675742,2023-10-19,,2023,2,Redgram,pigeon_pea,,1.98,1.51,1.77,1.75,1.75,,3,-0.0033333333333331883,,,,,False,LAI,36
UAHS,Kytagondanahalli,unlabelled,Kyatagondanahalli3,,,41.0,,14.314646,76.773962,14.3033265,76.757424,2170.7218655244637,True,010430333025675742,2023-11-10,ddmm_swapped_by_sequence,2023,2,Redgram,pigeon_pea,,1.51,1.1,1.85,1.49,1.49,,3,0.0033333333333329662,,,,,False,LAI,92
UAHS,Kytagondanahalli,unlabelled,Kyatagondanahalli3,,,41.0,,14.314764,76.773928,14.3033265,76.757424,2175.3036494250937,True,010430333025675742,2023-11-30,,2023,2,Redgram,pigeon_pea,,1.23,1.21,1.3,1.25,1.25,,3,0.0033333333333331883,,,,,False,LAI,148
UAHS,Kytagondanahalli,unlabelled,Kyatagondanahalli3,,,41.0,,14.314764,76.773928,14.3033265,76.757424,2175.3036494250937,True,010430333025675742,2023-12-15,,2023,2,No crop,no_crop,,,,,,,,0,,,,-,,False,LAI,204
UAHS,Kytagondanahalli,unlabelled,Kyatagondanahalli3,,,41.0,,14.314764,76.773928,14.3033265,76.757424,2175.3036494250937,True,010430333025675742,2023-12-30,,2023,2,No crop,no_crop,,,,,,,,0,,,,-,,False,LAI,260
UAHS,Kytagondanahalli,unlabelled,Kyatagondanahalli3,,,41.0,,14.314764,76.773928,14.3033265,76.757424,2175.3036494250937,True,010430333025675742,2024-01-20,,2023,2,No crop,no_crop,,,,,,,,0,,,,-,,False,LAI,316
UAHS,Kytagondanahalli,unlabelled,Kyatagondanahalli3,,,41.0,,14.314764,76.773928,14.3033265,76.757424,2175.3036494250937,True,010430333025675742,2024-02-06,ddmm_swapped_by_sequence,2023,2,No crop,no_crop,,,,,,,,0,,,,-,,False,LAI,372
UAHS,Kytagondanahalli,unlabelled,Kyatagondanahalli3,,,41.0,,14.314764,76.773928,14.3033265,76.757424,2175.3036494250937,True,010430333025675742,2024-02-23,,2023,2,No crop,no_crop,,,,,,,,0,,,,-,same_site_date_different_values,False,LAI,428
UAHS,Kytagondanahalli,unlabelled,Kyatagondanahalli3,,,41.0,,14.314764,76.773928,14.3033265,76.757424,2175.3036494250937,True,010430333025675742,2024-03-11,ddmm_swapped_by_sequence,2024,3,No crop,no_crop,,,,,,,,0,,,,-,,False,LAI,541
UAHS,Kytagondanahalli,unlabelled,Kyatagondanahalli3,,,59.0,,14.291979,76.74092,14.3033265,76.757424,2169.5330074651147,True,010430333025675742,2023-10-19,,2023,2,Redgram,pigeon_pea,,0.542,0.991,1.52,1.02,1.02,,3,0.0023333333333332984,,,,,False,LAI,39
UAHS,Kytagondanahalli,unlabelled,Kyatagondanahalli3,,,59.0,,14.291979,76.74092,14.3033265,76.757424,2169.5330074651147,True,010430333025675742,2023-11-10,ddmm_swapped_by_sequence,2023,2,Redgram,pigeon_pea,,1.57,1.54,1.64,1.58,1.58,,3,-0.0033333333333331883,,,,,False,LAI,95
UAHS,Kytagondanahalli,unlabelled,Kyatagondanahalli3,,,59.0,,14.292007,76.740881,14.3033265,76.757424,2171.159976321343,True,010430333025675742,2023-11-30,,2023,2,Redgram,pigeon_pea,,1.56,1.46,2.33,1.78,1.78,,3,-0.0033333333333331883,,,,,False,LAI,151
UAHS,Kytagondanahalli,unlabelled,Kyatagondanahalli3,,,59.0,,14.292007,76.740881,14.3033265,76.757424,2171.159976321343,True,010430333025675742,2023-12-15,,2023,2,No crop,no_crop,,,,,,,,0,,,,-,,False,LAI,207
UAHS,Kytagondanahalli,unlabelled,Kyatagondanahalli3,,,59.0,,14.292007,76.740881,14.3033265,76.757424,2171.159976321343,True,010430333025675742,2023-12-30,,2023,2,No crop,no_crop,,,,,,,,0,,,,-,,False,LAI,263
UAHS,Kytagondanahalli,unlabelled,Kyatagondanahalli3,,,59.0,,14.292007,76.740881,14.3033265,76.757424,2171.159976321343,True,010430333025675742,2024-01-20,,2023,2,No crop,no_crop,,,,,,,,0,,,,-,,False,LAI,319
UAHS,Kytagondanahalli,unlabelled,Kyatagondanahalli3,,,59.0,,14.292007,76.740881,14.3033265,76.757424,2171.159976321343,True,010430333025675742,2024-02-06,ddmm_swapped_by_sequence,2023,2,No crop,no_crop,,,,,,,,0,,,,-,,False,LAI,375
UAHS,Kytagondanahalli,unlabelled,Kyatagondanahalli3,,,59.0,,14.292007,76.740881,14.3033265,76.757424,2171.159976321343,True,010430333025675742,2024-02-23,,2023,2,No crop,no_crop,,,,,,,,0,,,,-,same_site_date_different_values,False,LAI,431
UAHS,Kytagondanahalli,unlabelled,Kyatagondanahalli3,,,59.0,,14.292007,76.740881,14.3033265,76.757424,2171.159976321343,True,010430333025675742,2024-03-11,ddmm_swapped_by_sequence,2024,3,No crop,no_crop,,,,,,,,0,,,,-,,False,LAI,544
UAHS,Kytagondanahalli,unlabelled,Vidappanakunte1,,,76.0,,14.37952,76.819172,14.37952,76.819172,0.0,False,010437952025681917,2023-10-19,,2023,2,Groundnut,groundnut,,2.52,3.05,3.46,3.01,3.01,,3,-4.440892098500626e-16,,,,,False,LAI,35
UAHS,Kytagondanahalli,unlabelled,Vidappanakunte1,,,76.0,,14.37952,76.819172,14.37952,76.819172,0.0,False,010437952025681917,2023-11-10,ddmm_swapped_by_sequence,2023,2,Groundnut,groundnut,,1.78,3.07,2.61,2.49,2.49,,3,0.0033333333333338544,,,,,False,LAI,91
UAHS,Kytagondanahalli,unlabelled,Vidappanakunte1,,,76.0,,14.37952,76.819172,14.37952,76.819172,0.0,False,010437952025681917,2023-11-30,,2023,2,No crop,no_crop,,,,,,,,0,,,,-,,False,LAI,147
UAHS,Kytagondanahalli,unlabelled,Vidappanakunte1,,,76.0,,14.37952,76.819172,14.37952,76.819172,0.0,False,010437952025681917,2023-12-15,,2023,2,No crop,no_crop,,,,,,,,0,,,,-,,False,LAI,203
UAHS,Kytagondanahalli,unlabelled,Vidappanakunte1,,,76.0,,14.37952,76.819172,14.37952,76.819172,0.0,False,010437952025681917,2023-12-30,,2023,2,No crop,no_crop,,,,,,,,0,,,,-,,False,LAI,259
UAHS,Kytagondanahalli,unlabelled,Vidappanakunte1,,,76.0,,14.37952,76.819172,14.37952,76.819172,0.0,False,010437952025681917,2024-01-20,,2023,2,No crop,no_crop,,,,,,,,0,,,,-,,False,LAI,315
UAHS,Kytagondanahalli,unlabelled,Vidappanakunte1,,,76.0,,14.37952,76.819172,14.37952,76.819172,0.0,False,010437952025681917,2024-02-06,ddmm_swapped_by_sequence,2023,2,No crop,no_crop,,,,,,,,0,,,,-,,False,LAI,371
UAHS,Kytagondanahalli,unlabelled,Vidappanakunte1,,,76.0,,14.37952,76.819172,14.37952,76.819172,0.0,False,010437952025681917,2024-02-23,,2023,2,No crop,no_crop,,,,,,,,0,,,,-,same_site_date_different_values,False,LAI,427
UAHS,Kytagondanahalli,unlabelled,Vidappanakunte1,,,76.0,,14.37952,76.819172,14.37952,76.819172,0.0,False,010437952025681917,2024-03-11,ddmm_swapped_by_sequence,2024,3,No crop,no_crop,,,,,,,,0,,,,-,,False,LAI,540
UAHS,Kytagondanahalli,unlabelled,Vidappanakunte2,,,1.0,,14.391363,76.804393,14.3387205,76.78273,6267.356518490795,True,010433872025678273,2023-10-19,,2023,2,-,no_crop,,,,,,,,0,,,,-,,False,LAI,33
UAHS,Kytagondanahalli,unlabelled,Vidappanakunte2,,,1.0,,14.266037,76.760979,14.3387205,76.78273,8368.557835276832,True,010433872025678273,2023-10-19,,2023,2,Maize,maize,,2.23,2.7,1.9,2.28,2.28,,3,0.0033333333333329662,,,,,False,LAI,38
UAHS,Kytagondanahalli,unlabelled,Vidappanakunte2,,,1.0,,14.391363,76.804393,14.3387205,76.78273,6267.356518490795,True,010433872025678273,2023-11-10,ddmm_swapped_by_sequence,2023,2,-,no_crop,,,,,,,,0,,,,-,,False,LAI,89
UAHS,Kytagondanahalli,unlabelled,Vidappanakunte2,,,1.0,,14.266037,76.760979,14.3387205,76.78273,8368.557835276832,True,010433872025678273,2023-11-10,ddmm_swapped_by_sequence,2023,2,Maize,maize,,3.97,2.4,3.3,3.22,3.22,,3,-0.0033333333333329662,,,,,False,LAI,94
UAHS,Kytagondanahalli,unlabelled,Vidappanakunte2,,,1.0,,14.391363,76.804393,14.3387205,76.78273,6267.356518490795,True,010433872025678273,2023-11-30,,2023,2,No crop,no_crop,,,,,,,,0,,,,-,,False,LAI,145
UAHS,Kytagondanahalli,unlabelled,Vidappanakunte2,,,1.0,,14.285965,76.761067,14.3387205,76.78273,6278.962998046697,True,010433872025678273,2023-11-30,,2023,2,Maize,maize,,1.78,2.6,2.59,2.32,2.32,,3,-0.0033333333333334103,,,,,False,LAI,150
UAHS,Kytagondanahalli,unlabelled,Vidappanakunte2,,,1.0,,14.391363,76.804393,14.3387205,76.78273,6267.356518490795,True,010433872025678273,2023-12-15,,2023,2,No crop,no_crop,,,,,,,,0,,,,-,,False,LAI,201
UAHS,Kytagondanahalli,unlabelled,Vidappanakunte2,,,1.0,,14.286078,76.760879,14.3387205,76.78273,6274.8576359752215,True,010433872025678273,2023-12-15,,2023,2,Maize,maize,,2.04,2.6,1.99,2.21,2.21,,3,-4.440892098500626e-16,,,,,False,LAI,206
UAHS,Kytagondanahalli,unlabelled,Vidappanakunte2,,,1.0,,14.391363,76.804393,14.3387205,76.78273,6267.356518490795,True,010433872025678273,2023-12-30,,2023,2,No crop,no_crop,,,,,,,,0,,,,-,,False,LAI,257
UAHS,Kytagondanahalli,unlabelled,Vidappanakunte2,,,1.0,,14.286078,76.760879,14.3387205,76.78273,6274.8576359752215,True,010433872025678273,2023-12-30,,2023,2,No crop,no_crop,,,,,,,,0,,,,-,,False,LAI,262
UAHS,Kytagondanahalli,unlabelled,Vidappanakunte2,,,1.0,,14.391363,76.804393,14.3387205,76.78273,6267.356518490795,True,010433872025678273,2024-01-20,,2023,2,No crop,no_crop,,,,,,,,0,,,,-,,False,LAI,313
UAHS,Kytagondanahalli,unlabelled,Vidappanakunte2,,,1.0,,14.285965,76.761067,14.3387205,76.78273,6278.962998046697,True,010433872025678273,2024-01-20,,2023,2,No crop,no_crop,,,,,,,,0,,,,-,,False,LAI,318
UAHS,Kytagondanahalli,unlabelled,Vidappanakunte2,,,1.0,,14.391363,76.804393,14.3387205,76.78273,6267.356518490795,True,010433872025678273,2024-02-06,ddmm_swapped_by_sequence,2023,2,No crop,no_crop,,,,,,,,0,,,,-,,False,LAI,369
UAHS,Kytagondanahalli,unlabelled,Vidappanakunte2,,,1.0,,14.285965,76.761067,14.3387205,76.78273,6278.962998046697,True,010433872025678273,2024-02-06,ddmm_swapped_by_sequence,2023,2,No crop,no_crop,,,,,,,,0,,,,-,,False,LAI,374
UAHS,Kytagondanahalli,unlabelled,Vidappanakunte2,,,1.0,,14.391363,76.804393,14.3387205,76.78273,6267.356518490795,True,010433872025678273,2024-02-23,,2023,2,No crop,no_crop,,,,,,,,0,,,,-,same_site_date_different_values,False,LAI,425
UAHS,Kytagondanahalli,unlabelled,Vidappanakunte2,,,1.0,,14.285965,76.761067,14.3387205,76.78273,6278.962998046697,True,010433872025678273,2024-02-23,,2023,2,No crop,no_crop,,,,,,,,0,,,,-,same_site_date_different_values,False,LAI,430
UAHS,Kytagondanahalli,unlabelled,Vidappanakunte2,,,1.0,,14.391363,76.804393,14.3387205,76.78273,6267.356518490795,True,010433872025678273,2024-03-11,ddmm_swapped_by_sequence,2024,3,No crop,no_crop,,,,,,,,0,,,,-,,False,LAI,538
UAHS,Kytagondanahalli,unlabelled,Vidappanakunte2,,,1.0,,14.285965,76.761067,14.3387205,76.78273,6278.962998046697,True,010433872025678273,2024-03-11,ddmm_swapped_by_sequence,2024,3,No crop,no_crop,,,,,,,,0,,,,-,,False,LAI,543
UAHS,Laxmisagara 4U,unlabelled,Lakshimisagar1,,,63.0,,14.010753,75.934699,13.967582,75.971893,6220.671743053668,True,010396758025597189,2023-04-10,ddmm_kept_by_sequence,2023,3,Maize,maize,,2.88,2.83,3.12,2.94,2.94,,3,-0.0033333333333334103,,,,,False,LAI,15
UAHS,Laxmisagara 4U,unlabelled,Lakshimisagar1,,,63.0,,13.967582,75.971893,13.967582,75.971893,0.0,False,010396758025597189,2023-10-25,,2023,2,Maize,maize,,1.52,1.63,2.32,1.82,1.82,,3,-0.0033333333333331883,,,,,False,LAI,71
UAHS,Laxmisagara 4U,unlabelled,Lakshimisagar1,,,63.0,,13.967582,75.971893,13.967582,75.971893,0.0,False,010396758025597189,2023-11-30,,2023,2,No crop,no_crop,,,,,,,,0,,,,-,,False,LAI,127
UAHS,Laxmisagara 4U,unlabelled,Lakshimisagar1,,,63.0,,13.967582,75.971893,13.967582,75.971893,0.0,False,010396758025597189,2023-12-15,,2023,2,No crop,no_crop,,,,,,,,0,,,,-,,False,LAI,183
UAHS,Laxmisagara 4U,unlabelled,Lakshimisagar1,,,63.0,,13.967582,75.971893,13.967582,75.971893,0.0,False,010396758025597189,2023-12-30,,2023,2,No crop,no_crop,,,,,,,,0,,,,-,,False,LAI,239
UAHS,Laxmisagara 4U,unlabelled,Lakshimisagar1,,,63.0,,13.967582,75.971893,13.967582,75.971893,0.0,False,010396758025597189,2024-01-20,,2023,2,No crop,no_crop,,,,,,,,0,,,,-,,False,LAI,295
UAHS,Laxmisagara 4U,unlabelled,Lakshimisagar1,,,63.0,,13.967582,75.971893,13.967582,75.971893,0.0,False,010396758025597189,2024-02-06,ddmm_swapped_by_sequence,2023,2,No crop,no_crop,,,,,,,,0,,,,-,,False,LAI,351
UAHS,Laxmisagara 4U,unlabelled,Lakshimisagar1,,,63.0,,13.967582,75.971893,13.967582,75.971893,0.0,False,010396758025597189,2024-02-23,,2023,2,No crop,no_crop,,,,,,,,0,,,,-,same_site_date_different_values,False,LAI,407
UAHS,Laxmisagara 4U,unlabelled,Lakshimisagar1,,,63.0,,13.967582,75.971893,13.967582,75.971893,0.0,False,010396758025597189,2024-03-11,ddmm_swapped_by_sequence,2024,3,No crop,no_crop,,,,,,,,0,,,,-,,False,LAI,520
UAHS,Laxmisagara 4U,unlabelled,Mallegere3,,,49.0,,13.991339,75.917571,13.98158,75.9204975,1123.802901193854,True,010398158025592050,2023-04-10,ddmm_kept_by_sequence,2023,3,Maize,maize,,2.53,3.28,2.78,2.86,2.86,,3,-0.0033333333333334103,,,,,False,LAI,16
UAHS,Laxmisagara 4U,unlabelled,Mallegere3,,,49.0,,13.991333,75.917568,13.98158,75.9204975,1123.2558062654077,True,010398158025592050,2023-10-25,,2023,2,Maize,maize,,2.31,2.49,1.58,2.13,2.13,,3,0.0033333333333329662,,,,,False,LAI,72
UAHS,Laxmisagara 4U,unlabelled,Mallegere3,,,49.0,,13.991333,75.917568,13.98158,75.9204975,1123.2558062654077,True,010398158025592050,2023-11-30,,2023,2,No crop,no_crop,,,,,,,,0,,,,-,,False,LAI,128
UAHS,Laxmisagara 4U,unlabelled,Mallegere3,,,49.0,,13.991333,75.917568,13.98158,75.9204975,1123.2558062654077,True,010398158025592050,2023-12-15,,2023,2,No crop,no_crop,,,,,,,,0,,,,-,,False,LAI,184
UAHS,Laxmisagara 4U,unlabelled,Mallegere3,,,49.0,,13.991333,75.917568,13.98158,75.9204975,1123.2558062654077,True,010398158025592050,2023-12-30,,2023,2,No crop,no_crop,,,,,,,,0,,,,-,,False,LAI,240
UAHS,Laxmisagara 4U,unlabelled,Mallegere3,,,49.0,,13.991333,75.917568,13.98158,75.9204975,1123.2558062654077,True,010398158025592050,2024-01-20,,2023,2,No crop,no_crop,,,,,,,,0,,,,-,,False,LAI,296
UAHS,Laxmisagara 4U,unlabelled,Mallegere3,,,49.0,,13.991333,75.917568,13.98158,75.9204975,1123.2558062654077,True,010398158025592050,2024-02-06,ddmm_swapped_by_sequence,2023,2,No crop,no_crop,,,,,,,,0,,,,-,,False,LAI,352
UAHS,Laxmisagara 4U,unlabelled,Mallegere3,,,49.0,,13.991333,75.917568,13.98158,75.9204975,1123.2558062654077,True,010398158025592050,2024-02-23,,2023,2,No crop,no_crop,,,,,,,,0,,,,-,same_site_date_different_values,False,LAI,408
UAHS,Laxmisagara 4U,unlabelled,Mallegere3,,,49.0,,13.991333,75.917568,13.98158,75.9204975,1123.2558062654077,True,010398158025592050,2024-03-11,ddmm_swapped_by_sequence,2024,3,No crop,no_crop,,,,,,,,0,,,,-,,False,LAI,521
UAHS,Laxmisagara 4U,unlabelled,Mallegere3,,,85.0,,13.971821,75.923424,13.98158,75.9204975,1123.8029011936655,True,010398158025592050,2023-04-10,ddmm_kept_by_sequence,2023,3,Maize,maize,,2.66,4.16,3.93,3.58,3.58,,3,-0.0033333333333334103,,,,,False,LAI,17
UAHS,Laxmisagara 4U,unlabelled,Mallegere3,,,85.0,,13.971827,75.923431,13.98158,75.9204975,1123.3758560357517,True,010398158025592050,2023-10-25,,2023,2,Maize,maize,,2.1,2.83,1.92,2.28,2.28,,3,-0.0033333333333334103,,,,,False,LAI,73
UAHS,Laxmisagara 4U,unlabelled,Mallegere3,,,85.0,,13.971827,75.923431,13.98158,75.9204975,1123.3758560357517,True,010398158025592050,2023-11-30,,2023,2,No crop,no_crop,,,,,,,,0,,,,-,,False,LAI,129
UAHS,Laxmisagara 4U,unlabelled,Mallegere3,,,85.0,,13.971827,75.923431,13.98158,75.9204975,1123.3758560357517,True,010398158025592050,2023-12-15,,2023,2,No crop,no_crop,,,,,,,,0,,,,-,,False,LAI,185
UAHS,Laxmisagara 4U,unlabelled,Mallegere3,,,85.0,,13.971827,75.923431,13.98158,75.9204975,1123.3758560357517,True,010398158025592050,2023-12-30,,2023,2,No crop,no_crop,,,,,,,,0,,,,-,,False,LAI,241
UAHS,Laxmisagara 4U,unlabelled,Mallegere3,,,85.0,,13.971827,75.923431,13.98158,75.9204975,1123.3758560357517,True,010398158025592050,2024-01-20,,2023,2,No crop,no_crop,,,,,,,,0,,,,-,,False,LAI,297
UAHS,Laxmisagara 4U,unlabelled,Mallegere3,,,85.0,,13.971827,75.923431,13.98158,75.9204975,1123.3758560357517,True,010398158025592050,2024-02-06,ddmm_swapped_by_sequence,2023,2,No crop,no_crop,,,,,,,,0,,,,-,,False,LAI,353
UAHS,Laxmisagara 4U,unlabelled,Mallegere3,,,85.0,,13.971827,75.923431,13.98158,75.9204975,1123.3758560357517,True,010398158025592050,2024-02-23,,2023,2,No crop,no_crop,,,,,,,,0,,,,-,same_site_date_different_values,False,LAI,409
UAHS,Laxmisagara 4U,unlabelled,Mallegere3,,,85.0,,13.971827,75.923431,13.98158,75.9204975,1123.3758560357517,True,010398158025592050,2024-03-11,ddmm_swapped_by_sequence,2024,3,No crop,no_crop,,,,,,,,0,,,,-,,False,LAI,522
UAHS,Mattikote,unlabelled,Dhoopadahalli,,,69.0,,14.237286,75.391787,14.2374015,75.39179050000001,12.776811303695304,False,010423740025539179,2023-04-10,ddmm_kept_by_sequence,2023,3,Maize,maize,,5.33,4.71,5.62,5.22,5.22,,3,0.0,,,,,False,LAI,57
UAHS,Mattikote,unlabelled,Dhoopadahalli,,,69.0,,14.237363,75.391788,14.2374015,75.39179050000001,4.265532728639169,False,010423740025539179,2023-10-30,,2023,2,Maize,maize,,5.08,4.09,5.26,4.81,4.81,,3,0.0,,,,,False,LAI,113
UAHS,Mattikote,unlabelled,Dhoopadahalli,,,69.0,,14.237363,75.391788,14.2374015,75.39179050000001,4.265532728639169,False,010423740025539179,2023-11-30,,2023,2,No crop,no_crop,,,,,,,,0,,,,-,,False,LAI,169
UAHS,Mattikote,unlabelled,Dhoopadahalli,,,69.0,,14.237363,75.391788,14.2374015,75.39179050000001,4.265532728639169,False,010423740025539179,2023-12-15,,2023,2,No crop,no_crop,,,,,,,,0,,,,-,,False,LAI,225
UAHS,Mattikote,unlabelled,Dhoopadahalli,,,69.0,,14.237363,75.391788,14.2374015,75.39179050000001,4.265532728639169,False,010423740025539179,2023-12-30,,2023,2,No crop,no_crop,,,,,,,,0,,,,-,,False,LAI,281
UAHS,Mattikote,unlabelled,Dhoopadahalli,,,69.0,,14.237442,75.391834,14.2374015,75.39179050000001,6.466556035834841,False,010423740025539179,2024-01-20,,2023,2,Maize,maize,,3.66,2.37,3.81,3.28,3.28,,3,0.0,,,,,False,LAI,337
UAHS,Mattikote,unlabelled,Dhoopadahalli,,,69.0,,14.23744,75.391793,14.2374015,75.39179050000001,4.2655327283473525,False,010423740025539179,2024-02-06,ddmm_swapped_by_sequence,2023,2,Maize,maize,,3.32,4.16,5.38,4.29,4.29,,3,0.0033333333333338544,,,,,False,LAI,393
UAHS,Mattikote,unlabelled,Dhoopadahalli,,,69.0,,14.23744,75.391793,14.2374015,75.39179050000001,4.2655327283473525,False,010423740025539179,2024-02-23,,2023,2,Maize,maize,,3.8,4.7,3.59,4.03,4.03,,3,0.0,,,,,False,LAI,449
UAHS,Mattikote,unlabelled,Dhoopadahalli,,,69.0,,14.23744,75.391793,14.2374015,75.39179050000001,4.2655327283473525,False,010423740025539179,2024-03-11,ddmm_swapped_by_sequence,2024,3,Maize,maize,,4.91,5.39,4.86,5.053333333,5.053333333,,3,-3.33333360913457e-10,,,,,False,LAI,505
UAHS,Mattikote,unlabelled,Dhoopadahalli,,,69.0,,14.23744,75.391793,14.2374015,75.39179050000001,4.2655327283473525,False,010423740025539179,2024-03-28,ddmm_kept_by_sequence,2024,3,Maize,maize,,5.29,4.31,5.63,5.076666667,5.076666667,,3,3.333324727350373e-10,,,,,False,LAI,562
UAHS,Mattikote,unlabelled,Gabburu,,,34.0,,14.290994,75.355715,14.290953,75.355686,5.497706368990489,False,010429095025535569,2023-04-10,ddmm_kept_by_sequence,2023,3,Maize,maize,,5.85,5.9,4.26,5.34,5.34,,3,0.0033333333333338544,,,,,False,LAI,58
UAHS,Mattikote,unlabelled,Gabburu,,,34.0,,14.290953,75.355686,14.290953,75.355686,0.0,False,010429095025535569,2023-10-30,,2023,2,Maize,maize,,6.1,5.21,4.39,5.23,5.23,,3,-0.0033333333333329662,,,,,False,LAI,114
UAHS,Mattikote,unlabelled,Gabburu,,,34.0,,14.290953,75.355686,14.290953,75.355686,0.0,False,010429095025535569,2023-11-30,,2023,2,No crop,no_crop,,,,,,,,0,,,,-,,False,LAI,170
UAHS,Mattikote,unlabelled,Gabburu,,,34.0,,14.290953,75.355686,14.290953,75.355686,0.0,False,010429095025535569,2023-12-15,,2023,2,No crop,no_crop,,,,,,,,0,,,,-,,False,LAI,226
UAHS,Mattikote,unlabelled,Gabburu,,,34.0,,14.290953,75.355686,14.290953,75.355686,0.0,False,010429095025535569,2023-12-30,,2023,2,No crop,no_crop,,,,,,,,0,,,,-,,False,LAI,282
UAHS,Mattikote,unlabelled,Gabburu,,,34.0,,14.290953,75.355686,14.290953,75.355686,0.0,False,010429095025535569,2024-01-20,,2023,2,No crop,no_crop,,,,,,,,0,,,,-,,False,LAI,338
UAHS,Mattikote,unlabelled,Gabburu,,,34.0,,14.290953,75.355686,14.290953,75.355686,0.0,False,010429095025535569,2024-02-06,ddmm_swapped_by_sequence,2023,2,No crop,no_crop,,,,,,,,0,,,,-,,False,LAI,394
UAHS,Mattikote,unlabelled,Gabburu,,,34.0,,14.290953,75.355686,14.290953,75.355686,0.0,False,010429095025535569,2024-02-23,,2023,2,No crop,no_crop,,,,,,,,0,,,,-,,False,LAI,450
UAHS,Mattikote,unlabelled,Gabburu,,,34.0,,14.290953,75.355686,14.290953,75.355686,0.0,False,010429095025535569,2024-03-11,ddmm_swapped_by_sequence,2024,3,No crop,no_crop,,,,,,,,0,,,,-,,False,LAI,506
UAHS,Mattikote,unlabelled,Gabburu,,,34.0,,14.290953,75.355686,14.290953,75.355686,0.0,False,010429095025535569,2024-03-28,ddmm_kept_by_sequence,2024,3,No crop,no_crop,,,,,,,,0,,,,-,,False,LAI,563
UAHS,Mattikote,unlabelled,Haliyur,,,1.0,,14.257311,75.372633,14.257301,75.372609,2.80123135306456,False,010425730025537261,2023-04-10,ddmm_kept_by_sequence,2023,3,Maize,maize,,5.16,6.31,5.81,5.76,5.76,,3,8.881784197001252e-16,,,,,False,LAI,59
UAHS,Mattikote,unlabelled,Haliyur,,,1.0,,14.257301,75.372609,14.257301,75.372609,0.0,False,010425730025537261,2023-10-30,,2023,2,Maize,maize,,5.65,6.41,5.89,5.98,5.98,,3,-0.0033333333333329662,,,,,False,LAI,115
UAHS,Mattikote,unlabelled,Haliyur,,,1.0,,14.257301,75.372609,14.257301,75.372609,0.0,False,010425730025537261,2023-11-30,,2023,2,No crop,no_crop,,,,,,,,0,,,,-,,False,LAI,171
UAHS,Mattikote,unlabelled,Haliyur,,,1.0,,14.257301,75.372609,14.257301,75.372609,0.0,False,010425730025537261,2023-12-15,,2023,2,No crop,no_crop,,,,,,,,0,,,,-,,False,LAI,227
UAHS,Mattikote,unlabelled,Haliyur,,,1.0,,14.257301,75.372609,14.257301,75.372609,0.0,False,010425730025537261,2023-12-30,,2023,2,No crop,no_crop,,,,,,,,0,,,,-,,False,LAI,283
UAHS,Mattikote,unlabelled,Haliyur,,,1.0,,14.257301,75.372609,14.257301,75.372609,0.0,False,010425730025537261,2024-01-20,,2023,2,No crop,no_crop,,,,,,,,0,,,,-,,False,LAI,339
UAHS,Mattikote,unlabelled,Haliyur,,,1.0,,14.257301,75.372609,14.257301,75.372609,0.0,False,010425730025537261,2024-02-06,ddmm_swapped_by_sequence,2023,2,No crop,no_crop,,,,,,,,0,,,,-,,False,LAI,395
UAHS,Mattikote,unlabelled,Haliyur,,,1.0,,14.257301,75.372609,14.257301,75.372609,0.0,False,010425730025537261,2024-02-23,,2023,2,No crop,no_crop,,,,,,,,0,,,,-,,False,LAI,451
UAHS,Mattikote,unlabelled,Haliyur,,,1.0,,14.257301,75.372609,14.257301,75.372609,0.0,False,010425730025537261,2024-03-11,ddmm_swapped_by_sequence,2024,3,No crop,no_crop,,,,,,,,0,,,,-,,False,LAI,507
UAHS,Mattikote,unlabelled,Haliyur,,,1.0,,14.257301,75.372609,14.257301,75.372609,0.0,False,010425730025537261,2024-03-28,ddmm_kept_by_sequence,2024,3,No crop,no_crop,,,,,,,,0,,,,-,,False,LAI,564
UAHS,Nagagondanahalli,unlabelled,Devaranahalli,,,79.0,,14.268015,76.766286,14.268015,76.766286,0.0,False,010426802025676629,2023-10-19,,2023,2,Groundnut,groundnut,,3.71,2.85,3.36,3.31,3.31,,3,0.0033333333333334103,,,,,False,LAI,45
UAHS,Nagagondanahalli,unlabelled,Devaranahalli,,,79.0,,14.268015,76.766286,14.268015,76.766286,0.0,False,010426802025676629,2023-11-10,ddmm_swapped_by_sequence,2023,2,-,no_crop,,,,,,,,0,,,,-,,False,LAI,101
UAHS,Nagagondanahalli,unlabelled,Devaranahalli,,,79.0,,14.268015,76.766286,14.268015,76.766286,0.0,False,010426802025676629,2023-11-30,,2023,2,No crop,no_crop,,,,,,,,0,,,,-,,False,LAI,157
UAHS,Nagagondanahalli,unlabelled,Devaranahalli,,,79.0,,14.268015,76.766286,14.268015,76.766286,0.0,False,010426802025676629,2023-12-15,,2023,2,No crop,no_crop,,,,,,,,0,,,,-,,False,LAI,213
UAHS,Nagagondanahalli,unlabelled,Devaranahalli,,,79.0,,14.268015,76.766286,14.268015,76.766286,0.0,False,010426802025676629,2023-12-30,,2023,2,No crop,no_crop,,,,,,,,0,,,,-,,False,LAI,269
UAHS,Nagagondanahalli,unlabelled,Devaranahalli,,,79.0,,14.268015,76.766286,14.268015,76.766286,0.0,False,010426802025676629,2024-01-20,,2023,2,No crop,no_crop,,,,,,,,0,,,,-,,False,LAI,325
UAHS,Nagagondanahalli,unlabelled,Devaranahalli,,,79.0,,14.268015,76.766286,14.268015,76.766286,0.0,False,010426802025676629,2024-02-06,ddmm_swapped_by_sequence,2023,2,No crop,no_crop,,,,,,,,0,,,,-,,False,LAI,381
UAHS,Nagagondanahalli,unlabelled,Devaranahalli,,,79.0,,14.268015,76.766286,14.268015,76.766286,0.0,False,010426802025676629,2024-02-23,,2023,2,No crop,no_crop,,,,,,,,0,,,,-,same_site_date_different_values,False,LAI,437
UAHS,Nagagondanahalli,unlabelled,Devaranahalli,,,79.0,,14.268015,76.766286,14.268015,76.766286,0.0,False,010426802025676629,2024-03-11,ddmm_swapped_by_sequence,2024,3,No crop,no_crop,,,,,,,,0,,,,-,,False,LAI,550
UAHS,Nagagondanahalli,unlabelled,Halagondanahalli2,,,45.0,,14.319202,76.805294,14.319202,76.805294,0.0,False,010431920025680529,2023-10-19,,2023,2,Groundnut,groundnut,,4.04,2.67,2.48,3.06,3.06,,3,-0.0033333333333329662,,,,,False,LAI,44
UAHS,Nagagondanahalli,unlabelled,Halagondanahalli2,,,45.0,,14.319202,76.805294,14.319202,76.805294,0.0,False,010431920025680529,2023-11-10,ddmm_swapped_by_sequence,2023,2,Groundnut,groundnut,,2.55,2.55,4.03,3.04,3.04,,3,-0.0033333333333329662,,,,,False,LAI,100
UAHS,Nagagondanahalli,unlabelled,Halagondanahalli2,,,45.0,,14.319202,76.805294,14.319202,76.805294,0.0,False,010431920025680529,2023-11-30,,2023,2,No crop,no_crop,,,,,,,,0,,,,-,,False,LAI,156
UAHS,Nagagondanahalli,unlabelled,Halagondanahalli2,,,45.0,,14.319202,76.805294,14.319202,76.805294,0.0,False,010431920025680529,2023-12-15,,2023,2,No crop,no_crop,,,,,,,,0,,,,-,,False,LAI,212
UAHS,Nagagondanahalli,unlabelled,Halagondanahalli2,,,45.0,,14.319202,76.805294,14.319202,76.805294,0.0,False,010431920025680529,2023-12-30,,2023,2,No crop,no_crop,,,,,,,,0,,,,-,,False,LAI,268
UAHS,Nagagondanahalli,unlabelled,Halagondanahalli2,,,45.0,,14.319202,76.805294,14.319202,76.805294,0.0,False,010431920025680529,2024-01-20,,2023,2,No crop,no_crop,,,,,,,,0,,,,-,,False,LAI,324
UAHS,Nagagondanahalli,unlabelled,Halagondanahalli2,,,45.0,,14.319202,76.805294,14.319202,76.805294,0.0,False,010431920025680529,2024-02-06,ddmm_swapped_by_sequence,2023,2,No crop,no_crop,,,,,,,,0,,,,-,,False,LAI,380
UAHS,Nagagondanahalli,unlabelled,Halagondanahalli2,,,45.0,,14.319202,76.805294,14.319202,76.805294,0.0,False,010431920025680529,2024-02-23,,2023,2,No crop,no_crop,,,,,,,,0,,,,-,same_site_date_different_values,False,LAI,436
UAHS,Nagagondanahalli,unlabelled,Halagondanahalli2,,,45.0,,14.319202,76.805294,14.319202,76.805294,0.0,False,010431920025680529,2024-03-11,ddmm_swapped_by_sequence,2024,3,No crop,no_crop,,,,,,,,0,,,,-,,False,LAI,549
UAHS,Nagagondanahalli,unlabelled,Nagagondanahalli1,,,95.0,,14.372646,76.830349,14.372646,76.830349,0.0,False,010437265025683035,2023-10-19,,2023,2,Groundnut,groundnut,,4.34,1.21,2.96,2.84,2.84,,3,0.0033333333333334103,,,,,False,LAI,43
UAHS,Nagagondanahalli,unlabelled,Nagagondanahalli1,,,95.0,,14.372646,76.830349,14.372646,76.830349,0.0,False,010437265025683035,2023-11-10,ddmm_swapped_by_sequence,2023,2,-,no_crop,,,,,,,,0,,,,-,,False,LAI,99
UAHS,Nagagondanahalli,unlabelled,Nagagondanahalli1,,,95.0,,14.372646,76.830349,14.372646,76.830349,0.0,False,010437265025683035,2023-11-30,,2023,2,No crop,no_crop,,,,,,,,0,,,,-,,False,LAI,155
UAHS,Nagagondanahalli,unlabelled,Nagagondanahalli1,,,95.0,,14.372646,76.830349,14.372646,76.830349,0.0,False,010437265025683035,2023-12-15,,2023,2,No crop,no_crop,,,,,,,,0,,,,-,,False,LAI,211
UAHS,Nagagondanahalli,unlabelled,Nagagondanahalli1,,,95.0,,14.372646,76.830349,14.372646,76.830349,0.0,False,010437265025683035,2023-12-30,,2023,2,No crop,no_crop,,,,,,,,0,,,,-,,False,LAI,267
UAHS,Nagagondanahalli,unlabelled,Nagagondanahalli1,,,95.0,,14.372646,76.830349,14.372646,76.830349,0.0,False,010437265025683035,2024-01-20,,2023,2,No crop,no_crop,,,,,,,,0,,,,-,,False,LAI,323
UAHS,Nagagondanahalli,unlabelled,Nagagondanahalli1,,,95.0,,14.372646,76.830349,14.372646,76.830349,0.0,False,010437265025683035,2024-02-06,ddmm_swapped_by_sequence,2023,2,No crop,no_crop,,,,,,,,0,,,,-,,False,LAI,379
UAHS,Nagagondanahalli,unlabelled,Nagagondanahalli1,,,95.0,,14.372646,76.830349,14.372646,76.830349,0.0,False,010437265025683035,2024-02-23,,2023,2,No crop,no_crop,,,,,,,,0,,,,-,same_site_date_different_values,False,LAI,435
UAHS,Nagagondanahalli,unlabelled,Nagagondanahalli1,,,95.0,,14.372646,76.830349,14.372646,76.830349,0.0,False,010437265025683035,2024-03-11,ddmm_swapped_by_sequence,2024,3,No crop,no_crop,,,,,,,,0,,,,-,,False,LAI,548
UASB,,unlabelled,,,,,,13.78824,77.94757,13.78876,77.94534,245.96028945172975,False,010378876025794534,2024-01-27,block_header_date,2023,2,Maize,maize,,1.95,1.58,2.22,1.91666667,1.91666667,,3,3.33333316504536e-09,17.0,20.0,,,False,LAI,6
UASB,,unlabelled,,,,,,13.78824,77.94757,13.78876,77.94534,245.96028945172975,False,010378876025794534,2024-02-10,block_header_date,2023,2,Maize,maize,first_block_of_row,2.5,1.49,2.6,2.196667,2.196667,,3,3.33333333379926e-07,30.0,34.0,,,True,LAI,6
UASB,,unlabelled,,,,,,13.78824,77.94757,13.78876,77.94534,245.96028945172975,False,010378876025794534,2024-02-17,block_header_date,2023,2,Maize,maize,first_block_of_row,3.23,4.73,4.14,4.033333,4.033333,,3,-3.333333342681044e-07,105.0,41.0,,,True,LAI,6
UASB,,unlabelled,,,,,,13.78824,77.94757,13.78876,77.94534,245.96028945172975,False,010378876025794534,2024-02-24,block_header_date,2023,2,Maize,maize,first_block_of_row,3.54,3.66,4.0,3.733333,3.733333,,3,-3.333333329358368e-07,120.0,48.0,,,True,LAI,6
UASB,,unlabelled,,,,,,13.78824,77.94757,13.78876,77.94534,245.96028945172975,False,010378876025794534,2024-03-09,block_header_date,2024,3,Maize,maize,first_block_of_row,3.75,3.76,3.77,3.76,3.76,,3,0.0,120.0,62.0,,,True,LAI,6
UASB,,unlabelled,,,,,,13.78824,77.94757,13.78876,77.94534,245.96028945172975,False,010378876025794534,2024-03-16,block_header_date,2024,3,Maize,maize,first_block_of_row,3.38,2.95,3.19,3.173333,3.173333,,3,-3.33333333379926e-07,120.0,69.0,,,True,LAI,6
UASB,,unlabelled,,,,,,13.78824,77.94757,13.78876,77.94534,245.96028945172975,False,010378876025794534,2024-03-30,block_header_date,2024,3,Maize,maize,first_block_of_row,4.14,4.01,3.65,3.933333,3.933333,,3,-3.333333329358368e-07,120.0,83.0,,,True,LAI,6
UASB,,unlabelled,,,,,,13.78824,77.94757,13.78876,77.94534,245.96028945172975,False,010378876025794534,2024-04-06,block_header_date,2024,3,Maize,maize,first_block_of_row,2.24,2.64,2.0,2.293333333,2.293333333,,3,-3.33333360913457e-10,130.0,90.0,,,True,LAI,6
UASB,,unlabelled,,,,,,13.78824,77.94757,13.78876,77.94534,245.96028945172975,False,010378876025794534,2024-04-13,block_header_date,2024,3,Maize,maize,first_block_of_row,1.41,1.43,2.91,1.916666667,1.916666667,,3,3.33333360913457e-10,130.0,97.0,,,True,LAI,6
UASB,,unlabelled,,,,,,13.78824,77.94757,13.78876,77.94534,245.96028945172975,False,010378876025794534,2024-04-20,block_header_date,2024,3,Maize,maize,first_block_of_row,1.87,1.81,1.52,1.733333333,1.733333333,,3,-3.33333360913457e-10,130.0,104.0,,,True,LAI,6
UASB,,unlabelled,,,,,,13.78876,77.93949,13.78876,77.94534,627.3537921370337,True,010378876025794534,2024-01-27,block_header_date,2023,2,Maize,maize,,1.15,1.18,1.58,1.30333333,1.30333333,,3,-3.333333387089965e-09,12.0,15.0,,,False,LAI,7
UASB,,unlabelled,,,,,,13.78876,77.93949,13.78876,77.94534,627.3537921370337,True,010378876025794534,2024-02-10,block_header_date,2023,2,Maize,maize,first_block_of_row,2.46,2.17,2.17,2.266667,2.266667,,3,3.33333333379926e-07,28.0,29.0,,,True,LAI,7
UASB,,unlabelled,,,,,,13.78876,77.93949,13.78876,77.94534,627.3537921370337,True,010378876025794534,2024-02-17,block_header_date,2023,2,Maize,maize,first_block_of_row,3.76,4.25,3.45,3.82,3.82,,3,-4.440892098500626e-16,90.0,36.0,,,True,LAI,7
UASB,,unlabelled,,,,,,13.78876,77.93949,13.78876,77.94534,627.3537921370337,True,010378876025794534,2024-02-24,block_header_date,2023,2,Maize,maize,first_block_of_row,2.12,2.59,2.59,2.433333,2.433333,,3,-3.333333329358368e-07,100.0,43.0,,,True,LAI,7
UASB,,unlabelled,,,,,,13.78876,77.93949,13.78876,77.94534,627.3537921370337,True,010378876025794534,2024-03-09,block_header_date,2024,3,Maize,maize,first_block_of_row,1.95,2.26,2.38,2.196667,2.196667,,3,3.33333333379926e-07,120.0,57.0,,,True,LAI,7
UASB,,unlabelled,,,,,,13.78876,77.93949,13.78876,77.94534,627.3537921370337,True,010378876025794534,2024-03-16,block_header_date,2024,3,Maize,maize,first_block_of_row,3.22,3.85,2.33,3.133333,3.133333,,3,-3.33333333379926e-07,120.0,64.0,,,True,LAI,7
UASB,,unlabelled,,,,,,13.78876,77.93949,13.78876,77.94534,627.3537921370337,True,010378876025794534,2024-03-30,block_header_date,2024,3,Maize,maize,first_block_of_row,3.1,3.37,3.9,3.456667,3.456667,,3,3.333333329358368e-07,120.0,77.0,,,True,LAI,7
UASB,,unlabelled,,,,,,13.78876,77.93949,13.78876,77.94534,627.3537921370337,True,010378876025794534,2024-04-06,block_header_date,2024,3,Maize,maize,first_block_of_row,1.97,1.44,2.19,1.866666667,1.866666667,,3,3.333335829580619e-10,130.0,84.0,,,True,LAI,7
UASB,,unlabelled,,,,,,13.78876,77.93949,13.78876,77.94534,627.3537921370337,True,010378876025794534,2024-04-13,block_header_date,2024,3,Maize,maize,first_block_of_row,2.28,1.17,2.55,2.0,2.0,,3,0.0,130.0,91.0,,,True,LAI,7
UASB,,unlabelled,,,,,,13.78876,77.93949,13.78876,77.94534,627.3537921370337,True,010378876025794534,2024-04-20,block_header_date,2024,3,Maize,maize,first_block_of_row,1.21,2.05,1.13,1.463333333,1.463333333,,3,-3.333331388688521e-10,130.0,98.0,,,True,LAI,7
UASB,,unlabelled,,,,,,13.78876,77.93949,13.78876,77.94534,627.3537921370337,True,010378876025794534,2024-04-27,block_header_date,2024,3,Maize,maize,first_block_of_row,3.02,2.84,3.03,2.963333333,2.963333333,,3,-3.3333291682424715e-10,130.0,105.0,,,True,LAI,7
UASB,,unlabelled,,,,,,13.7969,77.94534,13.78876,77.94534,900.0723600001022,True,010378876025794534,2024-02-17,block_header_date,2023,2,Cotton,cotton,first_block_of_row,3.62,3.67,2.19,3.16,3.16,,3,0.0,60.0,20.0,,,True,LAI,8
UASB,,unlabelled,,,,,,13.7969,77.94534,13.78876,77.94534,900.0723600001022,True,010378876025794534,2024-02-24,block_header_date,2023,2,Cotton,cotton,first_block_of_row,2.44,1.8,2.85,2.363333,2.363333,,3,-3.33333333379926e-07,60.0,27.0,,,True,LAI,8
UASB,,unlabelled,,,,,,13.7969,77.94534,13.78876,77.94534,900.0723600001022,True,010378876025794534,2024-03-09,block_header_date,2024,3,Cotton,cotton,first_block_of_row,3.6,2.57,3.34,3.17,3.17,,3,0.0,100.0,41.0,,,True,LAI,8
UASB,,unlabelled,,,,,,13.7969,77.94534,13.78876,77.94534,900.0723600001022,True,010378876025794534,2024-03-16,block_header_date,2024,3,Cotton,cotton,first_block_of_row,4.67,3.24,4.45,4.12,4.12,,3,0.0,110.0,48.0,,,True,LAI,8
UASB,,unlabelled,,,,,,13.7969,77.94534,13.78876,77.94534,900.0723600001022,True,010378876025794534,2024-03-30,block_header_date,2024,3,Cotton,cotton,first_block_of_row,4.54,3.61,3.47,3.873333,3.873333,,3,-3.33333333379926e-07,125.0,62.0,,,True,LAI,8
UASB,,unlabelled,,,,,,13.7969,77.94534,13.78876,77.94534,900.0723600001022,True,010378876025794534,2024-04-06,block_header_date,2024,3,Cotton,cotton,first_block_of_row,2.99,2.33,2.7,2.673333333,2.673333333,,3,-3.33333360913457e-10,100.0,69.0,,,True,LAI,8
UASB,,unlabelled,,,,,,13.7969,77.94534,13.78876,77.94534,900.0723600001022,True,010378876025794534,2024-04-13,block_header_date,2024,3,Cotton,cotton,first_block_of_row,1.12,1.05,1.22,1.13,1.13,,3,0.0,120.0,66.0,,,True,LAI,8
UASB,,unlabelled,,,,,,13.7969,77.94534,13.78876,77.94534,900.0723600001022,True,010378876025794534,2024-04-20,block_header_date,2024,3,Cotton,cotton,first_block_of_row,1.42,1.23,1.02,1.223333333,1.223333333,,3,-3.33333360913457e-10,120.0,73.0,,,True,LAI,8
UASB,,unlabelled,,,,,,13.7969,77.94534,13.78876,77.94534,900.0723600001022,True,010378876025794534,2024-04-27,block_header_date,2024,3,Cotton,cotton,first_block_of_row,1.51,3.078,1.86,2.149333333,2.149333333,,3,-3.33333360913457e-10,100.0,80.0,,,True,LAI,8
UASB,,unlabelled,,,,,,13.7969,77.94534,13.78876,77.94534,900.0723600001022,True,010378876025794534,2024-05-04,block_header_date,2024,3,Cotton,cotton,first_block_of_row,1.25,1.75,0.931,1.310333333,1.310333333,,3,-3.33333360913457e-10,100.0,87.0,,,True,LAI,8
UASD,Artal Sub-Watershed,saturation,Artal 1,,,65.0,,16.44,75.1724,16.44,75.1724,0.0,False,010644000025517240,2023-09-27,,2023,1,No crop,no_crop,,0.0,0.0,0.0,0.0,0.0,,3,0.0,,,,,False,LAI,17
UASD,Artal Sub-Watershed,saturation,Artal 1,,,65.0,,16.44,75.1724,16.44,75.1724,0.0,False,010644000025517240,2023-10-10,,2023,2,No crop,no_crop,remark_column,0.0,0.0,0.0,0.0,0.0,,3,0.0,,,No crop,,True,LAI,17
UASD,Artal Sub-Watershed,saturation,Artal 1,,,65.0,,16.44,75.1724,16.44,75.1724,0.0,False,010644000025517240,2023-10-20,,2023,2,No crop,no_crop,first_block_of_row,0.0,0.0,0.0,0.0,0.0,,3,0.0,,,,,True,LAI,17
UASD,Artal Sub-Watershed,saturation,Artal 1,,,65.0,,16.44,75.1724,16.44,75.1724,0.0,False,010644000025517240,2023-11-03,ddmm_swapped_by_sequence,2023,2,No crop,no_crop,first_block_of_row,0.0,0.0,0.0,0.0,0.0,,3,0.0,,,,,True,LAI,17
UASD,Artal Sub-Watershed,saturation,Artal 1,,,65.0,,16.44,75.1724,16.44,75.1724,0.0,False,010644000025517240,2023-11-15,,2023,2,No crop,no_crop,first_block_of_row,,,,,,,0,,,,crop harvested,,True,LAI,17
UASD,Artal Sub-Watershed,saturation,Artal 1,,,65.0,,16.44,75.1724,16.44,75.1724,0.0,False,010644000025517240,2023-11-27,,2023,2,-,no_crop,remark_column,,,,,,,0,,,,-,,True,LAI,17
UASD,Artal Sub-Watershed,saturation,Artal 1,,,65.0,,16.44,75.1724,16.44,75.1724,0.0,False,010644000025517240,2023-12-11,ddmm_swapped_by_sequence,2023,2,-,no_crop,remark_column,,,,,,,0,,,,-,,True,LAI,17
UASD,Artal Sub-Watershed,saturation,Artal 1,,,65.0,,16.44,75.1724,16.44,75.1724,0.0,False,010644000025517240,2023-12-23,,2023,2,-,no_crop,remark_column,,,,,,,0,,,,-,,True,LAI,17
UASD,Artal Sub-Watershed,saturation,Artal 3,,,591.0,,16.7881,75.3506,16.7881,75.3506,0.0,False,010678810025535060,2023-09-27,,2023,1,Maize,maize,,3.14,3.22,2.85,3.0700000000000003,3.0700000000000003,,3,0.0,,,,,False,LAI,15
UASD,Artal Sub-Watershed,saturation,Artal 3,,,591.0,,16.7881,75.3506,16.7881,75.3506,0.0,False,010678810025535060,2023-10-10,,2023,2,Maize,maize,remark_column,2.12,2.57,2.98,2.5566666666666666,2.5566666666666666,,3,0.0,,,Maize,,True,LAI,15
UASD,Artal Sub-Watershed,saturation,Artal 3,,,591.0,,16.7881,75.3506,16.7881,75.3506,0.0,False,010678810025535060,2023-10-20,,2023,2,Maize,maize,first_block_of_row,0.794,1.6,0.964,1.1193333333333333,1.1193333333333333,,3,0.0,,,,,True,LAI,15
UASD,Artal Sub-Watershed,saturation,Artal 3,,,591.0,,16.7881,75.3506,16.7881,75.3506,0.0,False,010678810025535060,2023-11-03,ddmm_swapped_by_sequence,2023,2,Maize,maize,first_block_of_row,1.33,1.63,3.19,2.0500000000000003,2.0500000000000003,,3,0.0,,,,,True,LAI,15
UASD,Artal Sub-Watershed,saturation,Artal 3,,,591.0,,16.7881,75.3506,16.7881,75.3506,0.0,False,010678810025535060,2023-11-15,,2023,2,Maize,maize,first_block_of_row,,,,,,,0,,,,crop harvested,,True,LAI,15
UASD,Artal Sub-Watershed,saturation,Artal 3,,,591.0,,16.7881,75.3506,16.7881,75.3506,0.0,False,010678810025535060,2023-11-27,,2023,2,-,no_crop,remark_column,,,,,,,0,,,,-,,True,LAI,15
UASD,Artal Sub-Watershed,saturation,Artal 3,,,591.0,,16.7881,75.3506,16.7881,75.3506,0.0,False,010678810025535060,2023-12-11,ddmm_swapped_by_sequence,2023,2,-,no_crop,remark_column,,,,,,,0,,,,-,,True,LAI,15
UASD,Artal Sub-Watershed,saturation,Artal 3,,,591.0,,16.7881,75.3506,16.7881,75.3506,0.0,False,010678810025535060,2023-12-23,,2023,2,-,no_crop,remark_column,,,,,,,0,,,,-,,True,LAI,15
UASD,Artal Sub-Watershed,saturation,Artal-1,,,133.0,,16.4349,75.1752,16.4349,75.1752,0.0,False,010643490025517520,2023-09-27,,2023,1,No crop,no_crop,,0.0,0.0,0.0,0.0,0.0,,3,0.0,,,,,False,LAI,23
UASD,Artal Sub-Watershed,saturation,Artal-1,,,133.0,,16.4349,75.1752,16.4349,75.1752,0.0,False,010643490025517520,2023-10-10,,2023,2,No crop,no_crop,remark_column,0.0,0.0,0.0,0.0,0.0,,3,0.0,,,No crop,,True,LAI,23
UASD,Artal Sub-Watershed,saturation,Artal-1,,,133.0,,16.4349,75.1752,16.4349,75.1752,0.0,False,010643490025517520,2023-10-20,,2023,2,No crop,no_crop,first_block_of_row,0.0,0.0,0.0,0.0,0.0,,3,0.0,,,,,True,LAI,23
UASD,Artal Sub-Watershed,saturation,Artal-1,,,133.0,,16.4349,75.1752,16.4349,75.1752,0.0,False,010643490025517520,2023-11-03,ddmm_swapped_by_sequence,2023,2,No crop,no_crop,first_block_of_row,0.0,0.0,0.0,0.0,0.0,,3,0.0,,,,,True,LAI,23
UASD,Artal Sub-Watershed,saturation,Artal-1,,,133.0,,16.4349,75.1752,16.4349,75.1752,0.0,False,010643490025517520,2023-11-15,,2023,2,No crop,no_crop,first_block_of_row,,,,,,,0,,,,crop harvested,,True,LAI,23
UASD,Artal Sub-Watershed,saturation,Artal-1,,,133.0,,16.4349,75.1752,16.4349,75.1752,0.0,False,010643490025517520,2023-11-27,,2023,2,-,no_crop,remark_column,,,,,,,0,,,,-,,True,LAI,23
UASD,Artal Sub-Watershed,saturation,Artal-1,,,133.0,,16.4349,75.1752,16.4349,75.1752,0.0,False,010643490025517520,2023-12-11,ddmm_swapped_by_sequence,2023,2,-,no_crop,remark_column,,,,,,,0,,,,-,,True,LAI,23
UASD,Artal Sub-Watershed,saturation,Artal-1,,,133.0,,16.4349,75.1752,16.4349,75.1752,0.0,False,010643490025517520,2023-12-23,,2023,2,-,no_crop,remark_column,,,,,,,0,,,,-,,True,LAI,23
UASD,Artal Sub-Watershed,saturation,Artal-2,,,16.0,,16.4448,75.1747,16.4448,75.1747,0.0,False,010644480025517470,2023-09-27,,2023,1,Sugarcane,sugarcane,,3.31,2.36,2.63,2.766666666666667,2.766666666666667,,3,0.0,,,,,False,LAI,22
UASD,Artal Sub-Watershed,saturation,Artal-2,,,16.0,,16.4448,75.1747,16.4448,75.1747,0.0,False,010644480025517470,2023-10-10,,2023,2,Sugarcane,sugarcane,remark_column,2.68,2.1,3.08,2.62,2.62,,3,0.0,,,Sugarcane,,True,LAI,22
UASD,Artal Sub-Watershed,saturation,Artal-2,,,16.0,,16.4448,75.1747,16.4448,75.1747,0.0,False,010644480025517470,2023-10-20,,2023,2,Sugarcane,sugarcane,first_block_of_row,2.24,2.39,2.05,2.226666666666667,2.226666666666667,,3,0.0,,,,,True,LAI,22
UASD,Artal Sub-Watershed,saturation,Artal-2,,,16.0,,16.4448,75.1747,16.4448,75.1747,0.0,False,010644480025517470,2023-11-03,ddmm_swapped_by_sequence,2023,2,Sugarcane,sugarcane,first_block_of_row,1.86,2.45,2.76,2.356666666666667,2.356666666666667,,3,0.0,,,,,True,LAI,22
UASD,Artal Sub-Watershed,saturation,Artal-2,,,16.0,,16.4448,75.1747,16.4448,75.1747,0.0,False,010644480025517470,2023-11-15,,2023,2,Sugarcane,sugarcane,remark_column,2.36,2.6,2.73,2.563333333333333,2.563333333333333,,3,0.0,,,Sugarcane,,True,LAI,22
UASD,Artal Sub-Watershed,saturation,Artal-2,,,16.0,,16.4448,75.1747,16.4448,75.1747,0.0,False,010644480025517470,2023-11-27,,2023,2,Sugarcane,sugarcane,remark_column,2.93,1.67,2.08,2.2266666666666666,2.2266666666666666,,3,0.0,,,Sugarcane,,True,LAI,22
UASD,Artal Sub-Watershed,saturation,Artal-2,,,16.0,,16.4448,75.1747,16.4448,75.1747,0.0,False,010644480025517470,2023-12-11,ddmm_swapped_by_sequence,2023,2,Sugarcane,sugarcane,remark_column,1.75,2.02,1.32,1.6966666666666665,1.6966666666666665,,3,0.0,,,Sugarcane,,True,LAI,22
UASD,Artal Sub-Watershed,saturation,Artal-2,,,16.0,,16.4448,75.1747,16.4448,75.1747,0.0,False,010644480025517470,2023-12-23,,2023,2,-,no_crop,remark_column,,,,,,,0,,,,-,,True,LAI,22
UASD,Artal Sub-Watershed,saturation,Artal-2,,,173.0,,16.4432,75.1718,16.4448,75.1747,357.79682528283206,True,010644480025517470,2023-09-27,,2023,1,maize,maize,,2.81,1.98,2.31,2.3666666666666667,2.3666666666666667,,3,0.0,,,,,False,LAI,20
UASD,Artal Sub-Watershed,saturation,Artal-2,,,173.0,,16.4432,75.1718,16.4448,75.1747,357.79682528283206,True,010644480025517470,2023-10-10,,2023,2,Maize,maize,remark_column,1.8,1.76,1.15,1.57,1.57,,3,0.0,,,Maize,,True,LAI,20
UASD,Artal Sub-Watershed,saturation,Artal-2,,,173.0,,16.4432,75.1718,16.4448,75.1747,357.79682528283206,True,010644480025517470,2023-10-20,,2023,2,maize,maize,first_block_of_row,3.06,2.24,1.38,2.226666666666667,2.226666666666667,,3,0.0,,,,,True,LAI,20
UASD,Artal Sub-Watershed,saturation,Artal-2,,,173.0,,16.4432,75.1718,16.4448,75.1747,357.79682528283206,True,010644480025517470,2023-11-03,ddmm_swapped_by_sequence,2023,2,maize,maize,first_block_of_row,2.66,2.15,1.9,2.236666666666667,2.236666666666667,,3,0.0,,,,,True,LAI,20
UASD,Artal Sub-Watershed,saturation,Artal-2,,,173.0,,16.4432,75.1718,16.4448,75.1747,357.79682528283206,True,010644480025517470,2023-11-15,,2023,2,Maize,maize,remark_column,0.507,1.91,2.18,1.532333333333333,1.532333333333333,,3,0.0,,,Maize,,True,LAI,20
UASD,Artal Sub-Watershed,saturation,Artal-2,,,173.0,,16.4432,75.1718,16.4448,75.1747,357.79682528283206,True,010644480025517470,2023-11-27,,2023,2,-,no_crop,remark_column,,,,,,,0,,,,-,,True,LAI,20
UASD,Artal Sub-Watershed,saturation,Artal-2,,,173.0,,16.4432,75.1718,16.4448,75.1747,357.79682528283206,True,010644480025517470,2023-12-11,ddmm_swapped_by_sequence,2023,2,-,no_crop,remark_column,,,,,,,0,,,,-,,True,LAI,20
UASD,Artal Sub-Watershed,saturation,Artal-2,,,173.0,,16.4432,75.1718,16.4448,75.1747,357.79682528283206,True,010644480025517470,2023-12-23,,2023,2,-,no_crop,remark_column,,,,,,,0,,,,-,,True,LAI,20
UASD,Artal Sub-Watershed,saturation,Artal-2,,,735.0,,16.4511,75.1816,16.4448,75.1747,1016.2719366424703,True,010644480025517470,2023-09-27,,2023,1,Sugarcane,sugarcane,,1.05,1.78,1.77,1.5333333333333332,1.5333333333333332,,3,0.0,,,,,False,LAI,16
UASD,Artal Sub-Watershed,saturation,Artal-2,,,735.0,,16.4511,75.1816,16.4448,75.1747,1016.2719366424703,True,010644480025517470,2023-10-10,,2023,2,Sugarcane,sugarcane,remark_column,2.28,0.962,1.99,1.744,1.744,,3,0.0,,,Sugarcane,,True,LAI,16
UASD,Artal Sub-Watershed,saturation,Artal-2,,,735.0,,16.4511,75.1816,16.4448,75.1747,1016.2719366424703,True,010644480025517470,2023-10-20,,2023,2,Sugarcane,sugarcane,first_block_of_row,0.672,1.45,1.22,1.1139999999999999,1.1139999999999999,,3,0.0,,,,,True,LAI,16
UASD,Artal Sub-Watershed,saturation,Artal-2,,,735.0,,16.4511,75.1816,16.4448,75.1747,1016.2719366424703,True,010644480025517470,2023-11-03,ddmm_swapped_by_sequence,2023,2,Sugarcane,sugarcane,first_block_of_row,4.27,4.6,1.86,3.576666666666666,3.576666666666666,,3,0.0,,,,,True,LAI,16
UASD,Artal Sub-Watershed,saturation,Artal-2,,,735.0,,16.4511,75.1816,16.4448,75.1747,1016.2719366424703,True,010644480025517470,2023-11-15,,2023,2,Sugarcane,sugarcane,remark_column,1.74,1.16,3.02,1.9733333333333334,1.9733333333333334,,3,0.0,,,Sugarcane,,True,LAI,16
UASD,Artal Sub-Watershed,saturation,Artal-2,,,735.0,,16.4511,75.1816,16.4448,75.1747,1016.2719366424703,True,010644480025517470,2023-11-27,,2023,2,Sugarcane,sugarcane,remark_column,1.91,2.57,3.69,2.723333333333333,2.723333333333333,,3,0.0,,,Sugarcane,,True,LAI,16
UASD,Artal Sub-Watershed,saturation,Artal-2,,,735.0,,16.4511,75.1816,16.4448,75.1747,1016.2719366424703,True,010644480025517470,2023-12-11,ddmm_swapped_by_sequence,2023,2,Sugarcane,sugarcane,remark_column,2.23,4.33,2.84,3.1333333333333333,3.1333333333333333,,3,0.0,,,Sugarcane,,True,LAI,16
UASD,Artal Sub-Watershed,saturation,Artal-2,,,735.0,,16.4511,75.1816,16.4448,75.1747,1016.2719366424703,True,010644480025517470,2023-12-23,,2023,2,Sugarcane,sugarcane,remark_column,1.6,4.6,3.21,3.1366666666666667,3.1366666666666667,,3,0.0,,,Sugarcane,,True,LAI,16
UASD,Artal Sub-Watershed,saturation,Artal-3,,,526.0,,16.4612,75.2037,16.4612,75.2037,0.0,False,010646120025520370,2023-09-27,,2023,1,Maize,maize,,2.18,1.04,2.16,1.7933333333333337,1.7933333333333337,,3,0.0,,,,,False,LAI,21
UASD,Artal Sub-Watershed,saturation,Artal-3,,,526.0,,16.4612,75.2037,16.4612,75.2037,0.0,False,010646120025520370,2023-10-10,,2023,2,Maize,maize,remark_column,1.57,2.06,2.33,1.9866666666666666,1.9866666666666666,,3,0.0,,,Maize,,True,LAI,21
UASD,Artal Sub-Watershed,saturation,Artal-3,,,526.0,,16.4612,75.2037,16.4612,75.2037,0.0,False,010646120025520370,2023-10-20,,2023,2,Maize,maize,first_block_of_row,3.83,4.01,3.56,3.8000000000000003,3.8000000000000003,,3,0.0,,,,,True,LAI,21
UASD,Artal Sub-Watershed,saturation,Artal-3,,,526.0,,16.4612,75.2037,16.4612,75.2037,0.0,False,010646120025520370,2023-11-03,ddmm_swapped_by_sequence,2023,2,Maize,maize,first_block_of_row,2.71,2.55,2.35,2.5366666666666666,2.5366666666666666,,3,0.0,,,,,True,LAI,21
UASD,Artal Sub-Watershed,saturation,Artal-3,,,526.0,,16.4612,75.2037,16.4612,75.2037,0.0,False,010646120025520370,2023-11-15,,2023,2,Maize,maize,first_block_of_row,,,,,,,0,,,,crop harvested,,True,LAI,21
UASD,Artal Sub-Watershed,saturation,Artal-3,,,526.0,,16.4612,75.2037,16.4612,75.2037,0.0,False,010646120025520370,2023-11-27,,2023,2,-,no_crop,remark_column,,,,,,,0,,,,-,,True,LAI,21
UASD,Artal Sub-Watershed,saturation,Artal-3,,,526.0,,16.4612,75.2037,16.4612,75.2037,0.0,False,010646120025520370,2023-12-11,ddmm_swapped_by_sequence,2023,2,-,no_crop,remark_column,,,,,,,0,,,,-,,True,LAI,21
UASD,Artal Sub-Watershed,saturation,Artal-3,,,526.0,,16.4612,75.2037,16.4612,75.2037,0.0,False,010646120025520370,2023-12-23,,2023,2,-,no_crop,remark_column,,,,,,,0,,,,-,,True,LAI,21
UASD,Artal Sub-Watershed,saturation,Halahalli-1,,,213.0,,16.4519,75.2122,16.4519,75.2122,0.0,False,010645190025521220,2023-09-27,,2023,1,Maize,maize,,1.62,2.06,1.87,1.8500000000000003,1.8500000000000003,,3,0.0,,,,,False,LAI,18
UASD,Artal Sub-Watershed,saturation,Halahalli-1,,,213.0,,16.4519,75.2122,16.4519,75.2122,0.0,False,010645190025521220,2023-10-10,,2023,2,Maize,maize,remark_column,2.28,1.93,2.86,2.356666666666667,2.356666666666667,,3,0.0,,,Maize,,True,LAI,18
UASD,Artal Sub-Watershed,saturation,Halahalli-1,,,213.0,,16.4519,75.2122,16.4519,75.2122,0.0,False,010645190025521220,2023-10-20,,2023,2,Maize,maize,first_block_of_row,1.85,1.35,1.99,1.7300000000000002,1.7300000000000002,,3,0.0,,,,,True,LAI,18
UASD,Artal Sub-Watershed,saturation,Halahalli-1,,,213.0,,16.4519,75.2122,16.4519,75.2122,0.0,False,010645190025521220,2023-11-03,ddmm_swapped_by_sequence,2023,2,Maize,maize,first_block_of_row,2.02,1.97,2.93,2.3066666666666666,2.3066666666666666,,3,0.0,,,,,True,LAI,18
UASD,Artal Sub-Watershed,saturation,Halahalli-1,,,213.0,,16.4519,75.2122,16.4519,75.2122,0.0,False,010645190025521220,2023-11-15,,2023,2,Maize,maize,remark_column,2.05,1.23,1.17,1.4833333333333332,1.4833333333333332,,3,0.0,,,Maize,,True,LAI,18
UASD,Artal Sub-Watershed,saturation,Halahalli-1,,,213.0,,16.4519,75.2122,16.4519,75.2122,0.0,False,010645190025521220,2023-11-27,,2023,2,Maize,maize,remark_column,1.06,1.97,4.27,2.433333333333333,2.433333333333333,,3,0.0,,,Maize,,True,LAI,18
UASD,Artal Sub-Watershed,saturation,Halahalli-1,,,213.0,,16.4519,75.2122,16.4519,75.2122,0.0,False,010645190025521220,2023-12-11,ddmm_swapped_by_sequence,2023,2,-,no_crop,remark_column,,,,,,,0,,,,-,,True,LAI,18
UASD,Artal Sub-Watershed,saturation,Halahalli-1,,,213.0,,16.4519,75.2122,16.4519,75.2122,0.0,False,010645190025521220,2023-12-23,,2023,2,-,no_crop,remark_column,,,,,,,0,,,,-,,True,LAI,18
UASD,Artal Sub-Watershed,saturation,Halahalli-2,,,166.0,,16.4521,75.2009,16.4521,75.2009,0.0,False,010645210025520090,2023-09-27,,2023,1,Sugarcane,sugarcane,,3.36,3.07,1.32,2.5833333333333335,2.5833333333333335,,3,0.0,,,,,False,LAI,19
UASD,Artal Sub-Watershed,saturation,Halahalli-2,,,166.0,,16.4521,75.2009,16.4521,75.2009,0.0,False,010645210025520090,2023-10-10,,2023,2,Sugarcane,sugarcane,remark_column,2.52,2.22,3.18,2.64,2.64,,3,0.0,,,Sugarcane,,True,LAI,19
UASD,Artal Sub-Watershed,saturation,Halahalli-2,,,166.0,,16.4521,75.2009,16.4521,75.2009,0.0,False,010645210025520090,2023-10-20,,2023,2,Sugarcane,sugarcane,first_block_of_row,4.59,2.56,3.01,3.3866666666666667,3.3866666666666667,,3,0.0,,,,,True,LAI,19
UASD,Artal Sub-Watershed,saturation,Halahalli-2,,,166.0,,16.4521,75.2009,16.4521,75.2009,0.0,False,010645210025520090,2023-11-03,ddmm_swapped_by_sequence,2023,2,Sugarcane,sugarcane,first_block_of_row,3.96,2.16,2.86,2.9933333333333336,2.9933333333333336,,3,0.0,,,,,True,LAI,19
UASD,Artal Sub-Watershed,saturation,Halahalli-2,,,166.0,,16.4521,75.2009,16.4521,75.2009,0.0,False,010645210025520090,2023-11-15,,2023,2,Sugarcane,sugarcane,remark_column,3.71,5.86,3.78,4.45,4.45,,3,0.0,,,Sugarcane,,True,LAI,19
UASD,Artal Sub-Watershed,saturation,Halahalli-2,,,166.0,,16.4521,75.2009,16.4521,75.2009,0.0,False,010645210025520090,2023-11-27,,2023,2,Sugarcane,sugarcane,remark_column,4.01,3.08,3.69,3.5933333333333333,3.5933333333333333,,3,0.0,,,Sugarcane,,True,LAI,19
UASD,Artal Sub-Watershed,saturation,Halahalli-2,,,166.0,,16.4521,75.2009,16.4521,75.2009,0.0,False,010645210025520090,2023-12-11,ddmm_swapped_by_sequence,2023,2,Sugarcane,sugarcane,remark_column,4.81,3.24,3.73,3.926666666666667,3.926666666666667,,3,0.0,,,Sugarcane,,True,LAI,19
UASD,Artal Sub-Watershed,saturation,Halahalli-2,,,166.0,,16.4521,75.2009,16.4521,75.2009,0.0,False,010645210025520090,2023-12-23,,2023,2,Sugarcane,sugarcane,remark_column,1.85,2.2,2.55,2.2,2.2,,3,0.0,,,Sugarcane,,True,LAI,19
UASD,Kodihalli Sub-Watershed,saturation,Aladgeri,,,38.0,,14.555591,75.471144,14.555591,75.471144,0.0,False,010455559025547114,2023-09-26,,2023,1,Groundnut,groundnut,,4.93,4.4,5.1,4.81,4.81,,3,0.0,,,,,False,LAI,26
UASD,Kodihalli Sub-Watershed,saturation,Aladgeri,,,38.0,,14.555591,75.471144,14.555591,75.471144,0.0,False,010455559025547114,2023-10-06,ddmm_swapped_by_sequence,2023,2,Groundnut,groundnut,first_block_of_row,7.09,5.95,5.58,6.206666666666666,6.206666666666666,,3,0.0,,,,,True,LAI,26
UASD,Kodihalli Sub-Watershed,saturation,Aladgeri,,,38.0,,14.555591,75.471144,14.555591,75.471144,0.0,False,010455559025547114,2023-11-08,ddmm_swapped_by_sequence,2023,2,Groundnut,groundnut,,3.61,3.67,7.18,4.819999999999999,4.819999999999999,,3,0.0,,,,,True,LAI,26
UASD,Kodihalli Sub-Watershed,saturation,Kunchur,,,18.0,,14.515297,75.520683,14.519944500000001,75.51590250000001,725.8833331475502,True,010451994025551590,2023-09-26,,2023,1,Maize,maize,,5.2,4.71,5.78,5.23,5.23,,3,0.0,,,,,False,LAI,30
UASD,Kodihalli Sub-Watershed,saturation,Kunchur,,,18.0,,14.515297,75.520683,14.519944500000001,75.51590250000001,725.8833331475502,True,010451994025551590,2023-10-06,ddmm_swapped_by_sequence,2023,2,Maize,maize,first_block_of_row,4.38,5.57,4.54,4.829999999999999,4.829999999999999,,3,0.0,,,,,True,LAI,30
UASD,Kodihalli Sub-Watershed,saturation,Kunchur,,,18.0,,14.515297,75.520683,14.519944500000001,75.51590250000001,725.8833331475502,True,010451994025551590,2023-11-08,ddmm_swapped_by_sequence,2023,2,Maize,maize,,5.5,5.2,5.24,5.3133333333333335,5.3133333333333335,,3,0.0,,,,,True,LAI,30
UASD,Kodihalli Sub-Watershed,saturation,Kunchur,,,35.0,,14.524592,75.511122,14.519944500000001,75.51590250000001,725.8833331484874,True,010451994025551590,2023-09-26,,2023,1,Maize,maize,,5.78,4.71,5.2,5.23,5.23,,3,0.0,,,,,False,LAI,29
UASD,Kodihalli Sub-Watershed,saturation,Kunchur,,,35.0,,14.524592,75.511122,14.519944500000001,75.51590250000001,725.8833331484874,True,010451994025551590,2023-10-06,ddmm_swapped_by_sequence,2023,2,Maize,maize,first_block_of_row,4.45,5.45,5.42,5.1066666666666665,5.1066666666666665,,3,0.0,,,,,True,LAI,29
UASD,Kodihalli Sub-Watershed,saturation,Kunchur,,,35.0,,14.524592,75.511122,14.519944500000001,75.51590250000001,725.8833331484874,True,010451994025551590,2023-11-08,ddmm_swapped_by_sequence,2023,2,No crop,no_crop,,0.0,0.0,0.0,0.0,0.0,,3,0.0,,,,,True,LAI,29
UASD,Kodihalli Sub-Watershed,saturation,Lingadevarakoppa,,,20/A,,14.550707,75.508085,14.542905,75.51024899999999,893.366477729609,True,010454290025551025,2023-09-26,,2023,1,Maize,maize,,6.44,7.33,7.02,6.93,6.93,,3,0.0,,,,,False,LAI,25
UASD,Kodihalli Sub-Watershed,saturation,Lingadevarakoppa,,,20/A,,14.550707,75.508085,14.542905,75.51024899999999,893.366477729609,True,010454290025551025,2023-10-06,ddmm_swapped_by_sequence,2023,2,Maize,maize,first_block_of_row,6.09,6.14,5.49,5.906666666666666,5.906666666666666,,3,0.0,,,,,True,LAI,25
UASD,Kodihalli Sub-Watershed,saturation,Lingadevarakoppa,,,20/A,,14.550707,75.508085,14.542905,75.51024899999999,893.366477729609,True,010454290025551025,2023-11-08,ddmm_swapped_by_sequence,2023,2,No crop,no_crop,,0.0,0.0,0.0,0.0,0.0,,3,0.0,,,,,True,LAI,25
UASD,Kodihalli Sub-Watershed,saturation,Lingadevarakoppa,,,30.0,,14.535103,75.512413,14.542905,75.51024899999999,893.3664777300049,True,010454290025551025,2023-09-26,,2023,1,Maize,maize,,4.22,5.11,4.23,4.5200000000000005,4.5200000000000005,,3,0.0,,,,,False,LAI,28
UASD,Kodihalli Sub-Watershed,saturation,Lingadevarakoppa,,,30.0,,14.535103,75.512413,14.542905,75.51024899999999,893.3664777300049,True,010454290025551025,2023-10-06,ddmm_swapped_by_sequence,2023,2,Maize,maize,first_block_of_row,5.98,5.57,5.65,5.733333333333334,5.733333333333334,,3,0.0,,,,,True,LAI,28
UASD,Kodihalli Sub-Watershed,saturation,Lingadevarakoppa,,,30.0,,14.535103,75.512413,14.542905,75.51024899999999,893.3664777300049,True,010454290025551025,2023-11-08,ddmm_swapped_by_sequence,2023,2,No crop,no_crop,,0.0,0.0,0.0,0.0,0.0,,3,0.0,,,,,True,LAI,28
UASD,Kodihalli Sub-Watershed,saturation,Mavintopa,,,35.0,,14.507089,75.513718,14.502813,75.513718,472.8144240000923,True,010450281025551372,2023-09-26,,2023,1,No Crop,no_crop,,0.0,0.0,0.0,0.0,0.0,,3,0.0,,,,,False,LAI,32
UASD,Kodihalli Sub-Watershed,saturation,Mavintopa,,,35.0,,14.507089,75.513718,14.502813,75.513718,472.8144240000923,True,010450281025551372,2023-10-06,ddmm_swapped_by_sequence,2023,2,No Crop,no_crop,first_block_of_row,0.0,0.0,0.0,0.0,0.0,,3,0.0,,,,,True,LAI,32
UASD,Kodihalli Sub-Watershed,saturation,Mavintopa,,,35.0,,14.507089,75.513718,14.502813,75.513718,472.8144240000923,True,010450281025551372,2023-11-08,ddmm_swapped_by_sequence,2023,2,No crop,no_crop,,0.0,0.0,0.0,0.0,0.0,,3,0.0,,,,,True,LAI,32
UASD,Kodihalli Sub-Watershed,saturation,Mavintopa,,,61.0,,14.486705,75.517697,14.502813,75.513718,1831.526511368991,True,010450281025551372,2023-09-26,,2023,1,Maize,maize,,4.23,5.88,4.66,4.923333333333333,4.923333333333333,,3,0.0,,,,,False,LAI,33
UASD,Kodihalli Sub-Watershed,saturation,Mavintopa,,,61.0,,14.486705,75.517697,14.502813,75.513718,1831.526511368991,True,010450281025551372,2023-10-06,ddmm_swapped_by_sequence,2023,2,Maize,maize,first_block_of_row,4.48,4.37,4.04,4.296666666666667,4.296666666666667,,3,0.0,,,,,True,LAI,33
UASD,Kodihalli Sub-Watershed,saturation,Mavintopa,,,61.0,,14.486705,75.517697,14.502813,75.513718,1831.526511368991,True,010450281025551372,2023-11-08,ddmm_swapped_by_sequence,2023,2,Maize,maize,,4.57,4.83,5.17,4.8566666666666665,4.8566666666666665,,3,0.0,,,,,True,LAI,33
UASD,Kodihalli Sub-Watershed,saturation,Mavintopa,,,75.0,,14.502813,75.503232,14.502813,75.513718,1124.5182674110113,True,010450281025551372,2023-09-26,,2023,1,Maize,maize,,5.09,7.41,5.25,5.916666666666667,5.916666666666667,,3,0.0,,,,,False,LAI,31
UASD,Kodihalli Sub-Watershed,saturation,Mavintopa,,,75.0,,14.502813,75.503232,14.502813,75.513718,1124.5182674110113,True,010450281025551372,2023-10-06,ddmm_swapped_by_sequence,2023,2,Maize,maize,first_block_of_row,7.01,5.49,6.09,6.196666666666666,6.196666666666666,,3,0.0,,,,,True,LAI,31
UASD,Kodihalli Sub-Watershed,saturation,Mavintopa,,,75.0,,14.502813,75.503232,14.502813,75.513718,1124.5182674110113,True,010450281025551372,2023-11-08,ddmm_swapped_by_sequence,2023,2,No crop,no_crop,,0.0,0.0,0.0,0.0,0.0,,3,0.0,,,,,True,LAI,31
UASD,Kodihalli Sub-Watershed,saturation,Yelavadhalli,,,18.0,,14.550516,75.451109,14.550516,75.451109,0.0,False,010455052025545111,2023-09-26,,2023,1,Maize,maize,,5.61,5.05,4.53,5.0633333333333335,5.0633333333333335,,3,0.0,,,,,False,LAI,27
UASD,Kodihalli Sub-Watershed,saturation,Yelavadhalli,,,18.0,,14.550516,75.451109,14.550516,75.451109,0.0,False,010455052025545111,2023-10-06,ddmm_swapped_by_sequence,2023,2,Maize,maize,first_block_of_row,4.42,4.53,6.29,5.079999999999999,5.079999999999999,,3,0.0,,,,,True,LAI,27
UASD,Kodihalli Sub-Watershed,saturation,Yelavadhalli,,,18.0,,14.550516,75.451109,14.550516,75.451109,0.0,False,010455052025545111,2023-11-08,ddmm_swapped_by_sequence,2023,2,Chilli,chilli,,4.32,4.76,5.98,5.0200000000000005,5.0200000000000005,,3,0.0,,,,,True,LAI,27
UASD,Shirur Sub-Watershed,saturation,Bilebala,,,118.0,,15.2186,75.26,15.2186,75.26,0.0,False,010521860025526000,2023-09-11,ddmm_swapped_by_sequence,2023,1,Soybean,soybean,,2.73,2.5,2.69,2.64,2.64,,3,0.0,,,,,False,LAI,39
UASD,Shirur Sub-Watershed,saturation,Bilebala,,,118.0,,15.2186,75.26,15.2186,75.26,0.0,False,010521860025526000,2023-10-21,,2023,2,Soybean,soybean,first_block_of_row,2.24,1.7,1.99,1.9766666666666668,1.9766666666666668,,3,0.0,,,,,True,LAI,39
UASD,Shirur Sub-Watershed,saturation,Bilebala,,,118.0,,15.2186,75.26,15.2186,75.26,0.0,False,010521860025526000,2023-10-31,,2023,2,Soybean,soybean,first_block_of_row,2.34,2.21,1.98,2.1766666666666663,2.1766666666666663,,3,0.0,,,,,True,LAI,39
UASD,Shirur Sub-Watershed,saturation,Bilebala,,,118.0,,15.2186,75.26,15.2186,75.26,0.0,False,010521860025526000,2023-11-20,,2023,2,No crop,no_crop,remark_column,0.0,0.0,0.0,0.0,0.0,,3,0.0,,,No crop,,True,LAI,39
UASD,Shirur Sub-Watershed,saturation,Bilebala,,,118.0,,15.2186,75.26,15.2186,75.26,0.0,False,010521860025526000,2023-11-28,,2023,2,Soybean,soybean,first_block_of_row,1.72,1.6,1.45,1.59,1.59,,3,0.0,,,Chick pea,,True,LAI,39
UASD,Shirur Sub-Watershed,saturation,Bilebala,,,118.0,,15.2186,75.26,15.2186,75.26,0.0,False,010521860025526000,2023-12-12,,2023,2,Soybean,soybean,first_block_of_row,3.54,2.98,2.55,3.0233333333333334,3.0233333333333334,,3,0.0,,,Chick pea,,True,LAI,39
UASD,Shirur Sub-Watershed,saturation,Bilebala,,,118.0,,15.2186,75.26,15.2186,75.26,0.0,False,010521860025526000,2023-12-19,,2023,2,Soybean,soybean,first_block_of_row,2.94,3.11,2.78,2.9433333333333334,2.9433333333333334,,3,0.0,,,,,True,LAI,39
UASD,Shirur Sub-Watershed,saturation,Bilebala,,,118.0,,15.2186,75.26,15.2186,75.26,0.0,False,010521860025526000,2023-12-24,,2023,2,Soybean,soybean,first_block_of_row,3.99,3.52,3.33,3.6133333333333333,3.6133333333333333,,3,0.0,,,Chick pea,,True,LAI,39
UASD,Shirur Sub-Watershed,saturation,Bilebala,,,118.0,,15.2186,75.26,15.2186,75.26,0.0,False,010521860025526000,2024-01-10,ddmm_swapped_by_sequence,2023,2,Chick pea,other:chick pea,,3.28,3.33,3.39,3.3333333333333335,3.3333333333333335,,3,0.0,,,,,False,LAI,50
UASD,Shirur Sub-Watershed,saturation,Bilebala,,,118.0,,15.2186,75.26,15.2186,75.26,0.0,False,010521860025526000,2024-01-27,,2023,2,Cotton,cotton,remark_column,1.85,1.55,1.43,1.61,1.61,,3,0.0,,,Cotton,,True,LAI,50
UASD,Shirur Sub-Watershed,saturation,Bilebala,,,118.0,,15.2186,75.26,15.2186,75.26,0.0,False,010521860025526000,2024-03-02,ddmm_kept_by_sequence,2024,3,Cotton,cotton,remark_column,2.5,2.25,2.75,2.5,2.5,,3,0.0,,,Cotton,,True,LAI,50
UASD,Shirur Sub-Watershed,saturation,Devanur,,,82.0,,15.2433,75.28306,15.2433,75.28306,0.0,False,010524330025528306,2023-09-11,ddmm_swapped_by_sequence,2023,1,Groundnut,groundnut,,1.51,1.37,2.25,1.71,1.71,,3,0.0,,,,,False,LAI,41
UASD,Shirur Sub-Watershed,saturation,Devanur,,,82.0,,15.2433,75.28306,15.2433,75.28306,0.0,False,010524330025528306,2023-10-21,,2023,2,Groundnut,groundnut,first_block_of_row,3.85,3.12,2.78,3.25,3.25,,3,0.0,,,,,True,LAI,41
UASD,Shirur Sub-Watershed,saturation,Devanur,,,82.0,,15.2433,75.28306,15.2433,75.28306,0.0,False,010524330025528306,2023-10-31,,2023,2,Groundnut,groundnut,first_block_of_row,2.2,2.43,1.57,2.066666666666667,2.066666666666667,,3,0.0,,,,,True,LAI,41
UASD,Shirur Sub-Watershed,saturation,Devanur,,,82.0,,15.2433,75.28306,15.2433,75.28306,0.0,False,010524330025528306,2023-11-20,,2023,2,Chilli,chilli,remark_column,2.74,3.62,3.65,3.3366666666666664,3.3366666666666664,,3,0.0,,,Chilli,,True,LAI,41
UASD,Shirur Sub-Watershed,saturation,Devanur,,,82.0,,15.2433,75.28306,15.2433,75.28306,0.0,False,010524330025528306,2023-11-28,,2023,2,Chilli,chilli,remark_column,1.82,1.36,1.4,1.5266666666666666,1.5266666666666666,,3,0.0,,,Chilli,,True,LAI,41
UASD,Shirur Sub-Watershed,saturation,Devanur,,,82.0,,15.2433,75.28306,15.2433,75.28306,0.0,False,010524330025528306,2023-12-12,,2023,2,Chilli,chilli,remark_column,1.78,1.84,1.72,1.78,1.78,,3,0.0,,,Chilli,,True,LAI,41
UASD,Shirur Sub-Watershed,saturation,Devanur,,,82.0,,15.2433,75.28306,15.2433,75.28306,0.0,False,010524330025528306,2023-12-19,,2023,2,Groundnut,groundnut,first_block_of_row,1.4,2.05,1.73,1.7266666666666666,1.7266666666666666,,3,0.0,,,,,True,LAI,41
UASD,Shirur Sub-Watershed,saturation,Devanur,,,82.0,,15.2433,75.28306,15.2433,75.28306,0.0,False,010524330025528306,2023-12-24,,2023,2,Chilli,chilli,remark_column,1.85,1.34,1.95,1.7133333333333336,1.7133333333333336,,3,0.0,,,Chilli,,True,LAI,41
UASD,Shirur Sub-Watershed,saturation,Devanur,,,82.0,,15.2433,75.28306,15.2433,75.28306,0.0,False,010524330025528306,2024-01-10,ddmm_swapped_by_sequence,2023,2,Chilli,chilli,,2.3,2.34,2.46,2.3666666666666667,2.3666666666666667,,3,0.0,,,,,False,LAI,52
UASD,Shirur Sub-Watershed,saturation,Devanur,,,82.0,,15.2433,75.28306,15.2433,75.28306,0.0,False,010524330025528306,2024-01-27,,2023,2,Chilli,chilli,remark_column,1.01,0.54,1.15,0.9,0.9,,3,0.0,,,Chilli,,True,LAI,52
UASD,Shirur Sub-Watershed,saturation,Devanur,,,82.0,,15.2433,75.28306,15.2433,75.28306,0.0,False,010524330025528306,2024-03-02,ddmm_kept_by_sequence,2024,3,Chilli,chilli,remark_column,1.14,1.2,1.29,1.21,1.21,,3,0.0,,,Chilli,,True,LAI,52
UASD,Shirur Sub-Watershed,saturation,Devanurnorth,,,190.0,,15.2122,75.23972,15.2268,75.24944500000001,1921.9475896688543,True,010522680025524944,2023-09-11,ddmm_swapped_by_sequence,2023,1,"Cotton, Chilli",cotton_mixed,,2.63,2.37,1.31,2.1033333333333335,2.1033333333333335,,3,0.0,,,,,False,LAI,36
UASD,Shirur Sub-Watershed,saturation,Devanurnorth,,,190.0,,15.2122,75.23972,15.2268,75.24944500000001,1921.9475896688543,True,010522680025524944,2023-10-21,,2023,2,"Cotton, Chilli",cotton_mixed,first_block_of_row,2.37,1.52,1.46,1.7833333333333332,1.7833333333333332,,3,0.0,,,,,True,LAI,36
UASD,Shirur Sub-Watershed,saturation,Devanurnorth,,,190.0,,15.2122,75.23972,15.2268,75.24944500000001,1921.9475896688543,True,010522680025524944,2023-10-31,,2023,2,"Cotton, Chilli",cotton_mixed,first_block_of_row,1.21,1.31,1.79,1.4366666666666668,1.4366666666666668,,3,0.0,,,,,True,LAI,36
UASD,Shirur Sub-Watershed,saturation,Devanurnorth,,,190.0,,15.2122,75.23972,15.2268,75.24944500000001,1921.9475896688543,True,010522680025524944,2023-11-20,,2023,2,Chickpea,chickpea,remark_column,1.27,1.57,1.21,1.3499999999999999,1.3499999999999999,,3,0.0,,,Chickpea,,True,LAI,36
UASD,Shirur Sub-Watershed,saturation,Devanurnorth,,,190.0,,15.2122,75.23972,15.2268,75.24944500000001,1921.9475896688543,True,010522680025524944,2023-11-28,,2023,2,Cotton,cotton,remark_column,1.82,1.7,1.9,1.8066666666666666,1.8066666666666666,,3,0.0,,,Cotton,,True,LAI,36
UASD,Shirur Sub-Watershed,saturation,Devanurnorth,,,190.0,,15.2122,75.23972,15.2268,75.24944500000001,1921.9475896688543,True,010522680025524944,2023-12-12,,2023,2,Cotton,cotton,remark_column,1.83,1.79,1.97,1.8633333333333333,1.8633333333333333,,3,0.0,,,Cotton,,True,LAI,36
UASD,Shirur Sub-Watershed,saturation,Devanurnorth,,,190.0,,15.2122,75.23972,15.2268,75.24944500000001,1921.9475896688543,True,010522680025524944,2023-12-19,,2023,2,"Cotton, Chilli",cotton_mixed,first_block_of_row,1.4,2.15,2.16,1.9033333333333333,1.9033333333333333,,3,0.0,,,,,True,LAI,36
UASD,Shirur Sub-Watershed,saturation,Devanurnorth,,,190.0,,15.2122,75.23972,15.2268,75.24944500000001,1921.9475896688543,True,010522680025524944,2023-12-24,,2023,2,Cotton,cotton,remark_column,1.4,1.67,1.54,1.5366666666666664,1.5366666666666664,,3,0.0,,,Cotton,,True,LAI,36
UASD,Shirur Sub-Watershed,saturation,Devanurnorth,,,190.0,,15.2122,75.23972,15.2268,75.24944500000001,1921.9475896688543,True,010522680025524944,2024-01-10,ddmm_swapped_by_sequence,2023,2,Cotton,cotton,,2.9,2.29,2.42,2.5366666666666666,2.5366666666666666,,3,0.0,,,,,False,LAI,47
UASD,Shirur Sub-Watershed,saturation,Devanurnorth,,,190.0,,15.2122,75.23972,15.2268,75.24944500000001,1921.9475896688543,True,010522680025524944,2024-01-27,,2023,2,Chilli,chilli,remark_column,1.41,1.29,1.31,1.3366666666666667,1.3366666666666667,,3,0.0,,,Chilli,,True,LAI,47
UASD,Shirur Sub-Watershed,saturation,Devanurnorth,,,190.0,,15.2122,75.23972,15.2268,75.24944500000001,1921.9475896688543,True,010522680025524944,2024-03-02,ddmm_kept_by_sequence,2024,3,Chilli,chilli,remark_column,1.43,1.7,1.8,1.6433333333333333,1.6433333333333333,,3,0.0,,,Chilli,,True,LAI,47
UASD,Shirur Sub-Watershed,saturation,Devanurnorth,,,27.0,,15.2414,75.25917,15.2268,75.24944500000001,1921.9475896678623,True,010522680025524944,2023-09-11,ddmm_swapped_by_sequence,2023,1,Groundnut,groundnut,,1.51,1.37,2.25,1.71,1.71,,3,0.0,,,,,False,LAI,38
UASD,Shirur Sub-Watershed,saturation,Devanurnorth,,,27.0,,15.2414,75.25917,15.2268,75.24944500000001,1921.9475896678623,True,010522680025524944,2023-10-21,,2023,2,Groundnut,groundnut,first_block_of_row,2.08,2.18,2.72,2.3266666666666667,2.3266666666666667,,3,0.0,,,,,True,LAI,38
UASD,Shirur Sub-Watershed,saturation,Devanurnorth,,,27.0,,15.2414,75.25917,15.2268,75.24944500000001,1921.9475896678623,True,010522680025524944,2023-10-31,,2023,2,Groundnut,groundnut,first_block_of_row,3.03,3.2,3.23,3.1533333333333338,3.1533333333333338,,3,0.0,,,,,True,LAI,38
UASD,Shirur Sub-Watershed,saturation,Devanurnorth,,,27.0,,15.2414,75.25917,15.2268,75.24944500000001,1921.9475896678623,True,010522680025524944,2023-11-20,,2023,2,Chilli,chilli,remark_column,2.2,2.38,2.85,2.4766666666666666,2.4766666666666666,,3,0.0,,,Chilli,,True,LAI,38
UASD,Shirur Sub-Watershed,saturation,Devanurnorth,,,27.0,,15.2414,75.25917,15.2268,75.24944500000001,1921.9475896678623,True,010522680025524944,2023-11-28,,2023,2,Chilli,chilli,remark_column,2.53,2.84,2.78,2.7166666666666663,2.7166666666666663,,3,0.0,,,Chilli,,True,LAI,38
UASD,Shirur Sub-Watershed,saturation,Devanurnorth,,,27.0,,15.2414,75.25917,15.2268,75.24944500000001,1921.9475896678623,True,010522680025524944,2023-12-12,,2023,2,Chilli,chilli,remark_column,2.22,1.83,2.43,2.16,2.16,,3,0.0,,,Chilli,,True,LAI,38
UASD,Shirur Sub-Watershed,saturation,Devanurnorth,,,27.0,,15.2414,75.25917,15.2268,75.24944500000001,1921.9475896678623,True,010522680025524944,2023-12-19,,2023,2,Groundnut,groundnut,first_block_of_row,1.48,1.95,2.03,1.8199999999999996,1.8199999999999996,,3,0.0,,,,,True,LAI,38
UASD,Shirur Sub-Watershed,saturation,Devanurnorth,,,27.0,,15.2414,75.25917,15.2268,75.24944500000001,1921.9475896678623,True,010522680025524944,2023-12-24,,2023,2,Chilli,chilli,remark_column,1.41,1.63,1.17,1.4033333333333333,1.4033333333333333,,3,0.0,,,Chilli,,True,LAI,38
UASD,Shirur Sub-Watershed,saturation,Devanurnorth,,,27.0,,15.2414,75.25917,15.2268,75.24944500000001,1921.9475896678623,True,010522680025524944,2024-01-10,ddmm_swapped_by_sequence,2023,2,Chilli,chilli,,1.46,1.48,1.44,1.46,1.46,,3,0.0,,,,,False,LAI,49
UASD,Shirur Sub-Watershed,saturation,Devanurnorth,,,27.0,,15.2414,75.25917,15.2268,75.24944500000001,1921.9475896678623,True,010522680025524944,2024-01-27,,2023,2,Chilli,chilli,remark_column,0.644,0.831,0.756,0.7436666666666666,0.7436666666666666,,3,0.0,,,Chilli,,True,LAI,49
UASD,Shirur Sub-Watershed,saturation,Devanurnorth,,,27.0,,15.2414,75.25917,15.2268,75.24944500000001,1921.9475896678623,True,010522680025524944,2024-03-02,ddmm_kept_by_sequence,2024,3,Chilli,chilli,remark_column,1.12,1.62,1.22,1.32,1.32,,3,0.0,,,Chilli,,True,LAI,49
UASD,Shirur Sub-Watershed,saturation,Kamadoli-1,,,46.0,,15.2358,75.28833,15.2358,75.28833,0.0,False,010523580025528833,2023-09-11,ddmm_swapped_by_sequence,2023,1,Cotton,cotton,,1.91,2.36,1.42,1.8966666666666665,1.8966666666666665,,3,0.0,,,,,False,LAI,42
UASD,Shirur Sub-Watershed,saturation,Kamadoli-1,,,46.0,,15.2358,75.28833,15.2358,75.28833,0.0,False,010523580025528833,2023-10-21,,2023,2,Cotton,cotton,first_block_of_row,3.2,2.44,2.76,2.8000000000000003,2.8000000000000003,,3,0.0,,,,,True,LAI,42
UASD,Shirur Sub-Watershed,saturation,Kamadoli-1,,,46.0,,15.2358,75.28833,15.2358,75.28833,0.0,False,010523580025528833,2023-10-31,,2023,2,Cotton,cotton,first_block_of_row,1.54,1.11,1.99,1.5466666666666669,1.5466666666666669,,3,0.0,,,,,True,LAI,42
UASD,Shirur Sub-Watershed,saturation,Kamadoli-1,,,46.0,,15.2358,75.28833,15.2358,75.28833,0.0,False,010523580025528833,2023-11-20,,2023,2,Cotton,cotton,remark_column,1.71,1.75,1.51,1.6566666666666665,1.6566666666666665,,3,0.0,,,Cotton,,True,LAI,42
UASD,Shirur Sub-Watershed,saturation,Kamadoli-1,,,46.0,,15.2358,75.28833,15.2358,75.28833,0.0,False,010523580025528833,2023-11-28,,2023,2,Cotton,cotton,first_block_of_row,1.72,1.4,1.6,1.5733333333333335,1.5733333333333335,,3,0.0,,,Chick pea,,True,LAI,42
UASD,Shirur Sub-Watershed,saturation,Kamadoli-1,,,46.0,,15.2358,75.28833,15.2358,75.28833,0.0,False,010523580025528833,2023-12-12,,2023,2,Cotton,cotton,first_block_of_row,1.98,1.69,1.59,1.7533333333333332,1.7533333333333332,,3,0.0,,,Chick pea,,True,LAI,42
UASD,Shirur Sub-Watershed,saturation,Kamadoli-1,,,46.0,,15.2358,75.28833,15.2358,75.28833,0.0,False,010523580025528833,2023-12-19,,2023,2,Cotton,cotton,first_block_of_row,2.33,2.56,1.96,2.2833333333333337,2.2833333333333337,,3,0.0,,,,,True,LAI,42
UASD,Shirur Sub-Watershed,saturation,Kamadoli-1,,,46.0,,15.2358,75.28833,15.2358,75.28833,0.0,False,010523580025528833,2023-12-24,,2023,2,Cotton,cotton,first_block_of_row,1.64,1.82,1.63,1.6966666666666665,1.6966666666666665,,3,0.0,,,Chick pea,,True,LAI,42
UASD,Shirur Sub-Watershed,saturation,Kamadoli-1,,,46.0,,15.2358,75.28833,15.2358,75.28833,0.0,False,010523580025528833,2024-01-10,ddmm_swapped_by_sequence,2023,2,Chick pea,other:chick pea,,1.12,1.34,1.49,1.3166666666666667,1.3166666666666667,,3,0.0,,,,,False,LAI,53
UASD,Shirur Sub-Watershed,saturation,Kamadoli-1,,,46.0,,15.2358,75.28833,15.2358,75.28833,0.0,False,010523580025528833,2024-01-27,,2023,2,Cotton,cotton,remark_column,2.18,2.45,2.6,2.41,2.41,,3,0.0,,,Cotton,,True,LAI,53
UASD,Shirur Sub-Watershed,saturation,Kamadoli-1,,,46.0,,15.2358,75.28833,15.2358,75.28833,0.0,False,010523580025528833,2024-03-02,ddmm_kept_by_sequence,2024,3,Cotton,cotton,remark_column,2.8,2.34,2.64,2.5933333333333333,2.5933333333333333,,3,0.0,,,Cotton,,True,LAI,53
UASD,Shirur Sub-Watershed,saturation,Kamadoli-2,,,227.0,,15.1772,75.23972,15.1772,75.23972,0.0,False,010517720025523972,2023-09-11,ddmm_swapped_by_sequence,2023,1,Cotton,cotton,,2.47,2.28,2.68,2.4766666666666666,2.4766666666666666,,3,0.0,,,,,False,LAI,35
UASD,Shirur Sub-Watershed,saturation,Kamadoli-2,,,227.0,,15.1772,75.23972,15.1772,75.23972,0.0,False,010517720025523972,2023-10-21,,2023,2,Cotton,cotton,first_block_of_row,2.82,3.09,3.45,3.1199999999999997,3.1199999999999997,,3,0.0,,,,,True,LAI,35
UASD,Shirur Sub-Watershed,saturation,Kamadoli-2,,,227.0,,15.1772,75.23972,15.1772,75.23972,0.0,False,010517720025523972,2023-10-31,,2023,2,Cotton,cotton,first_block_of_row,2.05,1.9,1.86,1.9366666666666665,1.9366666666666665,,3,0.0,,,,,True,LAI,35
UASD,Shirur Sub-Watershed,saturation,Kamadoli-2,,,227.0,,15.1772,75.23972,15.1772,75.23972,0.0,False,010517720025523972,2023-11-20,,2023,2,Chilli,chilli,remark_column,1.65,1.94,1.39,1.66,1.66,,3,0.0,,,Chilli,,True,LAI,35
UASD,Shirur Sub-Watershed,saturation,Kamadoli-2,,,227.0,,15.1772,75.23972,15.1772,75.23972,0.0,False,010517720025523972,2023-11-28,,2023,2,Cotton,cotton,remark_column,1.45,1.13,1.04,1.2066666666666668,1.2066666666666668,,3,0.0,,,Cotton,,True,LAI,35
UASD,Shirur Sub-Watershed,saturation,Kamadoli-2,,,227.0,,15.1772,75.23972,15.1772,75.23972,0.0,False,010517720025523972,2023-12-12,,2023,2,Cotton,cotton,remark_column,1.04,1.18,1.11,1.11,1.11,,3,0.0,,,Cotton,,True,LAI,35
UASD,Shirur Sub-Watershed,saturation,Kamadoli-2,,,227.0,,15.1772,75.23972,15.1772,75.23972,0.0,False,010517720025523972,2023-12-19,,2023,2,Cotton,cotton,first_block_of_row,3.99,3.75,3.34,3.6933333333333334,3.6933333333333334,,3,0.0,,,,,True,LAI,35
UASD,Shirur Sub-Watershed,saturation,Kamadoli-2,,,227.0,,15.1772,75.23972,15.1772,75.23972,0.0,False,010517720025523972,2023-12-24,,2023,2,Cotton,cotton,remark_column,3.63,3.2,2.96,3.263333333333333,3.263333333333333,,3,0.0,,,Cotton,,True,LAI,35
UASD,Shirur Sub-Watershed,saturation,Kamadoli-2,,,227.0,,15.1772,75.23972,15.1772,75.23972,0.0,False,010517720025523972,2024-01-10,ddmm_swapped_by_sequence,2023,2,Cotton,cotton,,2.36,2.23,2.66,2.4166666666666665,2.4166666666666665,,3,0.0,,,,,False,LAI,46
UASD,Shirur Sub-Watershed,saturation,Kamadoli-2,,,227.0,,15.1772,75.23972,15.1772,75.23972,0.0,False,010517720025523972,2024-01-27,,2023,2,Cotton,cotton,remark_column,1.36,1.61,1.42,1.4633333333333336,1.4633333333333336,,3,0.0,,,Cotton,,True,LAI,46
UASD,Shirur Sub-Watershed,saturation,Kamadoli-2,,,227.0,,15.1772,75.23972,15.1772,75.23972,0.0,False,010517720025523972,2024-03-02,ddmm_kept_by_sequence,2024,3,Cotton,cotton,remark_column,2.47,2.3,2.78,2.516666666666666,2.516666666666666,,3,0.0,,,Cotton,,True,LAI,46
UASD,Shirur Sub-Watershed,saturation,Shirur-1,,,6.0,,15.2389,75.26917,15.2444,75.26917,608.157000000154,True,010524440025526917,2023-09-11,ddmm_swapped_by_sequence,2023,1,Soybean,soybean,,3.03,3.43,3.38,3.28,3.28,,3,0.0,,,,,False,LAI,40
UASD,Shirur Sub-Watershed,saturation,Shirur-1,,,6.0,,15.2389,75.26917,15.2444,75.26917,608.157000000154,True,010524440025526917,2023-10-21,,2023,2,Soybean,soybean,first_block_of_row,2.85,2.61,3.04,2.8333333333333335,2.8333333333333335,,3,0.0,,,,,True,LAI,40
UASD,Shirur Sub-Watershed,saturation,Shirur-1,,,6.0,,15.2389,75.26917,15.2444,75.26917,608.157000000154,True,010524440025526917,2023-10-31,,2023,2,Soybean,soybean,first_block_of_row,1.52,1.61,1.45,1.5266666666666666,1.5266666666666666,,3,0.0,,,,,True,LAI,40
UASD,Shirur Sub-Watershed,saturation,Shirur-1,,,6.0,,15.2389,75.26917,15.2444,75.26917,608.157000000154,True,010524440025526917,2023-11-20,,2023,2,Chilli,chilli,remark_column,1.44,1.64,1.4,1.4933333333333334,1.4933333333333334,,3,0.0,,,Chilli,,True,LAI,40
UASD,Shirur Sub-Watershed,saturation,Shirur-1,,,6.0,,15.2389,75.26917,15.2444,75.26917,608.157000000154,True,010524440025526917,2023-11-28,,2023,2,Chilli,chilli,remark_column,2.84,2.9,2.65,2.796666666666667,2.796666666666667,,3,0.0,,,Chilli,,True,LAI,40
UASD,Shirur Sub-Watershed,saturation,Shirur-1,,,6.0,,15.2389,75.26917,15.2444,75.26917,608.157000000154,True,010524440025526917,2023-12-12,,2023,2,Chilli,chilli,remark_column,1.49,1.08,1.13,1.2333333333333334,1.2333333333333334,,3,0.0,,,Chilli,,True,LAI,40
UASD,Shirur Sub-Watershed,saturation,Shirur-1,,,6.0,,15.2389,75.26917,15.2444,75.26917,608.157000000154,True,010524440025526917,2023-12-19,,2023,2,Soybean,soybean,first_block_of_row,1.1,1.65,2.65,1.8,1.8,,3,0.0,,,,,True,LAI,40
UASD,Shirur Sub-Watershed,saturation,Shirur-1,,,6.0,,15.2389,75.26917,15.2444,75.26917,608.157000000154,True,010524440025526917,2023-12-24,,2023,2,Chilli,chilli,remark_column,1.57,1.55,1.51,1.5433333333333332,1.5433333333333332,,3,0.0,,,Chilli,,True,LAI,40
UASD,Shirur Sub-Watershed,saturation,Shirur-1,,,6.0,,15.2389,75.26917,15.2444,75.26917,608.157000000154,True,010524440025526917,2024-01-10,ddmm_swapped_by_sequence,2023,2,Chilli,chilli,,1.19,1.17,1.11,1.1566666666666665,1.1566666666666665,,3,0.0,,,,,False,LAI,51
UASD,Shirur Sub-Watershed,saturation,Shirur-1,,,6.0,,15.2389,75.26917,15.2444,75.26917,608.157000000154,True,010524440025526917,2024-01-27,,2023,2,Chilli,chilli,remark_column,2.44,2.45,2.22,2.3700000000000006,2.3700000000000006,,3,0.0,,,Chilli,,True,LAI,51
UASD,Shirur Sub-Watershed,saturation,Shirur-1,,,6.0,,15.2389,75.26917,15.2444,75.26917,608.157000000154,True,010524440025526917,2024-03-02,ddmm_kept_by_sequence,2024,3,Chilli,chilli,remark_column,1.11,1.45,1.1,1.22,1.22,,3,0.0,,,Chilli,,True,LAI,51
UASD,Shirur Sub-Watershed,saturation,Shirur-1,,,61.0,,15.2636,75.27278,15.2444,75.26917,2158.029612892401,True,010524440025526917,2023-09-11,ddmm_swapped_by_sequence,2023,1,No crop,no_crop,,0.0,0.0,0.0,0.0,0.0,,3,0.0,,,,,False,LAI,43
UASD,Shirur Sub-Watershed,saturation,Shirur-1,,,61.0,,15.2636,75.27278,15.2444,75.26917,2158.029612892401,True,010524440025526917,2023-10-21,,2023,2,No crop,no_crop,first_block_of_row,2.12,2.59,2.69,2.466666666666667,2.466666666666667,,3,0.0,,,,,True,LAI,43
UASD,Shirur Sub-Watershed,saturation,Shirur-1,,,61.0,,15.2636,75.27278,15.2444,75.26917,2158.029612892401,True,010524440025526917,2023-10-31,,2023,2,No crop,no_crop,first_block_of_row,1.9,1.25,1.71,1.6199999999999999,1.6199999999999999,,3,0.0,,,,,True,LAI,43
UASD,Shirur Sub-Watershed,saturation,Shirur-1,,,61.0,,15.2636,75.27278,15.2444,75.26917,2158.029612892401,True,010524440025526917,2023-11-20,,2023,2,Chickpea,chickpea,remark_column,1.98,1.92,2.13,2.01,2.01,,3,0.0,,,Chickpea,,True,LAI,43
UASD,Shirur Sub-Watershed,saturation,Shirur-1,,,61.0,,15.2636,75.27278,15.2444,75.26917,2158.029612892401,True,010524440025526917,2023-11-28,,2023,2,Chilli,chilli,remark_column,1.15,1.45,1.68,1.4266666666666665,1.4266666666666665,,3,0.0,,,Chilli,,True,LAI,43
UASD,Shirur Sub-Watershed,saturation,Shirur-1,,,61.0,,15.2636,75.27278,15.2444,75.26917,2158.029612892401,True,010524440025526917,2023-12-12,,2023,2,Chilli,chilli,remark_column,1.49,1.19,1.46,1.38,1.38,,3,0.0,,,Chilli,,True,LAI,43
UASD,Shirur Sub-Watershed,saturation,Shirur-1,,,61.0,,15.2636,75.27278,15.2444,75.26917,2158.029612892401,True,010524440025526917,2023-12-19,,2023,2,No crop,no_crop,first_block_of_row,1.35,1.49,1.71,1.5166666666666666,1.5166666666666666,,3,0.0,,,,,True,LAI,43
UASD,Shirur Sub-Watershed,saturation,Shirur-1,,,61.0,,15.2636,75.27278,15.2444,75.26917,2158.029612892401,True,010524440025526917,2023-12-24,,2023,2,Chilli,chilli,remark_column,2.34,2.68,2.26,2.4266666666666663,2.4266666666666663,,3,0.0,,,Chilli,,True,LAI,43
UASD,Shirur Sub-Watershed,saturation,Shirur-1,,,61.0,,15.2636,75.27278,15.2444,75.26917,2158.029612892401,True,010524440025526917,2024-01-10,ddmm_swapped_by_sequence,2023,2,Chilli,chilli,,2.44,1.89,3.3,2.5433333333333334,2.5433333333333334,,3,0.0,,,,,False,LAI,54
UASD,Shirur Sub-Watershed,saturation,Shirur-1,,,61.0,,15.2636,75.27278,15.2444,75.26917,2158.029612892401,True,010524440025526917,2024-01-27,,2023,2,Chilli,chilli,remark_column,0.393,0.424,0.494,0.437,0.437,,3,0.0,,,Chilli,,True,LAI,54
UASD,Shirur Sub-Watershed,saturation,Shirur-1,,,61.0,,15.2636,75.27278,15.2444,75.26917,2158.029612892401,True,010524440025526917,2024-03-02,ddmm_kept_by_sequence,2024,3,Chickpea,chickpea,remark_column,2.75,2.69,2.78,2.7399999999999998,2.7399999999999998,,3,0.0,,,Chickpea,,True,LAI,54
UASD,Shirur Sub-Watershed,saturation,Shirur-1,,,85.0,,15.2444,75.23806,15.2444,75.26917,3336.235294597921,True,010524440025526917,2023-09-11,ddmm_swapped_by_sequence,2023,1,Chilli,chilli,,2.65,2.13,3.03,2.603333333333333,2.603333333333333,,3,0.0,,,,,False,LAI,37
UASD,Shirur Sub-Watershed,saturation,Shirur-1,,,85.0,,15.2444,75.23806,15.2444,75.26917,3336.235294597921,True,010524440025526917,2023-10-21,,2023,2,Chilli,chilli,first_block_of_row,3.03,2.79,2.82,2.8800000000000003,2.8800000000000003,,3,0.0,,,,,True,LAI,37
UASD,Shirur Sub-Watershed,saturation,Shirur-1,,,85.0,,15.2444,75.23806,15.2444,75.26917,3336.235294597921,True,010524440025526917,2023-10-31,,2023,2,Chilli,chilli,first_block_of_row,1.43,2.39,3.06,2.2933333333333334,2.2933333333333334,,3,0.0,,,,,True,LAI,37
UASD,Shirur Sub-Watershed,saturation,Shirur-1,,,85.0,,15.2444,75.23806,15.2444,75.26917,3336.235294597921,True,010524440025526917,2023-11-20,,2023,2,Chilli,chilli,remark_column,2.55,2.3,2.42,2.4233333333333333,2.4233333333333333,,3,0.0,,,Chilli,,True,LAI,37
UASD,Shirur Sub-Watershed,saturation,Shirur-1,,,85.0,,15.2444,75.23806,15.2444,75.26917,3336.235294597921,True,010524440025526917,2023-11-28,,2023,2,Chilli,chilli,remark_column,1.58,1.39,1.36,1.4433333333333334,1.4433333333333334,,3,0.0,,,Chilli,,True,LAI,37
UASD,Shirur Sub-Watershed,saturation,Shirur-1,,,85.0,,15.2444,75.23806,15.2444,75.26917,3336.235294597921,True,010524440025526917,2023-12-12,,2023,2,Chilli,chilli,remark_column,1.95,1.55,1.94,1.8133333333333332,1.8133333333333332,,3,0.0,,,Chilli,,True,LAI,37
UASD,Shirur Sub-Watershed,saturation,Shirur-1,,,85.0,,15.2444,75.23806,15.2444,75.26917,3336.235294597921,True,010524440025526917,2023-12-19,,2023,2,Chilli,chilli,first_block_of_row,1.4,1.25,1.81,1.4866666666666666,1.4866666666666666,,3,0.0,,,,,True,LAI,37
UASD,Shirur Sub-Watershed,saturation,Shirur-1,,,85.0,,15.2444,75.23806,15.2444,75.26917,3336.235294597921,True,010524440025526917,2023-12-24,,2023,2,Chilli,chilli,remark_column,1.2,1.27,1.23,1.2333333333333332,1.2333333333333332,,3,0.0,,,Chilli,,True,LAI,37
UASD,Shirur Sub-Watershed,saturation,Shirur-1,,,85.0,,15.2444,75.23806,15.2444,75.26917,3336.235294597921,True,010524440025526917,2024-01-10,ddmm_swapped_by_sequence,2023,2,Chilli,chilli,,1.48,1.18,1.15,1.27,1.27,,3,0.0,,,,,False,LAI,48
UASD,Shirur Sub-Watershed,saturation,Shirur-1,,,85.0,,15.2444,75.23806,15.2444,75.26917,3336.235294597921,True,010524440025526917,2024-01-27,,2023,2,Chilli,chilli,remark_column,1.61,1.15,1.14,1.2999999999999998,1.2999999999999998,,3,0.0,,,Chilli,,True,LAI,48
UASD,Shirur Sub-Watershed,saturation,Shirur-1,,,85.0,,15.2444,75.23806,15.2444,75.26917,3336.235294597921,True,010524440025526917,2024-03-02,ddmm_kept_by_sequence,2024,3,Chilli,chilli,remark_column,1.15,1.96,1.5,1.5366666666666664,1.5366666666666664,,3,0.0,,,Chilli,,True,LAI,48
UASD,Gadag sub-watershed,control,Kiratgeri,,LW,40.0,,15.52089,75.67462,15.52089,75.67462,0.0,False,010552089025567462,2023-10-11,ddmm_swapped_by_sequence,2023,2,Maize,maize,,2.98,2.87,3.99,3.28,3.28,,3,0.0,,,,,False,LAI,74
UASD,Gadag sub-watershed,control,Kiratgeri,,LW,40.0,,15.52089,75.67462,15.52089,75.67462,0.0,False,010552089025567462,2023-10-22,,2023,2,Maize,maize,first_block_of_row,4.08,4.25,3.32,3.8833333333333333,3.8833333333333333,,3,0.0,,,,,True,LAI,74
UASD,Hanchinal sub-watershed,control,Vittalapura-2,,LW,48.0,,15.226944,75.2288889,15.226944,75.2288889,0.0,False,010522694025522889,2023-09-23,,2023,1,Soybean,soybean,,1.39,2.24,2.47,2.033333333333333,2.033333333333333,,3,0.0,,,,,False,LAI,64
UASD,Hanchinal sub-watershed,control,Vittalapura-2,,LW,48.0,,15.226944,75.2288889,15.226944,75.2288889,0.0,False,010522694025522889,2023-10-10,,2023,2,Soybean,soybean,first_block_of_row,1.05,1.12,1.55,1.24,1.24,,3,0.0,,,,,True,LAI,64
UASD,Hanchinal sub-watershed,control,Vittalapura-2,,LW,48.0,,15.226944,75.2288889,15.226944,75.2288889,0.0,False,010522694025522889,2023-10-21,,2023,2,Soybean,soybean,first_block_of_row,2.16,2.3,1.8,2.0866666666666664,2.0866666666666664,,3,0.0,,,,,True,LAI,64
UASD,Hanchinal sub-watershed,control,Vittalapura-2,,LW,48.0,,15.226944,75.2288889,15.226944,75.2288889,0.0,False,010522694025522889,2023-10-31,,2023,2,Soybean,soybean,first_block_of_row,2.01,2.3,2.11,2.14,2.14,,3,0.0,,,,,True,LAI,64
UASD,Hanchinal sub-watershed,control,Vittalapura-2,,LW,48.0,,15.226944,75.2288889,15.226944,75.2288889,0.0,False,010522694025522889,2023-11-10,ddmm_swapped_by_sequence,2023,2,Soybean,soybean,first_block_of_row,1.48,1.8,1.55,1.61,1.61,,3,0.0,,,,,True,LAI,64
UASD,Hanchinal sub-watershed,control,Vittalapura-2,,LW,48.0,,15.226944,75.2288889,15.226944,75.2288889,0.0,False,010522694025522889,2023-11-21,,2023,2,Cotton,cotton,,1.9,1.78,1.08,1.5866666666666667,1.5866666666666667,,3,0.0,,,,,True,LAI,64
UASD,Hanchinal sub-watershed,control,Vittalapura-2,,LW,48.0,,15.226944,75.2288889,15.226944,75.2288889,0.0,False,010522694025522889,2023-11-28,,2023,2,Cotton,cotton,,1.34,1.8,1.52,1.5533333333333335,1.5533333333333335,,3,0.0,,,,,True,LAI,64
UASD,Hanchinal sub-watershed,control,Vittalapura-2,,LW,48.0,,15.226944,75.2288889,15.226944,75.2288889,0.0,False,010522694025522889,2023-12-07,ddmm_swapped_by_sequence,2023,2,Cotton,cotton,,1.77,1.7,1.5,1.6566666666666665,1.6566666666666665,,3,0.0,,,,,True,LAI,64
UASD,Hanchinal sub-watershed,control,Vittalapura-2,,LW,48.0,,15.226944,75.2288889,15.226944,75.2288889,0.0,False,010522694025522889,2023-12-12,,2023,2,Cotton,cotton,,2.89,2.55,2.65,2.6966666666666668,2.6966666666666668,,3,0.0,,,,,True,LAI,64
UASD,Hanchinal sub-watershed,control,Vittalapura-2,,LW,48.0,,15.226944,75.2288889,15.226944,75.2288889,0.0,False,010522694025522889,2023-12-19,,2023,2,Cotton,cotton,,2.58,2.32,2.3,2.4,2.4,,3,0.0,,,,,True,LAI,64
UASD,Hanchinal sub-watershed,control,Vittalapura-2,,LW,48.0,,15.226944,75.2288889,15.226944,75.2288889,0.0,False,010522694025522889,2023-12-24,,2023,2,Cotton,cotton,,2.42,2.54,2.71,2.5566666666666666,2.5566666666666666,,3,0.0,,,,,True,LAI,64
UASD,Hanchinal sub-watershed,control,Vittalapura-2,,LW,48.0,,15.226944,75.2288889,15.226944,75.2288889,0.0,False,010522694025522889,2024-01-10,ddmm_swapped_by_sequence,2023,2,Cotton,cotton,,1.48,1.88,1.3,1.5533333333333335,1.5533333333333335,,3,0.0,,,,,False,LAI,80
UASD,Hanchinal sub-watershed,control,Vittalapura-2,,LW,48.0,,15.226944,75.2288889,15.226944,75.2288889,0.0,False,010522694025522889,2024-01-27,,2023,2,Cotton,cotton,,2.3,2.82,1.38,2.1666666666666665,2.1666666666666665,,3,0.0,,,,,True,LAI,80
UASD,Hanchinal sub-watershed,control,Vittalapura-2,,LW,48.0,,15.226944,75.2288889,15.226944,75.2288889,0.0,False,010522694025522889,2024-03-02,ddmm_kept_by_sequence,2024,3,Cotton,cotton,,1.9,1.46,1.96,1.7733333333333334,1.7733333333333334,,3,0.0,,,,,True,LAI,80
UASD,Hosahalli sub-watershed,control,Hirekerur,,LW,3.0,,14.4975,75.3986111,14.4975,75.3986111,0.0,False,010449750025539861,2023-09-26,,2023,1,"Paddy,Maize",paddy_mixed,,5.55,4.71,4.23,4.83,4.83,,3,0.0,,,,,False,LAI,59
UASD,Hosahalli sub-watershed,control,Hirekerur,,LW,3.0,,14.4975,75.3986111,14.4975,75.3986111,0.0,False,010449750025539861,2023-10-06,ddmm_swapped_by_sequence,2023,2,"Paddy,Maize",paddy_mixed,first_block_of_row,4.67,5.34,5.37,5.126666666666666,5.126666666666666,,3,0.0,,,,,True,LAI,59
UASD,Hosahalli sub-watershed,control,Hirekerur,,LW,3.0,,14.4975,75.3986111,14.4975,75.3986111,0.0,False,010449750025539861,2023-10-23,,2023,2,No crop,no_crop,,0.0,0.0,0.0,0.0,0.0,,3,0.0,,,,,True,LAI,59
UASD,Kohalli sub-watershed,control,Khilaraddi-2,,LW,263.0,,16.806273,75.25765,16.806273,75.25765,0.0,False,010680627025525765,2023-04-10,ddmm_kept_by_sequence,2023,3,Tur,pigeon_pea,,2.48,3.11,3.21,2.9333333333333336,2.9333333333333336,,3,0.0,,,,,False,LAI,69
UASD,Kohalli sub-watershed,control,Khilaraddi-2,,LW,263.0,,16.806273,75.25765,16.806273,75.25765,0.0,False,010680627025525765,2023-11-02,ddmm_swapped_by_sequence,2023,2,Tur,pigeon_pea,first_block_of_row,2.8,1.92,4.7,3.14,3.14,,3,0.0,,,,,True,LAI,69
UASD,Kohalli sub-watershed,control,Khilaraddi-2,,LW,263.0,,16.806273,75.25765,16.806273,75.25765,0.0,False,010680627025525765,2023-11-15,,2023,2,Tur,pigeon_pea,first_block_of_row,3.58,2.76,2.91,3.0833333333333335,3.0833333333333335,,3,0.0,,,,,True,LAI,69
UASD,Kohalli sub-watershed,control,Khilaraddi-2,,LW,263.0,,16.806273,75.25765,16.806273,75.25765,0.0,False,010680627025525765,2023-11-17,,2023,2,Tur,pigeon_pea,first_block_of_row,3.31,2.53,2.72,2.8533333333333335,2.8533333333333335,,3,0.0,,,,,True,LAI,69
UASD,Kohalli sub-watershed,control,Khilaraddi-2,,LW,263.0,,16.806273,75.25765,16.806273,75.25765,0.0,False,010680627025525765,2023-08-11,ddmm_kept_by_sequence,2023,1,Tur,pigeon_pea,first_block_of_row,0.0,0.0,0.0,0.0,0.0,,3,0.0,,,,,True,LAI,69
UASD,Kohalli sub-watershed,control,Khilaraddi-2,,LW,263.0,,16.806273,75.25765,16.806273,75.25765,0.0,False,010680627025525765,2023-11-27,,2023,2,Tur,pigeon_pea,first_block_of_row,1.41,1.98,2.22,1.8699999999999999,1.8699999999999999,,3,0.0,,,,,True,LAI,69
UASD,Kohalli sub-watershed,control,Khilaraddi-2,,LW,263.0,,16.806273,75.25765,16.806273,75.25765,0.0,False,010680627025525765,2023-12-12,,2023,2,Tur,pigeon_pea,first_block_of_row,1.17,1.31,2.37,1.6166666666666665,1.6166666666666665,,3,0.0,,,,,True,LAI,69
UASD,Nilagunda Sub-watershed,saturation,Nilgund-3,,LW1,196.0,,15.30442,75.48469,15.30442,75.48469,0.0,False,010530442025548469,2023-08-09,ddmm_kept_by_sequence,2023,1,No crop,no_crop,,0.0,0.0,0.0,0.0,0.0,,3,0.0,,,,,False,LAI,11
UASD,Nilagunda Sub-watershed,saturation,Nilgund-3,,LW1,196.0,,15.30442,75.48469,15.30442,75.48469,0.0,False,010530442025548469,2023-09-25,,2023,1,No crop,no_crop,remark_column,0.0,0.0,0.0,0.0,0.0,,3,0.0,,,No crop,,True,LAI,11
UASD,Nilagunda Sub-watershed,saturation,Nilgund-3,,LW1,196.0,,15.30442,75.48469,15.30442,75.48469,0.0,False,010530442025548469,2023-10-11,ddmm_swapped_by_sequence,2023,2,No crop,no_crop,first_block_of_row,0.0,0.0,0.0,0.0,0.0,,3,0.0,,,,,True,LAI,11
UASD,Nilagunda Sub-watershed,saturation,Nilgund-3,,LW1,196.0,,15.30442,75.48469,15.30442,75.48469,0.0,False,010530442025548469,2023-10-22,,2023,2,No crop,no_crop,first_block_of_row,0.0,0.0,0.0,0.0,0.0,,3,0.0,,,,,True,LAI,11
UASD,Nilagunda Sub-watershed,saturation,Nilgund-3,,LW2,12.0,,15.29886,75.48786,15.29886,75.48786,0.0,False,010529886025548786,2023-08-09,ddmm_kept_by_sequence,2023,1,No crop,no_crop,,0.0,0.0,0.0,0.0,0.0,,3,0.0,,,,,False,LAI,12
UASD,Nilagunda Sub-watershed,saturation,Nilgund-3,,LW2,12.0,,15.29886,75.48786,15.29886,75.48786,0.0,False,010529886025548786,2023-09-25,,2023,1,No crop,no_crop,remark_column,2.81,3.55,3.52,3.293333333333333,3.293333333333333,,3,0.0,,,No crop,,True,LAI,12
UASD,Nilagunda Sub-watershed,saturation,Nilgund-3,,LW2,12.0,,15.29886,75.48786,15.29886,75.48786,0.0,False,010529886025548786,2023-10-11,ddmm_swapped_by_sequence,2023,2,No crop,no_crop,first_block_of_row,2.75,2.12,4.24,3.0366666666666666,3.0366666666666666,,3,0.0,,,,,True,LAI,12
UASD,Nilagunda Sub-watershed,saturation,Nilgund-3,,LW2,12.0,,15.29886,75.48786,15.29886,75.48786,0.0,False,010529886025548786,2023-10-22,,2023,2,No crop,no_crop,first_block_of_row,2.56,3.91,2.66,3.0433333333333334,3.0433333333333334,,3,0.0,,,,,True,LAI,12
UASD,Nilagunda Sub-watershed,saturation,Nilgund-3,,LW3,216.0,,15.30131,75.49959,15.30131,75.49959,0.0,False,010530131025549959,2023-08-09,ddmm_kept_by_sequence,2023,1,No crop,no_crop,,0.0,0.0,0.0,0.0,0.0,,3,0.0,,,,,False,LAI,13
UASD,Nilagunda Sub-watershed,saturation,Nilgund-3,,LW3,216.0,,15.30131,75.49959,15.30131,75.49959,0.0,False,010530131025549959,2023-09-25,,2023,1,No crop,no_crop,remark_column,0.0,0.0,0.0,0.0,0.0,,3,0.0,,,No crop,,True,LAI,13
UASD,Nilagunda Sub-watershed,saturation,Nilgund-3,,LW3,216.0,,15.30131,75.49959,15.30131,75.49959,0.0,False,010530131025549959,2023-10-11,ddmm_swapped_by_sequence,2023,2,No crop,no_crop,first_block_of_row,0.0,0.0,0.0,0.0,0.0,,3,0.0,,,,,True,LAI,13
UASD,Nilagunda Sub-watershed,saturation,Nilgund-3,,LW3,216.0,,15.30131,75.49959,15.30131,75.49959,0.0,False,010530131025549959,2023-10-22,,2023,2,No crop,no_crop,first_block_of_row,0.0,0.0,0.0,0.0,0.0,,3,0.0,,,,,True,LAI,13
UASD,Gadag sub-watershed,control,Hirekoppa,,MD,129.0,,15.49948,75.65871,15.49948,75.65871,0.0,False,010549948025565871,2023-10-11,ddmm_swapped_by_sequence,2023,2,Maize,maize,,2.78,2.87,2.33,2.66,2.66,,3,0.0,,,,,False,LAI,73
UASD,Gadag sub-watershed,control,Hirekoppa,,MD,129.0,,15.49948,75.65871,15.49948,75.65871,0.0,False,010549948025565871,2023-10-22,,2023,2,Maize,maize,first_block_of_row,3.15,3.52,3.34,3.3366666666666664,3.3366666666666664,,3,0.0,,,,,True,LAI,73
UASD,Hanchinal sub-watershed,control,Vittalapura-1,,MD,256.0,,15.170278,75.1769444,15.170278,75.1769444,0.0,False,010517028025517694,2023-09-23,,2023,1,Cotton,cotton,,1.95,2.41,1.81,2.0566666666666666,2.0566666666666666,,3,0.0,,,,,False,LAI,63
UASD,Hanchinal sub-watershed,control,Vittalapura-1,,MD,256.0,,15.170278,75.1769444,15.170278,75.1769444,0.0,False,010517028025517694,2023-10-10,,2023,2,Cotton,cotton,first_block_of_row,2.33,1.69,2.22,2.08,2.08,,3,0.0,,,,,True,LAI,63
UASD,Hanchinal sub-watershed,control,Vittalapura-1,,MD,256.0,,15.170278,75.1769444,15.170278,75.1769444,0.0,False,010517028025517694,2023-10-21,,2023,2,Cotton,cotton,first_block_of_row,2.54,2.99,1.37,2.3000000000000003,2.3000000000000003,,3,0.0,,,,,True,LAI,63
UASD,Hanchinal sub-watershed,control,Vittalapura-1,,MD,256.0,,15.170278,75.1769444,15.170278,75.1769444,0.0,False,010517028025517694,2023-10-31,,2023,2,Cotton,cotton,first_block_of_row,1.83,1.29,1.34,1.4866666666666666,1.4866666666666666,,3,0.0,,,,,True,LAI,63
UASD,Hanchinal sub-watershed,control,Vittalapura-1,,MD,256.0,,15.170278,75.1769444,15.170278,75.1769444,0.0,False,010517028025517694,2023-11-10,ddmm_swapped_by_sequence,2023,2,Cotton,cotton,first_block_of_row,1.21,1.06,1.05,1.1066666666666667,1.1066666666666667,,3,0.0,,,,,True,LAI,63
UASD,Hanchinal sub-watershed,control,Vittalapura-1,,MD,256.0,,15.170278,75.1769444,15.170278,75.1769444,0.0,False,010517028025517694,2023-11-21,,2023,2,Chilli,chilli,,1.31,1.56,1.52,1.4633333333333336,1.4633333333333336,,3,0.0,,,,,True,LAI,63
UASD,Hanchinal sub-watershed,control,Vittalapura-1,,MD,256.0,,15.170278,75.1769444,15.170278,75.1769444,0.0,False,010517028025517694,2023-11-28,,2023,2,Chilli,chilli,,1.21,1.31,1.11,1.21,1.21,,3,0.0,,,,,True,LAI,63
UASD,Hanchinal sub-watershed,control,Vittalapura-1,,MD,256.0,,15.170278,75.1769444,15.170278,75.1769444,0.0,False,010517028025517694,2023-12-07,ddmm_swapped_by_sequence,2023,2,Chilli,chilli,,2.31,2.3,2.53,2.3799999999999994,2.3799999999999994,,3,0.0,,,,,True,LAI,63
UASD,Hanchinal sub-watershed,control,Vittalapura-1,,MD,256.0,,15.170278,75.1769444,15.170278,75.1769444,0.0,False,010517028025517694,2023-12-12,,2023,2,Chilli,chilli,,1.27,1.01,1.47,1.25,1.25,,3,0.0,,,,,True,LAI,63
UASD,Hanchinal sub-watershed,control,Vittalapura-1,,MD,256.0,,15.170278,75.1769444,15.170278,75.1769444,0.0,False,010517028025517694,2023-12-19,,2023,2,Mothbean,other:mothbean,,2.5,2.24,1.75,2.1633333333333336,2.1633333333333336,,3,0.0,,,,,True,LAI,63
UASD,Hanchinal sub-watershed,control,Vittalapura-1,,MD,256.0,,15.170278,75.1769444,15.170278,75.1769444,0.0,False,010517028025517694,2023-12-24,,2023,2,Mothbean,other:mothbean,,2.79,2.75,2.52,2.686666666666667,2.686666666666667,,3,0.0,,,,,True,LAI,63
UASD,Hanchinal sub-watershed,control,Vittalapura-1,,MD,256.0,,15.170278,75.1769444,15.170278,75.1769444,0.0,False,010517028025517694,2024-01-10,ddmm_swapped_by_sequence,2023,2,Mothbean,other:mothbean,,2.12,2.02,1.93,2.0233333333333334,2.0233333333333334,,3,0.0,,,,,False,LAI,79
UASD,Hanchinal sub-watershed,control,Vittalapura-1,,MD,256.0,,15.170278,75.1769444,15.170278,75.1769444,0.0,False,010517028025517694,2024-01-27,,2023,2,Maize,maize,,1.17,1.06,1.81,1.3466666666666667,1.3466666666666667,,3,0.0,,,,,True,LAI,79
UASD,Hanchinal sub-watershed,control,Vittalapura-1,,MD,256.0,,15.170278,75.1769444,15.170278,75.1769444,0.0,False,010517028025517694,2024-03-02,ddmm_kept_by_sequence,2024,3,Chilli,chilli,,1.5,1.96,1.15,1.5366666666666664,1.5366666666666664,,3,0.0,,,,,True,LAI,79
UASD,Hosahalli sub-watershed,control,Nulageri,,MD,30.0,,14.488611,75.4086111,14.488611,75.4086111,0.0,False,010448861025540861,2023-09-26,,2023,1,Maize,maize,,4.47,4.38,4.77,4.54,4.54,,3,0.0,,,,,False,LAI,58
UASD,Hosahalli sub-watershed,control,Nulageri,,MD,30.0,,14.488611,75.4086111,14.488611,75.4086111,0.0,False,010448861025540861,2023-10-06,ddmm_swapped_by_sequence,2023,2,Maize,maize,first_block_of_row,4.38,4.57,4.88,4.609999999999999,4.609999999999999,,3,0.0,,,,,True,LAI,58
UASD,Hosahalli sub-watershed,control,Nulageri,,MD,30.0,,14.488611,75.4086111,14.488611,75.4086111,0.0,False,010448861025540861,2023-10-23,,2023,2,Maize,maize,,3.63,3.28,4.32,3.7433333333333336,3.7433333333333336,,3,0.0,,,,,True,LAI,58
UASD,Kohalli sub-watershed,control,Khilaraddi-1,,MD,488.0,,16.829852,75.257618,16.829852,75.257618,0.0,False,010682985025525762,2023-04-10,ddmm_kept_by_sequence,2023,3,Maize,maize,,2.49,1.91,2.3,2.2333333333333334,2.2333333333333334,,3,0.0,,,,,False,LAI,68
UASD,Kohalli sub-watershed,control,Khilaraddi-1,,MD,488.0,,16.829852,75.257618,16.829852,75.257618,0.0,False,010682985025525762,2023-11-02,ddmm_swapped_by_sequence,2023,2,Maize,maize,first_block_of_row,1.57,1.38,2.01,1.6533333333333333,1.6533333333333333,,3,0.0,,,,,True,LAI,68
UASD,Kohalli sub-watershed,control,Khilaraddi-1,,MD,488.0,,16.829852,75.257618,16.829852,75.257618,0.0,False,010682985025525762,2023-11-15,,2023,2,Maize,maize,first_block_of_row,1.63,2.56,2.26,2.15,2.15,,3,0.0,,,,,True,LAI,68
UASD,Kohalli sub-watershed,control,Khilaraddi-1,,MD,488.0,,16.829852,75.257618,16.829852,75.257618,0.0,False,010682985025525762,2023-11-17,,2023,2,Maize,maize,first_block_of_row,1.67,2.49,0.947,1.7023333333333335,1.7023333333333335,,3,0.0,,,,,True,LAI,68
UASD,Kohalli sub-watershed,control,Khilaraddi-1,,MD,488.0,,16.829852,75.257618,16.829852,75.257618,0.0,False,010682985025525762,2023-08-11,ddmm_kept_by_sequence,2023,1,Maize,maize,first_block_of_row,0.0,0.0,0.0,0.0,0.0,,3,0.0,,,,,True,LAI,68
UASD,Kohalli sub-watershed,control,Khilaraddi-1,,MD,488.0,,16.829852,75.257618,16.829852,75.257618,0.0,False,010682985025525762,2023-11-27,,2023,2,Maize,maize,first_block_of_row,0.0,0.0,0.0,0.0,0.0,,3,0.0,,,,,True,LAI,68
UASD,Kohalli sub-watershed,control,Khilaraddi-1,,MD,488.0,,16.829852,75.257618,16.829852,75.257618,0.0,False,010682985025525762,2023-12-12,,2023,2,Maize,maize,first_block_of_row,0.0,0.0,0.0,0.0,0.0,,3,0.0,,,,,True,LAI,68
UASD,Nilagunda Sub-watershed,saturation,Mulgund-2,,MD1,666.0,,15.29158,75.52045,15.29158,75.52045,0.0,False,010529158025552045,2023-08-09,ddmm_kept_by_sequence,2023,1,Maize,maize,,2.18,2.16,2.2,2.18,2.18,,3,0.0,,,,,False,LAI,8
UASD,Nilagunda Sub-watershed,saturation,Mulgund-2,,MD1,666.0,,15.29158,75.52045,15.29158,75.52045,0.0,False,010529158025552045,2023-09-25,,2023,1,Maize,maize,remark_column,3.32,4.56,3.21,3.6966666666666668,3.6966666666666668,,3,0.0,,,Maize,,True,LAI,8
UASD,Nilagunda Sub-watershed,saturation,Mulgund-2,,MD1,666.0,,15.29158,75.52045,15.29158,75.52045,0.0,False,010529158025552045,2023-10-11,ddmm_swapped_by_sequence,2023,2,Maize,maize,first_block_of_row,3.84,3.91,4.53,4.093333333333334,4.093333333333334,,3,0.0,,,,,True,LAI,8
UASD,Nilagunda Sub-watershed,saturation,Mulgund-2,,MD1,666.0,,15.29158,75.52045,15.29158,75.52045,0.0,False,010529158025552045,2023-10-22,,2023,2,Maize,maize,first_block_of_row,3.4,3.49,3.02,3.3033333333333332,3.3033333333333332,,3,0.0,,,,,True,LAI,8
UASD,Nilagunda Sub-watershed,saturation,Mulgund-2,,MD2,631.0,,15.29615,75.54059,15.29615,75.54059,0.0,False,010529615025554059,2023-08-09,ddmm_kept_by_sequence,2023,1,Maize,maize,,0.542,0.835,1.18,0.8523333333333333,0.8523333333333333,,3,0.0,,,,,False,LAI,9
UASD,Nilagunda Sub-watershed,saturation,Mulgund-2,,MD2,631.0,,15.29615,75.54059,15.29615,75.54059,0.0,False,010529615025554059,2023-09-25,,2023,1,Maize,maize,remark_column,4.47,4.17,3.34,3.9933333333333336,3.9933333333333336,,3,0.0,,,Maize,,True,LAI,9
UASD,Nilagunda Sub-watershed,saturation,Mulgund-2,,MD2,631.0,,15.29615,75.54059,15.29615,75.54059,0.0,False,010529615025554059,2023-10-11,ddmm_swapped_by_sequence,2023,2,Maize,maize,first_block_of_row,3.8,3.55,4.09,3.813333333333333,3.813333333333333,,3,0.0,,,,,True,LAI,9
UASD,Nilagunda Sub-watershed,saturation,Mulgund-2,,MD2,631.0,,15.29615,75.54059,15.29615,75.54059,0.0,False,010529615025554059,2023-10-22,,2023,2,Maize,maize,first_block_of_row,2.72,3.08,4.43,3.41,3.41,,3,0.0,,,,,True,LAI,9
UASD,Nilagunda Sub-watershed,saturation,Kanvi-1,,MD3,144.0,,15.29336,75.55522,15.29336,75.55522,0.0,False,010529336025555522,2023-08-09,ddmm_kept_by_sequence,2023,1,Chilli,chilli,,1.08,0.952,1.31,1.114,1.114,,3,0.0,,,,,False,LAI,10
UASD,Nilagunda Sub-watershed,saturation,Kanvi-1,,MD3,144.0,,15.29336,75.55522,15.29336,75.55522,0.0,False,010529336025555522,2023-09-25,,2023,1,Chilli,chilli,remark_column,4.38,3.57,4.35,4.1,4.1,,3,0.0,,,Chilli,,True,LAI,10
UASD,Nilagunda Sub-watershed,saturation,Kanvi-1,,MD3,144.0,,15.29336,75.55522,15.29336,75.55522,0.0,False,010529336025555522,2023-10-11,ddmm_swapped_by_sequence,2023,2,Chilli,chilli,first_block_of_row,3.19,3.51,2.92,3.2066666666666666,3.2066666666666666,,3,0.0,,,,,True,LAI,10
UASD,Nilagunda Sub-watershed,saturation,Kanvi-1,,MD3,144.0,,15.29336,75.55522,15.29336,75.55522,0.0,False,010529336025555522,2023-10-22,,2023,2,Chilli,chilli,first_block_of_row,4.13,4.66,5.02,4.603333333333333,4.603333333333333,,3,0.0,,,,,True,LAI,10
UASD,Nilagunda Sub-watershed,saturation,Kanvi-1,,MD3,144.0,,15.29336,75.55522,15.29336,75.55522,0.0,False,010529336025555522,2023-11-11,,2023,2,Chilli,chilli,remark_column,3.17,3.5,2.95,3.206666666666667,3.206666666666667,,3,0.0,,,Chilli,,True,LAI,10
UASD,Nilagunda Sub-watershed,saturation,Kanvi-1,,MD3,144.0,,15.29336,75.55522,15.29336,75.55522,0.0,False,010529336025555522,2023-11-25,,2023,2,Chilli,chilli,remark_column,3.23,2.73,2.78,2.9133333333333336,2.9133333333333336,,3,0.0,,,Chilli,,True,LAI,10
UASD,Nilagunda Sub-watershed,saturation,Kanvi-1,,MD3,144.0,,15.29336,75.55522,15.29336,75.55522,0.0,False,010529336025555522,2023-12-06,ddmm_swapped_by_sequence,2023,2,Chilli,chilli,remark_column,2.35,2.49,2.34,2.393333333333333,2.393333333333333,,3,0.0,,,Chilli,,True,LAI,10
UASD,Gadag sub-watershed,control,Chikkoppa,,UP,22.0,,15.48029,75.66051,15.48029,75.66051,0.0,False,010548029025566051,2023-10-11,ddmm_swapped_by_sequence,2023,2,Maize,maize,,4.03,3.36,2.94,3.4433333333333334,3.4433333333333334,,3,0.0,,,,,False,LAI,72
UASD,Gadag sub-watershed,control,Chikkoppa,,UP,22.0,,15.48029,75.66051,15.48029,75.66051,0.0,False,010548029025566051,2023-10-22,,2023,2,Maize,maize,first_block_of_row,4.02,4.23,3.61,3.953333333333333,3.953333333333333,,3,0.0,,,,,True,LAI,72
UASD,Gadag sub-watershed,control,Chikkoppa,,UP,22.0,,15.48029,75.66051,15.48029,75.66051,0.0,False,010548029025566051,2023-11-11,,2023,2,Maize,maize,first_block_of_row,,,,,,,0,,,,Crop harvested,,True,LAI,72
UASD,Hanchinal sub-watershed,control,Hanchinal-1,,UP,98.0,,15.165278,75.1586111,15.165278,75.1586111,0.0,False,010516528025515861,2023-09-23,,2023,1,Maize,maize,,1.99,2.59,2.67,2.4166666666666665,2.4166666666666665,,3,0.0,,,,,False,LAI,62
UASD,Hanchinal sub-watershed,control,Hanchinal-1,,UP,98.0,,15.165278,75.1586111,15.165278,75.1586111,0.0,False,010516528025515861,2023-10-10,,2023,2,Maize,maize,first_block_of_row,2.32,3.06,2.74,2.706666666666667,2.706666666666667,,3,0.0,,,,,True,LAI,62
UASD,Hanchinal sub-watershed,control,Hanchinal-1,,UP,98.0,,15.165278,75.1586111,15.165278,75.1586111,0.0,False,010516528025515861,2023-10-21,,2023,2,Maize,maize,first_block_of_row,2.18,2.31,2.15,2.2133333333333334,2.2133333333333334,,3,0.0,,,,,True,LAI,62
UASD,Hanchinal sub-watershed,control,Hanchinal-1,,UP,98.0,,15.165278,75.1586111,15.165278,75.1586111,0.0,False,010516528025515861,2023-10-31,,2023,2,Maize,maize,first_block_of_row,1.5,1.0,1.82,1.4400000000000002,1.4400000000000002,,3,0.0,,,,,True,LAI,62
UASD,Hanchinal sub-watershed,control,Hanchinal-1,,UP,98.0,,15.165278,75.1586111,15.165278,75.1586111,0.0,False,010516528025515861,2023-11-10,ddmm_swapped_by_sequence,2023,2,Maize,maize,first_block_of_row,1.17,1.16,1.21,1.18,1.18,,3,0.0,,,,,True,LAI,62
UASD,Hanchinal sub-watershed,control,Hanchinal-1,,UP,98.0,,15.165278,75.1586111,15.165278,75.1586111,0.0,False,010516528025515861,2023-11-21,,2023,2,Chickpea,chickpea,,1.36,1.66,1.69,1.57,1.57,,3,0.0,,,,,True,LAI,62
UASD,Hanchinal sub-watershed,control,Hanchinal-1,,UP,98.0,,15.165278,75.1586111,15.165278,75.1586111,0.0,False,010516528025515861,2023-11-28,,2023,2,Chickpea,chickpea,,1.88,1.75,2.11,1.9133333333333333,1.9133333333333333,,3,0.0,,,,,True,LAI,62
UASD,Hanchinal sub-watershed,control,Hanchinal-1,,UP,98.0,,15.165278,75.1586111,15.165278,75.1586111,0.0,False,010516528025515861,2023-12-07,ddmm_swapped_by_sequence,2023,2,Chickpea,chickpea,,1.61,1.79,1.62,1.6733333333333336,1.6733333333333336,,3,0.0,,,,,True,LAI,62
UASD,Hanchinal sub-watershed,control,Hanchinal-1,,UP,98.0,,15.165278,75.1586111,15.165278,75.1586111,0.0,False,010516528025515861,2023-12-12,,2023,2,Chickpea,chickpea,,1.53,1.49,1.85,1.6233333333333333,1.6233333333333333,,3,0.0,,,,,True,LAI,62
UASD,Hanchinal sub-watershed,control,Hanchinal-1,,UP,98.0,,15.165278,75.1586111,15.165278,75.1586111,0.0,False,010516528025515861,2023-12-19,,2023,2,Chickpea,chickpea,,2.89,3.07,2.67,2.8766666666666665,2.8766666666666665,,3,0.0,,,,,True,LAI,62
UASD,Hanchinal sub-watershed,control,Hanchinal-1,,UP,98.0,,15.165278,75.1586111,15.165278,75.1586111,0.0,False,010516528025515861,2023-12-24,,2023,2,Chickpea,chickpea,,1.84,1.21,1.97,1.6733333333333331,1.6733333333333331,,3,0.0,,,,,True,LAI,62
UASD,Hanchinal sub-watershed,control,Hanchinal-1,,UP,98.0,,15.165278,75.1586111,15.165278,75.1586111,0.0,False,010516528025515861,2024-01-10,ddmm_swapped_by_sequence,2023,2,Chickpea,chickpea,,1.77,1.44,1.22,1.4766666666666666,1.4766666666666666,,3,0.0,,,,,False,LAI,78
UASD,Hanchinal sub-watershed,control,Hanchinal-1,,UP,98.0,,15.165278,75.1586111,15.165278,75.1586111,0.0,False,010516528025515861,2024-01-27,,2023,2,No crop,no_crop,,0.0,0.0,0.0,0.0,0.0,,3,0.0,,,,,True,LAI,78
UASD,Hanchinal sub-watershed,control,Hanchinal-1,,UP,98.0,,15.165278,75.1586111,15.165278,75.1586111,0.0,False,010516528025515861,2024-03-02,ddmm_kept_by_sequence,2024,3,No crop,no_crop,,0.0,0.0,0.0,0.0,0.0,,3,0.0,,,,,True,LAI,78
UASD,Hosahalli sub-watershed,control,Abalur,,UP,40.0,,14.554722,75.4313889,14.554722,75.4313889,0.0,False,010455472025543139,2023-09-26,,2023,1,Maize,maize,,4.89,4.16,4.47,4.506666666666667,4.506666666666667,,3,0.0,,,,,False,LAI,57
UASD,Hosahalli sub-watershed,control,Abalur,,UP,40.0,,14.554722,75.4313889,14.554722,75.4313889,0.0,False,010455472025543139,2023-10-06,ddmm_swapped_by_sequence,2023,2,Maize,maize,first_block_of_row,4.89,4.39,5.07,4.783333333333333,4.783333333333333,,3,0.0,,,,,True,LAI,57
UASD,Hosahalli sub-watershed,control,Abalur,,UP,40.0,,14.554722,75.4313889,14.554722,75.4313889,0.0,False,010455472025543139,2023-10-23,,2023,2,Cotton,cotton,,4.11,3.92,4.74,4.256666666666667,4.256666666666667,,3,0.0,,,,,True,LAI,57
UASD,Kohalli sub-watershed,control,Khilaraddi-3,,UP,291.0,,16.816854,75.253313,16.816854,75.253313,0.0,False,010681685025525331,2023-04-10,ddmm_kept_by_sequence,2023,3,Maize,maize,,2.29,2.05,2.09,2.143333333333333,2.143333333333333,,3,0.0,,,,,False,LAI,67
UASD,Kohalli sub-watershed,control,Khilaraddi-3,,UP,291.0,,16.816854,75.253313,16.816854,75.253313,0.0,False,010681685025525331,2023-11-02,ddmm_swapped_by_sequence,2023,2,Maize,maize,first_block_of_row,3.04,3.06,2.87,2.9899999999999998,2.9899999999999998,,3,0.0,,,,,True,LAI,67
UASD,Kohalli sub-watershed,control,Khilaraddi-3,,UP,291.0,,16.816854,75.253313,16.816854,75.253313,0.0,False,010681685025525331,2023-11-15,,2023,2,Maize,maize,first_block_of_row,2.55,3.21,1.73,2.4966666666666666,2.4966666666666666,,3,0.0,,,,,True,LAI,67
UASD,Kohalli sub-watershed,control,Khilaraddi-3,,UP,291.0,,16.816854,75.253313,16.816854,75.253313,0.0,False,010681685025525331,2023-11-17,,2023,2,Maize,maize,first_block_of_row,2.41,2.89,3.32,2.8733333333333335,2.8733333333333335,,3,0.0,,,,,True,LAI,67
UASD,Kohalli sub-watershed,control,Khilaraddi-3,,UP,291.0,,16.816854,75.253313,16.816854,75.253313,0.0,False,010681685025525331,2023-08-11,ddmm_kept_by_sequence,2023,1,Maize,maize,first_block_of_row,3.22,3.76,4.01,3.6633333333333336,3.6633333333333336,,3,0.0,,,,,True,LAI,67
UASD,Kohalli sub-watershed,control,Khilaraddi-3,,UP,291.0,,16.816854,75.253313,16.816854,75.253313,0.0,False,010681685025525331,2023-11-27,,2023,2,Maize,maize,first_block_of_row,0.0,0.0,0.0,0.0,0.0,,3,0.0,,,,,True,LAI,67
UASD,Kohalli sub-watershed,control,Khilaraddi-3,,UP,291.0,,16.816854,75.253313,16.816854,75.253313,0.0,False,010681685025525331,2023-12-12,,2023,2,Maize,maize,first_block_of_row,0.0,0.0,0.0,0.0,0.0,,3,0.0,,,,,True,LAI,67
UASD,Nilagunda Sub-watershed,saturation,Mulgund East-3,,UP1,248.0,,15.29689,75.56802,15.29689,75.56802,0.0,False,010529689025556802,2023-08-09,ddmm_kept_by_sequence,2023,1,Maize,maize,,1.14,1.76,2.22,1.7066666666666668,1.7066666666666668,,3,0.0,,,,,False,LAI,5
UASD,Nilagunda Sub-watershed,saturation,Mulgund East-3,,UP1,248.0,,15.29689,75.56802,15.29689,75.56802,0.0,False,010529689025556802,2023-09-25,,2023,1,Maize,maize,remark_column,3.98,4.24,5.24,4.486666666666667,4.486666666666667,,3,0.0,,,Maize,,True,LAI,5
UASD,Nilagunda Sub-watershed,saturation,Mulgund East-3,,UP1,248.0,,15.29689,75.56802,15.29689,75.56802,0.0,False,010529689025556802,2023-10-11,ddmm_swapped_by_sequence,2023,2,Maize,maize,first_block_of_row,5.22,4.47,4.45,4.713333333333334,4.713333333333334,,3,0.0,,,,,True,LAI,5
UASD,Nilagunda Sub-watershed,saturation,Mulgund East-3,,UP1,248.0,,15.29689,75.56802,15.29689,75.56802,0.0,False,010529689025556802,2023-10-22,,2023,2,Maize,maize,first_block_of_row,3.74,3.85,4.07,3.8866666666666667,3.8866666666666667,,3,0.0,,,,,True,LAI,5
UASD,Nilagunda Sub-watershed,saturation,Nilgund-2,,UP2,137.0,,15.31486,75.5179,15.31486,75.5179,0.0,False,010531486025551790,2023-08-09,ddmm_kept_by_sequence,2023,1,Maize,maize,,1.43,1.76,1.7,1.63,1.63,,3,0.0,,,,,False,LAI,6
UASD,Nilagunda Sub-watershed,saturation,Nilgund-2,,UP2,137.0,,15.31486,75.5179,15.31486,75.5179,0.0,False,010531486025551790,2023-09-25,,2023,1,Maize crop was damaged due to drought,maize,remark_column,0.0,0.0,0.0,0.0,0.0,,3,0.0,,,Maize crop was damaged due to drought,,True,LAI,6
UASD,Nilagunda Sub-watershed,saturation,Nilgund-2,,UP2,137.0,,15.31486,75.5179,15.31486,75.5179,0.0,False,010531486025551790,2023-10-11,ddmm_swapped_by_sequence,2023,2,Maize,maize,first_block_of_row,0.0,0.0,0.0,0.0,0.0,,3,0.0,,,,,True,LAI,6
UASD,Nilagunda Sub-watershed,saturation,Nilgund-2,,UP2,137.0,,15.31486,75.5179,15.31486,75.5179,0.0,False,010531486025551790,2023-10-22,,2023,2,Maize,maize,first_block_of_row,0.0,0.0,0.0,0.0,0.0,,3,0.0,,,,,True,LAI,6
UASD,Nilagunda Sub-watershed,saturation,Mulgund-1,,UP3,863.0,,15.31464,75.52067,15.31464,75.52067,0.0,False,010531464025552067,2023-08-09,ddmm_kept_by_sequence,2023,1,No crop,no_crop,,0.0,0.0,0.0,0.0,0.0,,3,0.0,,,,,False,LAI,7
UASD,Nilagunda Sub-watershed,saturation,Mulgund-1,,UP3,863.0,,15.31464,75.52067,15.31464,75.52067,0.0,False,010531464025552067,2023-09-25,,2023,1,No crop,no_crop,remark_column,0.0,0.0,0.0,0.0,0.0,,3,0.0,,,No crop,,True,LAI,7
UASD,Nilagunda Sub-watershed,saturation,Mulgund-1,,UP3,863.0,,15.31464,75.52067,15.31464,75.52067,0.0,False,010531464025552067,2023-10-11,ddmm_swapped_by_sequence,2023,2,No crop,no_crop,first_block_of_row,0.0,0.0,0.0,0.0,0.0,,3,0.0,,,,,True,LAI,7
UASD,Nilagunda Sub-watershed,saturation,Mulgund-1,,UP3,863.0,,15.31464,75.52067,15.31464,75.52067,0.0,False,010531464025552067,2023-10-22,,2023,2,No crop,no_crop,first_block_of_row,0.0,0.0,0.0,0.0,0.0,,3,0.0,,,,,True,LAI,7
UASR,Hunsehadagli,unlabelled,,,,71,,,,,,,False,,2023-09-21,,2023,1,redgram,pigeon_pea,,0.82,1.43,,1.125,1.125,,2,,,,ceptometer annotation=HUSWS71RGB; plot_quality=B; 2 ceptometer SUM records averaged,same_site_date_different_values,False,LAI,9
UASR,Hunsehadagli,unlabelled,,,,71,,,,,,,False,,2023-09-21,,2023,1,redgram,pigeon_pea,,0.77,0.65,,0.71,0.71,,2,,,,ceptometer annotation=HUSWS71RGM; plot_quality=M; 2 ceptometer SUM records averaged,same_site_date_different_values,False,LAI,12
UASR,Hunsehadagli,unlabelled,,,,71,,,,,,,False,,2023-09-21,,2023,1,redgram,pigeon_pea,,0.58,0.42,,0.5,0.5,,2,,,,ceptometer annotation=HUSWS71RGL; plot_quality=L; 2 ceptometer SUM records averaged,same_site_date_different_values,False,LAI,15
UASR,Hunsehadagli,unlabelled,,,,50,,,,,,,False,,2023-09-21,,2023,1,rose,rose,,2.09,1.7,1.51,1.7666666666666666,1.7666666666666666,,3,,,,ceptometer annotation=HUSWS50RSM; plot_quality=M; 3 ceptometer SUM records averaged,same_site_date_different_values,False,LAI,27
UASR,Hunsehadagli,unlabelled,,,,50,,,,,,,False,,2023-09-21,,2023,1,rose,rose,,1.21,,,1.21,1.21,,1,,,,ceptometer annotation=HUSWS50RSL; plot_quality=L; 1 ceptometer SUM records averaged,same_site_date_different_values,False,LAI,34
UASR,Hunsehadagli,unlabelled,,,,50,,,,,,,False,,2023-09-21,,2023,1,rose,rose,,1.65,,,1.65,1.65,,1,,,,ceptometer annotation=HUSWS50RSB; plot_quality=B; 1 ceptometer SUM records averaged,same_site_date_different_values,False,LAI,37
UASR,Hunsehadagli,unlabelled,,,,50,,,,,,,False,,2023-09-21,,2023,1,redgram,pigeon_pea,,1.47,,,1.47,1.47,,1,,,,ceptometer annotation=HUSWS50RGB; plot_quality=B; 1 ceptometer SUM records averaged,same_site_date_different_values,False,LAI,40
UASR,Hunsehadagli,unlabelled,,,,50,,,,,,,False,,2023-09-21,,2023,1,redgram,pigeon_pea,,1.23,,,1.23,1.23,,1,,,,ceptometer annotation=HUSWS50RGM; plot_quality=M; 1 ceptometer SUM records averaged,same_site_date_different_values,False,LAI,43
UASR,Hunsehadagli,unlabelled,,,,50,,,,,,,False,,2023-09-21,,2023,1,redgram,pigeon_pea,,0.04,0.7,,0.37,0.37,,2,,,,ceptometer annotation=HUSWS50RGL; plot_quality=L; 2 ceptometer SUM records averaged,same_site_date_different_values,False,LAI,46
UASR,Hunsehadagli,unlabelled,,,,55,,,,,,,False,,2023-09-21,,2023,1,guava,guava,,1.65,2.08,,1.865,1.865,,2,,,,ceptometer annotation=HUSWS55GVB; plot_quality=B; 2 ceptometer SUM records averaged,same_site_date_different_values,False,LAI,51
UASR,Hunsehadagli,unlabelled,,,,55,,,,,,,False,,2023-09-21,,2023,1,guava,guava,,1.81,,,1.81,1.81,,1,,,,ceptometer annotation=HUSWS55GVM; plot_quality=M; 1 ceptometer SUM records averaged,same_site_date_different_values,False,LAI,56
UASR,Hunsehadagli,unlabelled,,,,55,,,,,,,False,,2023-09-21,,2023,1,guava,guava,,1.15,,,1.15,1.15,,1,,,,ceptometer annotation=HUSWS55GVL; plot_quality=L; 1 ceptometer SUM records averaged,same_site_date_different_values,False,LAI,60
UASR,Hunsehadagli,unlabelled,,,,55,,,,,,,False,,2023-09-21,,2023,1,marigold,marigold,,0.77,1.16,,0.965,0.965,,2,,,,ceptometer annotation=HUSWS55MGL; plot_quality=L; 2 ceptometer SUM records averaged,same_site_date_different_values,False,LAI,63
UASR,Hunsehadagli,unlabelled,,,,55,,,,,,,False,,2023-09-21,,2023,1,marigold,marigold,,1.82,,,1.82,1.82,,1,,,,ceptometer annotation=HUSWS55MGB; plot_quality=B; 1 ceptometer SUM records averaged,same_site_date_different_values,False,LAI,68
UASR,Hunsehadagli,unlabelled,,,,55,,,,,,,False,,2023-09-21,,2023,1,papaya,papaya,,2.43,,,2.43,2.43,,1,,,,ceptometer annotation=HUSWS55PYL; plot_quality=L; 1 ceptometer SUM records averaged,same_site_date_different_values,False,LAI,72
UASR,Hunsehadagli,unlabelled,,,,55,,,,,,,False,,2023-09-21,,2023,1,papaya,papaya,,2.36,2.2,2.49,2.35,2.35,,3,,,,ceptometer annotation=HUSWS55PYM; plot_quality=M; 3 ceptometer SUM records averaged,same_site_date_different_values,False,LAI,75
UASR,Hunsehadagli,unlabelled,,,,55,,,,,,,False,,2023-09-21,,2023,1,papaya,papaya,,2.96,,,2.96,2.96,,1,,,,ceptometer annotation=HUSWS55PYB; plot_quality=B; 1 ceptometer SUM records averaged,same_site_date_different_values,False,LAI,82
UASR,Hunsehadagli,unlabelled,,,,151,,,,,,,False,,2023-09-21,,2023,1,cotton,cotton,,1.35,2.73,,2.04,2.04,,2,,,,ceptometer annotation=HUSWS151CB; plot_quality=B; 2 ceptometer SUM records averaged,same_site_date_different_values,False,LAI,85
UASR,Hunsehadagli,unlabelled,,,,151,,,,,,,False,,2023-09-21,,2023,1,cotton,cotton,,0.94,2.34,,1.64,1.64,,2,,,,ceptometer annotation=HUSWS151CM; plot_quality=M; 2 ceptometer SUM records averaged,same_site_date_different_values,False,LAI,88
UASR,Hunsehadagli,unlabelled,,,,151,,,,,,,False,,2023-09-21,,2023,1,cotton,cotton,,0.7,2.07,,1.3849999999999998,1.3849999999999998,,2,,,,ceptometer annotation=HUSWS151CL; plot_quality=L; 2 ceptometer SUM records averaged,same_site_date_different_values,False,LAI,91
UASR,Hunsehadagli,unlabelled,,,,209,,,,,,,False,,2023-09-21,,2023,1,tomato,tomato,,4.72,2.62,,3.67,3.67,,2,,,,ceptometer annotation=HUSWS209TB; plot_quality=B; 2 ceptometer SUM records averaged,same_site_date_different_values,False,LAI,103
UASR,Hunsehadagli,unlabelled,,,,209,,,,,,,False,,2023-09-21,,2023,1,tomato,tomato,,2.56,,,2.56,2.56,,1,,,,ceptometer annotation=HUSWS209TL; plot_quality=L; 1 ceptometer SUM records averaged,same_site_date_different_values,False,LAI,108
UASR,Hunsehadagli,unlabelled,,,,209,,,,,,,False,,2023-09-21,,2023,1,tomato,tomato,,3.1,,,3.1,3.1,,1,,,,ceptometer annotation=HUSWS209TM; plot_quality=M; 1 ceptometer SUM records averaged,same_site_date_different_values,False,LAI,111
UASR,Hunsehadagli,unlabelled,,,,209,,,,,,,False,,2023-09-21,,2023,1,cotton,cotton,,1.83,1.24,,1.5350000000000001,1.5350000000000001,,2,,,,ceptometer annotation=HUSWS209CL; plot_quality=L; 2 ceptometer SUM records averaged,same_site_date_different_values,False,LAI,117
UASR,Hunsehadagli,unlabelled,,,,209,,,,,,,False,,2023-09-21,,2023,1,cotton,cotton,,1.46,1.39,1.45,1.4333333333333333,1.4333333333333333,,3,,,,ceptometer annotation=HUSWS209CM; plot_quality=M; 3 ceptometer SUM records averaged,same_site_date_different_values,False,LAI,120
UASR,Hunsehadagli,unlabelled,,,,209,,,,,,,False,,2023-09-21,,2023,1,cotton,cotton,,1.14,1.24,1.32,1.29875,1.29875,,8,,,,ceptometer annotation=HUSWS209CB; plot_quality=B; 8 ceptometer SUM records averaged,same_site_date_different_values,False,LAI,131
UASR,Hunsehadagli,unlabelled,,,,65,,,,,,,False,,2023-09-21,,2023,1,sf,other:sf,,1.47,,,1.47,1.47,,1,,,,ceptometer annotation=HUSWS65SFB; plot_quality=B; 1 ceptometer SUM records averaged,same_site_date_different_values,False,LAI,148
UASR,Hunsehadagli,unlabelled,,,,65,,,,,,,False,,2023-09-21,,2023,1,sf,other:sf,,1.41,,,1.41,1.41,,1,,,,ceptometer annotation=HUSWS65SFM; plot_quality=M; 1 ceptometer SUM records averaged,same_site_date_different_values,False,LAI,151
UASR,Hunsehadagli,unlabelled,,,,65,,,,,,,False,,2023-09-21,,2023,1,sf,other:sf,,0.81,,,0.81,0.81,,1,,,,ceptometer annotation=HUSWS65SFL; plot_quality=L; 1 ceptometer SUM records averaged,same_site_date_different_values,False,LAI,154
UASR,Hunsehadagli,unlabelled,,,,65,,,,,,,False,,2023-09-21,,2023,1,redgram,pigeon_pea,,0.71,0.82,,0.7649999999999999,0.7649999999999999,,2,,,,ceptometer annotation=HUSWS65RGL; plot_quality=L; 2 ceptometer SUM records averaged,same_site_date_different_values,False,LAI,158
UASR,Hunsehadagli,unlabelled,,,,65,,,,,,,False,,2023-09-21,,2023,1,redgram,pigeon_pea,,1.03,,,1.03,1.03,,1,,,,ceptometer annotation=HUSWS65RGM; plot_quality=M; 1 ceptometer SUM records averaged,same_site_date_different_values,False,LAI,163
UASR,Hunsehadagli,unlabelled,,,,65,,,,,,,False,,2023-09-21,,2023,1,redgram,pigeon_pea,,1.16,,,1.16,1.16,,1,,,,ceptometer annotation=HUSWS65RGB; plot_quality=B; 1 ceptometer SUM records averaged,same_site_date_different_values,False,LAI,166
UASR,,unlabelled,,,,,,,,,,,False,,2023-09-21,,2023,1,,unknown,,1.64,,,1.64,1.64,,1,,,,ceptometer annotation=HUSWS39T B; plot_quality=; 1 ceptometer SUM records averaged,same_site_date_different_values,False,LAI,171
UASR,,unlabelled,,,,,,,,,,,False,,2023-09-21,,2023,1,,unknown,,1.29,,,1.29,1.29,,1,,,,ceptometer annotation=HUSWS39T M; plot_quality=; 1 ceptometer SUM records averaged,same_site_date_different_values,False,LAI,174
UASR,,unlabelled,,,,,,,,,,,False,,2023-09-21,,2023,1,,unknown,,1.09,,,1.09,1.09,,1,,,,ceptometer annotation=HUSWS39T L; plot_quality=; 1 ceptometer SUM records averaged,same_site_date_different_values,False,LAI,177
UASR,Hunsehadagli,unlabelled,,,,39,,,,,,,False,,2023-09-21,,2023,1,papaya,papaya,,1.36,1.3,0.77,1.1875,1.1875,,4,,,,ceptometer annotation=HUSWS39PYL; plot_quality=L; 4 ceptometer SUM records averaged,,False,LAI,180
UASR,Hunsehadagli,unlabelled,,,,106,,,,,,,False,,2023-09-21,,2023,1,r,other:r,,1.56,1.64,,1.6,1.6,,2,,,,ceptometer annotation=HUSWS106RL; plot_quality=L; 2 ceptometer SUM records averaged,same_site_date_different_values,False,LAI,189
UASR,Hunsehadagli,unlabelled,,,,106,,,,,,,False,,2023-09-21,,2023,1,r,other:r,,2.0,2.11,,2.0549999999999997,2.0549999999999997,,2,,,,ceptometer annotation=HUSWS106RM; plot_quality=M; 2 ceptometer SUM records averaged,same_site_date_different_values,False,LAI,192
UASR,Hunsehadagli,unlabelled,,,,106,,,,,,,False,,2023-09-21,,2023,1,r,other:r,,1.96,2.01,1.74,1.49,1.49,,4,,,,ceptometer annotation=HUSWS106RB; plot_quality=B; 4 ceptometer SUM records averaged,same_site_date_different_values,False,LAI,195
UASR,Hunsehadagli,unlabelled,,,,112,,,,,,,False,,2023-09-21,,2023,1,r,other:r,,0.85,1.05,,0.95,0.95,,2,,,,ceptometer annotation=HUSWS112RL; plot_quality=L; 2 ceptometer SUM records averaged,same_site_date_different_values,False,LAI,211
UASR,Hunsehadagli,unlabelled,,,,112,,,,,,,False,,2023-09-21,,2023,1,r,other:r,,1.42,1.45,,1.435,1.435,,2,,,,ceptometer annotation=HUSWS112RM; plot_quality=M; 2 ceptometer SUM records averaged,same_site_date_different_values,False,LAI,214
UASR,Hunsehadagli,unlabelled,,,,112,,,,,,,False,,2023-09-21,,2023,1,r,other:r,,1.96,1.88,,1.92,1.92,,2,,,,ceptometer annotation=HUSWS112RB; plot_quality=B; 2 ceptometer SUM records averaged,same_site_date_different_values,False,LAI,217
UHSB,Pashapur,unlabelled,Ladha 2,,1.0,93.0,,18.084342,77.442383,18.084342,77.442383,0.0,False,010808434025744238,2023-08-08,,2023,1,Soyabean,soybean,,1.5,1.45,1.42,1.45667,1.45667,,3,3.333333333133126e-06,,,,,False,LAI,5
UHSB,Pashapur,unlabelled,Ladha 2,,1.0,93.0,,18.084342,77.442383,18.084342,77.442383,0.0,False,010808434025744238,2023-08-15,,2023,1,Soyabean,soybean,,1.45,1.35,1.4,1.4,1.4,,3,2.220446049250313e-16,,,,,False,LAI,20
UHSB,Pashapur,unlabelled,Ladha 2,,1.0,93.0,,18.084342,77.442383,18.084342,77.442383,0.0,False,010808434025744238,2023-08-22,,2023,1,Soyabean,soybean,,1.62,1.49,1.6,1.57,1.57,,3,-2.220446049250313e-16,,,,,False,LAI,35
UHSB,Pashapur,unlabelled,Ladha 2,,1.0,93.0,,18.084342,77.442383,18.084342,77.442383,0.0,False,010808434025744238,2023-08-29,,2023,1,Soyabean,soybean,,2.1,2.23,2.5,2.27667,2.27667,,3,3.3333333333551707e-06,,,,,False,LAI,50
UHSB,Pashapur,unlabelled,Ladha 2,,1.0,93.0,,18.084342,77.442383,18.084342,77.442383,0.0,False,010808434025744238,2023-09-02,ddmm_swapped_by_sequence,2023,1,Soyabean,soybean,,2.3,2.35,2.66,2.436667,2.436667,,3,3.333333329358368e-07,,,,,False,LAI,65
UHSB,Pashapur,unlabelled,Ladha 2,,1.0,93.0,,18.084342,77.442383,18.084342,77.442383,0.0,False,010808434025744238,2023-09-09,,2023,1,Soyabean,soybean,,2.4,2.46,2.73,2.53,2.53,,3,0.0,,,,,False,LAI,80
UHSB,Pashapur,unlabelled,Ladha 2,,1.0,93.0,,18.084342,77.442383,18.084342,77.442383,0.0,False,010808434025744238,2023-09-16,,2023,1,Soyabean,soybean,,2.63,2.59,2.81,2.676667,2.676667,,3,3.333333338240152e-07,,,,,False,LAI,95
UHSB,Pashapur,unlabelled,Ladha 2,,1.0,93.0,,18.084342,77.442383,18.084342,77.442383,0.0,False,010808434025744238,2023-09-23,,2023,1,Soyabean,soybean,,3.12,3.26,3.5,3.293333,3.293333,,3,-3.333333329358368e-07,,,,,False,LAI,110
UHSB,Pashapur,unlabelled,Ladha 2,,1.0,93.0,,18.084342,77.442383,18.084342,77.442383,0.0,False,010808434025744238,2023-09-30,,2023,1,Soyabean,soybean,,4.5,4.2,4.23,4.31,4.31,,3,0.0,,,,,False,LAI,125
UHSB,Pashapur,unlabelled,Ladha 2,,1.0,93.0,,18.084342,77.442383,18.084342,77.442383,0.0,False,010808434025744238,2023-10-07,ddmm_swapped_by_sequence,2023,2,Soyabean,soybean,,2.8,2.9,2.74,2.813333,2.813333,,3,-3.333333329358368e-07,,,,,False,LAI,140
UHSB,Pashapur,unlabelled,Ladha 2,,1.0,93.0,,18.084342,77.442383,18.084342,77.442383,0.0,False,010808434025744238,2023-10-14,,2023,2,Soyabean,soybean,,2.5,2.4,2.3,2.4,2.4,,3,0.0,,,,,False,LAI,155
UHSB,Pashapur,unlabelled,Ladha 2,,1.0,93.0,,18.084342,77.442383,18.084342,77.442383,0.0,False,010808434025744238,2023-10-21,,2023,2,Soyabean,soybean,,2.1,1.8,2.0,1.966667,1.966667,,3,3.333333331578814e-07,,,,,False,LAI,170
UHSB,Pashapur,unlabelled,Ladha 2,,1.0,93.0,,18.084342,77.442383,18.084342,77.442383,0.0,False,010808434025744238,2023-10-28,,2023,2,Tur,pigeon_pea,,1.6,1.61,1.6,1.6033333333333335,1.6033333333333335,,3,0.0,,,,,False,LAI,185
UHSB,Pashapur,unlabelled,Ladha 2,,1.0,93.0,,18.084342,77.442383,18.084342,77.442383,0.0,False,010808434025744238,2023-11-04,ddmm_swapped_by_sequence,2023,2,Tur,pigeon_pea,,1.7,1.75,1.71,1.72,1.72,,3,0.0,,,,,False,LAI,200
UHSB,Pashapur,unlabelled,Ladha 2,,1.0,93.0,,18.084342,77.442383,18.084342,77.442383,0.0,False,010808434025744238,2023-11-11,,2023,2,Tur,pigeon_pea,,1.74,1.75,1.72,1.7366666666666666,1.7366666666666666,,3,0.0,,,,,False,LAI,215
UHSB,Pashapur,unlabelled,Ladha 2,,1.0,93.0,,18.084342,77.442383,18.084342,77.442383,0.0,False,010808434025744238,2023-11-18,,2023,2,Tur,pigeon_pea,,1.77,1.76,1.73,1.7533333333333332,1.7533333333333332,,3,0.0,,,,,False,LAI,230
UHSB,Pashapur,unlabelled,Ladha 2,,1.0,93.0,,18.084342,77.442383,18.084342,77.442383,0.0,False,010808434025744238,2023-11-25,,2023,2,Tur,pigeon_pea,,1.6,1.55,1.52,1.556666667,1.556666667,,3,3.33333360913457e-10,,,,,False,LAI,245
UHSB,Pashapur,unlabelled,Ladha 2,,1.0,93.0,,18.084342,77.442383,18.084342,77.442383,0.0,False,010808434025744238,2023-12-02,ddmm_swapped_by_sequence,2023,2,Tur,pigeon_pea,,1.5,1.54,1.5,1.5133333333333334,1.5133333333333334,,3,0.0,,,,,False,LAI,260
UHSB,Pashapur,unlabelled,Ladha 2,,1.0,93.0,,18.084342,77.442383,18.084342,77.442383,0.0,False,010808434025744238,2023-12-09,ddmm_swapped_by_sequence,2023,2,Tur,pigeon_pea,,1.4,1.5,1.5,1.4666666666666668,1.4666666666666668,,3,0.0,,,,,False,LAI,275
UHSB,Pashapur,unlabelled,Ladha 2,,1.0,93.0,,18.084342,77.442383,18.084342,77.442383,0.0,False,010808434025744238,2023-12-16,,2023,2,Tur,pigeon_pea,,1.25,1.3,1.22,1.2566666666666666,1.2566666666666666,,3,0.0,,,,,False,LAI,290
UHSB,Pashapur,unlabelled,Ladha 2,,1.0,93.0,,18.084342,77.442383,18.084342,77.442383,0.0,False,010808434025744238,2023-12-23,,2023,2,Tur,pigeon_pea,,1.25,1.29,1.28,1.2733333333333334,1.2733333333333334,,3,0.0,,,,,False,LAI,305
UHSB,Pashapur,unlabelled,Ladha 2,,1.0,93.0,,18.084342,77.442383,18.084342,77.442383,0.0,False,010808434025744238,2023-12-30,,2023,2,Tur,pigeon_pea,,1.2,1.19,1.2,1.1966666666666665,1.1966666666666665,,3,0.0,,,,,False,LAI,320
UHSB,Pashapur,unlabelled,Ladha 2,,1.0,93.0,,18.084342,77.442383,18.084342,77.442383,0.0,False,010808434025744238,2024-01-06,ddmm_swapped_by_sequence,2023,2,No crop,no_crop,,,,,,,,0,,,,-,,False,LAI,335
UHSB,Kandgul,unlabelled,Masjawadi,,10.0,72.0,,18.091666,77.526627,18.091666,77.526627,0.0,False,010809167025752663,2023-08-08,,2023,1,Soyabean,soybean,,1.3,1.23,1.22,1.25,1.25,,3,0.0,,,,,False,LAI,14
UHSB,Kandgul,unlabelled,Masjawadi,,10.0,72.0,,18.091666,77.526627,18.091666,77.526627,0.0,False,010809167025752663,2023-08-15,,2023,1,Soyabean,soybean,,1.25,1.2,1.2,1.21667,1.21667,,3,3.333333333133126e-06,,,,,False,LAI,29
UHSB,Kandgul,unlabelled,Masjawadi,,10.0,72.0,,18.091666,77.526627,18.091666,77.526627,0.0,False,010809167025752663,2023-08-22,,2023,1,Soyabean,soybean,,1.52,1.46,1.63,1.53667,1.53667,,3,3.3333333335772153e-06,,,,,False,LAI,44
UHSB,Kandgul,unlabelled,Masjawadi,,10.0,72.0,,18.091666,77.526627,18.091666,77.526627,0.0,False,010809167025752663,2023-08-29,,2023,1,Soyabean,soybean,,2.1,2.6,2.3,2.33333,2.33333,,3,-3.3333333333551707e-06,,,,,False,LAI,59
UHSB,Kandgul,unlabelled,Masjawadi,,10.0,72.0,,18.091666,77.526627,18.091666,77.526627,0.0,False,010809167025752663,2023-09-02,ddmm_swapped_by_sequence,2023,1,Soyabean,soybean,,2.23,2.83,2.33,2.463333,2.463333,,3,-3.33333333379926e-07,,,,,False,LAI,74
UHSB,Kandgul,unlabelled,Masjawadi,,10.0,72.0,,18.091666,77.526627,18.091666,77.526627,0.0,False,010809167025752663,2023-09-09,,2023,1,Soyabean,soybean,,2.53,2.52,2.4,2.483333,2.483333,,3,-3.333333329358368e-07,,,,,False,LAI,89
UHSB,Kandgul,unlabelled,Masjawadi,,10.0,72.0,,18.091666,77.526627,18.091666,77.526627,0.0,False,010809167025752663,2023-09-16,,2023,1,Soyabean,soybean,,2.63,2.79,2.59,2.67,2.67,,3,0.0,,,,,False,LAI,104
UHSB,Kandgul,unlabelled,Masjawadi,,10.0,72.0,,18.091666,77.526627,18.091666,77.526627,0.0,False,010809167025752663,2023-09-23,,2023,1,Soyabean,soybean,,3.45,3.9,3.6,3.65,3.65,,3,0.0,,,,,False,LAI,119
UHSB,Kandgul,unlabelled,Masjawadi,,10.0,72.0,,18.091666,77.526627,18.091666,77.526627,0.0,False,010809167025752663,2023-09-30,,2023,1,Soyabean,soybean,,4.4,4.3,4.3,4.333333,4.333333,,3,-3.33333333379926e-07,,,,,False,LAI,134
UHSB,Kandgul,unlabelled,Masjawadi,,10.0,72.0,,18.091666,77.526627,18.091666,77.526627,0.0,False,010809167025752663,2023-10-07,ddmm_swapped_by_sequence,2023,2,Soyabean,soybean,,2.8,2.93,2.89,2.873333,2.873333,,3,-3.33333333379926e-07,,,,,False,LAI,149
UHSB,Kandgul,unlabelled,Masjawadi,,10.0,72.0,,18.091666,77.526627,18.091666,77.526627,0.0,False,010809167025752663,2023-10-14,,2023,2,Soyabean,soybean,,2.3,2.41,2.42,2.376667,2.376667,,3,3.33333333379926e-07,,,,,False,LAI,164
UHSB,Kandgul,unlabelled,Masjawadi,,10.0,72.0,,18.091666,77.526627,18.091666,77.526627,0.0,False,010809167025752663,2023-10-21,,2023,2,Soyabean,soybean,,1.9,1.85,1.9,1.883333,1.883333,,3,-3.333333336019706e-07,,,,,False,LAI,179
UHSB,Kandgul,unlabelled,Masjawadi,,10.0,72.0,,18.091666,77.526627,18.091666,77.526627,0.0,False,010809167025752663,2023-10-28,,2023,2,Tur,pigeon_pea,,1.4,1.3,1.3,1.3333333333333333,1.3333333333333333,,3,0.0,,,,,False,LAI,194
UHSB,Kandgul,unlabelled,Masjawadi,,10.0,72.0,,18.091666,77.526627,18.091666,77.526627,0.0,False,010809167025752663,2023-11-04,ddmm_swapped_by_sequence,2023,2,Tur,pigeon_pea,,1.45,1.48,1.46,1.4633333333333332,1.4633333333333332,,3,0.0,,,,,False,LAI,209
UHSB,Kandgul,unlabelled,Masjawadi,,10.0,72.0,,18.091666,77.526627,18.091666,77.526627,0.0,False,010809167025752663,2023-11-11,,2023,2,Tur,pigeon_pea,,1.49,1.48,1.51,1.4933333333333332,1.4933333333333332,,3,0.0,,,,,False,LAI,224
UHSB,Kandgul,unlabelled,Masjawadi,,10.0,72.0,,18.091666,77.526627,18.091666,77.526627,0.0,False,010809167025752663,2023-11-18,,2023,2,Tur,pigeon_pea,,1.5,1.51,1.52,1.5099999999999998,1.5099999999999998,,3,0.0,,,,,False,LAI,239
UHSB,Kandgul,unlabelled,Masjawadi,,10.0,72.0,,18.091666,77.526627,18.091666,77.526627,0.0,False,010809167025752663,2023-11-25,,2023,2,Tur,pigeon_pea,,1.42,1.4,1.3,1.373333333,1.373333333,,3,-3.33333360913457e-10,,,,,False,LAI,254
UHSB,Kandgul,unlabelled,Masjawadi,,10.0,72.0,,18.091666,77.526627,18.091666,77.526627,0.0,False,010809167025752663,2023-12-02,ddmm_swapped_by_sequence,2023,2,Tur,pigeon_pea,,1.42,1.31,1.3,1.3433333333333335,1.3433333333333335,,3,0.0,,,,,False,LAI,269
UHSB,Kandgul,unlabelled,Masjawadi,,10.0,72.0,,18.091666,77.526627,18.091666,77.526627,0.0,False,010809167025752663,2023-12-09,ddmm_swapped_by_sequence,2023,2,Tur,pigeon_pea,,1.23,1.2,1.22,1.2166666666666666,1.2166666666666666,,3,0.0,,,,,False,LAI,284
UHSB,Kandgul,unlabelled,Masjawadi,,10.0,72.0,,18.091666,77.526627,18.091666,77.526627,0.0,False,010809167025752663,2023-12-16,,2023,2,Tur,pigeon_pea,,1.12,1.1,1.01,1.0766666666666669,1.0766666666666669,,3,0.0,,,,,False,LAI,299
UHSB,Kandgul,unlabelled,Masjawadi,,10.0,72.0,,18.091666,77.526627,18.091666,77.526627,0.0,False,010809167025752663,2023-12-23,,2023,2,Tur,pigeon_pea,,0.9,0.8,0.7,0.8000000000000002,0.8000000000000002,,3,0.0,,,,,False,LAI,314
UHSB,Kandgul,unlabelled,Masjawadi,,10.0,72.0,,18.091666,77.526627,18.091666,77.526627,0.0,False,010809167025752663,2023-12-30,,2023,2,No crop,no_crop,,,,,,,,0,,,,-,,False,LAI,329
UHSB,Kandgul,unlabelled,Masjawadi,,10.0,72.0,,18.091666,77.526627,18.091666,77.526627,0.0,False,010809167025752663,2024-01-06,ddmm_swapped_by_sequence,2023,2,No crop,no_crop,,,,,,,,0,,,,-,,False,LAI,344
UHSB,Kandgul,unlabelled,Masjawadi,,11.0,33.0,,18.098571,77.546512,18.098571,77.546512,0.0,False,010809857025754651,2023-08-08,,2023,1,Soyabean,soybean,,1.25,1.22,1.3,1.25667,1.25667,,3,3.3333333333551707e-06,,,,,False,LAI,15
UHSB,Kandgul,unlabelled,Masjawadi,,11.0,33.0,,18.098571,77.546512,18.098571,77.546512,0.0,False,010809857025754651,2023-08-15,,2023,1,Soyabean,soybean,,1.2,1.23,1.3,1.24333,1.24333,,3,-3.333333333133126e-06,,,,,False,LAI,30
UHSB,Kandgul,unlabelled,Masjawadi,,11.0,33.0,,18.098571,77.546512,18.098571,77.546512,0.0,False,010809857025754651,2023-08-22,,2023,1,Soyabean,soybean,,1.4,1.36,1.45,1.40333,1.40333,,3,-3.3333333333551707e-06,,,,,False,LAI,45
UHSB,Kandgul,unlabelled,Masjawadi,,11.0,33.0,,18.098571,77.546512,18.098571,77.546512,0.0,False,010809857025754651,2023-08-29,,2023,1,Soyabean,soybean,,2.3,2.3,2.15,2.25,2.25,,3,0.0,,,,,False,LAI,60
UHSB,Kandgul,unlabelled,Masjawadi,,11.0,33.0,,18.098571,77.546512,18.098571,77.546512,0.0,False,010809857025754651,2023-09-02,ddmm_swapped_by_sequence,2023,1,Soyabean,soybean,,2.51,2.45,2.63,2.53,2.53,,3,0.0,,,,,False,LAI,75
UHSB,Kandgul,unlabelled,Masjawadi,,11.0,33.0,,18.098571,77.546512,18.098571,77.546512,0.0,False,010809857025754651,2023-09-09,,2023,1,Soyabean,soybean,,2.59,2.5,2.71,2.6,2.6,,3,0.0,,,,,False,LAI,90
UHSB,Kandgul,unlabelled,Masjawadi,,11.0,33.0,,18.098571,77.546512,18.098571,77.546512,0.0,False,010809857025754651,2023-09-16,,2023,1,Soyabean,soybean,,2.71,2.63,2.83,2.723333,2.723333,,3,-3.33333333379926e-07,,,,,False,LAI,105
UHSB,Kandgul,unlabelled,Masjawadi,,11.0,33.0,,18.098571,77.546512,18.098571,77.546512,0.0,False,010809857025754651,2023-09-23,,2023,1,Soyabean,soybean,,3.9,4.0,3.8,3.9,3.9,,3,0.0,,,,,False,LAI,120
UHSB,Kandgul,unlabelled,Masjawadi,,11.0,33.0,,18.098571,77.546512,18.098571,77.546512,0.0,False,010809857025754651,2023-09-30,,2023,1,Soyabean,soybean,,4.6,4.58,4.1,4.426667,4.426667,,3,3.33333333379926e-07,,,,,False,LAI,135
UHSB,Kandgul,unlabelled,Masjawadi,,11.0,33.0,,18.098571,77.546512,18.098571,77.546512,0.0,False,010809857025754651,2023-10-07,ddmm_swapped_by_sequence,2023,2,Soyabean,soybean,,2.95,2.74,2.3,2.663333,2.663333,,3,-3.33333333379926e-07,,,,,False,LAI,150
UHSB,Kandgul,unlabelled,Masjawadi,,11.0,33.0,,18.098571,77.546512,18.098571,77.546512,0.0,False,010809857025754651,2023-10-14,,2023,2,Soyabean,soybean,,2.4,2.35,2.1,2.283333,2.283333,,3,-3.33333333379926e-07,,,,,False,LAI,165
UHSB,Kandgul,unlabelled,Masjawadi,,11.0,33.0,,18.098571,77.546512,18.098571,77.546512,0.0,False,010809857025754651,2023-10-21,,2023,2,Soyabean,soybean,,1.8,1.8,1.8,1.8,1.8,,3,0.0,,,,,False,LAI,180
UHSB,Kandgul,unlabelled,Masjawadi,,11.0,33.0,,18.098571,77.546512,18.098571,77.546512,0.0,False,010809857025754651,2023-10-28,,2023,2,Tur,pigeon_pea,,1.3,1.33,1.3,1.3099999999999998,1.3099999999999998,,3,0.0,,,,,False,LAI,195
UHSB,Kandgul,unlabelled,Masjawadi,,11.0,33.0,,18.098571,77.546512,18.098571,77.546512,0.0,False,010809857025754651,2023-11-04,ddmm_swapped_by_sequence,2023,2,Tur,pigeon_pea,,1.4,1.41,1.4,1.403333333333333,1.403333333333333,,3,0.0,,,,,False,LAI,210
UHSB,Kandgul,unlabelled,Masjawadi,,11.0,33.0,,18.098571,77.546512,18.098571,77.546512,0.0,False,010809857025754651,2023-11-11,,2023,2,Tur,pigeon_pea,,1.4,1.41,1.46,1.4233333333333331,1.4233333333333331,,3,0.0,,,,,False,LAI,225
UHSB,Kandgul,unlabelled,Masjawadi,,11.0,33.0,,18.098571,77.546512,18.098571,77.546512,0.0,False,010809857025754651,2023-11-18,,2023,2,Tur,pigeon_pea,,1.4,1.42,1.5,1.4400000000000002,1.4400000000000002,,3,0.0,,,,,False,LAI,240
UHSB,Kandgul,unlabelled,Masjawadi,,11.0,33.0,,18.098571,77.546512,18.098571,77.546512,0.0,False,010809857025754651,2023-11-25,,2023,2,Tur,pigeon_pea,,1.1,1.2,1.12,1.14,1.14,,3,0.0,,,,,False,LAI,255
UHSB,Kandgul,unlabelled,Masjawadi,,11.0,33.0,,18.098571,77.546512,18.098571,77.546512,0.0,False,010809857025754651,2023-12-02,ddmm_swapped_by_sequence,2023,2,Tur,pigeon_pea,,1.07,1.1,1.12,1.0966666666666667,1.0966666666666667,,3,0.0,,,,,False,LAI,270
UHSB,Kandgul,unlabelled,Masjawadi,,11.0,33.0,,18.098571,77.546512,18.098571,77.546512,0.0,False,010809857025754651,2023-12-09,ddmm_swapped_by_sequence,2023,2,Tur,pigeon_pea,,0.8,1.0,1.0,0.9333333333333332,0.9333333333333332,,3,0.0,,,,,False,LAI,285
UHSB,Kandgul,unlabelled,Masjawadi,,11.0,33.0,,18.098571,77.546512,18.098571,77.546512,0.0,False,010809857025754651,2023-12-16,,2023,2,Tur,pigeon_pea,,0.78,0.6,0.77,0.7166666666666667,0.7166666666666667,,3,0.0,,,,,False,LAI,300
UHSB,Kandgul,unlabelled,Masjawadi,,11.0,33.0,,18.098571,77.546512,18.098571,77.546512,0.0,False,010809857025754651,2023-12-23,,2023,2,Tur,pigeon_pea,,0.78,0.7,0.8,0.7600000000000001,0.7600000000000001,,3,0.0,,,,,False,LAI,315
UHSB,Kandgul,unlabelled,Masjawadi,,11.0,33.0,,18.098571,77.546512,18.098571,77.546512,0.0,False,010809857025754651,2023-12-30,,2023,2,No crop,no_crop,,,,,,,,0,,,,-,,False,LAI,330
UHSB,Kandgul,unlabelled,Masjawadi,,11.0,33.0,,18.098571,77.546512,18.098571,77.546512,0.0,False,010809857025754651,2024-01-06,ddmm_swapped_by_sequence,2023,2,No crop,no_crop,,,,,,,,0,,,,-,,False,LAI,345
UHSB,Kandgul,unlabelled,Masjawadi,,12.0,18.0,,18.09009,77.536949,18.09009,77.536949,0.0,False,010809009025753695,2023-08-08,,2023,1,Soyabean,soybean,,1.3,1.53,1.45,1.42667,1.42667,,3,3.3333333333551707e-06,,,,,False,LAI,16
UHSB,Kandgul,unlabelled,Masjawadi,,12.0,18.0,,18.09009,77.536949,18.09009,77.536949,0.0,False,010809009025753695,2023-08-15,,2023,1,Soyabean,soybean,,1.2,1.5,1.4,1.36667,1.36667,,3,3.3333333335772153e-06,,,,,False,LAI,31
UHSB,Kandgul,unlabelled,Masjawadi,,12.0,18.0,,18.09009,77.536949,18.09009,77.536949,0.0,False,010809009025753695,2023-08-22,,2023,1,Soyabean,soybean,,1.45,1.63,1.52,1.53333,1.53333,,3,-3.333333333133126e-06,,,,,False,LAI,46
UHSB,Kandgul,unlabelled,Masjawadi,,12.0,18.0,,18.09009,77.536949,18.09009,77.536949,0.0,False,010809009025753695,2023-08-29,,2023,1,Soyabean,soybean,,2.3,2.4,2.1,2.26667,2.26667,,3,3.33333333379926e-06,,,,,False,LAI,61
UHSB,Kandgul,unlabelled,Masjawadi,,12.0,18.0,,18.09009,77.536949,18.09009,77.536949,0.0,False,010809009025753695,2023-09-02,ddmm_swapped_by_sequence,2023,1,Soyabean,soybean,,2.46,2.6,2.23,2.43,2.43,,3,0.0,,,,,False,LAI,76
UHSB,Kandgul,unlabelled,Masjawadi,,12.0,18.0,,18.09009,77.536949,18.09009,77.536949,0.0,False,010809009025753695,2023-09-09,,2023,1,Soyabean,soybean,,2.43,2.63,2.3,2.453333,2.453333,,3,-3.33333333379926e-07,,,,,False,LAI,91
UHSB,Kandgul,unlabelled,Masjawadi,,12.0,18.0,,18.09009,77.536949,18.09009,77.536949,0.0,False,010809009025753695,2023-09-16,,2023,1,Soyabean,soybean,,2.4,2.78,2.55,2.576667,2.576667,,3,3.33333333379926e-07,,,,,False,LAI,106
UHSB,Kandgul,unlabelled,Masjawadi,,12.0,18.0,,18.09009,77.536949,18.09009,77.536949,0.0,False,010809009025753695,2023-09-23,,2023,1,Soyabean,soybean,,3.5,3.8,3.8,3.7,3.7,,3,4.440892098500626e-16,,,,,False,LAI,121
UHSB,Kandgul,unlabelled,Masjawadi,,12.0,18.0,,18.09009,77.536949,18.09009,77.536949,0.0,False,010809009025753695,2023-09-30,,2023,1,Soyabean,soybean,,4.5,4.23,4.0,4.243333,4.243333,,3,-3.33333333379926e-07,,,,,False,LAI,136
UHSB,Kandgul,unlabelled,Masjawadi,,12.0,18.0,,18.09009,77.536949,18.09009,77.536949,0.0,False,010809009025753695,2023-10-07,ddmm_swapped_by_sequence,2023,2,Soyabean,soybean,,2.3,2.35,2.33,2.326667,2.326667,,3,3.33333333379926e-07,,,,,False,LAI,151
UHSB,Kandgul,unlabelled,Masjawadi,,12.0,18.0,,18.09009,77.536949,18.09009,77.536949,0.0,False,010809009025753695,2023-10-14,,2023,2,Soyabean,soybean,,2.0,2.1,2.2,2.1,2.1,,3,0.0,,,,,False,LAI,166
UHSB,Kandgul,unlabelled,Masjawadi,,12.0,18.0,,18.09009,77.536949,18.09009,77.536949,0.0,False,010809009025753695,2023-10-21,,2023,2,Soyabean,soybean,,1.9,1.95,1.85,1.9,1.9,,3,2.220446049250313e-16,,,,,False,LAI,181
UHSB,Kandgul,unlabelled,Masjawadi,,12.0,18.0,,18.09009,77.536949,18.09009,77.536949,0.0,False,010809009025753695,2023-10-28,,2023,2,Tur,pigeon_pea,,1.6,1.6,1.59,1.5966666666666667,1.5966666666666667,,3,0.0,,,,,False,LAI,196
UHSB,Kandgul,unlabelled,Masjawadi,,12.0,18.0,,18.09009,77.536949,18.09009,77.536949,0.0,False,010809009025753695,2023-11-04,ddmm_swapped_by_sequence,2023,2,Tur,pigeon_pea,,1.7,1.71,1.7,1.7033333333333334,1.7033333333333334,,3,0.0,,,,,False,LAI,211
UHSB,Kandgul,unlabelled,Masjawadi,,12.0,18.0,,18.09009,77.536949,18.09009,77.536949,0.0,False,010809009025753695,2023-11-11,,2023,2,Tur,pigeon_pea,,1.7,1.71,1.77,1.7266666666666666,1.7266666666666666,,3,0.0,,,,,False,LAI,226
UHSB,Kandgul,unlabelled,Masjawadi,,12.0,18.0,,18.09009,77.536949,18.09009,77.536949,0.0,False,010809009025753695,2023-11-18,,2023,2,Tur,pigeon_pea,,1.7,1.8,1.77,1.7566666666666666,1.7566666666666666,,3,0.0,,,,,False,LAI,241
UHSB,Kandgul,unlabelled,Masjawadi,,12.0,18.0,,18.09009,77.536949,18.09009,77.536949,0.0,False,010809009025753695,2023-11-25,,2023,2,Tur,pigeon_pea,,1.78,1.71,1.72,1.736666667,1.736666667,,3,3.33333360913457e-10,,,,,False,LAI,256
UHSB,Kandgul,unlabelled,Masjawadi,,12.0,18.0,,18.09009,77.536949,18.09009,77.536949,0.0,False,010809009025753695,2023-12-02,ddmm_swapped_by_sequence,2023,2,Tur,pigeon_pea,,1.7,1.71,1.72,1.71,1.71,,3,0.0,,,,,False,LAI,271
UHSB,Kandgul,unlabelled,Masjawadi,,12.0,18.0,,18.09009,77.536949,18.09009,77.536949,0.0,False,010809009025753695,2023-12-09,ddmm_swapped_by_sequence,2023,2,Tur,pigeon_pea,,1.7,1.6,1.72,1.6733333333333331,1.6733333333333331,,3,0.0,,,,,False,LAI,286
UHSB,Kandgul,unlabelled,Masjawadi,,12.0,18.0,,18.09009,77.536949,18.09009,77.536949,0.0,False,010809009025753695,2023-12-16,,2023,2,Tur,pigeon_pea,,1.58,1.4,1.55,1.51,1.51,,3,0.0,,,,,False,LAI,301
UHSB,Kandgul,unlabelled,Masjawadi,,12.0,18.0,,18.09009,77.536949,18.09009,77.536949,0.0,False,010809009025753695,2023-12-23,,2023,2,Tur,pigeon_pea,,1.58,1.3,1.2,1.36,1.36,,3,0.0,,,,,False,LAI,316
UHSB,Kandgul,unlabelled,Masjawadi,,12.0,18.0,,18.09009,77.536949,18.09009,77.536949,0.0,False,010809009025753695,2023-12-30,,2023,2,Tur,pigeon_pea,,1.1,1.12,1.0,1.0733333333333335,1.0733333333333335,,3,0.0,,,,,False,LAI,331
UHSB,Kandgul,unlabelled,Masjawadi,,12.0,18.0,,18.09009,77.536949,18.09009,77.536949,0.0,False,010809009025753695,2024-01-06,ddmm_swapped_by_sequence,2023,2,No crop,no_crop,,,,,,,,0,,,,-,,False,LAI,346
UHSB,Pashapur,unlabelled,Ladha 1,,2.0,37.0,,18.111395,77.430901,18.111395,77.430901,0.0,False,010811140025743090,2023-08-08,,2023,1,Soyabean,soybean,,1.72,1.62,1.63,1.65667,1.65667,,3,3.3333333335772153e-06,,,,,False,LAI,6
UHSB,Pashapur,unlabelled,Ladha 1,,2.0,37.0,,18.111395,77.430901,18.111395,77.430901,0.0,False,010811140025743090,2023-08-15,,2023,1,Soyabean,soybean,,1.62,1.5,1.62,1.58,1.58,,3,0.0,,,,,False,LAI,21
UHSB,Pashapur,unlabelled,Ladha 1,,2.0,37.0,,18.111395,77.430901,18.111395,77.430901,0.0,False,010811140025743090,2023-08-22,,2023,1,Soyabean,soybean,,1.75,1.9,1.56,1.73667,1.73667,,3,3.3333333333551707e-06,,,,,False,LAI,36
UHSB,Pashapur,unlabelled,Ladha 1,,2.0,37.0,,18.111395,77.430901,18.111395,77.430901,0.0,False,010811140025743090,2023-08-29,,2023,1,Soyabean,soybean,,2.23,2.4,2.4,2.34333,2.34333,,3,-3.3333333333551707e-06,,,,,False,LAI,51
UHSB,Pashapur,unlabelled,Ladha 1,,2.0,37.0,,18.111395,77.430901,18.111395,77.430901,0.0,False,010811140025743090,2023-09-02,ddmm_swapped_by_sequence,2023,1,Soyabean,soybean,,2.42,2.68,2.45,2.516667,2.516667,,3,3.33333333379926e-07,,,,,False,LAI,66
UHSB,Pashapur,unlabelled,Ladha 1,,2.0,37.0,,18.111395,77.430901,18.111395,77.430901,0.0,False,010811140025743090,2023-09-09,,2023,1,Soyabean,soybean,,2.52,2.71,2.63,2.62,2.62,,3,0.0,,,,,False,LAI,81
UHSB,Pashapur,unlabelled,Ladha 1,,2.0,37.0,,18.111395,77.430901,18.111395,77.430901,0.0,False,010811140025743090,2023-09-16,,2023,1,Soyabean,soybean,,2.82,2.83,2.83,2.826667,2.826667,,3,3.33333333379926e-07,,,,,False,LAI,96
UHSB,Pashapur,unlabelled,Ladha 1,,2.0,37.0,,18.111395,77.430901,18.111395,77.430901,0.0,False,010811140025743090,2023-09-23,,2023,1,Soyabean,soybean,,3.56,3.4,3.6,3.52,3.52,,3,0.0,,,,,False,LAI,111
UHSB,Pashapur,unlabelled,Ladha 1,,2.0,37.0,,18.111395,77.430901,18.111395,77.430901,0.0,False,010811140025743090,2023-09-30,,2023,1,Soyabean,soybean,,4.3,4.6,4.12,4.34,4.34,,3,0.0,,,,,False,LAI,126
UHSB,Pashapur,unlabelled,Ladha 1,,2.0,37.0,,18.111395,77.430901,18.111395,77.430901,0.0,False,010811140025743090,2023-10-07,ddmm_swapped_by_sequence,2023,2,Soyabean,soybean,,2.9,2.89,2.8,2.863333,2.863333,,3,-3.33333333379926e-07,,,,,False,LAI,141
UHSB,Pashapur,unlabelled,Ladha 1,,2.0,37.0,,18.111395,77.430901,18.111395,77.430901,0.0,False,010811140025743090,2023-10-14,,2023,2,Soyabean,soybean,,2.4,2.45,2.41,2.42,2.42,,3,0.0,,,,,False,LAI,156
UHSB,Pashapur,unlabelled,Ladha 1,,2.0,37.0,,18.111395,77.430901,18.111395,77.430901,0.0,False,010811140025743090,2023-10-21,,2023,2,Soyabean,soybean,,1.8,1.92,2.1,1.94,1.94,,3,-2.220446049250313e-16,,,,,False,LAI,171
UHSB,Pashapur,unlabelled,Ladha 1,,2.0,37.0,,18.111395,77.430901,18.111395,77.430901,0.0,False,010811140025743090,2023-10-28,,2023,2,Tur,pigeon_pea,,1.28,1.3,1.29,1.29,1.29,,3,0.0,,,,,False,LAI,186
UHSB,Pashapur,unlabelled,Ladha 1,,2.0,37.0,,18.111395,77.430901,18.111395,77.430901,0.0,False,010811140025743090,2023-11-04,ddmm_swapped_by_sequence,2023,2,Tur,pigeon_pea,,1.31,1.42,1.4,1.3766666666666667,1.3766666666666667,,3,0.0,,,,,False,LAI,201
UHSB,Pashapur,unlabelled,Ladha 1,,2.0,37.0,,18.111395,77.430901,18.111395,77.430901,0.0,False,010811140025743090,2023-11-11,,2023,2,Tur,pigeon_pea,,1.33,1.41,1.42,1.3866666666666667,1.3866666666666667,,3,0.0,,,,,False,LAI,216
UHSB,Pashapur,unlabelled,Ladha 1,,2.0,37.0,,18.111395,77.430901,18.111395,77.430901,0.0,False,010811140025743090,2023-11-18,,2023,2,Tur,pigeon_pea,,1.2,1.25,1.2,1.2166666666666668,1.2166666666666668,,3,0.0,,,,,False,LAI,231
UHSB,Pashapur,unlabelled,Ladha 1,,2.0,37.0,,18.111395,77.430901,18.111395,77.430901,0.0,False,010811140025743090,2023-11-25,,2023,2,Tur,pigeon_pea,,0.99,0.89,0.82,0.9,0.9,,3,1.1102230246251565e-16,,,,,False,LAI,246
UHSB,Pashapur,unlabelled,Ladha 1,,2.0,37.0,,18.111395,77.430901,18.111395,77.430901,0.0,False,010811140025743090,2023-12-02,ddmm_swapped_by_sequence,2023,2,Tur,pigeon_pea,,0.8,0.78,0.82,0.7999999999999999,0.7999999999999999,,3,0.0,,,,,False,LAI,261
UHSB,Pashapur,unlabelled,Ladha 1,,2.0,37.0,,18.111395,77.430901,18.111395,77.430901,0.0,False,010811140025743090,2023-12-09,ddmm_swapped_by_sequence,2023,2,Tur,pigeon_pea,,0.7,0.7,0.82,0.7399999999999999,0.7399999999999999,,3,0.0,,,,,False,LAI,276
UHSB,Pashapur,unlabelled,Ladha 1,,2.0,37.0,,18.111395,77.430901,18.111395,77.430901,0.0,False,010811140025743090,2023-12-16,,2023,2,Tur,pigeon_pea,,0.65,0.6,0.66,0.6366666666666667,0.6366666666666667,,3,0.0,,,,,False,LAI,291
UHSB,Pashapur,unlabelled,Ladha 1,,2.0,37.0,,18.111395,77.430901,18.111395,77.430901,0.0,False,010811140025743090,2023-12-23,,2023,2,No crop,no_crop,,,,,,,,0,,,,-,,False,LAI,306
UHSB,Pashapur,unlabelled,Ladha 1,,2.0,37.0,,18.111395,77.430901,18.111395,77.430901,0.0,False,010811140025743090,2023-12-30,,2023,2,No crop,no_crop,,,,,,,,0,,,,-,,False,LAI,321
UHSB,Pashapur,unlabelled,Ladha 1,,2.0,37.0,,18.111395,77.430901,18.111395,77.430901,0.0,False,010811140025743090,2024-01-06,ddmm_swapped_by_sequence,2023,2,No crop,no_crop,,,,,,,,0,,,,-,,False,LAI,336
UHSB,Pashapur,unlabelled,Ladha 2,,3.0,78.0,,18.090017,77.450232,18.090017,77.450232,0.0,False,010809002025745023,2023-08-08,,2023,1,Soyabean,soybean,,1.45,1.53,1.53,1.50333,1.50333,,3,-3.333333333133126e-06,,,,,False,LAI,7
UHSB,Pashapur,unlabelled,Ladha 2,,3.0,78.0,,18.090017,77.450232,18.090017,77.450232,0.0,False,010809002025745023,2023-08-15,,2023,1,Soyabean,soybean,,1.35,1.42,1.5,1.42333,1.42333,,3,-3.333333333133126e-06,,,,,False,LAI,22
UHSB,Pashapur,unlabelled,Ladha 2,,3.0,78.0,,18.090017,77.450232,18.090017,77.450232,0.0,False,010809002025745023,2023-08-22,,2023,1,Soyabean,soybean,,1.66,1.63,1.62,1.63667,1.63667,,3,3.3333333333551707e-06,,,,,False,LAI,37
UHSB,Pashapur,unlabelled,Ladha 2,,3.0,78.0,,18.090017,77.450232,18.090017,77.450232,0.0,False,010809002025745023,2023-08-29,,2023,1,Soyabean,soybean,,2.1,2.3,2.1,2.16667,2.16667,,3,3.3333333333551707e-06,,,,,False,LAI,52
UHSB,Pashapur,unlabelled,Ladha 2,,3.0,78.0,,18.090017,77.450232,18.090017,77.450232,0.0,False,010809002025745023,2023-09-02,ddmm_swapped_by_sequence,2023,1,Soyabean,soybean,,2.32,2.42,2.33,2.356667,2.356667,,3,3.333333329358368e-07,,,,,False,LAI,67
UHSB,Pashapur,unlabelled,Ladha 2,,3.0,78.0,,18.090017,77.450232,18.090017,77.450232,0.0,False,010809002025745023,2023-09-09,,2023,1,Soyabean,soybean,,2.62,2.55,2.45,2.54,2.54,,3,0.0,,,,,False,LAI,82
UHSB,Pashapur,unlabelled,Ladha 2,,3.0,78.0,,18.090017,77.450232,18.090017,77.450232,0.0,False,010809002025745023,2023-09-16,,2023,1,Soyabean,soybean,,2.55,2.68,2.66,2.63,2.63,,3,-4.440892098500626e-16,,,,,False,LAI,97
UHSB,Pashapur,unlabelled,Ladha 2,,3.0,78.0,,18.090017,77.450232,18.090017,77.450232,0.0,False,010809002025745023,2023-09-23,,2023,1,Soyabean,soybean,,3.69,4.0,3.85,3.846667,3.846667,,3,3.333333338240152e-07,,,,,False,LAI,112
UHSB,Pashapur,unlabelled,Ladha 2,,3.0,78.0,,18.090017,77.450232,18.090017,77.450232,0.0,False,010809002025745023,2023-09-30,,2023,1,Soyabean,soybean,,4.2,4.5,4.23,4.31,4.31,,3,0.0,,,,,False,LAI,127
UHSB,Pashapur,unlabelled,Ladha 2,,3.0,78.0,,18.090017,77.450232,18.090017,77.450232,0.0,False,010809002025745023,2023-10-07,ddmm_swapped_by_sequence,2023,2,Soyabean,soybean,,2.63,2.3,2.3,2.41,2.41,,3,4.440892098500626e-16,,,,,False,LAI,142
UHSB,Pashapur,unlabelled,Ladha 2,,3.0,78.0,,18.090017,77.450232,18.090017,77.450232,0.0,False,010809002025745023,2023-10-14,,2023,2,Soyabean,soybean,,2.0,2.12,2.2,2.106667,2.106667,,3,3.333333329358368e-07,,,,,False,LAI,157
UHSB,Pashapur,unlabelled,Ladha 2,,3.0,78.0,,18.090017,77.450232,18.090017,77.450232,0.0,False,010809002025745023,2023-10-21,,2023,2,Soyabean,soybean,,1.6,1.9,1.9,1.8,1.8,,3,0.0,,,,,False,LAI,172
UHSB,Pashapur,unlabelled,Ladha 2,,3.0,78.0,,18.090017,77.450232,18.090017,77.450232,0.0,False,010809002025745023,2023-10-28,,2023,2,No crop,no_crop,,,,,,,,0,,,,-,,False,LAI,187
UHSB,Pashapur,unlabelled,Ladha 2,,3.0,78.0,,18.090017,77.450232,18.090017,77.450232,0.0,False,010809002025745023,2023-11-04,ddmm_swapped_by_sequence,2023,2,No crop,no_crop,,,,,,,,0,,,,-,,False,LAI,202
UHSB,Pashapur,unlabelled,Ladha 2,,3.0,78.0,,18.090017,77.450232,18.090017,77.450232,0.0,False,010809002025745023,2023-11-11,,2023,2,No crop,no_crop,,,,,,,,0,,,,-,,False,LAI,217
UHSB,Pashapur,unlabelled,Ladha 2,,3.0,78.0,,18.090017,77.450232,18.090017,77.450232,0.0,False,010809002025745023,2023-11-18,,2023,2,No crop,no_crop,,,,,,,,0,,,,-,,False,LAI,232
UHSB,Pashapur,unlabelled,Ladha 2,,3.0,78.0,,18.090017,77.450232,18.090017,77.450232,0.0,False,010809002025745023,2023-11-25,,2023,2,No crop,no_crop,,,,,,,,0,,,,-,,False,LAI,247
UHSB,Pashapur,unlabelled,Ladha 2,,3.0,78.0,,18.090017,77.450232,18.090017,77.450232,0.0,False,010809002025745023,2023-12-02,ddmm_swapped_by_sequence,2023,2,No crop,no_crop,,,,,,,,0,,,,-,,False,LAI,262
UHSB,Pashapur,unlabelled,Ladha 2,,3.0,78.0,,18.090017,77.450232,18.090017,77.450232,0.0,False,010809002025745023,2023-12-09,ddmm_swapped_by_sequence,2023,2,No crop,no_crop,,,,,,,,0,,,,-,,False,LAI,277
UHSB,Pashapur,unlabelled,Ladha 2,,3.0,78.0,,18.090017,77.450232,18.090017,77.450232,0.0,False,010809002025745023,2023-12-16,,2023,2,No crop,no_crop,,,,,,,,0,,,,-,,False,LAI,292
UHSB,Pashapur,unlabelled,Ladha 2,,3.0,78.0,,18.090017,77.450232,18.090017,77.450232,0.0,False,010809002025745023,2023-12-23,,2023,2,No crop,no_crop,,,,,,,,0,,,,-,,False,LAI,307
UHSB,Pashapur,unlabelled,Ladha 2,,3.0,78.0,,18.090017,77.450232,18.090017,77.450232,0.0,False,010809002025745023,2023-12-30,,2023,2,No crop,no_crop,,,,,,,,0,,,,-,,False,LAI,322
UHSB,Pashapur,unlabelled,Ladha 2,,3.0,78.0,,18.090017,77.450232,18.090017,77.450232,0.0,False,010809002025745023,2024-01-06,ddmm_swapped_by_sequence,2023,2,No crop,no_crop,,,,,,,,0,,,,-,,False,LAI,337
UHSB,Pashapur,unlabelled,Mustapur,,4.0,37.0,,18.102643,77.46111,18.102643,77.46111,0.0,False,010810264025746111,2023-08-08,,2023,1,Soyabean,soybean,,1.72,1.62,1.6,1.64667,1.64667,,3,3.3333333335772153e-06,,,,,False,LAI,8
UHSB,Pashapur,unlabelled,Mustapur,,4.0,37.0,,18.102643,77.46111,18.102643,77.46111,0.0,False,010810264025746111,2023-08-15,,2023,1,Soyabean,soybean,,1.63,1.5,1.5,1.54333,1.54333,,3,-3.333333333133126e-06,,,,,False,LAI,23
UHSB,Pashapur,unlabelled,Mustapur,,4.0,37.0,,18.102643,77.46111,18.102643,77.46111,0.0,False,010810264025746111,2023-08-22,,2023,1,Soyabean,soybean,,1.83,1.53,1.7,1.68667,1.68667,,3,3.333333333133126e-06,,,,,False,LAI,38
UHSB,Pashapur,unlabelled,Mustapur,,4.0,37.0,,18.102643,77.46111,18.102643,77.46111,0.0,False,010810264025746111,2023-08-29,,2023,1,Soyabean,soybean,,2.5,2.6,2.3,2.46667,2.46667,,3,3.33333333379926e-06,,,,,False,LAI,53
UHSB,Pashapur,unlabelled,Mustapur,,4.0,37.0,,18.102643,77.46111,18.102643,77.46111,0.0,False,010810264025746111,2023-09-02,ddmm_swapped_by_sequence,2023,1,Soyabean,soybean,,2.6,2.63,2.45,2.56,2.56,,3,0.0,,,,,False,LAI,68
UHSB,Pashapur,unlabelled,Mustapur,,4.0,37.0,,18.102643,77.46111,18.102643,77.46111,0.0,False,010810264025746111,2023-09-09,,2023,1,Soyabean,soybean,,2.73,2.74,2.66,2.71,2.71,,3,-4.440892098500626e-16,,,,,False,LAI,83
UHSB,Pashapur,unlabelled,Mustapur,,4.0,37.0,,18.102643,77.46111,18.102643,77.46111,0.0,False,010810264025746111,2023-09-16,,2023,1,Soyabean,soybean,,2.63,2.77,2.71,2.703333,2.703333,,3,-3.333333329358368e-07,,,,,False,LAI,98
UHSB,Pashapur,unlabelled,Mustapur,,4.0,37.0,,18.102643,77.46111,18.102643,77.46111,0.0,False,010810264025746111,2023-09-23,,2023,1,Soyabean,soybean,,4.0,4.2,4.0,4.066667,4.066667,,3,3.33333333379926e-07,,,,,False,LAI,113
UHSB,Pashapur,unlabelled,Mustapur,,4.0,37.0,,18.102643,77.46111,18.102643,77.46111,0.0,False,010810264025746111,2023-09-30,,2023,1,Soyabean,soybean,,4.5,4.5,4.25,4.416667,4.416667,,3,3.33333333379926e-07,,,,,False,LAI,128
UHSB,Pashapur,unlabelled,Mustapur,,4.0,37.0,,18.102643,77.46111,18.102643,77.46111,0.0,False,010810264025746111,2023-10-07,ddmm_swapped_by_sequence,2023,2,Soyabean,soybean,,2.53,2.6,2.56,2.563333,2.563333,,3,-3.333333329358368e-07,,,,,False,LAI,143
UHSB,Pashapur,unlabelled,Mustapur,,4.0,37.0,,18.102643,77.46111,18.102643,77.46111,0.0,False,010810264025746111,2023-10-14,,2023,2,Soyabean,soybean,,1.8,2.13,2.36,2.096667,2.096667,,3,3.333333338240152e-07,,,,,False,LAI,158
UHSB,Pashapur,unlabelled,Mustapur,,4.0,37.0,,18.102643,77.46111,18.102643,77.46111,0.0,False,010810264025746111,2023-10-21,,2023,2,Soyabean,soybean,,1.7,1.8,1.95,1.816667,1.816667,,3,3.33333333379926e-07,,,,,False,LAI,173
UHSB,Pashapur,unlabelled,Mustapur,,4.0,37.0,,18.102643,77.46111,18.102643,77.46111,0.0,False,010810264025746111,2023-10-28,,2023,2,Tur,pigeon_pea,,1.5,1.48,1.47,1.4833333333333334,1.4833333333333334,,3,0.0,,,,,False,LAI,188
UHSB,Pashapur,unlabelled,Mustapur,,4.0,37.0,,18.102643,77.46111,18.102643,77.46111,0.0,False,010810264025746111,2023-11-04,ddmm_swapped_by_sequence,2023,2,Tur,pigeon_pea,,1.62,1.51,1.52,1.55,1.55,,3,0.0,,,,,False,LAI,203
UHSB,Pashapur,unlabelled,Mustapur,,4.0,37.0,,18.102643,77.46111,18.102643,77.46111,0.0,False,010810264025746111,2023-11-11,,2023,2,Tur,pigeon_pea,,1.63,1.65,1.55,1.61,1.61,,3,0.0,,,,,False,LAI,218
UHSB,Pashapur,unlabelled,Mustapur,,4.0,37.0,,18.102643,77.46111,18.102643,77.46111,0.0,False,010810264025746111,2023-11-18,,2023,2,Tur,pigeon_pea,,1.65,1.66,1.58,1.63,1.63,,3,0.0,,,,,False,LAI,233
UHSB,Pashapur,unlabelled,Mustapur,,4.0,37.0,,18.102643,77.46111,18.102643,77.46111,0.0,False,010810264025746111,2023-11-25,,2023,2,Tur,pigeon_pea,,1.43,1.45,1.42,1.433333333,1.433333333,,3,-3.33333360913457e-10,,,,,False,LAI,248
UHSB,Pashapur,unlabelled,Mustapur,,4.0,37.0,,18.102643,77.46111,18.102643,77.46111,0.0,False,010810264025746111,2023-12-02,ddmm_swapped_by_sequence,2023,2,Tur,pigeon_pea,,1.42,1.4,1.4,1.4066666666666665,1.4066666666666665,,3,0.0,,,,,False,LAI,263
UHSB,Pashapur,unlabelled,Mustapur,,4.0,37.0,,18.102643,77.46111,18.102643,77.46111,0.0,False,010810264025746111,2023-12-09,ddmm_swapped_by_sequence,2023,2,Tur,pigeon_pea,,1.4,1.2,1.4,1.3333333333333333,1.3333333333333333,,3,0.0,,,,,False,LAI,278
UHSB,Pashapur,unlabelled,Mustapur,,4.0,37.0,,18.102643,77.46111,18.102643,77.46111,0.0,False,010810264025746111,2023-12-16,,2023,2,Tur,pigeon_pea,,1.41,1.3,1.23,1.3133333333333332,1.3133333333333332,,3,0.0,,,,,False,LAI,293
UHSB,Pashapur,unlabelled,Mustapur,,4.0,37.0,,18.102643,77.46111,18.102643,77.46111,0.0,False,010810264025746111,2023-12-23,,2023,2,Tur,pigeon_pea,,1.4,1.3,1.32,1.34,1.34,,3,0.0,,,,,False,LAI,308
UHSB,Pashapur,unlabelled,Mustapur,,4.0,37.0,,18.102643,77.46111,18.102643,77.46111,0.0,False,010810264025746111,2023-12-30,,2023,2,Tur,pigeon_pea,,1.1,1.2,1.1,1.1333333333333333,1.1333333333333333,,3,0.0,,,,,False,LAI,323
UHSB,Pashapur,unlabelled,Mustapur,,4.0,37.0,,18.102643,77.46111,18.102643,77.46111,0.0,False,010810264025746111,2024-01-06,ddmm_swapped_by_sequence,2023,2,No crop,no_crop,,,,,,,,0,,,,-,,False,LAI,338
UHSB,Pashapur,unlabelled,Mustapur,,5.0,26.0,,18.112833,77.459653,18.112833,77.459653,0.0,False,010811283025745965,2023-08-08,,2023,1,Soyabean,soybean,,1.5,1.45,1.4,1.45,1.45,,3,0.0,,,,,False,LAI,9
UHSB,Pashapur,unlabelled,Mustapur,,5.0,26.0,,18.112833,77.459653,18.112833,77.459653,0.0,False,010811283025745965,2023-08-15,,2023,1,Soyabean,soybean,,1.5,1.3,1.3,1.36667,1.36667,,3,3.3333333335772153e-06,,,,,False,LAI,24
UHSB,Pashapur,unlabelled,Mustapur,,5.0,26.0,,18.112833,77.459653,18.112833,77.459653,0.0,False,010811283025745965,2023-08-22,,2023,1,Soyabean,soybean,,1.69,1.43,1.76,1.62667,1.62667,,3,3.3333333333551707e-06,,,,,False,LAI,39
UHSB,Pashapur,unlabelled,Mustapur,,5.0,26.0,,18.112833,77.459653,18.112833,77.459653,0.0,False,010811283025745965,2023-08-29,,2023,1,Soyabean,soybean,,2.3,2.45,2.3,2.35,2.35,,3,0.0,,,,,False,LAI,54
UHSB,Pashapur,unlabelled,Mustapur,,5.0,26.0,,18.112833,77.459653,18.112833,77.459653,0.0,False,010811283025745965,2023-09-02,ddmm_swapped_by_sequence,2023,1,Soyabean,soybean,,2.4,2.53,2.6,2.51,2.51,,3,0.0,,,,,False,LAI,69
UHSB,Pashapur,unlabelled,Mustapur,,5.0,26.0,,18.112833,77.459653,18.112833,77.459653,0.0,False,010811283025745965,2023-09-09,,2023,1,Soyabean,soybean,,2.45,2.45,2.53,2.476667,2.476667,,3,3.33333333379926e-07,,,,,False,LAI,84
UHSB,Pashapur,unlabelled,Mustapur,,5.0,26.0,,18.112833,77.459653,18.112833,77.459653,0.0,False,010811283025745965,2023-09-16,,2023,1,Soyabean,soybean,,2.59,2.68,2.63,2.633333,2.633333,,3,-3.33333333379926e-07,,,,,False,LAI,99
UHSB,Pashapur,unlabelled,Mustapur,,5.0,26.0,,18.112833,77.459653,18.112833,77.459653,0.0,False,010811283025745965,2023-09-23,,2023,1,Soyabean,soybean,,3.69,3.6,3.5,3.596667,3.596667,,3,3.333333338240152e-07,,,,,False,LAI,114
UHSB,Pashapur,unlabelled,Mustapur,,5.0,26.0,,18.112833,77.459653,18.112833,77.459653,0.0,False,010811283025745965,2023-09-30,,2023,1,Soyabean,soybean,,4.23,4.3,4.32,4.283333,4.283333,,3,-3.333333342681044e-07,,,,,False,LAI,129
UHSB,Pashapur,unlabelled,Mustapur,,5.0,26.0,,18.112833,77.459653,18.112833,77.459653,0.0,False,010811283025745965,2023-10-07,ddmm_swapped_by_sequence,2023,2,Soyabean,soybean,,2.63,2.74,2.85,2.74,2.74,,3,0.0,,,,,False,LAI,144
UHSB,Pashapur,unlabelled,Mustapur,,5.0,26.0,,18.112833,77.459653,18.112833,77.459653,0.0,False,010811283025745965,2023-10-14,,2023,2,Soyabean,soybean,,1.8,2.3,2.41,2.17,2.17,,3,0.0,,,,,False,LAI,159
UHSB,Pashapur,unlabelled,Mustapur,,5.0,26.0,,18.112833,77.459653,18.112833,77.459653,0.0,False,010811283025745965,2023-10-21,,2023,2,Soyabean (Harvested),soybean,,,,,,,,0,,,,-,,False,LAI,174
UHSB,Pashapur,unlabelled,Mustapur,,5.0,26.0,,18.112833,77.459653,18.112833,77.459653,0.0,False,010811283025745965,2023-10-28,,2023,2,Tur,pigeon_pea,,1.3,1.32,1.33,1.3166666666666667,1.3166666666666667,,3,0.0,,,,,False,LAI,189
UHSB,Pashapur,unlabelled,Mustapur,,5.0,26.0,,18.112833,77.459653,18.112833,77.459653,0.0,False,010811283025745965,2023-11-04,ddmm_swapped_by_sequence,2023,2,Tur,pigeon_pea,,1.4,1.41,1.42,1.41,1.41,,3,0.0,,,,,False,LAI,204
UHSB,Pashapur,unlabelled,Mustapur,,5.0,26.0,,18.112833,77.459653,18.112833,77.459653,0.0,False,010811283025745965,2023-11-11,,2023,2,Tur,pigeon_pea,,1.42,1.43,1.47,1.4399999999999997,1.4399999999999997,,3,0.0,,,,,False,LAI,219
UHSB,Pashapur,unlabelled,Mustapur,,5.0,26.0,,18.112833,77.459653,18.112833,77.459653,0.0,False,010811283025745965,2023-11-18,,2023,2,Tur,pigeon_pea,,1.43,1.44,1.48,1.45,1.45,,3,0.0,,,,,False,LAI,234
UHSB,Pashapur,unlabelled,Mustapur,,5.0,26.0,,18.112833,77.459653,18.112833,77.459653,0.0,False,010811283025745965,2023-11-25,,2023,2,Tur,pigeon_pea,,1.42,1.5,1.5,1.473333333,1.473333333,,3,-3.33333360913457e-10,,,,,False,LAI,249
UHSB,Pashapur,unlabelled,Mustapur,,5.0,26.0,,18.112833,77.459653,18.112833,77.459653,0.0,False,010811283025745965,2023-12-02,ddmm_swapped_by_sequence,2023,2,Tur,pigeon_pea,,1.42,1.45,1.49,1.4533333333333334,1.4533333333333334,,3,0.0,,,,,False,LAI,264
UHSB,Pashapur,unlabelled,Mustapur,,5.0,26.0,,18.112833,77.459653,18.112833,77.459653,0.0,False,010811283025745965,2023-12-09,ddmm_swapped_by_sequence,2023,2,Tur,pigeon_pea,,1.3,1.4,1.49,1.3966666666666667,1.3966666666666667,,3,0.0,,,,,False,LAI,279
UHSB,Pashapur,unlabelled,Mustapur,,5.0,26.0,,18.112833,77.459653,18.112833,77.459653,0.0,False,010811283025745965,2023-12-16,,2023,2,Tur,pigeon_pea,,1.29,1.23,1.26,1.26,1.26,,3,0.0,,,,,False,LAI,294
UHSB,Pashapur,unlabelled,Mustapur,,5.0,26.0,,18.112833,77.459653,18.112833,77.459653,0.0,False,010811283025745965,2023-12-23,,2023,2,Tur,pigeon_pea,,1.28,1.3,1.1,1.2266666666666668,1.2266666666666668,,3,0.0,,,,,False,LAI,309
UHSB,Pashapur,unlabelled,Mustapur,,5.0,26.0,,18.112833,77.459653,18.112833,77.459653,0.0,False,010811283025745965,2023-12-30,,2023,2,Tur,pigeon_pea,,1.1,1.12,0.9,1.04,1.04,,3,0.0,,,,,False,LAI,324
UHSB,Pashapur,unlabelled,Mustapur,,5.0,26.0,,18.112833,77.459653,18.112833,77.459653,0.0,False,010811283025745965,2024-01-06,ddmm_swapped_by_sequence,2023,2,No crop,no_crop,,,,,,,,0,,,,-,,False,LAI,339
UHSB,Pashapur,unlabelled,Ladha 2,,6.0,53.0,,18.085776,77.456589,18.085776,77.456589,0.0,False,010808578025745659,2023-08-08,,2023,1,Soyabean,soybean,,1.6,1.71,1.3,1.53667,1.53667,,3,3.333333333133126e-06,,,,,False,LAI,10
UHSB,Pashapur,unlabelled,Ladha 2,,6.0,53.0,,18.085776,77.456589,18.085776,77.456589,0.0,False,010808578025745659,2023-08-15,,2023,1,Soyabean,soybean,,1.42,1.65,1.3,1.45667,1.45667,,3,3.333333333133126e-06,,,,,False,LAI,25
UHSB,Pashapur,unlabelled,Ladha 2,,6.0,53.0,,18.085776,77.456589,18.085776,77.456589,0.0,False,010808578025745659,2023-08-22,,2023,1,Soyabean,soybean,,1.59,1.85,1.85,1.76333,1.76333,,3,-3.3333333335772153e-06,,,,,False,LAI,40
UHSB,Pashapur,unlabelled,Ladha 2,,6.0,53.0,,18.085776,77.456589,18.085776,77.456589,0.0,False,010808578025745659,2023-08-29,,2023,1,Soyabean,soybean,,2.16,2.3,2.1,2.18667,2.18667,,3,3.3333333329110815e-06,,,,,False,LAI,55
UHSB,Pashapur,unlabelled,Ladha 2,,6.0,53.0,,18.085776,77.456589,18.085776,77.456589,0.0,False,010808578025745659,2023-09-02,ddmm_swapped_by_sequence,2023,1,Soyabean,soybean,,2.2,2.58,2.53,2.436667,2.436667,,3,3.333333329358368e-07,,,,,False,LAI,70
UHSB,Pashapur,unlabelled,Ladha 2,,6.0,53.0,,18.085776,77.456589,18.085776,77.456589,0.0,False,010808578025745659,2023-09-09,,2023,1,Soyabean,soybean,,2.35,2.33,2.69,2.456667,2.456667,,3,3.33333333379926e-07,,,,,False,LAI,85
UHSB,Pashapur,unlabelled,Ladha 2,,6.0,53.0,,18.085776,77.456589,18.085776,77.456589,0.0,False,010808578025745659,2023-09-16,,2023,1,Soyabean,soybean,,2.75,2.78,2.71,2.746667,2.746667,,3,3.333333338240152e-07,,,,,False,LAI,100
UHSB,Pashapur,unlabelled,Ladha 2,,6.0,53.0,,18.085776,77.456589,18.085776,77.456589,0.0,False,010808578025745659,2023-09-23,,2023,1,Soyabean,soybean,,3.6,3.8,3.56,3.653333,3.653333,,3,-3.333333338240152e-07,,,,,False,LAI,115
UHSB,Pashapur,unlabelled,Ladha 2,,6.0,53.0,,18.085776,77.456589,18.085776,77.456589,0.0,False,010808578025745659,2023-09-30,,2023,1,Soyabean,soybean,,4.5,4.3,4.23,4.343333,4.343333,,3,-3.33333333379926e-07,,,,,False,LAI,130
UHSB,Pashapur,unlabelled,Ladha 2,,6.0,53.0,,18.085776,77.456589,18.085776,77.456589,0.0,False,010808578025745659,2023-10-07,ddmm_swapped_by_sequence,2023,2,Soyabean,soybean,,2.6,2.8,2.89,2.763333,2.763333,,3,-3.333333338240152e-07,,,,,False,LAI,145
UHSB,Pashapur,unlabelled,Ladha 2,,6.0,53.0,,18.085776,77.456589,18.085776,77.456589,0.0,False,010808578025745659,2023-10-14,,2023,2,Soyabean,soybean,,1.95,2.1,2.63,2.226667,2.226667,,3,3.33333333379926e-07,,,,,False,LAI,160
UHSB,Pashapur,unlabelled,Ladha 2,,6.0,53.0,,18.085776,77.456589,18.085776,77.456589,0.0,False,010808578025745659,2023-10-21,,2023,2,Soyabean (Harvested),soybean,,,,,,,,0,,,,-,,False,LAI,175
UHSB,Pashapur,unlabelled,Ladha 2,,6.0,53.0,,18.085776,77.456589,18.085776,77.456589,0.0,False,010808578025745659,2023-10-28,,2023,2,Tur,pigeon_pea,,1.4,1.42,1.41,1.41,1.41,,3,0.0,,,,,False,LAI,190
UHSB,Pashapur,unlabelled,Ladha 2,,6.0,53.0,,18.085776,77.456589,18.085776,77.456589,0.0,False,010808578025745659,2023-11-04,ddmm_swapped_by_sequence,2023,2,Tur,pigeon_pea,,1.5,1.51,1.53,1.5133333333333334,1.5133333333333334,,3,0.0,,,,,False,LAI,205
UHSB,Pashapur,unlabelled,Ladha 2,,6.0,53.0,,18.085776,77.456589,18.085776,77.456589,0.0,False,010808578025745659,2023-11-11,,2023,2,Tur,pigeon_pea,,1.53,1.52,1.55,1.5333333333333332,1.5333333333333332,,3,0.0,,,,,False,LAI,220
UHSB,Pashapur,unlabelled,Ladha 2,,6.0,53.0,,18.085776,77.456589,18.085776,77.456589,0.0,False,010808578025745659,2023-11-18,,2023,2,Tur,pigeon_pea,,1.53,1.56,1.57,1.5533333333333335,1.5533333333333335,,3,0.0,,,,,False,LAI,235
UHSB,Pashapur,unlabelled,Ladha 2,,6.0,53.0,,18.085776,77.456589,18.085776,77.456589,0.0,False,010808578025745659,2023-11-25,,2023,2,Tur,pigeon_pea,,1.72,1.71,1.72,1.716666667,1.716666667,,3,3.33333360913457e-10,,,,,False,LAI,250
UHSB,Pashapur,unlabelled,Ladha 2,,6.0,53.0,,18.085776,77.456589,18.085776,77.456589,0.0,False,010808578025745659,2023-12-02,ddmm_swapped_by_sequence,2023,2,Tur,pigeon_pea,,1.7,1.71,1.72,1.71,1.71,,3,0.0,,,,,False,LAI,265
UHSB,Pashapur,unlabelled,Ladha 2,,6.0,53.0,,18.085776,77.456589,18.085776,77.456589,0.0,False,010808578025745659,2023-12-09,ddmm_swapped_by_sequence,2023,2,Tur,pigeon_pea,,1.5,1.5,1.72,1.5733333333333333,1.5733333333333333,,3,0.0,,,,,False,LAI,280
UHSB,Pashapur,unlabelled,Ladha 2,,6.0,53.0,,18.085776,77.456589,18.085776,77.456589,0.0,False,010808578025745659,2023-12-16,,2023,2,Tur,pigeon_pea,,1.47,1.41,1.45,1.4433333333333334,1.4433333333333334,,3,0.0,,,,,False,LAI,295
UHSB,Pashapur,unlabelled,Ladha 2,,6.0,53.0,,18.085776,77.456589,18.085776,77.456589,0.0,False,010808578025745659,2023-12-23,,2023,2,Tur,pigeon_pea,,1.3,1.23,1.3,1.2766666666666666,1.2766666666666666,,3,0.0,,,,,False,LAI,310
UHSB,Pashapur,unlabelled,Ladha 2,,6.0,53.0,,18.085776,77.456589,18.085776,77.456589,0.0,False,010808578025745659,2023-12-30,,2023,2,Tur,pigeon_pea,,1.1,1.12,1.2,1.14,1.14,,3,0.0,,,,,False,LAI,325
UHSB,Pashapur,unlabelled,Ladha 2,,6.0,53.0,,18.085776,77.456589,18.085776,77.456589,0.0,False,010808578025745659,2024-01-06,ddmm_swapped_by_sequence,2023,2,No crop,no_crop,,,,,,,,0,,,,-,,False,LAI,340
UHSB,Pashapur,unlabelled,Ladha 1,,7.0,42.0,,18.124582,77.4393,18.124582,77.4393,0.0,False,010812458025743930,2023-08-08,,2023,1,No crop,no_crop,,,,,,,,0,,,,-,,False,LAI,11
UHSB,Pashapur,unlabelled,Ladha 1,,7.0,42.0,,18.124582,77.4393,18.124582,77.4393,0.0,False,010812458025743930,2023-08-15,,2023,1,No crop,no_crop,,,,,,,,0,,,,-,,False,LAI,26
UHSB,Pashapur,unlabelled,Ladha 1,,7.0,42.0,,18.124582,77.4393,18.124582,77.4393,0.0,False,010812458025743930,2023-08-22,,2023,1,No crop,no_crop,,,,,,,,0,,,,-,,False,LAI,41
UHSB,Pashapur,unlabelled,Ladha 1,,7.0,42.0,,18.124582,77.4393,18.124582,77.4393,0.0,False,010812458025743930,2023-08-29,,2023,1,No crop,no_crop,,,,,,,,0,,,,-,,False,LAI,56
UHSB,Pashapur,unlabelled,Ladha 1,,7.0,42.0,,18.124582,77.4393,18.124582,77.4393,0.0,False,010812458025743930,2023-09-02,ddmm_swapped_by_sequence,2023,1,No crop,no_crop,,,,,,,,0,,,,-,,False,LAI,71
UHSB,Pashapur,unlabelled,Ladha 1,,7.0,42.0,,18.124582,77.4393,18.124582,77.4393,0.0,False,010812458025743930,2023-09-09,,2023,1,No crop,no_crop,,,,,,,,0,,,,-,,False,LAI,86
UHSB,Pashapur,unlabelled,Ladha 1,,7.0,42.0,,18.124582,77.4393,18.124582,77.4393,0.0,False,010812458025743930,2023-09-16,,2023,1,No crop,no_crop,,,,,,,,0,,,,-,,False,LAI,101
UHSB,Pashapur,unlabelled,Ladha 1,,7.0,42.0,,18.124582,77.4393,18.124582,77.4393,0.0,False,010812458025743930,2023-09-23,,2023,1,No crop,no_crop,,,,,,,,0,,,,-,,False,LAI,116
UHSB,Pashapur,unlabelled,Ladha 1,,7.0,42.0,,18.124582,77.4393,18.124582,77.4393,0.0,False,010812458025743930,2023-09-30,,2023,1,No crop,no_crop,,,,,,,,0,,,,-,,False,LAI,131
UHSB,Pashapur,unlabelled,Ladha 1,,7.0,42.0,,18.124582,77.4393,18.124582,77.4393,0.0,False,010812458025743930,2023-10-07,ddmm_swapped_by_sequence,2023,2,No crop,no_crop,,,,,,,,0,,,,-,,False,LAI,146
UHSB,Pashapur,unlabelled,Ladha 1,,7.0,42.0,,18.124582,77.4393,18.124582,77.4393,0.0,False,010812458025743930,2023-10-14,,2023,2,No crop,no_crop,,,,,,,,0,,,,-,,False,LAI,161
UHSB,Pashapur,unlabelled,Ladha 1,,7.0,42.0,,18.124582,77.4393,18.124582,77.4393,0.0,False,010812458025743930,2023-10-21,,2023,2,No crop,no_crop,,,,,,,,0,,,,-,,False,LAI,176
UHSB,Pashapur,unlabelled,Ladha 1,,7.0,42.0,,18.124582,77.4393,18.124582,77.4393,0.0,False,010812458025743930,2023-10-28,,2023,2,No crop,no_crop,,,,,,,,0,,,,-,,False,LAI,191
UHSB,Pashapur,unlabelled,Ladha 1,,7.0,42.0,,18.124582,77.4393,18.124582,77.4393,0.0,False,010812458025743930,2023-11-04,ddmm_swapped_by_sequence,2023,2,No crop,no_crop,,,,,,,,0,,,,-,,False,LAI,206
UHSB,Pashapur,unlabelled,Ladha 1,,7.0,42.0,,18.124582,77.4393,18.124582,77.4393,0.0,False,010812458025743930,2023-11-11,,2023,2,No crop,no_crop,,,,,,,,0,,,,-,,False,LAI,221
UHSB,Pashapur,unlabelled,Ladha 1,,7.0,42.0,,18.124582,77.4393,18.124582,77.4393,0.0,False,010812458025743930,2023-11-18,,2023,2,No crop,no_crop,,,,,,,,0,,,,-,,False,LAI,236
UHSB,Pashapur,unlabelled,Ladha 1,,7.0,42.0,,18.124582,77.4393,18.124582,77.4393,0.0,False,010812458025743930,2023-11-25,,2023,2,No crop,no_crop,,,,,,,,0,,,,-,,False,LAI,251
UHSB,Pashapur,unlabelled,Ladha 1,,7.0,42.0,,18.124582,77.4393,18.124582,77.4393,0.0,False,010812458025743930,2023-12-02,ddmm_swapped_by_sequence,2023,2,No crop,no_crop,,,,,,,,0,,,,-,,False,LAI,266
UHSB,Pashapur,unlabelled,Ladha 1,,7.0,42.0,,18.124582,77.4393,18.124582,77.4393,0.0,False,010812458025743930,2023-12-09,ddmm_swapped_by_sequence,2023,2,No crop,no_crop,,,,,,,,0,,,,-,,False,LAI,281
UHSB,Pashapur,unlabelled,Ladha 1,,7.0,42.0,,18.124582,77.4393,18.124582,77.4393,0.0,False,010812458025743930,2023-12-16,,2023,2,No crop,no_crop,,,,,,,,0,,,,-,,False,LAI,296
UHSB,Pashapur,unlabelled,Ladha 1,,7.0,42.0,,18.124582,77.4393,18.124582,77.4393,0.0,False,010812458025743930,2023-12-23,,2023,2,No crop,no_crop,,,,,,,,0,,,,-,,False,LAI,311
UHSB,Pashapur,unlabelled,Ladha 1,,7.0,42.0,,18.124582,77.4393,18.124582,77.4393,0.0,False,010812458025743930,2023-12-30,,2023,2,No crop,no_crop,,,,,,,,0,,,,-,,False,LAI,326
UHSB,Pashapur,unlabelled,Ladha 1,,7.0,42.0,,18.124582,77.4393,18.124582,77.4393,0.0,False,010812458025743930,2024-01-06,ddmm_swapped_by_sequence,2023,2,No crop,no_crop,,,,,,,,0,,,,-,,False,LAI,341
UHSB,Pashapur,unlabelled,Ladha 1,,8.0,43.0,,18.119301,77.436416,18.119301,77.436416,0.0,False,010811930025743642,2023-08-08,,2023,1,No crop,no_crop,,,,,,,,0,,,,-,,False,LAI,12
UHSB,Pashapur,unlabelled,Ladha 1,,8.0,43.0,,18.119301,77.436416,18.119301,77.436416,0.0,False,010811930025743642,2023-08-15,,2023,1,No crop,no_crop,,,,,,,,0,,,,-,,False,LAI,27
UHSB,Pashapur,unlabelled,Ladha 1,,8.0,43.0,,18.119301,77.436416,18.119301,77.436416,0.0,False,010811930025743642,2023-08-22,,2023,1,No crop,no_crop,,,,,,,,0,,,,-,,False,LAI,42
UHSB,Pashapur,unlabelled,Ladha 1,,8.0,43.0,,18.119301,77.436416,18.119301,77.436416,0.0,False,010811930025743642,2023-08-29,,2023,1,No crop,no_crop,,,,,,,,0,,,,-,,False,LAI,57
UHSB,Pashapur,unlabelled,Ladha 1,,8.0,43.0,,18.119301,77.436416,18.119301,77.436416,0.0,False,010811930025743642,2023-09-02,ddmm_swapped_by_sequence,2023,1,No crop,no_crop,,,,,,,,0,,,,-,,False,LAI,72
UHSB,Pashapur,unlabelled,Ladha 1,,8.0,43.0,,18.119301,77.436416,18.119301,77.436416,0.0,False,010811930025743642,2023-09-09,,2023,1,No crop,no_crop,,,,,,,,0,,,,-,,False,LAI,87
UHSB,Pashapur,unlabelled,Ladha 1,,8.0,43.0,,18.119301,77.436416,18.119301,77.436416,0.0,False,010811930025743642,2023-09-16,,2023,1,No crop,no_crop,,,,,,,,0,,,,-,,False,LAI,102
UHSB,Pashapur,unlabelled,Ladha 1,,8.0,43.0,,18.119301,77.436416,18.119301,77.436416,0.0,False,010811930025743642,2023-09-23,,2023,1,No crop,no_crop,,,,,,,,0,,,,-,,False,LAI,117
UHSB,Pashapur,unlabelled,Ladha 1,,8.0,43.0,,18.119301,77.436416,18.119301,77.436416,0.0,False,010811930025743642,2023-09-30,,2023,1,No crop,no_crop,,,,,,,,0,,,,-,,False,LAI,132
UHSB,Pashapur,unlabelled,Ladha 1,,8.0,43.0,,18.119301,77.436416,18.119301,77.436416,0.0,False,010811930025743642,2023-10-07,ddmm_swapped_by_sequence,2023,2,No crop,no_crop,,,,,,,,0,,,,-,,False,LAI,147
UHSB,Pashapur,unlabelled,Ladha 1,,8.0,43.0,,18.119301,77.436416,18.119301,77.436416,0.0,False,010811930025743642,2023-10-14,,2023,2,No crop,no_crop,,,,,,,,0,,,,-,,False,LAI,162
UHSB,Pashapur,unlabelled,Ladha 1,,8.0,43.0,,18.119301,77.436416,18.119301,77.436416,0.0,False,010811930025743642,2023-10-21,,2023,2,No crop,no_crop,,,,,,,,0,,,,-,,False,LAI,177
UHSB,Pashapur,unlabelled,Ladha 1,,8.0,43.0,,18.119301,77.436416,18.119301,77.436416,0.0,False,010811930025743642,2023-10-28,,2023,2,No crop,no_crop,,,,,,,,0,,,,-,,False,LAI,192
UHSB,Pashapur,unlabelled,Ladha 1,,8.0,43.0,,18.119301,77.436416,18.119301,77.436416,0.0,False,010811930025743642,2023-11-04,ddmm_swapped_by_sequence,2023,2,No crop,no_crop,,,,,,,,0,,,,-,,False,LAI,207
UHSB,Pashapur,unlabelled,Ladha 1,,8.0,43.0,,18.119301,77.436416,18.119301,77.436416,0.0,False,010811930025743642,2023-11-11,,2023,2,No crop,no_crop,,,,,,,,0,,,,-,,False,LAI,222
UHSB,Pashapur,unlabelled,Ladha 1,,8.0,43.0,,18.119301,77.436416,18.119301,77.436416,0.0,False,010811930025743642,2023-11-18,,2023,2,No crop,no_crop,,,,,,,,0,,,,-,,False,LAI,237
UHSB,Pashapur,unlabelled,Ladha 1,,8.0,43.0,,18.119301,77.436416,18.119301,77.436416,0.0,False,010811930025743642,2023-11-25,,2023,2,No crop,no_crop,,,,,,,,0,,,,-,,False,LAI,252
UHSB,Pashapur,unlabelled,Ladha 1,,8.0,43.0,,18.119301,77.436416,18.119301,77.436416,0.0,False,010811930025743642,2023-12-02,ddmm_swapped_by_sequence,2023,2,No crop,no_crop,,,,,,,,0,,,,-,,False,LAI,267
UHSB,Pashapur,unlabelled,Ladha 1,,8.0,43.0,,18.119301,77.436416,18.119301,77.436416,0.0,False,010811930025743642,2023-12-09,ddmm_swapped_by_sequence,2023,2,No crop,no_crop,,,,,,,,0,,,,-,,False,LAI,282
UHSB,Pashapur,unlabelled,Ladha 1,,8.0,43.0,,18.119301,77.436416,18.119301,77.436416,0.0,False,010811930025743642,2023-12-16,,2023,2,No crop,no_crop,,,,,,,,0,,,,-,,False,LAI,297
UHSB,Pashapur,unlabelled,Ladha 1,,8.0,43.0,,18.119301,77.436416,18.119301,77.436416,0.0,False,010811930025743642,2023-12-23,,2023,2,No crop,no_crop,,,,,,,,0,,,,-,,False,LAI,312
UHSB,Pashapur,unlabelled,Ladha 1,,8.0,43.0,,18.119301,77.436416,18.119301,77.436416,0.0,False,010811930025743642,2023-12-30,,2023,2,No crop,no_crop,,,,,,,,0,,,,-,,False,LAI,327
UHSB,Pashapur,unlabelled,Ladha 1,,8.0,43.0,,18.119301,77.436416,18.119301,77.436416,0.0,False,010811930025743642,2024-01-06,ddmm_swapped_by_sequence,2023,2,No crop,no_crop,,,,,,,,0,,,,-,,False,LAI,342
UHSB,Pashapur,unlabelled,Mustapur,,9.0,18.0,,18.108699,77.453272,18.108699,77.453272,0.0,False,010810870025745327,2023-08-08,,2023,1,Soyabean,soybean,,1.7,1.63,1.6,1.64333,1.64333,,3,-3.3333333333551707e-06,,,,,False,LAI,13
UHSB,Pashapur,unlabelled,Mustapur,,9.0,18.0,,18.108699,77.453272,18.108699,77.453272,0.0,False,010810870025745327,2023-08-15,,2023,1,Soyabean,soybean,,1.65,1.53,1.6,1.59333,1.59333,,3,-3.333333333133126e-06,,,,,False,LAI,28
UHSB,Pashapur,unlabelled,Mustapur,,9.0,18.0,,18.108699,77.453272,18.108699,77.453272,0.0,False,010810870025745327,2023-08-22,,2023,1,Soyabean,soybean,,1.82,1.63,1.8,1.75,1.75,,3,0.0,,,,,False,LAI,43
UHSB,Pashapur,unlabelled,Mustapur,,9.0,18.0,,18.108699,77.453272,18.108699,77.453272,0.0,False,010810870025745327,2023-08-29,,2023,1,Soyabean,soybean,,2.3,2.5,2.1,2.3,2.3,,3,-4.440892098500626e-16,,,,,False,LAI,58
UHSB,Pashapur,unlabelled,Mustapur,,9.0,18.0,,18.108699,77.453272,18.108699,77.453272,0.0,False,010810870025745327,2023-09-02,ddmm_swapped_by_sequence,2023,1,Soyabean,soybean,,2.53,2.63,2.12,2.426667,2.426667,,3,3.33333333379926e-07,,,,,False,LAI,73
UHSB,Pashapur,unlabelled,Mustapur,,9.0,18.0,,18.108699,77.453272,18.108699,77.453272,0.0,False,010810870025745327,2023-09-09,,2023,1,Soyabean,soybean,,2.63,2.71,2.2,2.513333,2.513333,,3,-3.33333333379926e-07,,,,,False,LAI,88
UHSB,Pashapur,unlabelled,Mustapur,,9.0,18.0,,18.108699,77.453272,18.108699,77.453272,0.0,False,010810870025745327,2023-09-16,,2023,1,Soyabean,soybean,,2.66,2.99,2.39,2.68,2.68,,3,0.0,,,,,False,LAI,103
UHSB,Pashapur,unlabelled,Mustapur,,9.0,18.0,,18.108699,77.453272,18.108699,77.453272,0.0,False,010810870025745327,2023-09-23,,2023,1,Soyabean,soybean,,3.8,3.79,3.5,3.696667,3.696667,,3,3.33333333379926e-07,,,,,False,LAI,118
UHSB,Pashapur,unlabelled,Mustapur,,9.0,18.0,,18.108699,77.453272,18.108699,77.453272,0.0,False,010810870025745327,2023-09-30,,2023,1,Soyabean,soybean,,4.3,4.2,4.1,4.2,4.2,,3,0.0,,,,,False,LAI,133
UHSB,Pashapur,unlabelled,Mustapur,,9.0,18.0,,18.108699,77.453272,18.108699,77.453272,0.0,False,010810870025745327,2023-10-07,ddmm_swapped_by_sequence,2023,2,Soyabean,soybean,,2.9,2.93,2.63,2.82,2.82,,3,-4.440892098500626e-16,,,,,False,LAI,148
UHSB,Pashapur,unlabelled,Mustapur,,9.0,18.0,,18.108699,77.453272,18.108699,77.453272,0.0,False,010810870025745327,2023-10-14,,2023,2,Soyabean,soybean,,2.0,2.3,2.41,2.236667,2.236667,,3,3.33333333379926e-07,,,,,False,LAI,163
UHSB,Pashapur,unlabelled,Mustapur,,9.0,18.0,,18.108699,77.453272,18.108699,77.453272,0.0,False,010810870025745327,2023-10-21,,2023,2,Soyabean (Harvested),soybean,,,,,,,,0,,,,-,,False,LAI,178
UHSB,Pashapur,unlabelled,Mustapur,,9.0,18.0,,18.108699,77.453272,18.108699,77.453272,0.0,False,010810870025745327,2023-10-28,,2023,2,Tur,pigeon_pea,,1.4,1.45,1.49,1.4466666666666665,1.4466666666666665,,3,0.0,,,,,False,LAI,193
UHSB,Pashapur,unlabelled,Mustapur,,9.0,18.0,,18.108699,77.453272,18.108699,77.453272,0.0,False,010810870025745327,2023-11-04,ddmm_swapped_by_sequence,2023,2,Tur,pigeon_pea,,1.51,1.5,1.49,1.5,1.5,,3,0.0,,,,,False,LAI,208
UHSB,Pashapur,unlabelled,Mustapur,,9.0,18.0,,18.108699,77.453272,18.108699,77.453272,0.0,False,010810870025745327,2023-11-11,,2023,2,Tur,pigeon_pea,,1.52,1.51,1.5,1.51,1.51,,3,0.0,,,,,False,LAI,223
UHSB,Pashapur,unlabelled,Mustapur,,9.0,18.0,,18.108699,77.453272,18.108699,77.453272,0.0,False,010810870025745327,2023-11-18,,2023,2,Tur,pigeon_pea,,1.55,1.53,1.55,1.5433333333333332,1.5433333333333332,,3,0.0,,,,,False,LAI,238
UHSB,Pashapur,unlabelled,Mustapur,,9.0,18.0,,18.108699,77.453272,18.108699,77.453272,0.0,False,010810870025745327,2023-11-25,,2023,2,Tur,pigeon_pea,,1.9,1.8,1.84,1.846666667,1.846666667,,3,3.33333360913457e-10,,,,,False,LAI,253
UHSB,Pashapur,unlabelled,Mustapur,,9.0,18.0,,18.108699,77.453272,18.108699,77.453272,0.0,False,010810870025745327,2023-12-02,ddmm_swapped_by_sequence,2023,2,Tur,pigeon_pea,,1.9,1.89,1.9,1.8966666666666665,1.8966666666666665,,3,0.0,,,,,False,LAI,268
UHSB,Pashapur,unlabelled,Mustapur,,9.0,18.0,,18.108699,77.453272,18.108699,77.453272,0.0,False,010810870025745327,2023-12-09,ddmm_swapped_by_sequence,2023,2,Tur,pigeon_pea,,1.7,1.8,1.9,1.8,1.8,,3,0.0,,,,,False,LAI,283
UHSB,Pashapur,unlabelled,Mustapur,,9.0,18.0,,18.108699,77.453272,18.108699,77.453272,0.0,False,010810870025745327,2023-12-16,,2023,2,Tur,pigeon_pea,,1.61,1.51,1.5,1.54,1.54,,3,0.0,,,,,False,LAI,298
UHSB,Pashapur,unlabelled,Mustapur,,9.0,18.0,,18.108699,77.453272,18.108699,77.453272,0.0,False,010810870025745327,2023-12-23,,2023,2,Tur,pigeon_pea,,1.2,1.1,1.2,1.1666666666666667,1.1666666666666667,,3,0.0,,,,,False,LAI,313
UHSB,Pashapur,unlabelled,Mustapur,,9.0,18.0,,18.108699,77.453272,18.108699,77.453272,0.0,False,010810870025745327,2023-12-30,,2023,2,No crop,no_crop,,,,,,,,0,,,,-,,False,LAI,328
UHSB,Pashapur,unlabelled,Mustapur,,9.0,18.0,,18.108699,77.453272,18.108699,77.453272,0.0,False,010810870025745327,2024-01-06,ddmm_swapped_by_sequence,2023,2,No crop,no_crop,,,,,,,,0,,,,-,,False,LAI,343
