institution,sws_name,sws_role,mws_name,probe_or_survey_no,date,date_flag,lat_site,lon_site,crop,Year,Season,moisture_pct,n_layers,ec_ds_m,pixel_id_site_median
UAHS,Begur SWS,unlabelled,LP2,820.0,2023-05-11,ddmm_kept_by_sequence,14.291116,75.412237,maize,2023.0,3.0,9.783333333333333,3,1.4666666666666668,010429112025541224
UAHS,Begur SWS,unlabelled,LP2,820.0,2023-11-30,,14.291116,75.412237,maize,2023.0,2.0,18.59,3,2.4966666666666666,010429112025541224
UAHS,Begur SWS,unlabelled,LP2,820.0,2023-12-18,,14.291116,75.412237,maize,2023.0,2.0,8.15,3,1.3333333333333333,010429112025541224
UAHS,Begur SWS,unlabelled,LP2,820.0,2023-12-28,,14.291116,75.412237,maize,2023.0,2.0,7.75,3,1.54,010429112025541224
UAHS,Begur SWS,unlabelled,LP2,820.0,2024-01-20,,14.291116,75.412237,maize,2023.0,2.0,5.713333333333334,3,1.3766666666666667,010429112025541224
UAHS,Begur SWS,unlabelled,LP3,118.0,2023-05-11,ddmm_kept_by_sequence,14.292289,75.417048,maize,2023.0,3.0,12.706666666666669,3,1.0733333333333333,010429229025541705
UAHS,Begur SWS,unlabelled,MP1,48.0,2023-05-11,ddmm_kept_by_sequence,14.26068,75.423193,maize,2023.0,3.0,4.739999999999999,3,1.1833333333333333,010426068025542319
UAHS,Begur SWS,unlabelled,MP1,48.0,2023-11-30,,14.26068,75.423193,maize,2023.0,2.0,19.10666666666667,3,2.5033333333333334,010426068025542319
UAHS,Begur SWS,unlabelled,MP1,48.0,2023-12-18,,14.26068,75.423193,maize,2023.0,2.0,13.866666666666667,3,2.5566666666666666,010426068025542319
UAHS,Begur SWS,unlabelled,MP1,48.0,2023-12-28,,14.26068,75.423193,maize,2023.0,2.0,9.703333333333333,3,1.2966666666666666,010426068025542319
UAHS,Begur SWS,unlabelled,MP1,48.0,2024-01-20,,14.26068,75.423193,maize,2023.0,2.0,10.643333333333333,3,1.3666666666666665,010426068025542319
UAHS,Begur SWS,unlabelled,MP2,141.0,2023-05-11,ddmm_kept_by_sequence,14.263318,75.463906,maize,2023.0,3.0,5.7,3,1.2666666666666666,010426332025546391
UAHS,Begur SWS,unlabelled,MP2,141.0,2023-11-30,,14.263318,75.463906,maize,2023.0,2.0,21.456666666666667,3,2.04,010426332025546391
UAHS,Begur SWS,unlabelled,MP2,141.0,2023-12-18,,14.263318,75.463906,maize,2023.0,2.0,12.700000000000001,3,1.6266666666666667,010426332025546391
UAHS,Begur SWS,unlabelled,MP2,141.0,2023-12-28,,14.263318,75.463906,maize,2023.0,2.0,10.615,2,1.4449999999999998,010426332025546391
UAHS,Begur SWS,unlabelled,MP2,141.0,2024-01-20,,14.263318,75.463906,maize,2023.0,2.0,9.706666666666667,3,1.5366666666666664,010426332025546391
UAHS,Begur SWS,unlabelled,MP3,850.0,2023-05-11,ddmm_kept_by_sequence,14.277867,75.40842,maize,2023.0,3.0,9.49,3,1.0999999999999999,010427787025540842
UAHS,Begur SWS,unlabelled,MP3,850.0,2023-11-30,,14.277867,75.40842,unknown,2023.0,2.0,19.343333333333334,3,1.8166666666666664,010427787025540842
UAHS,Begur SWS,unlabelled,MP3,850.0,2023-12-18,,14.277867,75.40842,maize,2023.0,2.0,12.67,3,1.7400000000000002,010427787025540842
UAHS,Begur SWS,unlabelled,MP3,850.0,2023-12-28,,14.277867,75.40842,unknown,2023.0,2.0,11.33,3,1.8,010427787025540842
UAHS,Begur SWS,unlabelled,MP3,850.0,2024-01-20,,14.277867,75.40842,unknown,2023.0,2.0,12.756666666666668,3,2.34,010427787025540842
UAHS,Begur SWS,unlabelled,UP1,76.0,2023-05-11,ddmm_kept_by_sequence,14.274853,75.48665,maize,2023.0,3.0,13.873333333333333,3,1.7,010427485025548665
UAHS,Begur SWS,unlabelled,UP1,76.0,2023-11-30,,14.274853,75.48665,maize,2023.0,2.0,31.353333333333335,3,3.1966666666666668,010427485025548665
UAHS,Begur SWS,unlabelled,UP1,76.0,2023-12-18,,14.274853,75.48665,maize,2023.0,2.0,9.78,3,1.2666666666666666,010427485025548665
UAHS,Begur SWS,unlabelled,UP1,76.0,2023-12-28,,14.274853,75.48665,maize,2023.0,2.0,9.16,3,1.2166666666666666,010427485025548665
UAHS,Begur SWS,unlabelled,UP1,76.0,2024-01-20,,14.274853,75.48665,maize,2023.0,2.0,7.946666666666666,3,1.2266666666666666,010427485025548665
UAHS,Begur SWS,unlabelled,UP2,76.0,2023-05-11,ddmm_kept_by_sequence,14.257693,75.467711,maize,2023.0,3.0,6.226666666666667,3,1.2066666666666668,010425769025546771
UAHS,Begur SWS,unlabelled,UP2,76.0,2023-11-30,,14.257693,75.467711,unknown,2023.0,2.0,16.703333333333333,3,1.74,010425769025546771
UAHS,Begur SWS,unlabelled,UP2,76.0,2023-12-18,,14.257693,75.467711,unknown,2023.0,2.0,9.78,3,1.2666666666666666,010425769025546771
UAHS,Begur SWS,unlabelled,UP2,76.0,2023-12-28,,14.257693,75.467711,unknown,2023.0,2.0,8.066666666666666,3,1.4666666666666668,010425769025546771
UAHS,Begur SWS,unlabelled,UP2,76.0,2024-01-20,,14.257693,75.467711,unknown,2023.0,2.0,7.753333333333334,3,1.4100000000000001,010425769025546771
UAHS,Begur SWS,unlabelled,UP3,189.0,2023-05-11,ddmm_kept_by_sequence,14.263854,75.472121,maize,2023.0,3.0,5.423333333333333,3,1.43,010426385025547212
UAHS,Begur SWS,unlabelled,UP3,189.0,2023-11-30,,14.263854,75.472121,maize,2023.0,2.0,16.983333333333334,3,1.6600000000000001,010426385025547212
UAHS,Begur SWS,unlabelled,UP3,189.0,2023-12-18,,14.263854,75.472121,maize,2023.0,2.0,8.636666666666667,3,1.4366666666666668,010426385025547212
UAHS,Begur SWS,unlabelled,UP3,189.0,2023-12-28,,14.263854,75.472121,maize,2023.0,2.0,8.493333333333334,3,1.3266666666666667,010426385025547212
UAHS,Begur SWS,unlabelled,UP3,189.0,2024-01-20,,14.263854,75.472121,maize,2023.0,2.0,8.299999999999999,3,1.5366666666666668,010426385025547212
UAHS,Haralahalli,unlabelled,Donduru,12.0,2023-05-10,ddmm_kept_by_sequence,13.832572,76.023622,onion,2023.0,3.0,3.1300000000000003,3,1.2466666666666668,010383257025602362
UAHS,Haralahalli,unlabelled,Donduru,12.0,2023-10-11,ddmm_kept_by_sequence,13.832572,76.023622,onion,2023.0,2.0,36.27666666666667,3,3.31,010383257025602362
UAHS,Haralahalli,unlabelled,Donduru,12.0,2023-10-30,,13.832572,76.023622,onion,2023.0,2.0,18.243333333333336,3,1.68,010383257025602362
UAHS,Haralahalli,unlabelled,Donduru,12.0,2023-11-30,,13.832572,76.023622,other:harvested,2023.0,2.0,18.856666666666666,3,2.1666666666666665,010383257025602362
UAHS,Haralahalli,unlabelled,Donduru,12.0,2023-12-18,,13.832572,76.023622,other:harvested,2023.0,2.0,17.94333333333333,3,1.7599999999999998,010383257025602362
UAHS,Haralahalli,unlabelled,Donduru,12.0,2023-12-20,,13.832572,76.023622,onion,2023.0,2.0,15.049999999999999,3,1.7733333333333334,010383257025602362
UAHS,Haralahalli,unlabelled,Donduru,12.0,2023-12-29,,13.832572,76.023622,other:harvested,2023.0,2.0,14.273333333333333,3,,010383257025602362
UAHS,Haralahalli,unlabelled,Donduru,12.0,2024-01-20,,13.832572,76.023622,other:harvested,2023.0,2.0,14.13,3,1.3866666666666667,010383257025602362
UAHS,Haralahalli,unlabelled,Donduru,12.0,2024-06-02,ddmm_kept_by_sequence,13.832572,76.023622,other:harvested,2024.0,1.0,11.776666666666666,3,1.4400000000000002,010383257025602362
UAHS,Haralahalli,unlabelled,Gijikatte,11.0,2023-05-10,ddmm_kept_by_sequence,13.850361,76.065353,finger_millet,2023.0,3.0,8.546666666666667,3,1.3499999999999999,010385036025606535
UAHS,Haralahalli,unlabelled,Gijikatte,11.0,2023-10-11,ddmm_kept_by_sequence,13.850361,76.065353,finger_millet,2023.0,2.0,13.643333333333333,3,1.6166666666666665,010385036025606535
UAHS,Haralahalli,unlabelled,Gijikatte,11.0,2023-10-30,,13.850361,76.065353,finger_millet,2023.0,2.0,6.763333333333333,3,1.51,010385036025606535
UAHS,Haralahalli,unlabelled,Gijikatte,11.0,2023-11-30,,13.850361,76.065353,other:harvested,2023.0,2.0,5.273333333333333,3,1.5599999999999998,010385036025606535
UAHS,Haralahalli,unlabelled,Gijikatte,11.0,2023-12-18,,13.850361,76.065353,other:harvested,2023.0,2.0,7.0566666666666675,3,1.64,010385036025606535
UAHS,Haralahalli,unlabelled,Gijikatte,11.0,2023-12-19,,13.850361,76.065353,finger_millet,2023.0,2.0,14.516666666666666,3,1.14,010385036025606535
UAHS,Haralahalli,unlabelled,Gijikatte,11.0,2023-12-29,,13.850361,76.065353,other:harvested,2023.0,2.0,4.94,3,1.4666666666666668,010385036025606535
UAHS,Haralahalli,unlabelled,Gijikatte,11.0,2024-01-20,,13.850361,76.065353,other:harvested,2023.0,2.0,5.1000000000000005,3,1.5566666666666666,010385036025606535
UAHS,Haralahalli,unlabelled,Gijikatte,11.0,2024-06-02,ddmm_kept_by_sequence,13.850361,76.065353,other:harvested,2024.0,1.0,4.69,3,1.5466666666666666,010385036025606535
UAHS,Haralahalli,unlabelled,Karehalli,10.0,2023-05-10,ddmm_kept_by_sequence,13.867785,76.026836,finger_millet,2023.0,3.0,6.3133333333333335,3,1.33,010386778025602684
UAHS,Haralahalli,unlabelled,Karehalli,10.0,2023-10-11,ddmm_kept_by_sequence,13.867785,76.026836,finger_millet,2023.0,2.0,25.97,3,2.533333333333333,010386778025602684
UAHS,Haralahalli,unlabelled,Karehalli,10.0,2023-10-30,,13.867785,76.026836,finger_millet,2023.0,2.0,11.339999999999998,3,1.0166666666666666,010386778025602684
UAHS,Haralahalli,unlabelled,Karehalli,10.0,2023-11-30,,13.867785,76.026836,other:harvested,2023.0,2.0,16.143333333333334,3,1.3866666666666667,010386778025602684
UAHS,Haralahalli,unlabelled,Karehalli,10.0,2023-12-18,,13.867785,76.026836,finger_millet,2023.0,2.0,8.666666666666666,3,1.4166666666666667,010386778025602684
UAHS,Haralahalli,unlabelled,Karehalli,10.0,2023-12-18,,13.867785,76.026836,other:harvested,2023.0,2.0,10.02,3,1.18,010386778025602684
UAHS,Haralahalli,unlabelled,Karehalli,10.0,2023-12-29,,13.867785,76.026836,other:harvested,2023.0,2.0,8.206666666666667,3,1.3233333333333333,010386778025602684
UAHS,Haralahalli,unlabelled,Karehalli,10.0,2024-01-20,,13.867785,76.026836,other:harvested,2023.0,2.0,3.8000000000000003,3,1.1066666666666667,010386778025602684
UAHS,Haralahalli,unlabelled,Karehalli,10.0,2024-06-02,ddmm_kept_by_sequence,13.867785,76.026836,other:harvested,2024.0,1.0,7.853333333333334,3,1.3633333333333333,010386778025602684
UAHS,Jammapura,unlabelled,Jammapur2,9.0,2023-09-11,ddmm_swapped_by_sequence,13.89344,75.978869,finger_millet_mixed,2023.0,1.0,8.473333333333334,3,1.17,010389344025597887
UAHS,Jammapura,unlabelled,Jammapur2,9.0,2023-10-04,ddmm_swapped_by_sequence,13.89344,75.978869,finger_millet_mixed,2023.0,2.0,8.473333333333334,3,1.17,010389344025597887
UAHS,Jammapura,unlabelled,Kallikere,7.0,2023-09-11,ddmm_swapped_by_sequence,13.914549,75.993515,finger_millet,2023.0,1.0,10.886666666666665,3,1.5999999999999999,010391455025599352
UAHS,Jammapura,unlabelled,Kallikere,7.0,2023-10-04,ddmm_swapped_by_sequence,13.914549,75.993515,finger_millet,2023.0,2.0,10.886666666666665,3,1.5999999999999999,010391455025599352
UAHS,Jammapura,unlabelled,Kallikere,7.0,2023-10-25,,13.914549,75.993515,finger_millet,2023.0,2.0,12.68,3,1.1933333333333334,010391455025599352
UAHS,Jammapura,unlabelled,Kallikere,7.0,2023-11-08,ddmm_swapped_by_sequence,13.914549,75.993515,finger_millet,2023.0,2.0,14.186666666666667,3,1.3166666666666667,010391455025599352
UAHS,Jammapura,unlabelled,Kallikere,7.0,2023-11-30,,13.914549,75.993515,finger_millet,2023.0,2.0,5.873333333333332,3,1.6566666666666665,010391455025599352
UAHS,Jammapura,unlabelled,Kallikere,7.0,2023-12-17,year_corrected_by_sequence,13.914549,75.993515,finger_millet,2023.0,2.0,6.243333333333333,3,2.1266666666666665,010391455025599352
UAHS,Jammapura,unlabelled,Kallikere,7.0,2023-12-27,year_corrected_by_sequence,13.914549,75.993515,finger_millet,2023.0,2.0,4.670000000000001,3,1.8966666666666665,010391455025599352
UAHS,Jammapura,unlabelled,Kallikere,7.0,2024-01-03,ddmm_swapped_by_sequence,13.914549,75.993515,finger_millet,2023.0,2.0,4.36,3,1.7866666666666664,010391455025599352
UAHS,Jammapura,unlabelled,Kallikere,7.0,2024-01-20,,13.914549,75.993515,finger_millet,2023.0,2.0,3.953333333333333,3,1.6300000000000001,010391455025599352
UAHS,Jammapura,unlabelled,Kallikere,7.0,2024-06-02,ddmm_kept_by_sequence,13.914549,75.993515,finger_millet,2024.0,1.0,33.416666666666664,3,1.5066666666666666,010391455025599352
UAHS,Jammapura,unlabelled,Kallikere,8.0,2023-09-11,ddmm_swapped_by_sequence,13.900999,75.984947,finger_millet,2023.0,1.0,8.413333333333334,3,1.366666666666667,010390100025598495
UAHS,Jammapura,unlabelled,Kallikere,8.0,2023-10-04,ddmm_swapped_by_sequence,13.900999,75.984947,finger_millet,2023.0,2.0,8.413333333333334,3,1.366666666666667,010390100025598495
UAHS,Jammapura,unlabelled,Kallikere,8.0,2023-10-25,,13.900999,75.984947,finger_millet,2023.0,2.0,9.536666666666667,3,1.3766666666666667,010390100025598495
UAHS,Jammapura,unlabelled,Maravanji2,5.0,2023-09-11,ddmm_swapped_by_sequence,13.94241,75.97658,no_crop,2023.0,1.0,6.359999999999999,3,1.7300000000000002,010394241025597658
UAHS,Jammapura,unlabelled,Maravanji2,5.0,2023-10-04,ddmm_swapped_by_sequence,13.94241,75.97658,no_crop,2023.0,2.0,6.359999999999999,3,1.7300000000000002,010394241025597658
UAHS,Jammapura,unlabelled,Maravanji2,5.0,2023-10-25,,13.94241,75.97658,no_crop,2023.0,2.0,16.99,3,0.8266666666666667,010394241025597658
UAHS,Jammapura,unlabelled,Maravanji2,5.0,2023-11-08,ddmm_swapped_by_sequence,13.94241,75.97658,no_crop,2023.0,2.0,26.8,3,1.1133333333333333,010394241025597658
UAHS,Jammapura,unlabelled,Maravanji2,5.0,2023-11-30,,13.94241,75.97658,no_crop,2023.0,2.0,9.056666666666667,3,1.8633333333333333,010394241025597658
UAHS,Jammapura,unlabelled,Maravanji2,5.0,2023-12-17,year_corrected_by_sequence,13.94241,75.97658,no_crop,2023.0,2.0,8.893333333333333,3,2.143333333333333,010394241025597658
UAHS,Jammapura,unlabelled,Maravanji2,5.0,2023-12-27,year_corrected_by_sequence,13.94241,75.97658,no_crop,2023.0,2.0,8.886666666666668,3,2.1966666666666668,010394241025597658
UAHS,Jammapura,unlabelled,Maravanji2,5.0,2024-01-03,ddmm_swapped_by_sequence,13.94241,75.97658,no_crop,2023.0,2.0,7.496666666666666,3,2.2066666666666666,010394241025597658
UAHS,Jammapura,unlabelled,Maravanji2,5.0,2024-01-20,,13.94241,75.97658,no_crop,2023.0,2.0,6.496666666666667,3,2.16,010394241025597658
UAHS,Jammapura,unlabelled,Maravanji2,5.0,2024-02-06,ddmm_swapped_by_sequence,13.94241,75.97658,no_crop,2023.0,2.0,6.463333333333334,3,2.1766666666666667,010394241025597658
UAHS,Jammapura,unlabelled,Maravanji2,5.0,2024-02-23,,13.94241,75.97658,no_crop,2023.0,2.0,6.333333333333333,3,2.1,010394241025597658
UAHS,Jammapura,unlabelled,Maravanji2,5.0,2024-03-11,ddmm_swapped_by_sequence,13.94241,75.97658,no_crop,2024.0,3.0,6.346666666666667,3,1.99,010394241025597658
UAHS,Jammapura,unlabelled,Maravanji2,5.0,2024-03-29,ddmm_kept_by_sequence,13.94241,75.97658,no_crop,2024.0,3.0,5.739999999999999,3,1.9433333333333334,010394241025597658
UAHS,Jammapura,unlabelled,Maravanji2,5.0,2024-04-14,ddmm_kept_by_sequence,13.94241,75.97658,no_crop,2024.0,3.0,5.216666666666667,3,1.9466666666666665,010394241025597658
UAHS,Jammapura,unlabelled,Maravanji2,5.0,2024-04-29,ddmm_kept_by_sequence,13.94241,75.97658,no_crop,2024.0,3.0,5.073333333333333,3,1.9333333333333333,010394241025597658
UAHS,Jammapura,unlabelled,Maravanji2,5.0,2024-05-06,ddmm_swapped_by_sequence,13.94241,75.97658,no_crop,2024.0,3.0,4.726666666666667,3,1.9333333333333333,010394241025597658
UAHS,Jammapura,unlabelled,Maravanji2,5.0,2024-05-30,ddmm_kept_by_sequence,13.94241,75.97658,no_crop,2024.0,3.0,11.0,3,1.6533333333333333,010394241025597658
UAHS,Jammapura,unlabelled,Meagondanahalli2,4.0,2023-08-11,ddmm_kept_by_sequence,13.961851,75.962892,maize,2023.0,1.0,25.7,3,1.2533333333333332,010396185025596289
UAHS,Jammapura,unlabelled,Meagondanahalli2,4.0,2023-09-11,ddmm_swapped_by_sequence,13.961851,75.962892,maize,2023.0,1.0,7.510000000000001,3,1.1033333333333333,010396185025596289
UAHS,Jammapura,unlabelled,Meagondanahalli2,4.0,2023-10-04,ddmm_swapped_by_sequence,13.961851,75.962892,maize,2023.0,2.0,7.510000000000001,3,1.1033333333333333,010396185025596289
UAHS,Jammapura,unlabelled,Meagondanahalli2,4.0,2023-11-30,,13.961851,75.962892,maize,2023.0,2.0,11.14,3,1.7733333333333334,010396185025596289
UAHS,Jammapura,unlabelled,Meagondanahalli2,4.0,2023-12-17,year_corrected_by_sequence,13.961851,75.962892,maize,2023.0,2.0,11.136666666666665,3,2.06,010396185025596289
UAHS,Jammapura,unlabelled,Meagondanahalli2,4.0,2023-12-27,year_corrected_by_sequence,13.961851,75.962892,maize,2023.0,2.0,11.546666666666667,3,2.0466666666666664,010396185025596289
UAHS,Jammapura,unlabelled,Meagondanahalli2,4.0,2024-01-03,ddmm_swapped_by_sequence,13.961851,75.962892,maize,2023.0,2.0,10.92,3,2.0533333333333332,010396185025596289
UAHS,Jammapura,unlabelled,Meagondanahalli2,4.0,2024-01-20,,13.961851,75.962892,maize,2023.0,2.0,10.87,3,1.6566666666666665,010396185025596289
UAHS,Jammapura,unlabelled,Meagondanahalli2,4.0,2024-02-06,ddmm_swapped_by_sequence,13.961851,75.962892,maize,2023.0,2.0,10.556666666666667,3,1.5666666666666667,010396185025596289
UAHS,Jammapura,unlabelled,Meagondanahalli2,4.0,2024-02-23,,13.961851,75.962892,maize,2023.0,2.0,10.469999999999999,3,1.5566666666666666,010396185025596289
UAHS,Jammapura,unlabelled,Meagondanahalli2,4.0,2024-03-11,ddmm_swapped_by_sequence,13.961851,75.962892,maize,2024.0,3.0,9.876666666666667,3,1.5266666666666666,010396185025596289
UAHS,Jammapura,unlabelled,Meagondanahalli2,4.0,2024-03-29,ddmm_kept_by_sequence,13.961851,75.962892,maize,2024.0,3.0,8.67,3,1.4799999999999998,010396185025596289
UAHS,Jammapura,unlabelled,Meagondanahalli2,4.0,2024-04-14,ddmm_kept_by_sequence,13.961851,75.962892,maize,2024.0,3.0,7.96,3,1.4266666666666665,010396185025596289
UAHS,Jammapura,unlabelled,Meagondanahalli2,4.0,2024-04-29,ddmm_kept_by_sequence,13.961851,75.962892,maize,2024.0,3.0,7.98,3,1.4266666666666665,010396185025596289
UAHS,Jammapura,unlabelled,Meagondanahalli2,4.0,2024-05-06,ddmm_swapped_by_sequence,13.961851,75.962892,maize,2024.0,3.0,7.613333333333333,3,1.3866666666666667,010396185025596289
UAHS,Jammapura,unlabelled,Meagondanahalli2,4.0,2024-05-30,ddmm_kept_by_sequence,13.961851,75.962892,maize,2024.0,3.0,10.746666666666668,3,2.033333333333333,010396185025596289
UAHS,Jammapura,unlabelled,Meagondanahalli2,4.0,,unparsed,13.961851,75.962892,maize,,,16.583333333333332,3,1.3800000000000001,010396185025596289
UAHS,Jammapura,unlabelled,Pandavamatti1,1.0,2023-09-11,ddmm_swapped_by_sequence,13.967543,75.97191,maize,2023.0,1.0,9.756666666666666,3,0.83,010396754025597191
UAHS,Jammapura,unlabelled,Pandavamatti1,1.0,2023-10-04,ddmm_swapped_by_sequence,13.967543,75.97191,maize,2023.0,2.0,9.756666666666666,3,0.83,010396754025597191
UAHS,Jammapura,unlabelled,Pandavamatti1,1.0,2023-10-25,,13.967543,75.97191,maize,2023.0,2.0,15.82,3,1.4033333333333333,010396754025597191
UAHS,Jammapura,unlabelled,Pandavamatti1,1.0,2023-11-08,ddmm_swapped_by_sequence,13.967543,75.97191,maize,2023.0,2.0,15.833333333333334,3,0.51,010396754025597191
UAHS,Jammapura,unlabelled,Pandavamatti1,1.0,2023-11-30,,13.967543,75.97191,maize,2023.0,2.0,15.496666666666664,3,1.4166666666666667,010396754025597191
UAHS,Jammapura,unlabelled,Pandavamatti1,1.0,2023-12-17,year_corrected_by_sequence,13.967543,75.97191,maize,2023.0,2.0,8.416666666666666,3,2.233333333333333,010396754025597191
UAHS,Jammapura,unlabelled,Pandavamatti1,1.0,2023-12-27,year_corrected_by_sequence,13.967543,75.97191,maize,2023.0,2.0,7.116666666666667,3,1.93,010396754025597191
UAHS,Jammapura,unlabelled,Pandavamatti1,1.0,2024-01-03,ddmm_swapped_by_sequence,13.967543,75.97191,maize,2023.0,2.0,6.653333333333333,3,1.89,010396754025597191
UAHS,Jammapura,unlabelled,Pandavamatti1,1.0,2024-01-20,,13.967543,75.97191,maize,2023.0,2.0,7.406666666666666,3,1.7533333333333332,010396754025597191
UAHS,Jammapura,unlabelled,Pandavamatti1,1.0,2024-02-06,ddmm_swapped_by_sequence,13.967543,75.97191,maize,2023.0,2.0,7.096666666666667,3,1.74,010396754025597191
UAHS,Jammapura,unlabelled,Pandavamatti1,1.0,2024-02-23,,13.967543,75.97191,maize,2023.0,2.0,7.0,3,1.7266666666666666,010396754025597191
UAHS,Jammapura,unlabelled,Pandavamatti1,1.0,2024-03-11,ddmm_swapped_by_sequence,13.967543,75.97191,maize,2024.0,3.0,6.82,3,1.67,010396754025597191
UAHS,Jammapura,unlabelled,Pandavamatti1,1.0,2024-03-29,ddmm_kept_by_sequence,13.967543,75.97191,maize,2024.0,3.0,6.413333333333334,3,1.6000000000000003,010396754025597191
UAHS,Jammapura,unlabelled,Pandavamatti1,1.0,2024-04-14,ddmm_kept_by_sequence,13.967543,75.97191,maize,2024.0,3.0,4.953333333333333,3,1.5466666666666669,010396754025597191
UAHS,Jammapura,unlabelled,Pandavamatti1,1.0,2024-04-29,ddmm_kept_by_sequence,13.967543,75.97191,maize,2024.0,3.0,4.693333333333333,3,1.49,010396754025597191
UAHS,Jammapura,unlabelled,Pandavamatti1,1.0,2024-05-06,ddmm_swapped_by_sequence,13.967543,75.97191,maize,2024.0,3.0,4.423333333333333,3,1.47,010396754025597191
UAHS,Jammapura,unlabelled,Pandavamatti1,1.0,2024-05-30,ddmm_kept_by_sequence,13.967543,75.97191,maize,2024.0,3.0,9.33,3,2.07,010396754025597191
UAHS,Jammapura,unlabelled,Pandavamatti1,2.0,2023-09-11,ddmm_swapped_by_sequence,13.964954,75.984663,maize,2023.0,1.0,8.090000000000002,3,0.9966666666666667,010396495025598466
UAHS,Jammapura,unlabelled,Pandavamatti1,2.0,2023-10-04,ddmm_swapped_by_sequence,13.964954,75.984663,maize,2023.0,2.0,8.090000000000002,3,0.9966666666666667,010396495025598466
UAHS,Jammapura,unlabelled,Pandavamatti1,2.0,2023-10-25,,13.964954,75.984663,maize,2023.0,2.0,14.633333333333333,3,0.8433333333333334,010396495025598466
UAHS,Jammapura,unlabelled,Pandavamatti1,2.0,2023-11-08,ddmm_swapped_by_sequence,13.964954,75.984663,maize,2023.0,2.0,26.080000000000002,3,1.3800000000000001,010396495025598466
UAHS,Jammapura,unlabelled,Pandavamatti1,2.0,2023-11-30,,13.964954,75.984663,maize,2023.0,2.0,17.506666666666664,3,1.7366666666666666,010396495025598466
UAHS,Jammapura,unlabelled,Pandavamatti1,2.0,2023-12-17,year_corrected_by_sequence,13.964954,75.984663,maize,2023.0,2.0,16.543333333333333,3,2.1233333333333335,010396495025598466
UAHS,Jammapura,unlabelled,Pandavamatti1,2.0,2023-12-27,year_corrected_by_sequence,13.964954,75.984663,maize,2023.0,2.0,14.0,3,1.7299999999999998,010396495025598466
UAHS,Jammapura,unlabelled,Pandavamatti1,2.0,2024-01-03,ddmm_swapped_by_sequence,13.964954,75.984663,maize,2023.0,2.0,12.44,3,1.6666666666666667,010396495025598466
UAHS,Jammapura,unlabelled,Pandavamatti1,2.0,2024-01-20,,13.964954,75.984663,maize,2023.0,2.0,12.493333333333334,3,0.9266666666666667,010396495025598466
UAHS,Jammapura,unlabelled,Pandavamatti1,2.0,2024-02-06,ddmm_swapped_by_sequence,13.964954,75.984663,maize,2023.0,2.0,12.486666666666666,3,1.0999999999999999,010396495025598466
UAHS,Jammapura,unlabelled,Pandavamatti1,2.0,2024-02-23,,13.964954,75.984663,maize,2023.0,2.0,12.043333333333331,3,1.21,010396495025598466
UAHS,Jammapura,unlabelled,Pandavamatti1,2.0,2024-03-11,ddmm_swapped_by_sequence,13.964954,75.984663,maize,2024.0,3.0,11.626666666666667,3,1.16,010396495025598466
UAHS,Jammapura,unlabelled,Pandavamatti1,2.0,2024-03-29,ddmm_kept_by_sequence,13.964954,75.984663,maize,2024.0,3.0,10.156666666666666,3,1.1233333333333333,010396495025598466
UAHS,Jammapura,unlabelled,Pandavamatti1,2.0,2024-04-14,ddmm_kept_by_sequence,13.964954,75.984663,maize,2024.0,3.0,11.406666666666666,3,1.5599999999999998,010396495025598466
UAHS,Jammapura,unlabelled,Pandavamatti1,2.0,2024-04-29,ddmm_kept_by_sequence,13.964954,75.984663,maize,2024.0,3.0,10.54,3,1.32,010396495025598466
UAHS,Jammapura,unlabelled,Pandavamatti1,2.0,2024-05-06,ddmm_swapped_by_sequence,13.964954,75.984663,maize,2024.0,3.0,9.733333333333333,3,1.2233333333333334,010396495025598466
UAHS,Jammapura,unlabelled,Pandavamatti1,2.0,2024-05-30,ddmm_kept_by_sequence,13.964954,75.984663,maize,2024.0,3.0,12.953333333333333,3,1.9633333333333332,010396495025598466
UAHS,Jammapura,unlabelled,Pandavamatti1,3.0,2023-08-11,ddmm_kept_by_sequence,13.958904,75.976977,maize,2023.0,1.0,17.866666666666667,3,1.3733333333333333,010395890025597698
UAHS,Jammapura,unlabelled,Pandavamatti1,3.0,2023-09-11,ddmm_swapped_by_sequence,13.958904,75.976977,maize,2023.0,1.0,6.786666666666666,3,1.0166666666666666,010395890025597698
UAHS,Jammapura,unlabelled,Pandavamatti1,3.0,2023-10-04,ddmm_swapped_by_sequence,13.958904,75.976977,maize,2023.0,2.0,7.583333333333333,3,1.3433333333333335,010395890025597698
UAHS,Jammapura,unlabelled,Pandavamatti1,3.0,2023-11-30,,13.958904,75.976977,maize,2023.0,2.0,15.386666666666668,3,1.5333333333333332,010395890025597698
UAHS,Jammapura,unlabelled,Pandavamatti1,3.0,2023-12-17,year_corrected_by_sequence,13.958904,75.976977,maize,2023.0,2.0,12.423333333333334,3,2.5366666666666666,010395890025597698
UAHS,Jammapura,unlabelled,Pandavamatti1,3.0,2023-12-27,year_corrected_by_sequence,13.958904,75.976977,maize,2023.0,2.0,10.423333333333334,3,2.4166666666666665,010395890025597698
UAHS,Jammapura,unlabelled,Pandavamatti1,3.0,2024-01-03,ddmm_swapped_by_sequence,13.958904,75.976977,maize,2023.0,2.0,9.243333333333334,3,2.1366666666666667,010395890025597698
UAHS,Jammapura,unlabelled,Pandavamatti1,3.0,2024-01-20,,13.958904,75.976977,maize,2023.0,2.0,8.79,3,2.1166666666666667,010395890025597698
UAHS,Jammapura,unlabelled,Pandavamatti1,3.0,2024-02-06,ddmm_swapped_by_sequence,13.958904,75.976977,maize,2023.0,2.0,8.653333333333334,3,2.1233333333333335,010395890025597698
UAHS,Jammapura,unlabelled,Pandavamatti1,3.0,2024-02-23,,13.958904,75.976977,maize,2023.0,2.0,8.583333333333334,3,2.16,010395890025597698
UAHS,Jammapura,unlabelled,Pandavamatti1,3.0,2024-03-11,ddmm_swapped_by_sequence,13.958904,75.976977,maize,2024.0,3.0,8.373333333333333,3,2.033333333333333,010395890025597698
UAHS,Jammapura,unlabelled,Pandavamatti1,3.0,2024-03-29,ddmm_kept_by_sequence,13.958904,75.976977,maize,2024.0,3.0,7.8,3,1.86,010395890025597698
UAHS,Jammapura,unlabelled,Pandavamatti1,3.0,2024-04-14,ddmm_kept_by_sequence,13.958904,75.976977,maize,2024.0,3.0,9.94,3,2.15,010395890025597698
UAHS,Jammapura,unlabelled,Pandavamatti1,3.0,2024-04-29,ddmm_kept_by_sequence,13.958904,75.976977,maize,2024.0,3.0,9.433333333333332,3,2.1733333333333333,010395890025597698
UAHS,Jammapura,unlabelled,Pandavamatti1,3.0,2024-05-06,ddmm_swapped_by_sequence,13.958904,75.976977,maize,2024.0,3.0,8.546666666666667,3,2.1166666666666667,010395890025597698
UAHS,Jammapura,unlabelled,Pandavamatti1,3.0,2024-05-30,ddmm_kept_by_sequence,13.958904,75.976977,maize,2024.0,3.0,11.833333333333334,3,2.3766666666666665,010395890025597698
UAHS,Jammapura,unlabelled,Pandavamatti1,3.0,,unparsed,13.958904,75.976977,maize,,,14.173333333333332,3,1.5266666666666666,010395890025597698
UAHS,Jammapura,unlabelled,Pandavamatti1,6.0,2023-09-11,ddmm_swapped_by_sequence,13.93077,75.97339,finger_millet,2023.0,1.0,13.223333333333334,3,0.8633333333333333,010393077025597339
UAHS,Jammapura,unlabelled,Pandavamatti1,6.0,2023-10-04,ddmm_swapped_by_sequence,13.93077,75.97339,finger_millet,2023.0,2.0,13.223333333333334,3,0.8633333333333333,010393077025597339
UAHS,Jammapura,unlabelled,Pandavamatti1,6.0,2023-10-25,,13.93077,75.97339,finger_millet,2023.0,2.0,18.493333333333336,3,1.2366666666666666,010393077025597339
UAHS,Jammapura,unlabelled,Pandavamatti1,6.0,2023-11-08,ddmm_swapped_by_sequence,13.93077,75.97339,finger_millet,2023.0,2.0,21.493333333333336,3,1.5899999999999999,010393077025597339
UAHS,Jammapura,unlabelled,Pandavamatti1,6.0,2023-11-30,,13.93077,75.97339,finger_millet,2023.0,2.0,11.056666666666667,3,1.7033333333333334,010393077025597339
UAHS,Jammapura,unlabelled,Pandavamatti1,6.0,2023-12-17,year_corrected_by_sequence,13.93077,75.97339,finger_millet,2023.0,2.0,12.273333333333333,3,2.3666666666666667,010393077025597339
UAHS,Jammapura,unlabelled,Pandavamatti1,6.0,2023-12-27,year_corrected_by_sequence,13.93077,75.97339,finger_millet,2023.0,2.0,11.306666666666667,3,2.066666666666667,010393077025597339
UAHS,Jammapura,unlabelled,Pandavamatti1,6.0,2024-01-03,ddmm_swapped_by_sequence,13.93077,75.97339,finger_millet,2023.0,2.0,19.886666666666667,3,1.86,010393077025597339
UAHS,Jammapura,unlabelled,Pandavamatti1,6.0,2024-01-20,,13.93077,75.97339,finger_millet,2023.0,2.0,20.506666666666664,3,1.9233333333333331,010393077025597339
UAHS,Jammapura,unlabelled,Pandavamatti1,6.0,2024-02-06,ddmm_swapped_by_sequence,13.93077,75.97339,finger_millet,2023.0,2.0,20.006666666666668,3,1.87,010393077025597339
UAHS,Jammapura,unlabelled,Pandavamatti1,6.0,2024-02-23,,13.93077,75.97339,finger_millet,2023.0,2.0,17.356666666666666,3,1.9233333333333331,010393077025597339
UAHS,Jammapura,unlabelled,Pandavamatti1,6.0,2024-03-11,ddmm_swapped_by_sequence,13.93077,75.97339,finger_millet,2024.0,3.0,17.666666666666668,3,1.8099999999999998,010393077025597339
UAHS,Jammapura,unlabelled,Pandavamatti1,6.0,2024-03-29,ddmm_kept_by_sequence,13.93077,75.97339,finger_millet,2024.0,3.0,12.453333333333333,3,1.593333333333333,010393077025597339
UAHS,Jammapura,unlabelled,Pandavamatti1,6.0,2024-04-14,ddmm_kept_by_sequence,13.93077,75.97339,finger_millet,2024.0,3.0,10.19,3,1.5066666666666666,010393077025597339
UAHS,Jammapura,unlabelled,Pandavamatti1,6.0,2024-04-29,ddmm_kept_by_sequence,13.93077,75.97339,finger_millet,2024.0,3.0,10.176666666666668,3,1.4333333333333333,010393077025597339
UAHS,Jammapura,unlabelled,Pandavamatti1,6.0,2024-05-06,ddmm_swapped_by_sequence,13.93077,75.97339,finger_millet,2024.0,3.0,11.88,3,1.3433333333333335,010393077025597339
UAHS,Jammapura,unlabelled,Pandavamatti1,6.0,2024-05-30,ddmm_kept_by_sequence,13.93077,75.97339,finger_millet,2024.0,3.0,16.653333333333332,3,1.5666666666666667,010393077025597339
UAHS,Koranahalli,unlabelled,Jodi Bokikere,1.0,2023-09-12,ddmm_swapped_by_sequence,13.685641,75.94282,finger_millet,2023.0,1.0,4.013333333333333,3,1.31,010368564025594282
UAHS,Koranahalli,unlabelled,Jodi Bokikere,1.0,2023-10-04,ddmm_swapped_by_sequence,13.685641,75.94282,finger_millet,2023.0,2.0,4.426666666666667,3,0.7033333333333333,010368564025594282
UAHS,Koranahalli,unlabelled,Jodi Bokikere,1.0,2023-10-27,,13.685641,75.94282,finger_millet,2023.0,2.0,4.906666666666666,3,0.96,010368564025594282
UAHS,Koranahalli,unlabelled,Jodi Bokikere,1.0,2023-11-11,,13.685641,75.94282,finger_millet,2023.0,2.0,17.62333333333333,3,1.6533333333333333,010368564025594282
UAHS,Koranahalli,unlabelled,Jodi Bokikere,1.0,2023-11-27,,13.685641,75.94282,other:harvested,2023.0,2.0,12.756666666666666,3,1.55,010368564025594282
UAHS,Koranahalli,unlabelled,Jodi Bokikere,1.0,2023-12-17,,13.685641,75.94282,other:harvested,2023.0,2.0,13.473333333333334,3,1.4766666666666666,010368564025594282
UAHS,Koranahalli,unlabelled,Jodi Bokikere,1.0,2023-12-28,,13.685641,75.94282,other:harvested,2023.0,2.0,8.133333333333335,3,1.32,010368564025594282
UAHS,Koranahalli,unlabelled,Jodi Bokikere,1.0,2024-01-20,,13.685641,75.94282,other:harvested,2023.0,2.0,3.856666666666667,3,0.8933333333333332,010368564025594282
UAHS,Koranahalli,unlabelled,Jodi Bokikere,1.0,2024-06-02,ddmm_kept_by_sequence,13.685641,75.94282,other:harvested,2024.0,1.0,7.260000000000001,3,1.3,010368564025594282
UAHS,Koranahalli,unlabelled,Koranahalli,2.0,2023-04-10,ddmm_kept_by_sequence,13.691331,75.903725,finger_millet,2023.0,3.0,11.876666666666665,3,1.6466666666666667,010369133025590372
UAHS,Koranahalli,unlabelled,Koranahalli,2.0,2023-10-27,,13.691331,75.903725,finger_millet,2023.0,2.0,11.976666666666667,3,2.0366666666666666,010369133025590372
UAHS,Koranahalli,unlabelled,Koranahalli,2.0,2023-11-11,,13.691331,75.903725,finger_millet,2023.0,2.0,15.843333333333334,3,1.5999999999999999,010369133025590372
UAHS,Koranahalli,unlabelled,Koranahalli,2.0,2023-11-27,,13.691331,75.903725,other:harvested,2023.0,2.0,7.21,3,1.5033333333333332,010369133025590372
UAHS,Koranahalli,unlabelled,Koranahalli,2.0,2023-12-10,ddmm_kept_by_sequence,13.691331,75.903725,finger_millet,2023.0,2.0,10.466666666666667,3,1.7066666666666668,010369133025590372
UAHS,Koranahalli,unlabelled,Koranahalli,2.0,2023-12-17,,13.691331,75.903725,other:harvested,2023.0,2.0,7.166666666666667,3,1.7400000000000002,010369133025590372
UAHS,Koranahalli,unlabelled,Koranahalli,2.0,2023-12-28,,13.691331,75.903725,other:harvested,2023.0,2.0,8.573333333333332,3,1.47,010369133025590372
UAHS,Koranahalli,unlabelled,Koranahalli,2.0,2024-01-20,,13.691331,75.903725,other:harvested,2023.0,2.0,5.376666666666666,3,1.2133333333333332,010369133025590372
UAHS,Koranahalli,unlabelled,Koranahalli,2.0,2024-06-02,ddmm_kept_by_sequence,13.691331,75.903725,other:harvested,2024.0,1.0,6.176666666666667,3,1.6366666666666667,010369133025590372
UAHS,Koranahalli,unlabelled,Koranahalli,4.0,2023-04-10,ddmm_kept_by_sequence,13.690737,75.898062,sorghum,2023.0,3.0,27.043333333333333,3,2.3800000000000003,010369074025589806
UAHS,Koranahalli,unlabelled,Koranahalli,4.0,2023-10-27,,13.690737,75.898062,sorghum,2023.0,2.0,8.549999999999999,3,1.3,010369074025589806
UAHS,Koranahalli,unlabelled,Koranahalli,4.0,2023-11-11,,13.690737,75.898062,sorghum,2023.0,2.0,19.01,3,1.7466666666666668,010369074025589806
UAHS,Koranahalli,unlabelled,Koranahalli,4.0,2023-11-27,,13.690737,75.898062,other:harvested,2023.0,2.0,16.853333333333335,3,2.2066666666666666,010369074025589806
UAHS,Koranahalli,unlabelled,Koranahalli,4.0,2023-12-12,,13.690737,75.898062,sorghum,2023.0,2.0,13.403333333333334,3,1.46,010369074025589806
UAHS,Koranahalli,unlabelled,Koranahalli,4.0,2023-12-17,,13.690737,75.898062,other:harvested,2023.0,2.0,11.626666666666665,3,1.8099999999999998,010369074025589806
UAHS,Koranahalli,unlabelled,Koranahalli,4.0,2023-12-28,,13.690737,75.898062,other:harvested,2023.0,2.0,11.683333333333332,3,1.6266666666666667,010369074025589806
UAHS,Koranahalli,unlabelled,Koranahalli,4.0,2024-01-20,,13.690737,75.898062,other:harvested,2023.0,2.0,10.65,3,1.4266666666666667,010369074025589806
UAHS,Koranahalli,unlabelled,Koranahalli,4.0,2024-06-02,ddmm_kept_by_sequence,13.690737,75.898062,other:harvested,2024.0,1.0,10.653333333333334,3,1.6366666666666667,010369074025589806
UAHS,Koranahalli and Haralahalli,unlabelled,Basavanahalli,3.0,2023-04-10,ddmm_kept_by_sequence,13.706431,75.923428,finger_millet,2023.0,3.0,10.276666666666666,3,1.2866666666666668,010370643025592343
UAHS,Koranahalli and Haralahalli,unlabelled,Basavanahalli,3.0,2023-10-27,,13.706431,75.923428,finger_millet,2023.0,2.0,8.176666666666668,3,1.4233333333333331,010370643025592343
UAHS,Koranahalli and Haralahalli,unlabelled,Basavanahalli,3.0,2023-11-11,,13.706431,75.923428,finger_millet,2023.0,2.0,20.47,3,1.49,010370643025592343
UAHS,Koranahalli and Haralahalli,unlabelled,Basavanahalli,3.0,2023-11-27,,13.706431,75.923428,other:harvested,2023.0,2.0,9.18,3,1.1733333333333331,010370643025592343
UAHS,Koranahalli and Haralahalli,unlabelled,Basavanahalli,3.0,2023-12-11,ddmm_kept_by_sequence,13.706431,75.923428,finger_millet,2023.0,2.0,7.726666666666667,3,1.0933333333333335,010370643025592343
UAHS,Koranahalli and Haralahalli,unlabelled,Basavanahalli,3.0,2023-12-17,,13.706431,75.923428,other:harvested,2023.0,2.0,13.31,3,1.3266666666666669,010370643025592343
UAHS,Koranahalli and Haralahalli,unlabelled,Basavanahalli,3.0,2023-12-28,,13.706431,75.923428,other:harvested,2023.0,2.0,7.44,3,1.1266666666666667,010370643025592343
UAHS,Koranahalli and Haralahalli,unlabelled,Basavanahalli,3.0,2024-01-20,,13.706431,75.923428,other:harvested,2023.0,2.0,7.463333333333334,3,1.2933333333333332,010370643025592343
UAHS,Koranahalli and Haralahalli,unlabelled,Basavanahalli,3.0,2024-06-02,ddmm_kept_by_sequence,13.706431,75.923428,other:harvested,2024.0,1.0,9.433333333333332,3,1.4766666666666666,010370643025592343
UAHS,Koranahalli and Haralahalli,unlabelled,G. Gollarahalli,7.0,2023-04-10,ddmm_kept_by_sequence,13.674664,75.933849,maize,2023.0,3.0,16.043333333333333,3,1.4333333333333333,010367466025593385
UAHS,Koranahalli and Haralahalli,unlabelled,G. Gollarahalli,7.0,2023-10-27,,13.674664,75.933849,maize,2023.0,2.0,15.293333333333335,3,1.2133333333333332,010367466025593385
UAHS,Koranahalli and Haralahalli,unlabelled,G. Gollarahalli,7.0,2023-11-11,,13.674664,75.933849,maize,2023.0,2.0,30.45,3,2.0933333333333333,010367466025593385
UAHS,Koranahalli and Haralahalli,unlabelled,G. Gollarahalli,7.0,2023-11-27,,13.674664,75.933849,other:harvested,2023.0,2.0,27.423333333333332,3,2.486666666666667,010367466025593385
UAHS,Koranahalli and Haralahalli,unlabelled,G. Gollarahalli,7.0,2023-12-15,,13.674664,75.933849,maize,2023.0,2.0,8.92,3,1.26,010367466025593385
UAHS,Koranahalli and Haralahalli,unlabelled,G. Gollarahalli,7.0,2023-12-17,,13.674664,75.933849,other:harvested,2023.0,2.0,18.786666666666665,3,1.8566666666666667,010367466025593385
UAHS,Koranahalli and Haralahalli,unlabelled,G. Gollarahalli,7.0,2023-12-28,,13.674664,75.933849,other:harvested,2023.0,2.0,13.863333333333335,3,1.5333333333333332,010367466025593385
UAHS,Koranahalli and Haralahalli,unlabelled,G. Gollarahalli,7.0,2024-01-20,,13.674664,75.933849,other:harvested,2023.0,2.0,9.76,3,1.3833333333333335,010367466025593385
UAHS,Koranahalli and Haralahalli,unlabelled,G. Gollarahalli,7.0,2024-06-02,ddmm_kept_by_sequence,13.674664,75.933849,other:harvested,2024.0,1.0,17.213333333333335,3,1.9000000000000001,010367466025593385
UAHS,Koranahalli and Haralahalli,unlabelled,K. Chatnahalli,9.0,2023-04-10,ddmm_kept_by_sequence,13.692253,75.911195,finger_millet,2023.0,3.0,6.813333333333333,3,1.0166666666666666,010369225025591120
UAHS,Koranahalli and Haralahalli,unlabelled,K. Chatnahalli,9.0,2023-10-27,,13.692253,75.911195,finger_millet,2023.0,2.0,11.003333333333336,3,1.53,010369225025591120
UAHS,Koranahalli and Haralahalli,unlabelled,K. Chatnahalli,9.0,2023-11-11,,13.692253,75.911195,finger_millet,2023.0,2.0,25.626666666666665,3,2.0666666666666664,010369225025591120
UAHS,Koranahalli and Haralahalli,unlabelled,K. Chatnahalli,9.0,2023-11-27,,13.692253,75.911195,other:harvested,2023.0,2.0,16.113333333333333,3,2.2733333333333334,010369225025591120
UAHS,Koranahalli and Haralahalli,unlabelled,K. Chatnahalli,9.0,2023-12-17,,13.692253,75.911195,finger_millet,2023.0,2.0,9.57,3,1.1833333333333333,010369225025591120
UAHS,Koranahalli and Haralahalli,unlabelled,K. Chatnahalli,9.0,2023-12-17,,13.692253,75.911195,other:harvested,2023.0,2.0,15.686666666666667,3,2.0733333333333333,010369225025591120
UAHS,Koranahalli and Haralahalli,unlabelled,K. Chatnahalli,9.0,2023-12-28,,13.692253,75.911195,other:harvested,2023.0,2.0,11.280000000000001,3,1.2233333333333334,010369225025591120
UAHS,Koranahalli and Haralahalli,unlabelled,K. Chatnahalli,9.0,2024-01-20,,13.692253,75.911195,other:harvested,2023.0,2.0,5.0200000000000005,3,1.0633333333333332,010369225025591120
UAHS,Koranahalli and Haralahalli,unlabelled,K. Chatnahalli,9.0,2024-06-02,ddmm_kept_by_sequence,13.692253,75.911195,other:harvested,2024.0,1.0,10.6,3,1.5566666666666666,010369225025591120
UAHS,Koranahalli and Haralahalli,unlabelled,Rajanahalli,8.0,2023-04-10,ddmm_kept_by_sequence,13.682374,75.896502,finger_millet,2023.0,3.0,9.66,3,1.0833333333333333,010368237025589650
UAHS,Koranahalli and Haralahalli,unlabelled,Rajanahalli,8.0,2023-10-27,,13.682374,75.896502,finger_millet,2023.0,2.0,7.5566666666666675,3,1.1633333333333333,010368237025589650
UAHS,Koranahalli and Haralahalli,unlabelled,Rajanahalli,8.0,2023-11-11,,13.682374,75.896502,finger_millet,2023.0,2.0,16.266666666666666,3,2.06,010368237025589650
UAHS,Koranahalli and Haralahalli,unlabelled,Rajanahalli,8.0,2023-11-27,,13.682374,75.896502,other:harvested,2023.0,2.0,16.266666666666666,3,2.06,010368237025589650
UAHS,Koranahalli and Haralahalli,unlabelled,Rajanahalli,8.0,2023-12-16,,13.682374,75.896502,finger_millet,2023.0,2.0,13.296666666666667,3,1.3766666666666667,010368237025589650
UAHS,Koranahalli and Haralahalli,unlabelled,Rajanahalli,8.0,2023-12-17,,13.682374,75.896502,other:harvested,2023.0,2.0,13.576666666666668,3,1.6833333333333333,010368237025589650
UAHS,Koranahalli and Haralahalli,unlabelled,Rajanahalli,8.0,2023-12-28,,13.682374,75.896502,other:harvested,2023.0,2.0,12.816666666666668,3,1.4766666666666666,010368237025589650
UAHS,Koranahalli and Haralahalli,unlabelled,Rajanahalli,8.0,2024-01-20,,13.682374,75.896502,other:harvested,2023.0,2.0,13.093333333333334,3,1.4166666666666667,010368237025589650
UAHS,Koranahalli and Haralahalli,unlabelled,Rajanahalli,8.0,2024-06-02,ddmm_kept_by_sequence,13.682374,75.896502,other:harvested,2024.0,1.0,13.266666666666666,3,1.75,010368237025589650
UAHS,Koranahalli and Haralahalli,unlabelled,Shivapura,5.0,2023-04-10,ddmm_kept_by_sequence,13.671599,75.908182,finger_millet,2023.0,3.0,6.183333333333334,3,1.3499999999999999,010367160025590818
UAHS,Koranahalli and Haralahalli,unlabelled,Shivapura,5.0,2023-10-27,,13.671599,75.908182,finger_millet,2023.0,2.0,4.766666666666667,3,1.3966666666666665,010367160025590818
UAHS,Koranahalli and Haralahalli,unlabelled,Shivapura,5.0,2023-11-11,,13.671599,75.908182,finger_millet,2023.0,2.0,11.126666666666665,3,1.2533333333333332,010367160025590818
UAHS,Koranahalli and Haralahalli,unlabelled,Shivapura,5.0,2023-11-27,,13.671599,75.908182,other:harvested,2023.0,2.0,7.79,3,1.6466666666666667,010367160025590818
UAHS,Koranahalli and Haralahalli,unlabelled,Shivapura,5.0,2023-12-13,,13.671599,75.908182,finger_millet,2023.0,2.0,8.26,3,0.89,010367160025590818
UAHS,Koranahalli and Haralahalli,unlabelled,Shivapura,5.0,2023-12-17,,13.671599,75.908182,other:harvested,2023.0,2.0,8.046666666666667,3,1.4666666666666668,010367160025590818
UAHS,Koranahalli and Haralahalli,unlabelled,Shivapura,5.0,2023-12-28,,13.671599,75.908182,other:harvested,2023.0,2.0,7.09,3,1.3666666666666665,010367160025590818
UAHS,Koranahalli and Haralahalli,unlabelled,Shivapura,5.0,2024-01-20,,13.671599,75.908182,other:harvested,2023.0,2.0,4.833333333333333,3,1.1766666666666667,010367160025590818
UAHS,Koranahalli and Haralahalli,unlabelled,Shivapura,5.0,2024-06-02,ddmm_kept_by_sequence,13.671599,75.908182,other:harvested,2024.0,1.0,5.296666666666667,3,1.5833333333333333,010367160025590818
UAHS,Koranahalli and Haralahalli,unlabelled,Shyanaboganahalli,6.0,2023-04-10,ddmm_kept_by_sequence,13.695406,75.945505,finger_millet,2023.0,3.0,9.043333333333333,3,1.4366666666666665,010369541025594550
UAHS,Koranahalli and Haralahalli,unlabelled,Shyanaboganahalli,6.0,2023-10-27,,13.695406,75.945505,finger_millet,2023.0,2.0,5.739999999999999,3,1.3633333333333333,010369541025594550
UAHS,Koranahalli and Haralahalli,unlabelled,Shyanaboganahalli,6.0,2023-11-11,,13.695406,75.945505,finger_millet,2023.0,2.0,12.413333333333334,3,1.38,010369541025594550
UAHS,Koranahalli and Haralahalli,unlabelled,Shyanaboganahalli,6.0,2023-12-14,,13.695406,75.945505,finger_millet,2023.0,2.0,3.8800000000000003,3,1.3499999999999999,010369541025594550
UAHS,Koranahalli and Haralahalli,unlabelled,Shyanaboganahalli,6.0,2024-06-02,ddmm_kept_by_sequence,13.695406,75.945505,other:harvested,2024.0,1.0,9.69,3,1.5633333333333332,010369541025594550
UAHS,Laxmisagara 4U,unlabelled,Lakshimisagar1,10.0,2023-09-10,ddmm_swapped_by_sequence,14.01087,75.93452,maize,2023.0,1.0,9.693333333333333,3,1.17,010401087025593452
UAHS,Laxmisagara 4U,unlabelled,Lakshimisagar1,10.0,2023-10-04,ddmm_swapped_by_sequence,14.01087,75.93452,maize,2023.0,2.0,9.693333333333333,3,1.17,010401087025593452
UAHS,Laxmisagara 4U,unlabelled,Lakshimisagar1,10.0,2023-10-25,,14.01087,75.93452,maize,2023.0,2.0,12.943333333333333,3,1.3833333333333335,010401087025593452
UAHS,Laxmisagara 4U,unlabelled,Lakshimisagar1,10.0,2023-11-08,ddmm_swapped_by_sequence,14.01087,75.93452,maize,2023.0,2.0,15.493333333333334,3,0.5266666666666667,010401087025593452
UAHS,Laxmisagara 4U,unlabelled,Lakshimisagar1,10.0,2023-11-30,,14.01087,75.93452,maize,2023.0,2.0,11.42,3,1.8333333333333333,010401087025593452
UAHS,Laxmisagara 4U,unlabelled,Lakshimisagar1,10.0,2023-12-17,year_corrected_by_sequence,14.01087,75.93452,maize,2023.0,2.0,10.583333333333334,3,1.76,010401087025593452
UAHS,Laxmisagara 4U,unlabelled,Lakshimisagar1,10.0,2023-12-27,year_corrected_by_sequence,14.01087,75.93452,maize,2023.0,2.0,10.186666666666666,3,1.8533333333333335,010401087025593452
UAHS,Laxmisagara 4U,unlabelled,Lakshimisagar1,10.0,2024-01-03,ddmm_swapped_by_sequence,14.01087,75.93452,maize,2023.0,2.0,9.963333333333333,3,1.74,010401087025593452
UAHS,Laxmisagara 4U,unlabelled,Lakshimisagar1,10.0,2024-01-20,,14.01087,75.93452,maize,2023.0,2.0,9.813333333333333,3,1.6033333333333335,010401087025593452
UAHS,Laxmisagara 4U,unlabelled,Lakshimisagar1,10.0,2024-02-06,ddmm_swapped_by_sequence,14.01087,75.93452,maize,2023.0,2.0,5.069999999999999,3,1.5,010401087025593452
UAHS,Laxmisagara 4U,unlabelled,Lakshimisagar1,10.0,2024-02-23,,14.01087,75.93452,maize,2023.0,2.0,5.123333333333334,3,1.3966666666666665,010401087025593452
UAHS,Laxmisagara 4U,unlabelled,Lakshimisagar1,10.0,2024-03-11,ddmm_swapped_by_sequence,14.01087,75.93452,maize,2024.0,3.0,4.743333333333333,3,1.29,010401087025593452
UAHS,Laxmisagara 4U,unlabelled,Lakshimisagar1,10.0,2024-03-29,ddmm_kept_by_sequence,14.01087,75.93452,maize,2024.0,3.0,4.7700000000000005,3,1.2766666666666666,010401087025593452
UAHS,Laxmisagara 4U,unlabelled,Lakshimisagar1,10.0,2024-04-14,ddmm_kept_by_sequence,14.01087,75.93452,maize,2024.0,3.0,4.476666666666667,3,1.25,010401087025593452
UAHS,Laxmisagara 4U,unlabelled,Lakshimisagar1,10.0,2024-04-29,ddmm_kept_by_sequence,14.01087,75.93452,maize,2024.0,3.0,4.473333333333334,3,1.33,010401087025593452
UAHS,Laxmisagara 4U,unlabelled,Lakshimisagar1,10.0,2024-05-06,ddmm_swapped_by_sequence,14.01087,75.93452,maize,2024.0,3.0,4.12,3,1.3166666666666667,010401087025593452
UAHS,Laxmisagara 4U,unlabelled,Lakshimisagar1,10.0,2024-05-30,ddmm_kept_by_sequence,14.01087,75.93452,maize,2024.0,3.0,13.726666666666667,3,1.6500000000000001,010401087025593452
UAHS,Laxmisagara 4U,unlabelled,Mallegere3,11.0,2023-09-10,ddmm_swapped_by_sequence,13.99141,75.91774,maize,2023.0,1.0,5.123333333333333,3,1.2966666666666666,010399141025591774
UAHS,Laxmisagara 4U,unlabelled,Mallegere3,11.0,2023-10-04,ddmm_swapped_by_sequence,13.99141,75.91774,maize,2023.0,2.0,5.123333333333333,3,1.2966666666666666,010399141025591774
UAHS,Laxmisagara 4U,unlabelled,Mallegere3,11.0,2023-10-25,,13.99141,75.91774,maize,2023.0,2.0,14.113333333333335,3,1.1866666666666668,010399141025591774
UAHS,Laxmisagara 4U,unlabelled,Mallegere3,11.0,2023-11-08,ddmm_swapped_by_sequence,13.99141,75.91774,maize,2023.0,2.0,15.066666666666668,3,1.6066666666666667,010399141025591774
UAHS,Laxmisagara 4U,unlabelled,Mallegere3,11.0,2023-11-30,,13.99141,75.91774,maize,2023.0,2.0,11.549999999999999,3,1.4866666666666666,010399141025591774
UAHS,Laxmisagara 4U,unlabelled,Mallegere3,11.0,2023-12-17,year_corrected_by_sequence,13.99141,75.91774,maize,2023.0,2.0,6.32,3,1.6933333333333334,010399141025591774
UAHS,Laxmisagara 4U,unlabelled,Mallegere3,11.0,2023-12-27,year_corrected_by_sequence,13.99141,75.91774,maize,2023.0,2.0,5.8500000000000005,3,1.6966666666666665,010399141025591774
UAHS,Laxmisagara 4U,unlabelled,Mallegere3,11.0,2024-01-03,ddmm_swapped_by_sequence,13.99141,75.91774,maize,2023.0,2.0,4.3999999999999995,3,1.61,010399141025591774
UAHS,Laxmisagara 4U,unlabelled,Mallegere3,11.0,2024-01-20,,13.99141,75.91774,maize,2023.0,2.0,5.506666666666667,3,1.6633333333333333,010399141025591774
UAHS,Laxmisagara 4U,unlabelled,Mallegere3,11.0,2024-02-06,ddmm_swapped_by_sequence,13.99141,75.91774,maize,2023.0,2.0,4.82,3,1.54,010399141025591774
UAHS,Laxmisagara 4U,unlabelled,Mallegere3,11.0,2024-02-23,,13.99141,75.91774,maize,2023.0,2.0,4.766666666666667,3,1.5533333333333335,010399141025591774
UAHS,Laxmisagara 4U,unlabelled,Mallegere3,11.0,2024-03-11,ddmm_swapped_by_sequence,13.99141,75.91774,maize,2024.0,3.0,4.733333333333333,3,1.5733333333333335,010399141025591774
UAHS,Laxmisagara 4U,unlabelled,Mallegere3,11.0,2024-03-29,ddmm_kept_by_sequence,13.99141,75.91774,maize,2024.0,3.0,4.673333333333333,3,1.5366666666666668,010399141025591774
UAHS,Laxmisagara 4U,unlabelled,Mallegere3,11.0,2024-04-14,ddmm_kept_by_sequence,13.99141,75.91774,maize,2024.0,3.0,9.18,3,1.51,010399141025591774
UAHS,Laxmisagara 4U,unlabelled,Mallegere3,11.0,2024-04-29,ddmm_kept_by_sequence,13.99141,75.91774,maize,2024.0,3.0,9.236666666666666,3,1.5066666666666666,010399141025591774
UAHS,Laxmisagara 4U,unlabelled,Mallegere3,11.0,2024-05-06,ddmm_swapped_by_sequence,13.99141,75.91774,maize,2024.0,3.0,7.919999999999999,3,1.3399999999999999,010399141025591774
UAHS,Laxmisagara 4U,unlabelled,Mallegere3,11.0,2024-05-30,ddmm_kept_by_sequence,13.99141,75.91774,maize,2024.0,3.0,10.373333333333333,3,1.5266666666666666,010399141025591774
UAHS,Laxmisagara 4U,unlabelled,Mallegere3,12.0,2023-09-10,ddmm_swapped_by_sequence,13.97206,75.92357,maize,2023.0,1.0,10.533333333333333,3,0.5266666666666667,010397206025592357
UAHS,Laxmisagara 4U,unlabelled,Mallegere3,12.0,2023-10-04,ddmm_swapped_by_sequence,13.97206,75.92357,maize,2023.0,2.0,10.533333333333333,3,0.5266666666666667,010397206025592357
UAHS,Laxmisagara 4U,unlabelled,Mallegere3,12.0,2023-10-25,,13.97206,75.92357,maize,2023.0,2.0,18.84,3,1.5599999999999998,010397206025592357
UAHS,Laxmisagara 4U,unlabelled,Mallegere3,12.0,2023-11-08,ddmm_swapped_by_sequence,13.97206,75.92357,maize,2023.0,2.0,14.506666666666666,3,1.3466666666666667,010397206025592357
UAHS,Laxmisagara 4U,unlabelled,Mallegere3,12.0,2023-11-30,,13.97206,75.92357,maize,2023.0,2.0,7.073333333333333,3,1.6866666666666668,010397206025592357
UAHS,Laxmisagara 4U,unlabelled,Mallegere3,12.0,2023-12-17,year_corrected_by_sequence,13.97206,75.92357,maize,2023.0,2.0,6.793333333333333,3,2.0766666666666667,010397206025592357
UAHS,Laxmisagara 4U,unlabelled,Mallegere3,12.0,2024-01-03,ddmm_swapped_by_sequence,13.97206,75.92357,maize,2023.0,2.0,5.673333333333333,3,2.0666666666666664,010397206025592357
UAHS,Laxmisagara 4U,unlabelled,Mallegere3,12.0,2024-01-20,,13.97206,75.92357,maize,2023.0,2.0,5.31,3,1.9566666666666668,010397206025592357
UAHS,Laxmisagara 4U,unlabelled,Mallegere3,12.0,2024-02-06,ddmm_swapped_by_sequence,13.97206,75.92357,maize,2023.0,2.0,4.666666666666667,3,1.83,010397206025592357
UAHS,Laxmisagara 4U,unlabelled,Mallegere3,12.0,2024-02-23,,13.97206,75.92357,maize,2023.0,2.0,4.596666666666667,3,1.75,010397206025592357
UAHS,Laxmisagara 4U,unlabelled,Mallegere3,12.0,2024-03-11,ddmm_swapped_by_sequence,13.97206,75.92357,maize,2024.0,3.0,4.466666666666667,3,1.6900000000000002,010397206025592357
UAHS,Laxmisagara 4U,unlabelled,Mallegere3,12.0,2024-03-28,ddmm_kept_by_sequence,13.97206,75.92357,maize,2024.0,3.0,7.633333333333334,3,1.6600000000000001,010397206025592357
UAHS,Laxmisagara 4U,unlabelled,Mallegere3,12.0,2024-04-14,ddmm_kept_by_sequence,13.97206,75.92357,maize,2024.0,3.0,5.05,3,1.6366666666666667,010397206025592357
UAHS,Laxmisagara 4U,unlabelled,Mallegere3,12.0,2024-04-29,ddmm_kept_by_sequence,13.97206,75.92357,maize,2024.0,3.0,5.1066666666666665,3,1.6566666666666665,010397206025592357
UAHS,Laxmisagara 4U,unlabelled,Mallegere3,12.0,2024-06-05,ddmm_kept_by_sequence,13.97206,75.92357,maize,2024.0,1.0,4.636666666666667,3,1.5566666666666666,010397206025592357
UASB,Gummalapalli,unlabelled,Nirgantipalli,1.0,2024-03-30,,,,unknown,2024.0,3.0,0.0,2,0.86,
UASB,Gummalapalli,unlabelled,Nirgantipalli,1.0,2024-04-13,,,,unknown,2024.0,3.0,0.0,2,0.69,
UASB,Gummalapalli,unlabelled,Nirgantipalli,1.0,2024-04-27,,,,unknown,2024.0,3.0,2.11,2,1.875,
UASB,Gummalapalli,unlabelled,Nirgantipalli,1.0,2024-05-11,,,,unknown,2024.0,3.0,3.665,2,1.395,
UASB,Gummalapalli,unlabelled,Nirgantipalli,1.0,2024-05-25,,,,unknown,2024.0,3.0,3.295,2,1.45,
UASB,Gummalapalli,unlabelled,Nirgantipalli,1.0,2024-06-01,,,,unknown,2024.0,1.0,8.69,2,1.25,
UASB,Maidalakere,unlabelled,Hodekallu,147.0,2023-10-07,,13.317151,77.210485,arecanut,2023.0,2.0,31.14,2,3.37,010331715025721048
UASB,Maidalakere,unlabelled,Hodekallu,147.0,2023-10-13,,13.317151,77.210485,arecanut,2023.0,2.0,31.97,2,3.165,010331715025721048
UASB,Maidalakere,unlabelled,Hodekallu,147.0,2023-10-21,,13.317151,77.210485,arecanut,2023.0,2.0,28.335,2,2.755,010331715025721048
UASB,Maidalakere,unlabelled,Hodekallu,147.0,2023-10-28,,13.317151,77.210485,arecanut,2023.0,2.0,25.74,2,2.63,010331715025721048
UASB,Maidalakere,unlabelled,Hodekallu,147.0,2023-11-03,,13.317151,77.210485,arecanut,2023.0,2.0,31.605,2,3.1500000000000004,010331715025721048
UASB,Maidalakere,unlabelled,Hodekallu,147.0,2023-11-11,,13.317151,77.210485,arecanut,2023.0,2.0,31.340000000000003,2,2.77,010331715025721048
UASB,Maidalakere,unlabelled,Hodekallu,147.0,2023-12-03,,13.317151,77.210485,arecanut,2023.0,2.0,25.005000000000003,2,2.94,010331715025721048
UASB,Maidalakere,unlabelled,Hodekallu,147.0,2024-01-06,,13.317151,77.210485,arecanut,2023.0,2.0,25.12,2,3.1799999999999997,010331715025721048
UASB,Maidalakere,unlabelled,Hodekallu,147.0,2024-01-13,,13.317151,77.210485,arecanut,2023.0,2.0,13.240000000000002,2,1.81,010331715025721048
UASB,Maidalakere,unlabelled,Hodekallu,147.0,2024-01-20,,13.317151,77.210485,arecanut,2023.0,2.0,24.52,2,2.775,010331715025721048
UASB,Maidalakere,unlabelled,Hodekallu,147.0,2024-01-27,,13.317151,77.210485,arecanut,2023.0,2.0,18.21,2,2.085,010331715025721048
UASB,Maidalakere,unlabelled,Hodekallu,147.0,2024-02-03,,13.317151,77.210485,arecanut,2023.0,2.0,19.895,2,2.245,010331715025721048
UASB,Maidalakere,unlabelled,Hodekallu,147.0,2024-02-10,,13.317151,77.210485,arecanut,2023.0,2.0,31.355000000000004,2,3.0700000000000003,010331715025721048
UASB,Maidalakere,unlabelled,Hodekallu,147.0,2024-03-03,,13.317151,77.210485,arecanut,2024.0,3.0,20.915,2,1.9989999999999999,010331715025721048
UASB,Maidalakere,unlabelled,Hodekallu,147.0,2024-03-16,,13.317151,77.210485,arecanut,2024.0,3.0,24.055,2,3.15,010331715025721048
UASB,Maidalakere,unlabelled,Hodekallu,147.0,2024-03-23,,13.317151,77.210485,arecanut,2024.0,3.0,25.875,2,2.8600000000000003,010331715025721048
UASB,Maidalakere,unlabelled,Hodekallu,147.0,2024-03-30,,13.317151,77.210485,arecanut,2024.0,3.0,19.765,2,2.4699999999999998,010331715025721048
UASB,Maidalakere,unlabelled,Hodekallu,147.0,2024-04-06,,13.317151,77.210485,arecanut,2024.0,3.0,25.134999999999998,2,2.7350000000000003,010331715025721048
UASB,Maidalakere,unlabelled,Hodekallu,147.0,2024-04-13,,13.317151,77.210485,arecanut,2024.0,3.0,19.93,2,2.025,010331715025721048
UASB,Maidalakere,unlabelled,Hodekallu,2023-12-01 00:00:00,2023-10-07,,13.310066,77.214461,arecanut,2023.0,2.0,19.17,2,2.16,010331007025721446
UASB,Maidalakere,unlabelled,Hodekallu,2023-12-01 00:00:00,2023-10-13,,13.310066,77.214461,arecanut,2023.0,2.0,19.59,2,2.0949999999999998,010331007025721446
UASB,Maidalakere,unlabelled,Hodekallu,2023-12-01 00:00:00,2023-10-21,,13.310066,77.214461,arecanut,2023.0,2.0,19.310000000000002,2,2.21,010331007025721446
UASB,Maidalakere,unlabelled,Hodekallu,2023-12-01 00:00:00,2023-10-28,,13.310066,77.214461,arecanut,2023.0,2.0,17.805,2,1.8,010331007025721446
UASB,Maidalakere,unlabelled,Hodekallu,2023-12-01 00:00:00,2023-11-03,,13.310066,77.214461,arecanut,2023.0,2.0,17.015,2,1.8900000000000001,010331007025721446
UASB,Maidalakere,unlabelled,Hodekallu,2023-12-01 00:00:00,2023-11-11,,13.310066,77.214461,arecanut,2023.0,2.0,14.969999999999999,2,1.3,010331007025721446
UASB,Maidalakere,unlabelled,Hodekallu,2023-12-01 00:00:00,2023-12-03,,13.310066,77.214461,arecanut,2023.0,2.0,16.055,2,1.925,010331007025721446
UASB,Maidalakere,unlabelled,Hodekallu,2023-12-01 00:00:00,2024-01-06,,13.310066,77.214461,arecanut,2023.0,2.0,7.449999999999999,2,1.51,010331007025721446
UASB,Maidalakere,unlabelled,Hodekallu,2024-12-01 00:00:00,2024-01-13,,13.310066,77.214461,arecanut,2023.0,2.0,11.475,2,1.565,010331007025721446
UASB,Maidalakere,unlabelled,Hodekallu,2024-12-01 00:00:00,2024-01-20,,13.310066,77.214461,arecanut,2023.0,2.0,12.745,2,1.895,010331007025721446
UASB,Maidalakere,unlabelled,Hodekallu,2024-12-01 00:00:00,2024-01-27,,13.310066,77.214461,arecanut,2023.0,2.0,9.075,2,1.3050000000000002,010331007025721446
UASB,Maidalakere,unlabelled,Hodekallu,2024-12-01 00:00:00,2024-02-03,,13.310066,77.214461,arecanut,2023.0,2.0,9.59,2,1.6,010331007025721446
UASB,Maidalakere,unlabelled,Hodekallu,2024-12-01 00:00:00,2024-02-10,,13.310066,77.214461,arecanut,2023.0,2.0,9.64,2,1.545,010331007025721446
UASB,Maidalakere,unlabelled,Hodekallu,2024-12-01 00:00:00,2024-03-03,,13.310066,77.214461,arecanut,2024.0,3.0,9.87,2,1.55,010331007025721446
UASB,Maidalakere,unlabelled,Hodekallu,2024-12-01 00:00:00,2024-03-16,,13.310066,77.214461,arecanut,2024.0,3.0,10.435,2,1.9699999999999998,010331007025721446
UASB,Maidalakere,unlabelled,Hodekallu,2024-12-01 00:00:00,2024-03-23,,13.310066,77.214461,arecanut,2024.0,3.0,12.0,2,1.65,010331007025721446
UASB,Maidalakere,unlabelled,Hodekallu,2024-12-01 00:00:00,2024-03-30,,13.310066,77.214461,arecanut,2024.0,3.0,14.719999999999999,2,2.215,010331007025721446
UASB,Maidalakere,unlabelled,Hodekallu,2024-12-01 00:00:00,2024-04-06,,13.310066,77.214461,arecanut,2024.0,3.0,9.695,2,1.585,010331007025721446
UASB,Maidalakere,unlabelled,Hodekallu,2024-12-01 00:00:00,2024-04-13,,13.310066,77.214461,arecanut,2024.0,3.0,12.98,2,1.375,010331007025721446
UASB,Maidalakere,unlabelled,Hodekallu,24.0,2023-10-07,,13.299569,77.212021,pigeon_pea,2023.0,2.0,15.469999999999999,2,1.585,010329957025721202
UASB,Maidalakere,unlabelled,Hodekallu,24.0,2023-10-13,,13.299569,77.212021,pigeon_pea,2023.0,2.0,15.305,2,1.7,010329957025721202
UASB,Maidalakere,unlabelled,Hodekallu,24.0,2023-10-21,,13.299569,77.212021,pigeon_pea,2023.0,2.0,11.719999999999999,2,1.92,010329957025721202
UASB,Maidalakere,unlabelled,Hodekallu,24.0,2023-10-28,,13.299569,77.212021,pigeon_pea,2023.0,2.0,10.934999999999999,2,1.605,010329957025721202
UASB,Maidalakere,unlabelled,Hodekallu,24.0,2023-11-03,,13.299569,77.212021,pigeon_pea,2023.0,2.0,16.54,2,1.955,010329957025721202
UASB,Maidalakere,unlabelled,Hodekallu,24.0,2023-11-11,,13.299569,77.212021,pigeon_pea,2023.0,2.0,16.965,2,1.6400000000000001,010329957025721202
UASB,Maidalakere,unlabelled,Hodekallu,24.0,2023-12-03,,13.299569,77.212021,pigeon_pea,2023.0,2.0,11.485,2,1.875,010329957025721202
UASB,Maidalakere,unlabelled,Hodekallu,24.0,2024-01-06,,13.299569,77.212021,pigeon_pea,2023.0,2.0,12.34,2,1.73,010329957025721202
UASB,Maidalakere,unlabelled,Hodekallu,24.0,2024-01-13,,13.299569,77.212021,pigeon_pea,2023.0,2.0,14.899999999999999,2,1.915,010329957025721202
UASB,Maidalakere,unlabelled,Hodekallu,24.0,2024-01-20,,13.299569,77.212021,pigeon_pea,2023.0,2.0,13.235,2,1.81,010329957025721202
UASB,Maidalakere,unlabelled,Hodekallu,24.0,2024-01-27,,13.299569,77.212021,pigeon_pea,2023.0,2.0,8.545,2,1.705,010329957025721202
UASB,Maidalakere,unlabelled,Hodekallu,24.0,2024-02-03,,13.299569,77.212021,pigeon_pea,2023.0,2.0,9.235,2,1.175,010329957025721202
UASB,Maidalakere,unlabelled,Hodekallu,24.0,2024-02-10,,13.299569,77.212021,pigeon_pea,2023.0,2.0,8.075,2,1.49,010329957025721202
UASB,Maidalakere,unlabelled,Hodekallu,24.0,2024-03-03,,13.299569,77.212021,pigeon_pea,2024.0,3.0,10.69,2,1.15,010329957025721202
UASB,Maidalakere,unlabelled,Hodekallu,24.0,2024-03-16,,13.299569,77.212021,pigeon_pea,2024.0,3.0,9.915,2,1.26,010329957025721202
UASB,Maidalakere,unlabelled,Hodekallu,24.0,2024-03-23,,13.299569,77.212021,pigeon_pea,2024.0,3.0,9.440000000000001,2,1.4,010329957025721202
UASB,Maidalakere,unlabelled,Hodekallu,24.0,2024-03-30,,13.299569,77.212021,pigeon_pea,2024.0,3.0,10.765,2,1.8599999999999999,010329957025721202
UASB,Maidalakere,unlabelled,Hodekallu,24.0,2024-04-06,,13.299569,77.212021,pigeon_pea,2024.0,3.0,11.19,2,1.8399999999999999,010329957025721202
UASB,Maidalakere,unlabelled,Hodekallu,24.0,2024-04-13,,13.299569,77.212021,pigeon_pea,2024.0,3.0,11.07,2,1.895,010329957025721202
UASR,,unlabelled,Hadagalharti -1,112 rep01,2023-09-11,,,,unknown,2023.0,1.0,37.95333333333333,3,4.253333333333333,
UASR,,unlabelled,Hadagalharti -1,112 rep01,2023-09-25,,,,unknown,2023.0,1.0,52.339999999999996,3,4.736666666666667,
UASR,,unlabelled,Hadagalharti -1,112 rep01,2023-10-11,,,,unknown,2023.0,2.0,16.19333333333333,6,4.13,
UASR,,unlabelled,Hadagalharti -1,112 rep01,2023-11-11,,,,unknown,2023.0,2.0,2.25,6,,
UASR,,unlabelled,Hadagalharti -1,112 rep02,2023-09-11,,,,unknown,2023.0,1.0,29.863333333333333,3,3.4266666666666663,
UASR,,unlabelled,Hadagalharti -1,112 rep02,2023-09-25,,,,unknown,2023.0,1.0,47.32,3,3.6233333333333335,
UASR,,unlabelled,Hadagalharti -1,112 rep02,2023-10-11,,,,unknown,2023.0,2.0,9.546666666666667,6,3.0966666666666662,
UASR,,unlabelled,Hadagalharti -1,112 rep02,2023-10-26,,,,unknown,2023.0,2.0,10.115,6,,
UASR,,unlabelled,Hadagalharti -1,112 rep02,2023-11-11,,,,unknown,2023.0,2.0,5.428333333333334,6,,
UASR,,unlabelled,Hadagalharti -1,112 rep1,2023-10-26,,,,unknown,2023.0,2.0,11.253333333333332,6,,
UASR,,unlabelled,Hadagil haruti-2,71 rep01,2023-09-11,,,,unknown,2023.0,1.0,11.12,3,4.8566666666666665,
UASR,,unlabelled,Hadagil haruti-2,71 rep01,2023-09-25,,,,unknown,2023.0,1.0,42.32,3,5.043333333333333,
UASR,,unlabelled,Hadagil haruti-2,71 rep01,2023-10-11,,,,unknown,2023.0,2.0,9.483333333333333,6,2.3866666666666667,
UASR,,unlabelled,Hadagil haruti-2,71 rep01,2023-10-26,,,,unknown,2023.0,2.0,15.456666666666665,6,,
UASR,,unlabelled,Hadagil haruti-2,71 rep01,2023-11-11,,,,unknown,2023.0,2.0,12.943999999999999,5,,
UASR,,unlabelled,Hadagil haruti-2,71 rep02,2023-09-11,,,,unknown,2023.0,1.0,20.513333333333335,3,4.196666666666666,
UASR,,unlabelled,Hadagil haruti-2,71 rep02,2023-09-25,,,,unknown,2023.0,1.0,32.833333333333336,3,3.4933333333333336,
UASR,,unlabelled,Hadagil haruti-2,71 rep02,2023-10-11,,,,unknown,2023.0,2.0,16.878333333333334,6,4.8933333333333335,
UASR,,unlabelled,Hadagil haruti-2,71 rep02,2023-10-26,,,,unknown,2023.0,2.0,18.436666666666667,6,,
UASR,,unlabelled,Hadagil haruti-2,71 rep02,2023-11-11,,,,unknown,2023.0,2.0,10.531666666666668,6,,
UASR,,unlabelled,Hadagilharuti-1,50 rep01,2023-09-11,,,,unknown,2023.0,1.0,27.040000000000003,3,4.406666666666667,
UASR,,unlabelled,Hadagilharuti-1,50 rep01,2023-09-25,,,,unknown,2023.0,1.0,30.886666666666667,3,3.92,
UASR,,unlabelled,Hadagilharuti-1,50 rep01,2023-10-11,,,,unknown,2023.0,2.0,11.42,6,3.706666666666667,
UASR,,unlabelled,Hadagilharuti-1,50 rep01,2023-10-26,,,,unknown,2023.0,2.0,13.933333333333332,6,,
UASR,,unlabelled,Hadagilharuti-1,50 rep02,2023-09-11,,,,unknown,2023.0,1.0,23.05666666666667,3,4.416666666666667,
UASR,,unlabelled,Hadagilharuti-1,50 rep02,2023-09-25,,,,unknown,2023.0,1.0,27.256666666666664,3,4.073333333333333,
UASR,,unlabelled,Hadagilharuti-1,50 rep02,2023-10-11,,,,unknown,2023.0,2.0,11.026666666666666,6,3.03,
UASR,,unlabelled,Hadagilharuti-1,50 rep02,2023-10-26,,,,unknown,2023.0,2.0,9.588333333333333,6,,
UASR,,unlabelled,Hadagilharuti-1,50 rep02,2023-11-11,,,,unknown,2023.0,2.0,9.491666666666667,6,,
UASR,,unlabelled,Hadagilharuti-1,50 rep1,2023-11-11,,,,unknown,2023.0,2.0,15.326666666666668,6,,
UASR,,unlabelled,Hadagilharuti-1,55 rep01,2023-09-11,,,,unknown,2023.0,1.0,21.709999999999997,3,3.9766666666666666,
UASR,,unlabelled,Hadagilharuti-1,55 rep01,2023-09-25,,,,unknown,2023.0,1.0,46.946666666666665,3,2.3800000000000003,
UASR,,unlabelled,Hadagilharuti-1,55 rep01,2023-10-11,,,,unknown,2023.0,2.0,14.931666666666667,6,3.7533333333333334,
UASR,,unlabelled,Hadagilharuti-1,55 rep01,2023-10-26,,,,unknown,2023.0,2.0,16.225,6,,
UASR,,unlabelled,Hadagilharuti-1,55 rep02,2023-09-11,,,,unknown,2023.0,1.0,27.63,3,3.8733333333333335,
UASR,,unlabelled,Hadagilharuti-1,55 rep02,2023-09-25,,,,unknown,2023.0,1.0,55.370000000000005,3,2.4499999999999997,
UASR,,unlabelled,Hadagilharuti-1,55 rep02,2023-10-11,,,,unknown,2023.0,2.0,19.57,6,3.2133333333333334,
UASR,,unlabelled,Hadagilharuti-1,55 rep02,2023-10-26,,,,unknown,2023.0,2.0,20.676666666666666,6,,
UASR,,unlabelled,Malli-2,107 rep01,2023-09-11,,,,unknown,2023.0,1.0,17.866666666666667,3,3.043333333333333,
UASR,,unlabelled,Malli-2,107 rep01,2023-09-25,,,,unknown,2023.0,1.0,26.486666666666668,3,2.44,
UASR,,unlabelled,Malli-2,107 rep01,2023-10-11,,,,unknown,2023.0,2.0,4.253333333333333,6,1.2733333333333332,
UASR,,unlabelled,Malli-2,107 rep01,2023-10-26,,,,unknown,2023.0,2.0,6.864999999999999,6,,
UASR,,unlabelled,Malli-2,107 rep01,2023-11-11,,,,unknown,2023.0,2.0,3.865,6,,
UASR,,unlabelled,Malli-2,107 rep02,2023-09-11,,,,unknown,2023.0,1.0,19.316666666666666,3,3.943333333333334,
UASR,,unlabelled,Malli-2,107 rep02,2023-09-25,,,,unknown,2023.0,1.0,41.52,3,3.9,
UASR,,unlabelled,Malli-2,107 rep02,2023-10-11,,,,unknown,2023.0,2.0,6.568333333333334,6,1.9466666666666665,
UASR,,unlabelled,Malli-2,107 rep02,2023-10-26,,,,unknown,2023.0,2.0,11.133333333333333,6,,
UASR,,unlabelled,Malli-2,107 rep02,2023-11-11,,,,unknown,2023.0,2.0,7.821666666666666,6,,
UASR,,unlabelled,Melakunda B- 2,65 rep01,2023-09-11,,,,unknown,2023.0,1.0,21.87,3,3.856666666666667,
UASR,,unlabelled,Melakunda B- 2,65 rep01,2023-09-25,,,,unknown,2023.0,1.0,43.49,3,2.776666666666667,
UASR,,unlabelled,Melakunda B- 2,65 rep01,2023-10-11,,,,unknown,2023.0,2.0,7.946666666666666,6,2.5833333333333335,
UASR,,unlabelled,Melakunda B- 2,65 rep01,2023-10-26,,,,unknown,2023.0,2.0,11.306666666666667,6,,
UASR,,unlabelled,Melakunda B- 2,65 rep01,2023-11-11,,,,unknown,2023.0,2.0,7.576666666666667,6,,
UASR,,unlabelled,Melakunda B- 2,65 rep02,2023-09-11,,,,unknown,2023.0,1.0,18.26,3,3.6199999999999997,
UASR,,unlabelled,Melakunda B- 2,65 rep02,2023-09-25,,,,unknown,2023.0,1.0,40.78666666666667,3,3.6966666666666668,
UASR,,unlabelled,Melakunda B- 2,65 rep02,2023-10-11,,,,unknown,2023.0,2.0,8.321666666666667,6,3.283333333333333,
UASR,,unlabelled,Melakunda B- 2,65 rep02,2023-10-26,,,,unknown,2023.0,2.0,7.988333333333333,6,,
UASR,,unlabelled,Melakunda B- 2,65 rep02,2023-11-11,,,,unknown,2023.0,2.0,10.4,6,,
UASR,,unlabelled,Melkunda B.-1,39 rep01,2023-09-11,,,,unknown,2023.0,1.0,23.19666666666667,3,3.7100000000000004,
UASR,,unlabelled,Melkunda B.-1,39 rep01,2023-09-25,,,,unknown,2023.0,1.0,44.376666666666665,3,3.2999999999999994,
UASR,,unlabelled,Melkunda B.-1,39 rep01,2023-10-11,,,,unknown,2023.0,2.0,11.203333333333333,6,3.4133333333333336,
UASR,,unlabelled,Melkunda B.-1,39 rep01,2023-10-26,,,,unknown,2023.0,2.0,8.356666666666667,6,,
UASR,,unlabelled,Melkunda B.-1,39 rep01,2023-11-11,,,,unknown,2023.0,2.0,11.546666666666667,6,,
UASR,,unlabelled,Melkunda B.-1,39 rep02,2023-09-11,,,,unknown,2023.0,1.0,21.23,3,3.123333333333333,
UASR,,unlabelled,Melkunda B.-1,39 rep02,2023-09-25,,,,unknown,2023.0,1.0,28.646666666666665,3,3.97,
UASR,,unlabelled,Melkunda B.-1,39 rep02,2023-10-11,,,,unknown,2023.0,2.0,6.533333333333332,6,2.526666666666667,
UASR,,unlabelled,Melkunda B.-1,39 rep02,2023-10-26,,,,unknown,2023.0,2.0,7.783333333333334,6,,
UASR,,unlabelled,Melkunda B.-1,39 rep02,2023-11-11,,,,unknown,2023.0,2.0,8.095,6,,
UASR,,unlabelled,Melkunda B.-2,07 rep1,2023-09-22,,,,unknown,2023.0,1.0,46.166666666666664,3,3.266666666666667,
UASR,,unlabelled,Melkunda B.-2,07 rep2,2023-09-22,,,,unknown,2023.0,1.0,47.82,3,3.58,
UASR,,unlabelled,Melkunda B.-2,151 rep01,2023-09-11,,,,unknown,2023.0,1.0,14.13,3,2.9666666666666663,
UASR,,unlabelled,Melkunda B.-2,151 rep01,2023-09-25,,,,unknown,2023.0,1.0,34.443333333333335,3,3.5066666666666664,
UASR,,unlabelled,Melkunda B.-2,151 rep01,2023-10-11,,,,unknown,2023.0,2.0,11.396666666666667,6,2.98,
UASR,,unlabelled,Melkunda B.-2,151 rep01,2023-10-26,,,,unknown,2023.0,2.0,11.083333333333334,6,,
UASR,,unlabelled,Melkunda B.-2,151 rep01,2023-11-11,,,,unknown,2023.0,2.0,6.27,6,,
UASR,,unlabelled,Melkunda B.-2,151 rep02,2023-09-11,,,,unknown,2023.0,1.0,13.863333333333335,3,3.483333333333333,
UASR,,unlabelled,Melkunda B.-2,151 rep02,2023-09-25,,,,unknown,2023.0,1.0,43.63666666666666,3,3.486666666666667,
UASR,,unlabelled,Melkunda B.-2,151 rep02,2023-10-11,,,,unknown,2023.0,2.0,6.916666666666667,6,2.6566666666666667,
UASR,,unlabelled,Melkunda B.-2,151 rep02,2023-10-26,,,,unknown,2023.0,2.0,8.208333333333334,6,,
UASR,,unlabelled,Melkunda B.-2,151 rep02,2023-11-11,,,,unknown,2023.0,2.0,8.396666666666667,6,,
UASR,,unlabelled,Melkunda B.-2,209 rep01,2023-09-11,,,,unknown,2023.0,1.0,28.580000000000002,3,4.12,
UASR,,unlabelled,Melkunda B.-2,209 rep01,2023-09-25,,,,unknown,2023.0,1.0,40.723333333333336,3,3.8200000000000003,
UASR,,unlabelled,Melkunda B.-2,209 rep01,2023-10-11,,,,unknown,2023.0,2.0,12.725000000000001,6,4.06,
UASR,,unlabelled,Melkunda B.-2,209 rep01,2023-10-26,,,,unknown,2023.0,2.0,15.604999999999999,6,,
UASR,,unlabelled,Melkunda B.-2,209 rep01,2023-11-11,,,,unknown,2023.0,2.0,18.255,6,,
UASR,,unlabelled,Melkunda B.-2,209 rep02,2023-09-11,,,,unknown,2023.0,1.0,21.25,3,3.31,
UASR,,unlabelled,Melkunda B.-2,209 rep02,2023-09-25,,,,unknown,2023.0,1.0,29.77333333333333,3,2.8966666666666665,
UASR,,unlabelled,Melkunda B.-2,209 rep02,2023-10-11,,,,unknown,2023.0,2.0,7.965,6,2.9933333333333336,
UASR,,unlabelled,Melkunda B.-2,209 rep02,2023-10-26,,,,unknown,2023.0,2.0,8.151666666666667,6,,
UASR,,unlabelled,Melkunda B.-2,209 rep02,2023-11-11,,,,unknown,2023.0,2.0,14.246666666666668,6,,
UASR,,unlabelled,Melkunda B.-2,41 rep1,2023-09-22,,,,unknown,2023.0,1.0,45.85,3,2.9133333333333336,
UASR,,unlabelled,Melkunda B.-2,41 rep2,2023-09-22,,,,unknown,2023.0,1.0,46.18000000000001,3,2.853333333333333,
UASR,,unlabelled,Melkunda B.-2,55 rep02,2023-11-11,,,,unknown,2023.0,2.0,14.83,6,,
UASR,,unlabelled,Melkunda B.-2,63 rep1,2023-09-22,,,,unknown,2023.0,1.0,46.71666666666667,3,3.686666666666667,
UASR,,unlabelled,Melkunda B.-2,63 rep2,2023-09-22,,,,unknown,2023.0,1.0,44.699999999999996,3,2.9066666666666663,
UHSB,Chittaragi,saturation,Chittaragi,1 (02),2023-08-30,,16.120555555555555,75.97444444444444,no_crop,2023.0,1.0,10.5,2,1.76,010612056025597444
UHSB,Chittaragi,saturation,Chittaragi,2 (40),,unparsed,16.11916666666667,75.98194444444445,maize,,,31.945,2,3.0549999999999997,010611917025598194
UHSB,Chittaragi,saturation,Chittaragi,3 (202),,unparsed,16.11861111111111,75.96777777777778,chilli,,,12.6875,2,1.4375,010611861025596778
UHSB,Chittaragi,saturation,Sulibhavi,4 (72),,unparsed,16.012777777777778,75.95361111111112,chilli,,,11.395,2,1.6175,010601278025595361
UHSB,Chittaragi,saturation,Sulibhavi,5 (151),,unparsed,16.02027777777778,75.95027777777779,chilli,,,9.09,2,1.47,010602028025595028
UHSB,Honnutagi,saturation,Koulgi-1,1 (137),2023-06-20,,16.826,75.837,no_crop,2023.0,1.0,18.009999999999998,2,1.965,010682600025583700
UHSB,Honnutagi,saturation,Koulgi-1,1 (137),2023-06-25,,16.826,75.837,no_crop,2023.0,1.0,14.485,2,2.05,010682600025583700
UHSB,Honnutagi,saturation,Koulgi-1,1 (137),2023-07-02,,16.826,75.837,no_crop,2023.0,1.0,12.95,2,1.495,010682600025583700
UHSB,Honnutagi,saturation,Koulgi-1,1 (137),2023-07-07,,16.826,75.837,no_crop,2023.0,1.0,7.4,2,1.5,010682600025583700
UHSB,Honnutagi,saturation,Koulgi-1,1 (137),2023-07-14,,16.826,75.837,no_crop,2023.0,1.0,10.34,2,1.3599999999999999,010682600025583700
UHSB,Honnutagi,saturation,Koulgi-1,1 (137),2023-07-24,,16.826,75.837,no_crop,2023.0,1.0,10.219999999999999,2,1.3699999999999999,010682600025583700
UHSB,Honnutagi,saturation,Koulgi-1,1 (137),2023-07-28,,16.826,75.837,no_crop,2023.0,1.0,13.22,1,1.03,010682600025583700
UHSB,Honnutagi,saturation,Koulgi-1,1 (137),2023-08-07,,16.826,75.837,no_crop,2023.0,1.0,9.07,2,1.4,010682600025583700
UHSB,Honnutagi,saturation,Koulgi-1,1 (137),2023-08-10,,16.826,75.837,no_crop,2023.0,1.0,14.29,2,1.495,010682600025583700
UHSB,Honnutagi,saturation,Koulgi-1,1 (137),2023-08-19,,16.826,75.837,no_crop,2023.0,1.0,14.530000000000001,2,1.5950000000000002,010682600025583700
UHSB,Honnutagi,saturation,Koulgi-1,1 (137),2023-08-25,,16.826,75.837,no_crop,2023.0,1.0,13.735,2,1.42,010682600025583700
UHSB,Honnutagi,saturation,Koulgi-1,1 (137),2023-08-27,,16.826,75.837,no_crop,2023.0,1.0,13.17,2,1.37,010682600025583700
UHSB,Honnutagi,saturation,Koulgi-1,2(138),,unparsed,16.827,75.839,no_crop,,,13.430000000000001,10,1.807,010682700025583900
UHSB,Honnutagi,saturation,Koulgi-1,3(185),,unparsed,16.83,75.849,sugarcane,,,13.469166666666666,24,1.75375,010683000025584900
UHSB,Pashapur,unlabelled,Kandgula,13.0,2023-08-26,,18.091666,77.526627,soybean_mixed,2023.0,1.0,33.85,2,2.4,010809167025752663
UHSB,Pashapur,unlabelled,Kandgula,13.0,2023-09-02,ddmm_swapped_by_sequence,18.091666,77.526627,soybean_mixed,2023.0,1.0,32.1,2,2.3499999999999996,010809167025752663
UHSB,Pashapur,unlabelled,Kandgula,13.0,2023-09-09,,18.091666,77.526627,soybean_mixed,2023.0,1.0,36.05,2,2.25,010809167025752663
UHSB,Pashapur,unlabelled,Kandgula,13.0,2023-09-16,,18.091666,77.526627,soybean_mixed,2023.0,1.0,43.7,2,2.2,010809167025752663
UHSB,Pashapur,unlabelled,Kandgula,13.0,2023-09-23,,18.091666,77.526627,soybean_mixed,2023.0,1.0,41.6,2,2.2,010809167025752663
UHSB,Pashapur,unlabelled,Kandgula,13.0,2023-09-30,,18.091666,77.526627,soybean_mixed,2023.0,1.0,43.75,2,2.2,010809167025752663
UHSB,Pashapur,unlabelled,Kandgula,13.0,2023-10-07,ddmm_swapped_by_sequence,18.091666,77.526627,soybean_mixed,2023.0,2.0,41.6,2,2.2,010809167025752663
UHSB,Pashapur,unlabelled,Kandgula,13.0,2023-10-14,,18.091666,77.526627,soybean_mixed,2023.0,2.0,31.700000000000003,2,2.2,010809167025752663
UHSB,Pashapur,unlabelled,Kandgula,13.0,2023-10-21,,18.091666,77.526627,soybean_mixed,2023.0,2.0,29.75,2,2.2,010809167025752663
UHSB,Pashapur,unlabelled,Kandgula,13.0,2023-10-28,,18.091666,77.526627,pigeon_pea,2023.0,2.0,19.8,2,2.2,010809167025752663
UHSB,Pashapur,unlabelled,Kandgula,13.0,2023-11-04,ddmm_swapped_by_sequence,18.091666,77.526627,pigeon_pea,2023.0,2.0,12.3,2,2.2,010809167025752663
UHSB,Pashapur,unlabelled,Kandgula,13.0,2023-11-11,,18.091666,77.526627,pigeon_pea,2023.0,2.0,10.6,2,2.2,010809167025752663
UHSB,Pashapur,unlabelled,Kandgula,13.0,2023-11-18,,18.091666,77.526627,pigeon_pea,2023.0,2.0,11.0,2,2.2,010809167025752663
UHSB,Pashapur,unlabelled,Kandgula,13.0,2023-11-25,,18.091666,77.526627,pigeon_pea,2023.0,2.0,11.649999999999999,2,2.2,010809167025752663
UHSB,Pashapur,unlabelled,Kandgula,13.0,2023-12-02,ddmm_swapped_by_sequence,18.091666,77.526627,pigeon_pea,2023.0,2.0,34.0,2,2.365,010809167025752663
UHSB,Pashapur,unlabelled,Kandgula,13.0,2023-12-09,ddmm_swapped_by_sequence,18.091666,77.526627,pigeon_pea,2023.0,2.0,22.325,2,2.45,010809167025752663
UHSB,Pashapur,unlabelled,Kandgula,13.0,2023-12-16,,18.091666,77.526627,pigeon_pea,2023.0,2.0,23.75,2,2.45,010809167025752663
UHSB,Pashapur,unlabelled,Kandgula,13.0,2023-12-23,,18.091666,77.526627,pigeon_pea,2023.0,2.0,24.75,2,2.45,010809167025752663
UHSB,Pashapur,unlabelled,Kandgula,13.0,2023-12-30,,18.091666,77.526627,pigeon_pea,2023.0,2.0,22.75,2,2.9,010809167025752663
UHSB,Pashapur,unlabelled,Kandgula,13.0,2024-01-06,ddmm_swapped_by_sequence,18.091666,77.526627,no_crop,2023.0,2.0,22.85,2,2.9,010809167025752663
UHSB,Pashapur,unlabelled,Kandgula,13.0,2024-01-13,,18.091666,77.526627,no_crop,2023.0,2.0,19.700000000000003,2,2.9,010809167025752663
UHSB,Pashapur,unlabelled,Kandgula,13.0,2024-01-20,,18.091666,77.526627,no_crop,2023.0,2.0,17.75,2,2.9,010809167025752663
UHSB,Pashapur,unlabelled,Kandgula,13.0,2024-01-27,,18.091666,77.526627,no_crop,2023.0,2.0,17.65,2,2.9,010809167025752663
UHSB,Pashapur,unlabelled,Kandgula,13.0,2024-02-03,ddmm_swapped_by_sequence,18.091666,77.526627,no_crop,2023.0,2.0,10.7,2,1.6949999999999998,010809167025752663
UHSB,Pashapur,unlabelled,Kandgula,13.0,2024-02-10,ddmm_swapped_by_sequence,18.091666,77.526627,no_crop,2023.0,2.0,10.85,2,1.35,010809167025752663
UHSB,Pashapur,unlabelled,Kandgula,13.0,2024-02-17,,18.091666,77.526627,no_crop,2023.0,2.0,10.805,2,1.35,010809167025752663
UHSB,Pashapur,unlabelled,Kandgula,13.0,2024-02-24,,18.091666,77.526627,no_crop,2023.0,2.0,11.2,2,1.35,010809167025752663
UHSB,Pashapur,unlabelled,Kandgula,13.0,2024-03-02,ddmm_swapped_by_sequence,18.091666,77.526627,no_crop,2024.0,3.0,10.5,2,1.35,010809167025752663
UHSB,Pashapur,unlabelled,Kandgula,13.0,2024-03-09,ddmm_swapped_by_sequence,18.091666,77.526627,no_crop,2024.0,3.0,9.95,2,1.35,010809167025752663
UHSB,Pashapur,unlabelled,Kandgula,13.0,2024-03-16,ddmm_kept_by_sequence,18.091666,77.526627,no_crop,2024.0,3.0,10.15,2,1.35,010809167025752663
UHSB,Pashapur,unlabelled,Kandgula,13.0,2024-03-23,ddmm_kept_by_sequence,18.091666,77.526627,no_crop,2024.0,3.0,9.6,2,1.35,010809167025752663
UHSB,Pashapur,unlabelled,Kandgula,13.0,2024-03-30,ddmm_kept_by_sequence,18.091666,77.526627,no_crop,2024.0,3.0,9.2,2,1.35,010809167025752663
UHSB,Pashapur,unlabelled,Kandgula,13.0,2024-04-06,ddmm_swapped_by_sequence,18.091666,77.526627,no_crop,2024.0,3.0,9.75,2,1.065,010809167025752663
UHSB,Pashapur,unlabelled,Kandgula,13.0,2024-04-13,ddmm_kept_by_sequence,18.091666,77.526627,no_crop,2024.0,3.0,9.9,2,1.065,010809167025752663
UHSB,Pashapur,unlabelled,Kandgula,13.0,2024-04-20,ddmm_kept_by_sequence,18.091666,77.526627,no_crop,2024.0,3.0,9.15,2,1.065,010809167025752663
UHSB,Pashapur,unlabelled,Kandgula,13.0,2024-04-27,ddmm_kept_by_sequence,18.091666,77.526627,no_crop,2024.0,3.0,6.55,2,1.335,010809167025752663
UHSB,Pashapur,unlabelled,Kandgula,13.0,2024-05-04,ddmm_swapped_by_sequence,18.091666,77.526627,no_crop,2024.0,3.0,6.66,2,1.165,010809167025752663
UHSB,Pashapur,unlabelled,Kandgula,14.0,2023-08-26,,18.09009,77.536949,soybean_mixed,2023.0,1.0,41.2,2,2.55,010809009025753695
UHSB,Pashapur,unlabelled,Kandgula,14.0,2023-09-02,ddmm_swapped_by_sequence,18.09009,77.536949,soybean_mixed,2023.0,1.0,40.3,2,2.5,010809009025753695
UHSB,Pashapur,unlabelled,Kandgula,14.0,2023-09-09,,18.09009,77.536949,soybean_mixed,2023.0,1.0,42.7,2,2.4,010809009025753695
UHSB,Pashapur,unlabelled,Kandgula,14.0,2023-09-16,,18.09009,77.536949,soybean_mixed,2023.0,1.0,54.75,2,2.4,010809009025753695
UHSB,Pashapur,unlabelled,Kandgula,14.0,2023-09-23,,18.09009,77.536949,soybean_mixed,2023.0,1.0,51.8,2,2.4,010809009025753695
UHSB,Pashapur,unlabelled,Kandgula,14.0,2023-09-30,,18.09009,77.536949,soybean_mixed,2023.0,1.0,53.2,2,2.4,010809009025753695
UHSB,Pashapur,unlabelled,Kandgula,14.0,2023-10-07,ddmm_swapped_by_sequence,18.09009,77.536949,soybean_mixed,2023.0,2.0,46.75,2,2.4,010809009025753695
UHSB,Pashapur,unlabelled,Kandgula,14.0,2023-10-14,,18.09009,77.536949,soybean_mixed,2023.0,2.0,32.25,2,2.4,010809009025753695
UHSB,Pashapur,unlabelled,Kandgula,14.0,2023-10-21,,18.09009,77.536949,soybean_mixed,2023.0,2.0,27.3,2,2.4,010809009025753695
UHSB,Pashapur,unlabelled,Kandgula,14.0,2023-10-28,,18.09009,77.536949,pigeon_pea,2023.0,2.0,22.3,2,2.4,010809009025753695
UHSB,Pashapur,unlabelled,Kandgula,14.0,2023-11-04,ddmm_swapped_by_sequence,18.09009,77.536949,pigeon_pea,2023.0,2.0,15.205,2,3.0,010809009025753695
UHSB,Pashapur,unlabelled,Kandgula,14.0,2023-11-11,,18.09009,77.536949,pigeon_pea,2023.0,2.0,13.15,2,3.0,010809009025753695
UHSB,Pashapur,unlabelled,Kandgula,14.0,2023-11-18,,18.09009,77.536949,pigeon_pea,2023.0,2.0,14.0,2,3.0,010809009025753695
UHSB,Pashapur,unlabelled,Kandgula,14.0,2023-11-25,,18.09009,77.536949,pigeon_pea,2023.0,2.0,14.149999999999999,2,3.0,010809009025753695
UHSB,Pashapur,unlabelled,Kandgula,14.0,2023-12-02,ddmm_swapped_by_sequence,18.09009,77.536949,pigeon_pea,2023.0,2.0,34.2,2,3.0,010809009025753695
UHSB,Pashapur,unlabelled,Kandgula,14.0,2023-12-09,ddmm_swapped_by_sequence,18.09009,77.536949,pigeon_pea,2023.0,2.0,28.18,2,1.495,010809009025753695
UHSB,Pashapur,unlabelled,Kandgula,14.0,2023-12-16,,18.09009,77.536949,pigeon_pea,2023.0,2.0,25.25,2,1.495,010809009025753695
UHSB,Pashapur,unlabelled,Kandgula,14.0,2023-12-23,,18.09009,77.536949,pigeon_pea,2023.0,2.0,22.8,2,1.495,010809009025753695
UHSB,Pashapur,unlabelled,Kandgula,14.0,2023-12-30,,18.09009,77.536949,pigeon_pea,2023.0,2.0,26.950000000000003,2,1.495,010809009025753695
UHSB,Pashapur,unlabelled,Kandgula,14.0,2024-01-06,ddmm_swapped_by_sequence,18.09009,77.536949,no_crop,2023.0,2.0,25.4,2,1.495,010809009025753695
UHSB,Pashapur,unlabelled,Kandgula,14.0,2024-01-13,,18.09009,77.536949,no_crop,2023.0,2.0,22.2,2,1.495,010809009025753695
UHSB,Pashapur,unlabelled,Kandgula,14.0,2024-01-20,,18.09009,77.536949,no_crop,2023.0,2.0,21.200000000000003,2,1.495,010809009025753695
UHSB,Pashapur,unlabelled,Kandgula,14.0,2024-01-27,,18.09009,77.536949,no_crop,2023.0,2.0,19.2,2,1.495,010809009025753695
UHSB,Pashapur,unlabelled,Kandgula,14.0,2024-02-03,ddmm_swapped_by_sequence,18.09009,77.536949,no_crop,2023.0,2.0,18.85,2,1.525,010809009025753695
UHSB,Pashapur,unlabelled,Kandgula,14.0,2024-02-10,ddmm_swapped_by_sequence,18.09009,77.536949,no_crop,2023.0,2.0,17.25,2,1.525,010809009025753695
UHSB,Pashapur,unlabelled,Kandgula,14.0,2024-02-17,,18.09009,77.536949,no_crop,2023.0,2.0,15.649999999999999,2,1.525,010809009025753695
UHSB,Pashapur,unlabelled,Kandgula,14.0,2024-02-24,,18.09009,77.536949,no_crop,2023.0,2.0,16.15,2,1.525,010809009025753695
UHSB,Pashapur,unlabelled,Kandgula,14.0,2024-03-02,ddmm_swapped_by_sequence,18.09009,77.536949,no_crop,2024.0,3.0,12.469999999999999,2,1.5899999999999999,010809009025753695
UHSB,Pashapur,unlabelled,Kandgula,14.0,2024-03-09,ddmm_swapped_by_sequence,18.09009,77.536949,no_crop,2024.0,3.0,13.55,2,1.5899999999999999,010809009025753695
UHSB,Pashapur,unlabelled,Kandgula,14.0,2024-03-16,ddmm_kept_by_sequence,18.09009,77.536949,no_crop,2024.0,3.0,9.75,2,1.5899999999999999,010809009025753695
UHSB,Pashapur,unlabelled,Kandgula,14.0,2024-03-23,ddmm_kept_by_sequence,18.09009,77.536949,no_crop,2024.0,3.0,10.0,2,1.5899999999999999,010809009025753695
UHSB,Pashapur,unlabelled,Kandgula,14.0,2024-03-30,ddmm_kept_by_sequence,18.09009,77.536949,no_crop,2024.0,3.0,9.9,2,1.5899999999999999,010809009025753695
UHSB,Pashapur,unlabelled,Kandgula,14.0,2024-04-06,ddmm_swapped_by_sequence,18.09009,77.536949,no_crop,2024.0,3.0,11.15,2,1.5899999999999999,010809009025753695
UHSB,Pashapur,unlabelled,Kandgula,14.0,2024-04-13,ddmm_kept_by_sequence,18.09009,77.536949,no_crop,2024.0,3.0,12.1,2,1.5899999999999999,010809009025753695
UHSB,Pashapur,unlabelled,Kandgula,14.0,2024-04-20,ddmm_kept_by_sequence,18.09009,77.536949,no_crop,2024.0,3.0,11.600000000000001,2,1.4500000000000002,010809009025753695
UHSB,Pashapur,unlabelled,Kandgula,14.0,2024-04-27,ddmm_kept_by_sequence,18.09009,77.536949,no_crop,2024.0,3.0,9.65,2,1.4500000000000002,010809009025753695
UHSB,Pashapur,unlabelled,Kandgula,14.0,2024-05-04,ddmm_swapped_by_sequence,18.09009,77.536949,no_crop,2024.0,3.0,9.649999999999999,2,1.4500000000000002,010809009025753695
UHSB,Pashapur,unlabelled,Kandgula,15.0,2023-08-26,,18.098571,77.546512,soybean_mixed,2023.0,1.0,33.85,2,2.65,010809857025754651
UHSB,Pashapur,unlabelled,Kandgula,15.0,2023-09-02,ddmm_swapped_by_sequence,18.098571,77.546512,soybean_mixed,2023.0,1.0,33.0,2,2.65,010809857025754651
UHSB,Pashapur,unlabelled,Kandgula,15.0,2023-09-09,,18.098571,77.546512,soybean_mixed,2023.0,1.0,37.2,2,2.55,010809857025754651
UHSB,Pashapur,unlabelled,Kandgula,15.0,2023-09-16,,18.098571,77.546512,soybean_mixed,2023.0,1.0,43.2,2,2.5,010809857025754651
UHSB,Pashapur,unlabelled,Kandgula,15.0,2023-09-23,,18.098571,77.546512,soybean_mixed,2023.0,1.0,42.2,2,2.5,010809857025754651
UHSB,Pashapur,unlabelled,Kandgula,15.0,2023-09-30,,18.098571,77.546512,soybean_mixed,2023.0,1.0,43.2,2,2.5,010809857025754651
UHSB,Pashapur,unlabelled,Kandgula,15.0,2023-10-07,ddmm_swapped_by_sequence,18.098571,77.546512,soybean_mixed,2023.0,2.0,39.75,2,2.5,010809857025754651
UHSB,Pashapur,unlabelled,Kandgula,15.0,2023-10-14,,18.098571,77.546512,soybean_mixed,2023.0,2.0,25.950000000000003,2,2.5,010809857025754651
UHSB,Pashapur,unlabelled,Kandgula,15.0,2023-10-21,,18.098571,77.546512,soybean_mixed,2023.0,2.0,23.3,2,2.5,010809857025754651
UHSB,Pashapur,unlabelled,Kandgula,15.0,2023-10-28,,18.098571,77.546512,pigeon_pea,2023.0,2.0,16.950000000000003,2,2.5,010809857025754651
UHSB,Pashapur,unlabelled,Kandgula,15.0,2023-11-04,ddmm_swapped_by_sequence,18.098571,77.546512,pigeon_pea,2023.0,2.0,13.75,2,2.0,010809857025754651
UHSB,Pashapur,unlabelled,Kandgula,15.0,2023-11-11,,18.098571,77.546512,pigeon_pea,2023.0,2.0,12.5,2,2.0,010809857025754651
UHSB,Pashapur,unlabelled,Kandgula,15.0,2023-11-18,,18.098571,77.546512,pigeon_pea,2023.0,2.0,13.25,2,2.0,010809857025754651
UHSB,Pashapur,unlabelled,Kandgula,15.0,2023-11-25,,18.098571,77.546512,pigeon_pea,2023.0,2.0,13.75,2,2.0,010809857025754651
UHSB,Pashapur,unlabelled,Kandgula,15.0,2023-12-02,ddmm_swapped_by_sequence,18.098571,77.546512,pigeon_pea,2023.0,2.0,37.345,2,4.1,010809857025754651
UHSB,Pashapur,unlabelled,Kandgula,15.0,2023-12-09,ddmm_swapped_by_sequence,18.098571,77.546512,pigeon_pea,2023.0,2.0,37.345,2,4.1,010809857025754651
UHSB,Pashapur,unlabelled,Kandgula,15.0,2023-12-16,,18.098571,77.546512,pigeon_pea,2023.0,2.0,32.2,2,4.1,010809857025754651
UHSB,Pashapur,unlabelled,Kandgula,15.0,2023-12-23,,18.098571,77.546512,pigeon_pea,2023.0,2.0,30.15,2,4.1,010809857025754651
UHSB,Pashapur,unlabelled,Kandgula,15.0,2023-12-30,,18.098571,77.546512,pigeon_pea,2023.0,2.0,28.535,2,3.8,010809857025754651
UHSB,Pashapur,unlabelled,Kandgula,15.0,2024-01-06,ddmm_swapped_by_sequence,18.098571,77.546512,no_crop,2023.0,2.0,26.85,2,3.8,010809857025754651
UHSB,Pashapur,unlabelled,Kandgula,15.0,2024-01-13,,18.098571,77.546512,no_crop,2023.0,2.0,22.2,2,3.8,010809857025754651
UHSB,Pashapur,unlabelled,Kandgula,15.0,2024-01-20,,18.098571,77.546512,no_crop,2023.0,2.0,19.75,2,3.8,010809857025754651
UHSB,Pashapur,unlabelled,Kandgula,15.0,2024-01-27,,18.098571,77.546512,no_crop,2023.0,2.0,19.75,2,3.8,010809857025754651
UHSB,Pashapur,unlabelled,Kandgula,15.0,2024-02-03,ddmm_swapped_by_sequence,18.098571,77.546512,no_crop,2023.0,2.0,15.905000000000001,2,2.465,010809857025754651
UHSB,Pashapur,unlabelled,Kandgula,15.0,2024-02-10,ddmm_swapped_by_sequence,18.098571,77.546512,no_crop,2023.0,2.0,16.4,2,2.35,010809857025754651
UHSB,Pashapur,unlabelled,Kandgula,15.0,2024-02-17,,18.098571,77.546512,no_crop,2023.0,2.0,16.925,2,2.7800000000000002,010809857025754651
UHSB,Pashapur,unlabelled,Kandgula,15.0,2024-02-24,,18.098571,77.546512,no_crop,2023.0,2.0,17.25,2,2.7800000000000002,010809857025754651
UHSB,Pashapur,unlabelled,Kandgula,15.0,2024-03-02,ddmm_swapped_by_sequence,18.098571,77.546512,no_crop,2024.0,3.0,15.715,2,2.355,010809857025754651
UHSB,Pashapur,unlabelled,Kandgula,15.0,2024-03-09,ddmm_swapped_by_sequence,18.098571,77.546512,no_crop,2024.0,3.0,15.350000000000001,2,2.355,010809857025754651
UHSB,Pashapur,unlabelled,Kandgula,15.0,2024-03-16,ddmm_kept_by_sequence,18.098571,77.546512,no_crop,2024.0,3.0,15.115,2,2.255,010809857025754651
UHSB,Pashapur,unlabelled,Kandgula,15.0,2024-03-23,ddmm_kept_by_sequence,18.098571,77.546512,no_crop,2024.0,3.0,14.68,2,2.1550000000000002,010809857025754651
UHSB,Pashapur,unlabelled,Kandgula,15.0,2024-03-30,ddmm_kept_by_sequence,18.098571,77.546512,no_crop,2024.0,3.0,14.25,2,2.1550000000000002,010809857025754651
UHSB,Pashapur,unlabelled,Kandgula,15.0,2024-04-06,ddmm_swapped_by_sequence,18.098571,77.546512,no_crop,2024.0,3.0,16.05,2,2.0149999999999997,010809857025754651
UHSB,Pashapur,unlabelled,Kandgula,15.0,2024-04-13,ddmm_kept_by_sequence,18.098571,77.546512,no_crop,2024.0,3.0,14.899999999999999,2,2.0149999999999997,010809857025754651
UHSB,Pashapur,unlabelled,Kandgula,15.0,2024-04-20,ddmm_kept_by_sequence,18.098571,77.546512,no_crop,2024.0,3.0,13.8,2,2.0700000000000003,010809857025754651
UHSB,Pashapur,unlabelled,Kandgula,15.0,2024-04-27,ddmm_kept_by_sequence,18.098571,77.546512,no_crop,2024.0,3.0,12.895,2,2.0700000000000003,010809857025754651
UHSB,Pashapur,unlabelled,Kandgula,15.0,2024-05-04,ddmm_swapped_by_sequence,18.098571,77.546512,no_crop,2024.0,3.0,12.719999999999999,2,2.0149999999999997,010809857025754651
UHSB,Pashapur,unlabelled,Ladha 1,11.0,2023-08-26,,18.124582,77.4393,no_crop,2023.0,1.0,41.45,2,3.0,010812458025743930
UHSB,Pashapur,unlabelled,Ladha 1,11.0,2023-09-02,ddmm_swapped_by_sequence,18.124582,77.4393,no_crop,2023.0,1.0,38.400000000000006,2,2.9000000000000004,010812458025743930
UHSB,Pashapur,unlabelled,Ladha 1,11.0,2023-09-09,,18.124582,77.4393,no_crop,2023.0,1.0,41.25,2,3.0599999999999996,010812458025743930
UHSB,Pashapur,unlabelled,Ladha 1,11.0,2023-09-16,,18.124582,77.4393,no_crop,2023.0,1.0,45.55,2,3.05,010812458025743930
UHSB,Pashapur,unlabelled,Ladha 1,11.0,2023-09-23,,18.124582,77.4393,no_crop,2023.0,1.0,43.150000000000006,2,3.05,010812458025743930
UHSB,Pashapur,unlabelled,Ladha 1,11.0,2023-09-30,,18.124582,77.4393,no_crop,2023.0,1.0,45.25,2,3.05,010812458025743930
UHSB,Pashapur,unlabelled,Ladha 1,11.0,2023-10-07,ddmm_swapped_by_sequence,18.124582,77.4393,no_crop,2023.0,2.0,39.7,2,3.05,010812458025743930
UHSB,Pashapur,unlabelled,Ladha 1,11.0,2023-10-14,,18.124582,77.4393,no_crop,2023.0,2.0,15.55,2,3.05,010812458025743930
UHSB,Pashapur,unlabelled,Ladha 1,11.0,2023-10-21,,18.124582,77.4393,no_crop,2023.0,2.0,14.25,2,3.1,010812458025743930
UHSB,Pashapur,unlabelled,Ladha 1,11.0,2023-10-28,,18.124582,77.4393,no_crop,2023.0,2.0,10.7,2,2.25,010812458025743930
UHSB,Pashapur,unlabelled,Ladha 1,11.0,2023-11-04,ddmm_swapped_by_sequence,18.124582,77.4393,no_crop,2023.0,2.0,10.7,2,2.04,010812458025743930
UHSB,Pashapur,unlabelled,Ladha 1,11.0,2023-11-11,,18.124582,77.4393,no_crop,2023.0,2.0,9.5,2,2.04,010812458025743930
UHSB,Pashapur,unlabelled,Ladha 1,11.0,2023-11-18,,18.124582,77.4393,no_crop,2023.0,2.0,10.524999999999999,2,1.225,010812458025743930
UHSB,Pashapur,unlabelled,Ladha 1,11.0,2023-11-25,,18.124582,77.4393,no_crop,2023.0,2.0,11.25,2,1.225,010812458025743930
UHSB,Pashapur,unlabelled,Ladha 1,11.0,2023-12-02,ddmm_swapped_by_sequence,18.124582,77.4393,no_crop,2023.0,2.0,13.780000000000001,2,1.315,010812458025743930
UHSB,Pashapur,unlabelled,Ladha 1,11.0,2023-12-09,ddmm_swapped_by_sequence,18.124582,77.4393,no_crop,2023.0,2.0,16.439999999999998,2,2.065,010812458025743930
UHSB,Pashapur,unlabelled,Ladha 1,11.0,2023-12-16,,18.124582,77.4393,no_crop,2023.0,2.0,13.899999999999999,2,2.065,010812458025743930
UHSB,Pashapur,unlabelled,Ladha 1,11.0,2023-12-23,,18.124582,77.4393,no_crop,2023.0,2.0,12.8,2,2.065,010812458025743930
UHSB,Pashapur,unlabelled,Ladha 1,11.0,2023-12-30,,18.124582,77.4393,no_crop,2023.0,2.0,11.7,2,2.0,010812458025743930
UHSB,Pashapur,unlabelled,Ladha 1,11.0,2024-01-06,ddmm_swapped_by_sequence,18.124582,77.4393,no_crop,2023.0,2.0,10.865,2,2.0,010812458025743930
UHSB,Pashapur,unlabelled,Ladha 1,11.0,2024-01-13,,18.124582,77.4393,no_crop,2023.0,2.0,9.649999999999999,2,2.0,010812458025743930
UHSB,Pashapur,unlabelled,Ladha 1,11.0,2024-01-20,,18.124582,77.4393,no_crop,2023.0,2.0,9.1,2,2.0,010812458025743930
UHSB,Pashapur,unlabelled,Ladha 1,11.0,2024-01-27,,18.124582,77.4393,no_crop,2023.0,2.0,8.25,2,2.0,010812458025743930
UHSB,Pashapur,unlabelled,Ladha 1,11.0,2024-02-03,ddmm_swapped_by_sequence,18.124582,77.4393,no_crop,2023.0,2.0,7.95,2,2.05,010812458025743930
UHSB,Pashapur,unlabelled,Ladha 1,11.0,2024-02-10,ddmm_swapped_by_sequence,18.124582,77.4393,no_crop,2023.0,2.0,9.05,2,2.05,010812458025743930
UHSB,Pashapur,unlabelled,Ladha 1,11.0,2024-02-17,,18.124582,77.4393,no_crop,2023.0,2.0,11.6,1,1.25,010812458025743930
UHSB,Pashapur,unlabelled,Ladha 1,11.0,2024-02-24,,18.124582,77.4393,no_crop,2023.0,2.0,12.3,1,1.25,010812458025743930
UHSB,Pashapur,unlabelled,Ladha 1,11.0,2024-03-02,ddmm_swapped_by_sequence,18.124582,77.4393,no_crop,2024.0,3.0,13.55,1,1.56,010812458025743930
UHSB,Pashapur,unlabelled,Ladha 1,11.0,2024-03-09,ddmm_swapped_by_sequence,18.124582,77.4393,no_crop,2024.0,3.0,12.8,1,1.56,010812458025743930
UHSB,Pashapur,unlabelled,Ladha 1,11.0,2024-03-16,ddmm_kept_by_sequence,18.124582,77.4393,no_crop,2024.0,3.0,13.55,1,1.56,010812458025743930
UHSB,Pashapur,unlabelled,Ladha 1,11.0,2024-03-23,ddmm_kept_by_sequence,18.124582,77.4393,no_crop,2024.0,3.0,13.55,1,1.56,010812458025743930
UHSB,Pashapur,unlabelled,Ladha 1,11.0,2024-03-30,ddmm_kept_by_sequence,18.124582,77.4393,no_crop,2024.0,3.0,13.5,1,1.73,010812458025743930
UHSB,Pashapur,unlabelled,Ladha 1,11.0,2024-04-06,ddmm_swapped_by_sequence,18.124582,77.4393,no_crop,2024.0,3.0,13.63,1,1.63,010812458025743930
UHSB,Pashapur,unlabelled,Ladha 1,11.0,2024-04-13,ddmm_kept_by_sequence,18.124582,77.4393,no_crop,2024.0,3.0,12.3,1,1.63,010812458025743930
UHSB,Pashapur,unlabelled,Ladha 1,11.0,2024-04-20,ddmm_kept_by_sequence,18.124582,77.4393,no_crop,2024.0,3.0,11.2,1,1.63,010812458025743930
UHSB,Pashapur,unlabelled,Ladha 1,11.0,2024-04-27,ddmm_kept_by_sequence,18.124582,77.4393,no_crop,2024.0,3.0,17.2,1,2.19,010812458025743930
UHSB,Pashapur,unlabelled,Ladha 1,11.0,2024-05-04,ddmm_swapped_by_sequence,18.124582,77.4393,no_crop,2024.0,3.0,17.16,1,2.38,010812458025743930
UHSB,Pashapur,unlabelled,Ladha 1,12.0,2023-08-26,,18.119301,77.436416,no_crop,2023.0,1.0,21.2,1,2.3,010811930025743642
UHSB,Pashapur,unlabelled,Ladha 1,12.0,2023-09-02,ddmm_swapped_by_sequence,18.119301,77.436416,no_crop,2023.0,1.0,19.7,1,2.4,010811930025743642
UHSB,Pashapur,unlabelled,Ladha 1,12.0,2023-09-09,,18.119301,77.436416,no_crop,2023.0,1.0,15.9,1,2.33,010811930025743642
UHSB,Pashapur,unlabelled,Ladha 1,12.0,2023-09-16,,18.119301,77.436416,no_crop,2023.0,1.0,40.2,1,2.2,010811930025743642
UHSB,Pashapur,unlabelled,Ladha 1,12.0,2023-09-23,,18.119301,77.436416,no_crop,2023.0,1.0,35.6,1,2.2,010811930025743642
UHSB,Pashapur,unlabelled,Ladha 1,12.0,2023-09-30,,18.119301,77.436416,no_crop,2023.0,1.0,39.3,1,2.2,010811930025743642
UHSB,Pashapur,unlabelled,Ladha 1,12.0,2023-10-07,ddmm_swapped_by_sequence,18.119301,77.436416,no_crop,2023.0,2.0,26.3,1,2.3,010811930025743642
UHSB,Pashapur,unlabelled,Ladha 1,12.0,2023-10-14,,18.119301,77.436416,no_crop,2023.0,2.0,12.51,1,1.2,010811930025743642
UHSB,Pashapur,unlabelled,Ladha 1,12.0,2023-10-21,,18.119301,77.436416,no_crop,2023.0,2.0,11.3,1,1.5,010811930025743642
UHSB,Pashapur,unlabelled,Ladha 1,12.0,2023-10-28,,18.119301,77.436416,no_crop,2023.0,2.0,8.6,1,1.5,010811930025743642
UHSB,Pashapur,unlabelled,Ladha 1,12.0,2023-11-04,ddmm_swapped_by_sequence,18.119301,77.436416,no_crop,2023.0,2.0,5.46,1,1.433,010811930025743642
UHSB,Pashapur,unlabelled,Ladha 1,12.0,2023-11-11,,18.119301,77.436416,no_crop,2023.0,2.0,5.9,1,1.433,010811930025743642
UHSB,Pashapur,unlabelled,Ladha 1,12.0,2023-11-18,,18.119301,77.436416,no_crop,2023.0,2.0,5.5,1,1.433,010811930025743642
UHSB,Pashapur,unlabelled,Ladha 1,12.0,2023-11-25,,18.119301,77.436416,no_crop,2023.0,2.0,6.0,1,1.433,010811930025743642
UHSB,Pashapur,unlabelled,Ladha 1,12.0,2023-12-02,ddmm_swapped_by_sequence,18.119301,77.436416,no_crop,2023.0,2.0,18.5,1,2.55,010811930025743642
UHSB,Pashapur,unlabelled,Ladha 1,12.0,2023-12-09,ddmm_swapped_by_sequence,18.119301,77.436416,no_crop,2023.0,2.0,16.68,1,2.25,010811930025743642
UHSB,Pashapur,unlabelled,Ladha 1,12.0,2023-12-16,,18.119301,77.436416,no_crop,2023.0,2.0,14.5,1,2.25,010811930025743642
UHSB,Pashapur,unlabelled,Ladha 1,12.0,2023-12-23,,18.119301,77.436416,no_crop,2023.0,2.0,12.3,1,2.25,010811930025743642
UHSB,Pashapur,unlabelled,Ladha 1,12.0,2023-12-30,,18.119301,77.436416,no_crop,2023.0,2.0,9.05,1,1.62,010811930025743642
UHSB,Pashapur,unlabelled,Ladha 1,12.0,2024-01-06,ddmm_swapped_by_sequence,18.119301,77.436416,no_crop,2023.0,2.0,8.9,1,1.7,010811930025743642
UHSB,Pashapur,unlabelled,Ladha 1,12.0,2024-01-13,,18.119301,77.436416,no_crop,2023.0,2.0,8.0,1,1.7,010811930025743642
UHSB,Pashapur,unlabelled,Ladha 1,12.0,2024-01-20,,18.119301,77.436416,no_crop,2023.0,2.0,7.6,1,1.65,010811930025743642
UHSB,Pashapur,unlabelled,Ladha 1,12.0,2024-01-27,,18.119301,77.436416,no_crop,2023.0,2.0,7.0,1,1.65,010811930025743642
UHSB,Pashapur,unlabelled,Ladha 1,12.0,2024-02-03,ddmm_swapped_by_sequence,18.119301,77.436416,no_crop,2023.0,2.0,6.9,1,1.74,010811930025743642
UHSB,Pashapur,unlabelled,Ladha 1,12.0,2024-02-10,ddmm_swapped_by_sequence,18.119301,77.436416,no_crop,2023.0,2.0,6.1,1,1.74,010811930025743642
UHSB,Pashapur,unlabelled,Ladha 1,12.0,2024-02-17,,18.119301,77.436416,no_crop,2023.0,2.0,6.0,1,1.5,010811930025743642
UHSB,Pashapur,unlabelled,Ladha 1,12.0,2024-02-24,,18.119301,77.436416,no_crop,2023.0,2.0,6.3,1,1.5,010811930025743642
UHSB,Pashapur,unlabelled,Ladha 1,12.0,2024-03-02,ddmm_swapped_by_sequence,18.119301,77.436416,no_crop,2024.0,3.0,14.3,1,1.67,010811930025743642
UHSB,Pashapur,unlabelled,Ladha 1,12.0,2024-03-09,ddmm_swapped_by_sequence,18.119301,77.436416,no_crop,2024.0,3.0,12.9,1,1.67,010811930025743642
UHSB,Pashapur,unlabelled,Ladha 1,12.0,2024-03-16,ddmm_kept_by_sequence,18.119301,77.436416,no_crop,2024.0,3.0,14.3,1,1.67,010811930025743642
UHSB,Pashapur,unlabelled,Ladha 1,12.0,2024-03-23,ddmm_kept_by_sequence,18.119301,77.436416,no_crop,2024.0,3.0,14.3,1,1.67,010811930025743642
UHSB,Pashapur,unlabelled,Ladha 1,12.0,2024-03-30,ddmm_kept_by_sequence,18.119301,77.436416,no_crop,2024.0,3.0,13.54,1,1.62,010811930025743642
UHSB,Pashapur,unlabelled,Ladha 1,12.0,2024-04-06,ddmm_swapped_by_sequence,18.119301,77.436416,no_crop,2024.0,3.0,13.22,1,1.55,010811930025743642
UHSB,Pashapur,unlabelled,Ladha 1,12.0,2024-04-13,ddmm_kept_by_sequence,18.119301,77.436416,no_crop,2024.0,3.0,12.0,1,1.55,010811930025743642
UHSB,Pashapur,unlabelled,Ladha 1,12.0,2024-04-20,ddmm_kept_by_sequence,18.119301,77.436416,no_crop,2024.0,3.0,11.9,1,1.55,010811930025743642
UHSB,Pashapur,unlabelled,Ladha 1,12.0,2024-04-27,ddmm_kept_by_sequence,18.119301,77.436416,no_crop,2024.0,3.0,24.27,1,2.97,010811930025743642
UHSB,Pashapur,unlabelled,Ladha 1,12.0,2024-05-04,ddmm_swapped_by_sequence,18.119301,77.436416,no_crop,2024.0,3.0,21.96,1,2.95,010811930025743642
UHSB,Pashapur,unlabelled,Ladha 1,9.0,2023-08-26,,18.111395,77.430901,soybean_mixed,2023.0,1.0,33.650000000000006,2,2.05,010811140025743090
UHSB,Pashapur,unlabelled,Ladha 1,9.0,2023-09-02,ddmm_swapped_by_sequence,18.111395,77.430901,soybean_mixed,2023.0,1.0,32.2,2,2.15,010811140025743090
UHSB,Pashapur,unlabelled,Ladha 1,9.0,2023-09-09,,18.111395,77.430901,soybean_mixed,2023.0,1.0,36.85,2,2.1,010811140025743090
UHSB,Pashapur,unlabelled,Ladha 1,9.0,2023-09-16,,18.111395,77.430901,soybean_mixed,2023.0,1.0,45.2,2,2.25,010811140025743090
UHSB,Pashapur,unlabelled,Ladha 1,9.0,2023-09-23,,18.111395,77.430901,soybean_mixed,2023.0,1.0,42.85,2,2.25,010811140025743090
UHSB,Pashapur,unlabelled,Ladha 1,9.0,2023-09-30,,18.111395,77.430901,soybean_mixed,2023.0,1.0,44.400000000000006,2,2.25,010811140025743090
UHSB,Pashapur,unlabelled,Ladha 1,9.0,2023-10-07,ddmm_swapped_by_sequence,18.111395,77.430901,soybean_mixed,2023.0,2.0,39.3,2,2.25,010811140025743090
UHSB,Pashapur,unlabelled,Ladha 1,9.0,2023-10-14,,18.111395,77.430901,soybean_mixed,2023.0,2.0,18.4,2,2.6500000000000004,010811140025743090
UHSB,Pashapur,unlabelled,Ladha 1,9.0,2023-10-21,,18.111395,77.430901,soybean_mixed,2023.0,2.0,16.95,2,2.6500000000000004,010811140025743090
UHSB,Pashapur,unlabelled,Ladha 1,9.0,2023-10-28,,18.111395,77.430901,pigeon_pea,2023.0,2.0,15.649999999999999,2,2.5,010811140025743090
UHSB,Pashapur,unlabelled,Ladha 1,9.0,2023-11-04,ddmm_swapped_by_sequence,18.111395,77.430901,pigeon_pea,2023.0,2.0,13.2,2,2.5,010811140025743090
UHSB,Pashapur,unlabelled,Ladha 1,9.0,2023-11-11,,18.111395,77.430901,pigeon_pea,2023.0,2.0,12.3,2,2.5,010811140025743090
UHSB,Pashapur,unlabelled,Ladha 1,9.0,2023-11-18,,18.111395,77.430901,pigeon_pea,2023.0,2.0,12.6,2,2.5,010811140025743090
UHSB,Pashapur,unlabelled,Ladha 1,9.0,2023-11-25,,18.111395,77.430901,pigeon_pea,2023.0,2.0,12.2,2,2.5,010811140025743090
UHSB,Pashapur,unlabelled,Ladha 1,9.0,2023-12-02,ddmm_swapped_by_sequence,18.111395,77.430901,pigeon_pea,2023.0,2.0,26.775,2,2.935,010811140025743090
UHSB,Pashapur,unlabelled,Ladha 1,9.0,2023-12-09,ddmm_swapped_by_sequence,18.111395,77.430901,pigeon_pea,2023.0,2.0,25.5,2,2.935,010811140025743090
UHSB,Pashapur,unlabelled,Ladha 1,9.0,2023-12-16,,18.111395,77.430901,pigeon_pea,2023.0,2.0,20.5,2,2.935,010811140025743090
UHSB,Pashapur,unlabelled,Ladha 1,9.0,2023-12-23,,18.111395,77.430901,pigeon_pea,2023.0,2.0,19.65,2,2.935,010811140025743090
UHSB,Pashapur,unlabelled,Ladha 1,9.0,2023-12-30,,18.111395,77.430901,pigeon_pea,2023.0,2.0,18.115000000000002,2,2.8099999999999996,010811140025743090
UHSB,Pashapur,unlabelled,Ladha 1,9.0,2024-01-06,ddmm_swapped_by_sequence,18.111395,77.430901,no_crop,2023.0,2.0,14.899999999999999,2,2.8099999999999996,010811140025743090
UHSB,Pashapur,unlabelled,Ladha 1,9.0,2024-01-13,,18.111395,77.430901,no_crop,2023.0,2.0,14.1,2,2.8099999999999996,010811140025743090
UHSB,Pashapur,unlabelled,Ladha 1,9.0,2024-01-20,,18.111395,77.430901,no_crop,2023.0,2.0,12.6,2,2.8099999999999996,010811140025743090
UHSB,Pashapur,unlabelled,Ladha 1,9.0,2024-01-27,,18.111395,77.430901,no_crop,2023.0,2.0,10.6,2,2.8099999999999996,010811140025743090
UHSB,Pashapur,unlabelled,Ladha 1,9.0,2024-02-03,ddmm_swapped_by_sequence,18.111395,77.430901,no_crop,2023.0,2.0,10.6,2,2.8099999999999996,010811140025743090
UHSB,Pashapur,unlabelled,Ladha 1,9.0,2024-02-10,ddmm_swapped_by_sequence,18.111395,77.430901,no_crop,2023.0,2.0,9.55,2,2.8099999999999996,010811140025743090
UHSB,Pashapur,unlabelled,Ladha 1,9.0,2024-02-17,,18.111395,77.430901,no_crop,2023.0,2.0,8.55,2,2.8099999999999996,010811140025743090
UHSB,Pashapur,unlabelled,Ladha 1,9.0,2024-02-24,,18.111395,77.430901,no_crop,2023.0,2.0,8.5,2,2.75,010811140025743090
UHSB,Pashapur,unlabelled,Ladha 1,9.0,2024-03-02,ddmm_swapped_by_sequence,18.111395,77.430901,no_crop,2024.0,3.0,8.03,2,1.625,010811140025743090
UHSB,Pashapur,unlabelled,Ladha 1,9.0,2024-03-09,ddmm_swapped_by_sequence,18.111395,77.430901,no_crop,2024.0,3.0,7.949999999999999,2,1.625,010811140025743090
UHSB,Pashapur,unlabelled,Ladha 1,9.0,2024-03-16,ddmm_kept_by_sequence,18.111395,77.430901,no_crop,2024.0,3.0,8.1,2,1.625,010811140025743090
UHSB,Pashapur,unlabelled,Ladha 1,9.0,2024-03-23,ddmm_kept_by_sequence,18.111395,77.430901,no_crop,2024.0,3.0,7.98,2,1.375,010811140025743090
UHSB,Pashapur,unlabelled,Ladha 1,9.0,2024-03-30,ddmm_kept_by_sequence,18.111395,77.430901,no_crop,2024.0,3.0,7.449999999999999,2,1.4,010811140025743090
UHSB,Pashapur,unlabelled,Ladha 1,9.0,2024-04-06,ddmm_swapped_by_sequence,18.111395,77.430901,no_crop,2024.0,3.0,9.0,2,1.5,010811140025743090
UHSB,Pashapur,unlabelled,Ladha 1,9.0,2024-04-13,ddmm_kept_by_sequence,18.111395,77.430901,no_crop,2024.0,3.0,8.8,2,1.5,010811140025743090
UHSB,Pashapur,unlabelled,Ladha 1,9.0,2024-04-20,ddmm_kept_by_sequence,18.111395,77.430901,no_crop,2024.0,3.0,8.55,2,1.5,010811140025743090
UHSB,Pashapur,unlabelled,Ladha 1,9.0,2024-04-27,ddmm_kept_by_sequence,18.111395,77.430901,no_crop,2024.0,3.0,7.6,2,1.5,010811140025743090
UHSB,Pashapur,unlabelled,Ladha 1,9.0,2024-05-04,ddmm_swapped_by_sequence,18.111395,77.430901,no_crop,2024.0,3.0,7.4,2,1.5,010811140025743090
UHSB,Pashapur,unlabelled,Ladha 2,10.0,2023-08-26,,18.08432,77.442383,soybean_mixed,2023.0,1.0,43.85,2,2.0,010808432025744238
UHSB,Pashapur,unlabelled,Ladha 2,10.0,2023-09-02,ddmm_swapped_by_sequence,18.08432,77.442383,soybean_mixed,2023.0,1.0,41.75,2,1.9,010808432025744238
UHSB,Pashapur,unlabelled,Ladha 2,10.0,2023-09-09,,18.08432,77.442383,soybean_mixed,2023.0,1.0,52.75,2,1.9,010808432025744238
UHSB,Pashapur,unlabelled,Ladha 2,10.0,2023-09-16,,18.08432,77.442383,soybean_mixed,2023.0,1.0,56.05,2,2.0,010808432025744238
UHSB,Pashapur,unlabelled,Ladha 2,10.0,2023-09-23,,18.08432,77.442383,soybean_mixed,2023.0,1.0,52.7,2,2.0,010808432025744238
UHSB,Pashapur,unlabelled,Ladha 2,10.0,2023-09-30,,18.08432,77.442383,soybean_mixed,2023.0,1.0,54.25,2,1.95,010808432025744238
UHSB,Pashapur,unlabelled,Ladha 2,10.0,2023-10-07,ddmm_swapped_by_sequence,18.08432,77.442383,soybean_mixed,2023.0,2.0,47.75,2,1.95,010808432025744238
UHSB,Pashapur,unlabelled,Ladha 2,10.0,2023-10-14,,18.08432,77.442383,soybean_mixed,2023.0,2.0,42.25,2,2.0,010808432025744238
UHSB,Pashapur,unlabelled,Ladha 2,10.0,2023-10-21,,18.08432,77.442383,soybean_mixed,2023.0,2.0,40.35,2,2.1,010808432025744238
UHSB,Pashapur,unlabelled,Ladha 2,10.0,2023-10-28,,18.08432,77.442383,pigeon_pea,2023.0,2.0,29.3,2,3.05,010808432025744238
UHSB,Pashapur,unlabelled,Ladha 2,10.0,2023-11-04,ddmm_swapped_by_sequence,18.08432,77.442383,pigeon_pea,2023.0,2.0,18.1,2,3.115,010808432025744238
UHSB,Pashapur,unlabelled,Ladha 2,10.0,2023-11-11,,18.08432,77.442383,pigeon_pea,2023.0,2.0,16.55,2,3.115,010808432025744238
UHSB,Pashapur,unlabelled,Ladha 2,10.0,2023-11-18,,18.08432,77.442383,pigeon_pea,2023.0,2.0,15.445,2,3.115,010808432025744238
UHSB,Pashapur,unlabelled,Ladha 2,10.0,2023-11-25,,18.08432,77.442383,pigeon_pea,2023.0,2.0,15.25,2,3.115,010808432025744238
UHSB,Pashapur,unlabelled,Ladha 2,10.0,2023-12-02,ddmm_swapped_by_sequence,18.08432,77.442383,pigeon_pea,2023.0,2.0,34.0,2,3.115,010808432025744238
UHSB,Pashapur,unlabelled,Ladha 2,10.0,2023-12-09,ddmm_swapped_by_sequence,18.08432,77.442383,pigeon_pea,2023.0,2.0,32.2,2,3.115,010808432025744238
UHSB,Pashapur,unlabelled,Ladha 2,10.0,2023-12-16,,18.08432,77.442383,pigeon_pea,2023.0,2.0,28.7,2,3.115,010808432025744238
UHSB,Pashapur,unlabelled,Ladha 2,10.0,2023-12-23,,18.08432,77.442383,pigeon_pea,2023.0,2.0,27.3,2,3.115,010808432025744238
UHSB,Pashapur,unlabelled,Ladha 2,10.0,2023-12-30,,18.08432,77.442383,pigeon_pea,2023.0,2.0,29.3,2,3.115,010808432025744238
UHSB,Pashapur,unlabelled,Ladha 2,10.0,2024-01-06,ddmm_swapped_by_sequence,18.08432,77.442383,no_crop,2023.0,2.0,27.95,2,3.25,010808432025744238
UHSB,Pashapur,unlabelled,Ladha 2,10.0,2024-01-13,,18.08432,77.442383,no_crop,2023.0,2.0,25.700000000000003,2,3.25,010808432025744238
UHSB,Pashapur,unlabelled,Ladha 2,10.0,2024-01-20,,18.08432,77.442383,no_crop,2023.0,2.0,23.200000000000003,2,3.25,010808432025744238
UHSB,Pashapur,unlabelled,Ladha 2,10.0,2024-01-27,,18.08432,77.442383,no_crop,2023.0,2.0,21.35,2,3.25,010808432025744238
UHSB,Pashapur,unlabelled,Ladha 2,10.0,2024-02-03,ddmm_swapped_by_sequence,18.08432,77.442383,no_crop,2023.0,2.0,19.65,2,3.25,010808432025744238
UHSB,Pashapur,unlabelled,Ladha 2,10.0,2024-02-10,ddmm_swapped_by_sequence,18.08432,77.442383,no_crop,2023.0,2.0,18.95,2,3.25,010808432025744238
UHSB,Pashapur,unlabelled,Ladha 2,10.0,2024-02-17,,18.08432,77.442383,no_crop,2023.0,2.0,17.75,2,3.25,010808432025744238
UHSB,Pashapur,unlabelled,Ladha 2,10.0,2024-02-24,,18.08432,77.442383,no_crop,2023.0,2.0,16.65,2,3.1500000000000004,010808432025744238
UHSB,Pashapur,unlabelled,Ladha 2,10.0,2024-03-02,ddmm_swapped_by_sequence,18.08432,77.442383,no_crop,2024.0,3.0,14.95,2,3.1500000000000004,010808432025744238
UHSB,Pashapur,unlabelled,Ladha 2,10.0,2024-03-09,ddmm_swapped_by_sequence,18.08432,77.442383,no_crop,2024.0,3.0,14.350000000000001,2,3.1500000000000004,010808432025744238
UHSB,Pashapur,unlabelled,Ladha 2,10.0,2024-03-16,ddmm_kept_by_sequence,18.08432,77.442383,no_crop,2024.0,3.0,13.3,2,1.9649999999999999,010808432025744238
UHSB,Pashapur,unlabelled,Ladha 2,10.0,2024-03-23,ddmm_kept_by_sequence,18.08432,77.442383,no_crop,2024.0,3.0,13.399999999999999,2,1.9649999999999999,010808432025744238
UHSB,Pashapur,unlabelled,Ladha 2,10.0,2024-03-30,ddmm_kept_by_sequence,18.08432,77.442383,no_crop,2024.0,3.0,14.11,2,2.0700000000000003,010808432025744238
UHSB,Pashapur,unlabelled,Ladha 2,10.0,2024-04-06,ddmm_swapped_by_sequence,18.08432,77.442383,no_crop,2024.0,3.0,14.96,2,2.15,010808432025744238
UHSB,Pashapur,unlabelled,Ladha 2,10.0,2024-04-13,ddmm_kept_by_sequence,18.08432,77.442383,no_crop,2024.0,3.0,14.95,2,2.15,010808432025744238
UHSB,Pashapur,unlabelled,Ladha 2,10.0,2024-04-20,ddmm_kept_by_sequence,18.08432,77.442383,no_crop,2024.0,3.0,14.850000000000001,2,2.15,010808432025744238
UHSB,Pashapur,unlabelled,Ladha 2,10.0,2024-04-27,ddmm_kept_by_sequence,18.08432,77.442383,no_crop,2024.0,3.0,14.64,2,2.1399999999999997,010808432025744238
UHSB,Pashapur,unlabelled,Ladha 2,10.0,2024-05-04,ddmm_swapped_by_sequence,18.08432,77.442383,no_crop,2024.0,3.0,14.05,2,1.97,010808432025744238
UHSB,Pashapur,unlabelled,Ladha 2,16.0,2023-08-26,,18.090017,77.450232,soybean_mixed,2023.0,1.0,39.55,2,1.55,010809002025745023
UHSB,Pashapur,unlabelled,Ladha 2,16.0,2023-09-02,ddmm_swapped_by_sequence,18.090017,77.450232,soybean_mixed,2023.0,1.0,34.7,2,1.65,010809002025745023
UHSB,Pashapur,unlabelled,Ladha 2,16.0,2023-09-09,,18.090017,77.450232,soybean_mixed,2023.0,1.0,55.75,2,1.45,010809002025745023
UHSB,Pashapur,unlabelled,Ladha 2,16.0,2023-09-16,,18.090017,77.450232,soybean_mixed,2023.0,1.0,57.2,2,1.35,010809002025745023
UHSB,Pashapur,unlabelled,Ladha 2,16.0,2023-09-23,,18.090017,77.450232,soybean_mixed,2023.0,1.0,53.25,2,1.35,010809002025745023
UHSB,Pashapur,unlabelled,Ladha 2,16.0,2023-09-30,,18.090017,77.450232,soybean_mixed,2023.0,1.0,54.900000000000006,2,1.35,010809002025745023
UHSB,Pashapur,unlabelled,Ladha 2,16.0,2023-10-07,ddmm_swapped_by_sequence,18.090017,77.450232,soybean_mixed,2023.0,2.0,45.7,2,1.45,010809002025745023
UHSB,Pashapur,unlabelled,Ladha 2,16.0,2023-10-14,,18.090017,77.450232,soybean_mixed,2023.0,2.0,33.3,2,1.55,010809002025745023
UHSB,Pashapur,unlabelled,Ladha 2,16.0,2023-10-21,,18.090017,77.450232,soybean_mixed,2023.0,2.0,31.700000000000003,2,1.55,010809002025745023
UHSB,Pashapur,unlabelled,Ladha 2,16.0,2023-10-28,,18.090017,77.450232,no_crop,2023.0,2.0,20.65,2,1.55,010809002025745023
UHSB,Pashapur,unlabelled,Ladha 2,16.0,2023-11-04,ddmm_swapped_by_sequence,18.090017,77.450232,no_crop,2023.0,2.0,6.5600000000000005,2,1.45,010809002025745023
UHSB,Pashapur,unlabelled,Ladha 2,16.0,2023-11-11,,18.090017,77.450232,no_crop,2023.0,2.0,6.65,2,1.45,010809002025745023
UHSB,Pashapur,unlabelled,Ladha 2,16.0,2023-11-18,,18.090017,77.450232,no_crop,2023.0,2.0,6.9,2,1.45,010809002025745023
UHSB,Pashapur,unlabelled,Ladha 2,16.0,2023-11-25,,18.090017,77.450232,no_crop,2023.0,2.0,7.5,2,1.45,010809002025745023
UHSB,Pashapur,unlabelled,Ladha 2,16.0,2023-12-02,ddmm_swapped_by_sequence,18.090017,77.450232,no_crop,2023.0,2.0,16.325,2,2.15,010809002025745023
UHSB,Pashapur,unlabelled,Ladha 2,16.0,2023-12-09,ddmm_swapped_by_sequence,18.090017,77.450232,no_crop,2023.0,2.0,17.35,2,2.3449999999999998,010809002025745023
UHSB,Pashapur,unlabelled,Ladha 2,16.0,2023-12-16,,18.090017,77.450232,no_crop,2023.0,2.0,18.299999999999997,2,2.3449999999999998,010809002025745023
UHSB,Pashapur,unlabelled,Ladha 2,16.0,2023-12-23,,18.090017,77.450232,no_crop,2023.0,2.0,17.25,2,2.3449999999999998,010809002025745023
UHSB,Pashapur,unlabelled,Ladha 2,16.0,2023-12-30,,18.090017,77.450232,no_crop,2023.0,2.0,19.96,2,2.36,010809002025745023
UHSB,Pashapur,unlabelled,Ladha 2,16.0,2024-01-06,ddmm_swapped_by_sequence,18.090017,77.450232,no_crop,2023.0,2.0,17.9,2,2.25,010809002025745023
UHSB,Pashapur,unlabelled,Ladha 2,16.0,2024-01-13,,18.090017,77.450232,no_crop,2023.0,2.0,16.25,2,2.25,010809002025745023
UHSB,Pashapur,unlabelled,Ladha 2,16.0,2024-01-20,,18.090017,77.450232,no_crop,2023.0,2.0,14.5,2,2.25,010809002025745023
UHSB,Pashapur,unlabelled,Ladha 2,16.0,2024-01-27,,18.090017,77.450232,no_crop,2023.0,2.0,12.3,2,2.25,010809002025745023
UHSB,Pashapur,unlabelled,Ladha 2,16.0,2024-02-03,ddmm_swapped_by_sequence,18.090017,77.450232,no_crop,2023.0,2.0,11.57,2,1.54,010809002025745023
UHSB,Pashapur,unlabelled,Ladha 2,16.0,2024-02-10,ddmm_swapped_by_sequence,18.090017,77.450232,no_crop,2023.0,2.0,9.55,2,1.54,010809002025745023
UHSB,Pashapur,unlabelled,Ladha 2,16.0,2024-02-17,,18.090017,77.450232,no_crop,2023.0,2.0,9.315000000000001,2,1.49,010809002025745023
UHSB,Pashapur,unlabelled,Ladha 2,16.0,2024-02-24,,18.090017,77.450232,no_crop,2023.0,2.0,9.35,2,1.45,010809002025745023
UHSB,Pashapur,unlabelled,Ladha 2,16.0,2024-03-02,ddmm_swapped_by_sequence,18.090017,77.450232,no_crop,2024.0,3.0,9.24,2,1.3399999999999999,010809002025745023
UHSB,Pashapur,unlabelled,Ladha 2,16.0,2024-03-09,ddmm_swapped_by_sequence,18.090017,77.450232,no_crop,2024.0,3.0,8.65,2,1.3399999999999999,010809002025745023
UHSB,Pashapur,unlabelled,Ladha 2,16.0,2024-03-16,ddmm_kept_by_sequence,18.090017,77.450232,no_crop,2024.0,3.0,9.24,2,1.44,010809002025745023
UHSB,Pashapur,unlabelled,Ladha 2,16.0,2024-03-23,ddmm_kept_by_sequence,18.090017,77.450232,no_crop,2024.0,3.0,9.24,2,1.3900000000000001,010809002025745023
UHSB,Pashapur,unlabelled,Ladha 2,16.0,2024-03-30,ddmm_kept_by_sequence,18.090017,77.450232,no_crop,2024.0,3.0,8.594999999999999,2,1.5350000000000001,010809002025745023
UHSB,Pashapur,unlabelled,Ladha 2,16.0,2024-04-06,ddmm_swapped_by_sequence,18.090017,77.450232,no_crop,2024.0,3.0,10.45,2,1.65,010809002025745023
UHSB,Pashapur,unlabelled,Ladha 2,16.0,2024-04-13,ddmm_kept_by_sequence,18.090017,77.450232,no_crop,2024.0,3.0,9.9,2,1.65,010809002025745023
UHSB,Pashapur,unlabelled,Ladha 2,16.0,2024-04-20,ddmm_kept_by_sequence,18.090017,77.450232,no_crop,2024.0,3.0,9.8,2,1.65,010809002025745023
UHSB,Pashapur,unlabelled,Ladha 2,16.0,2024-04-27,ddmm_kept_by_sequence,18.090017,77.450232,no_crop,2024.0,3.0,10.21,2,1.63,010809002025745023
UHSB,Pashapur,unlabelled,Ladha 2,16.0,2024-05-04,ddmm_swapped_by_sequence,18.090017,77.450232,no_crop,2024.0,3.0,9.65,2,1.63,010809002025745023
UHSB,Pashapur,unlabelled,Ladha 2,17.0,2023-08-26,,18.085776,77.456589,soybean_mixed,2023.0,1.0,34.2,2,2.75,010808578025745659
UHSB,Pashapur,unlabelled,Ladha 2,17.0,2023-09-02,ddmm_swapped_by_sequence,18.085776,77.456589,soybean_mixed,2023.0,1.0,32.85,2,2.7,010808578025745659
UHSB,Pashapur,unlabelled,Ladha 2,17.0,2023-09-09,,18.085776,77.456589,soybean_mixed,2023.0,1.0,19.135,2,2.75,010808578025745659
UHSB,Pashapur,unlabelled,Ladha 2,17.0,2023-09-16,,18.085776,77.456589,soybean_mixed,2023.0,1.0,30.049999999999997,2,2.7,010808578025745659
UHSB,Pashapur,unlabelled,Ladha 2,17.0,2023-09-23,,18.085776,77.456589,soybean_mixed,2023.0,1.0,27.75,2,2.7,010808578025745659
UHSB,Pashapur,unlabelled,Ladha 2,17.0,2023-09-30,,18.085776,77.456589,soybean_mixed,2023.0,1.0,29.6,2,2.7,010808578025745659
UHSB,Pashapur,unlabelled,Ladha 2,17.0,2023-10-07,ddmm_swapped_by_sequence,18.085776,77.456589,soybean_mixed,2023.0,2.0,26.0,2,2.7,010808578025745659
UHSB,Pashapur,unlabelled,Ladha 2,17.0,2023-10-14,,18.085776,77.456589,soybean_mixed,2023.0,2.0,13.795,2,2.7,010808578025745659
UHSB,Pashapur,unlabelled,Ladha 2,17.0,2023-10-21,,18.085776,77.456589,no_crop,2023.0,2.0,13.05,2,2.75,010808578025745659
UHSB,Pashapur,unlabelled,Ladha 2,17.0,2023-10-28,,18.085776,77.456589,pigeon_pea,2023.0,2.0,13.9,2,1.75,010808578025745659
UHSB,Pashapur,unlabelled,Ladha 2,17.0,2023-11-04,ddmm_swapped_by_sequence,18.085776,77.456589,pigeon_pea,2023.0,2.0,13.95,2,1.75,010808578025745659
UHSB,Pashapur,unlabelled,Ladha 2,17.0,2023-11-11,,18.085776,77.456589,pigeon_pea,2023.0,2.0,13.75,2,1.75,010808578025745659
UHSB,Pashapur,unlabelled,Ladha 2,17.0,2023-11-18,,18.085776,77.456589,pigeon_pea,2023.0,2.0,12.65,2,1.8,010808578025745659
UHSB,Pashapur,unlabelled,Ladha 2,17.0,2023-11-25,,18.085776,77.456589,pigeon_pea,2023.0,2.0,13.1,2,1.8,010808578025745659
UHSB,Pashapur,unlabelled,Ladha 2,17.0,2023-12-02,ddmm_swapped_by_sequence,18.085776,77.456589,pigeon_pea,2023.0,2.0,15.989999999999998,2,2.2649999999999997,010808578025745659
UHSB,Pashapur,unlabelled,Ladha 2,17.0,2023-12-09,ddmm_swapped_by_sequence,18.085776,77.456589,pigeon_pea,2023.0,2.0,14.07,2,2.3899999999999997,010808578025745659
UHSB,Pashapur,unlabelled,Ladha 2,17.0,2023-12-16,,18.085776,77.456589,pigeon_pea,2023.0,2.0,12.6,2,2.3899999999999997,010808578025745659
UHSB,Pashapur,unlabelled,Ladha 2,17.0,2023-12-23,,18.085776,77.456589,pigeon_pea,2023.0,2.0,11.65,2,2.3899999999999997,010808578025745659
UHSB,Pashapur,unlabelled,Ladha 2,17.0,2023-12-30,,18.085776,77.456589,pigeon_pea,2023.0,2.0,14.33,2,2.11,010808578025745659
UHSB,Pashapur,unlabelled,Ladha 2,17.0,2024-01-06,ddmm_swapped_by_sequence,18.085776,77.456589,no_crop,2023.0,2.0,13.4,2,2.11,010808578025745659
UHSB,Pashapur,unlabelled,Ladha 2,17.0,2024-01-13,,18.085776,77.456589,no_crop,2023.0,2.0,12.35,2,2.11,010808578025745659
UHSB,Pashapur,unlabelled,Ladha 2,17.0,2024-01-20,,18.085776,77.456589,no_crop,2023.0,2.0,11.2,2,2.11,010808578025745659
UHSB,Pashapur,unlabelled,Ladha 2,17.0,2024-01-27,,18.085776,77.456589,no_crop,2023.0,2.0,9.7,2,2.11,010808578025745659
UHSB,Pashapur,unlabelled,Ladha 2,17.0,2024-02-03,ddmm_swapped_by_sequence,18.085776,77.456589,no_crop,2023.0,2.0,12.605,2,2.115,010808578025745659
UHSB,Pashapur,unlabelled,Ladha 2,17.0,2024-02-10,ddmm_swapped_by_sequence,18.085776,77.456589,no_crop,2023.0,2.0,12.7,2,2.115,010808578025745659
UHSB,Pashapur,unlabelled,Ladha 2,17.0,2024-02-17,,18.085776,77.456589,no_crop,2023.0,2.0,11.7,2,2.115,010808578025745659
UHSB,Pashapur,unlabelled,Ladha 2,17.0,2024-02-24,,18.085776,77.456589,no_crop,2023.0,2.0,12.0,2,2.115,010808578025745659
UHSB,Pashapur,unlabelled,Ladha 2,17.0,2024-03-02,ddmm_swapped_by_sequence,18.085776,77.456589,no_crop,2024.0,3.0,11.965,2,1.75,010808578025745659
UHSB,Pashapur,unlabelled,Ladha 2,17.0,2024-03-09,ddmm_swapped_by_sequence,18.085776,77.456589,no_crop,2024.0,3.0,11.75,2,1.75,010808578025745659
UHSB,Pashapur,unlabelled,Ladha 2,17.0,2024-03-16,ddmm_kept_by_sequence,18.085776,77.456589,no_crop,2024.0,3.0,11.965,2,1.75,010808578025745659
UHSB,Pashapur,unlabelled,Ladha 2,17.0,2024-03-23,ddmm_kept_by_sequence,18.085776,77.456589,no_crop,2024.0,3.0,11.965,2,1.75,010808578025745659
UHSB,Pashapur,unlabelled,Ladha 2,17.0,2024-03-30,ddmm_kept_by_sequence,18.085776,77.456589,no_crop,2024.0,3.0,11.2,2,1.65,010808578025745659
UHSB,Pashapur,unlabelled,Ladha 2,17.0,2024-04-06,ddmm_swapped_by_sequence,18.085776,77.456589,no_crop,2024.0,3.0,12.100000000000001,2,1.65,010808578025745659
UHSB,Pashapur,unlabelled,Ladha 2,17.0,2024-04-13,ddmm_kept_by_sequence,18.085776,77.456589,no_crop,2024.0,3.0,11.15,2,1.65,010808578025745659
UHSB,Pashapur,unlabelled,Ladha 2,17.0,2024-04-20,ddmm_kept_by_sequence,18.085776,77.456589,no_crop,2024.0,3.0,10.149999999999999,2,1.65,010808578025745659
UHSB,Pashapur,unlabelled,Ladha 2,17.0,2024-04-27,ddmm_kept_by_sequence,18.085776,77.456589,no_crop,2024.0,3.0,13.34,2,1.955,010808578025745659
UHSB,Pashapur,unlabelled,Ladha 2,17.0,2024-05-04,ddmm_swapped_by_sequence,18.085776,77.456589,no_crop,2024.0,3.0,13.600000000000001,2,1.955,010808578025745659
UHSB,Pashapur,unlabelled,Mustapur,2.0,2023-08-26,,18.102643,77.46111,soybean_mixed,2023.0,1.0,51.150000000000006,2,1.775,010810264025746111
UHSB,Pashapur,unlabelled,Mustapur,2.0,2023-09-02,ddmm_swapped_by_sequence,18.102643,77.46111,soybean_mixed,2023.0,1.0,50.05,2,1.75,010810264025746111
UHSB,Pashapur,unlabelled,Mustapur,2.0,2023-09-09,,18.102643,77.46111,soybean_mixed,2023.0,1.0,51.7,2,1.75,010810264025746111
UHSB,Pashapur,unlabelled,Mustapur,2.0,2023-09-16,,18.102643,77.46111,soybean_mixed,2023.0,1.0,54.7,2,1.75,010810264025746111
UHSB,Pashapur,unlabelled,Mustapur,2.0,2023-09-23,,18.102643,77.46111,soybean_mixed,2023.0,1.0,51.75,2,1.75,010810264025746111
UHSB,Pashapur,unlabelled,Mustapur,2.0,2023-09-30,,18.102643,77.46111,soybean_mixed,2023.0,1.0,54.3,2,1.75,010810264025746111
UHSB,Pashapur,unlabelled,Mustapur,2.0,2023-10-07,ddmm_swapped_by_sequence,18.102643,77.46111,soybean_mixed,2023.0,2.0,44.4,2,1.75,010810264025746111
UHSB,Pashapur,unlabelled,Mustapur,2.0,2023-10-14,,18.102643,77.46111,soybean_mixed,2023.0,2.0,33.25,2,1.75,010810264025746111
UHSB,Pashapur,unlabelled,Mustapur,2.0,2023-10-21,,18.102643,77.46111,soybean_mixed,2023.0,2.0,22.9,2,1.75,010810264025746111
UHSB,Pashapur,unlabelled,Mustapur,2.0,2023-10-28,,18.102643,77.46111,pigeon_pea,2023.0,2.0,17.65,2,1.75,010810264025746111
UHSB,Pashapur,unlabelled,Mustapur,2.0,2023-11-04,ddmm_swapped_by_sequence,18.102643,77.46111,pigeon_pea,2023.0,2.0,15.35,2,1.75,010810264025746111
UHSB,Pashapur,unlabelled,Mustapur,2.0,2023-11-11,,18.102643,77.46111,pigeon_pea,2023.0,2.0,13.75,2,1.75,010810264025746111
UHSB,Pashapur,unlabelled,Mustapur,2.0,2023-11-18,,18.102643,77.46111,pigeon_pea,2023.0,2.0,13.9,2,1.75,010810264025746111
UHSB,Pashapur,unlabelled,Mustapur,2.0,2023-11-25,,18.102643,77.46111,pigeon_pea,2023.0,2.0,13.9,2,1.75,010810264025746111
UHSB,Pashapur,unlabelled,Mustapur,2.0,2023-12-02,ddmm_swapped_by_sequence,18.102643,77.46111,pigeon_pea,2023.0,2.0,34.1,2,1.75,010810264025746111
UHSB,Pashapur,unlabelled,Mustapur,2.0,2023-12-09,ddmm_swapped_by_sequence,18.102643,77.46111,pigeon_pea,2023.0,2.0,29.5,2,1.75,010810264025746111
UHSB,Pashapur,unlabelled,Mustapur,2.0,2023-12-16,,18.102643,77.46111,pigeon_pea,2023.0,2.0,28.75,2,1.75,010810264025746111
UHSB,Pashapur,unlabelled,Mustapur,2.0,2023-12-23,,18.102643,77.46111,pigeon_pea,2023.0,2.0,27.8,2,1.75,010810264025746111
UHSB,Pashapur,unlabelled,Mustapur,2.0,2023-12-30,,18.102643,77.46111,pigeon_pea,2023.0,2.0,26.4,2,1.75,010810264025746111
UHSB,Pashapur,unlabelled,Mustapur,2.0,2024-01-06,ddmm_swapped_by_sequence,18.102643,77.46111,no_crop,2023.0,2.0,23.2,2,1.75,010810264025746111
UHSB,Pashapur,unlabelled,Mustapur,2.0,2024-01-13,,18.102643,77.46111,no_crop,2023.0,2.0,22.200000000000003,2,1.75,010810264025746111
UHSB,Pashapur,unlabelled,Mustapur,2.0,2024-01-20,,18.102643,77.46111,no_crop,2023.0,2.0,20.75,2,1.75,010810264025746111
UHSB,Pashapur,unlabelled,Mustapur,2.0,2024-01-27,,18.102643,77.46111,no_crop,2023.0,2.0,19.450000000000003,2,1.75,010810264025746111
UHSB,Pashapur,unlabelled,Mustapur,2.0,2024-02-03,ddmm_swapped_by_sequence,18.102643,77.46111,no_crop,2023.0,2.0,18.6,2,1.675,010810264025746111
UHSB,Pashapur,unlabelled,Mustapur,2.0,2024-02-10,ddmm_swapped_by_sequence,18.102643,77.46111,no_crop,2023.0,2.0,17.85,2,1.725,010810264025746111
UHSB,Pashapur,unlabelled,Mustapur,2.0,2024-02-17,,18.102643,77.46111,no_crop,2023.0,2.0,16.65,2,1.725,010810264025746111
UHSB,Pashapur,unlabelled,Mustapur,2.0,2024-02-24,,18.102643,77.46111,no_crop,2023.0,2.0,16.35,2,1.65,010810264025746111
UHSB,Pashapur,unlabelled,Mustapur,2.0,2024-03-02,ddmm_swapped_by_sequence,18.102643,77.46111,no_crop,2024.0,3.0,15.850000000000001,2,1.65,010810264025746111
UHSB,Pashapur,unlabelled,Mustapur,2.0,2024-03-09,ddmm_swapped_by_sequence,18.102643,77.46111,no_crop,2024.0,3.0,15.05,2,1.65,010810264025746111
UHSB,Pashapur,unlabelled,Mustapur,2.0,2024-03-16,ddmm_kept_by_sequence,18.102643,77.46111,no_crop,2024.0,3.0,15.15,2,1.65,010810264025746111
UHSB,Pashapur,unlabelled,Mustapur,2.0,2024-03-23,ddmm_kept_by_sequence,18.102643,77.46111,no_crop,2024.0,3.0,15.15,2,1.58,010810264025746111
UHSB,Pashapur,unlabelled,Mustapur,2.0,2024-03-30,ddmm_kept_by_sequence,18.102643,77.46111,no_crop,2024.0,3.0,14.55,2,1.5950000000000002,010810264025746111
UHSB,Pashapur,unlabelled,Mustapur,2.0,2024-04-06,ddmm_swapped_by_sequence,18.102643,77.46111,no_crop,2024.0,3.0,16.1,2,1.725,010810264025746111
UHSB,Pashapur,unlabelled,Mustapur,2.0,2024-04-13,ddmm_kept_by_sequence,18.102643,77.46111,no_crop,2024.0,3.0,15.15,2,1.725,010810264025746111
UHSB,Pashapur,unlabelled,Mustapur,2.0,2024-04-20,ddmm_kept_by_sequence,18.102643,77.46111,no_crop,2024.0,3.0,14.35,2,1.725,010810264025746111
UHSB,Pashapur,unlabelled,Mustapur,2.0,2024-04-27,ddmm_kept_by_sequence,18.102643,77.46111,no_crop,2024.0,3.0,14.5,2,1.725,010810264025746111
UHSB,Pashapur,unlabelled,Mustapur,2.0,2024-05-04,ddmm_swapped_by_sequence,18.102643,77.46111,no_crop,2024.0,3.0,13.7,2,1.725,010810264025746111
UHSB,Pashapur,unlabelled,Mustapur,20.0,2023-08-26,,18.108699,77.453272,soybean_mixed,2023.0,1.0,41.25,2,2.1500000000000004,010810870025745327
UHSB,Pashapur,unlabelled,Mustapur,20.0,2023-09-02,ddmm_swapped_by_sequence,18.108699,77.453272,soybean_mixed,2023.0,1.0,39.55,2,2.1,010810870025745327
UHSB,Pashapur,unlabelled,Mustapur,20.0,2023-09-09,,18.108699,77.453272,soybean_mixed,2023.0,1.0,41.5,2,2.0,010810870025745327
UHSB,Pashapur,unlabelled,Mustapur,20.0,2023-09-16,,18.108699,77.453272,soybean_mixed,2023.0,1.0,55.75,2,2.0,010810870025745327
UHSB,Pashapur,unlabelled,Mustapur,20.0,2023-09-23,,18.108699,77.453272,soybean_mixed,2023.0,1.0,53.400000000000006,2,2.0,010810870025745327
UHSB,Pashapur,unlabelled,Mustapur,20.0,2023-09-30,,18.108699,77.453272,soybean_mixed,2023.0,1.0,54.75,2,2.0,010810870025745327
UHSB,Pashapur,unlabelled,Mustapur,20.0,2023-10-07,ddmm_swapped_by_sequence,18.108699,77.453272,soybean_mixed,2023.0,2.0,48.8,2,2.0,010810870025745327
UHSB,Pashapur,unlabelled,Mustapur,20.0,2023-10-14,,18.108699,77.453272,soybean_mixed,2023.0,2.0,31.4,2,2.0,010810870025745327
UHSB,Pashapur,unlabelled,Mustapur,20.0,2023-10-21,,18.108699,77.453272,pigeon_pea,2023.0,2.0,27.3,2,2.0,010810870025745327
UHSB,Pashapur,unlabelled,Mustapur,20.0,2023-10-28,,18.108699,77.453272,pigeon_pea,2023.0,2.0,20.75,2,2.0,010810870025745327
UHSB,Pashapur,unlabelled,Mustapur,20.0,2023-11-04,ddmm_swapped_by_sequence,18.108699,77.453272,pigeon_pea,2023.0,2.0,16.75,2,2.0,010810870025745327
UHSB,Pashapur,unlabelled,Mustapur,20.0,2023-11-11,,18.108699,77.453272,pigeon_pea,2023.0,2.0,15.6,2,2.0,010810870025745327
UHSB,Pashapur,unlabelled,Mustapur,20.0,2023-11-18,,18.108699,77.453272,pigeon_pea,2023.0,2.0,16.35,2,2.0,010810870025745327
UHSB,Pashapur,unlabelled,Mustapur,20.0,2023-11-25,,18.108699,77.453272,pigeon_pea,2023.0,2.0,16.85,2,2.0,010810870025745327
UHSB,Pashapur,unlabelled,Mustapur,20.0,2023-12-02,ddmm_swapped_by_sequence,18.108699,77.453272,pigeon_pea,2023.0,2.0,31.095,2,3.69,010810870025745327
UHSB,Pashapur,unlabelled,Mustapur,20.0,2023-12-09,ddmm_swapped_by_sequence,18.108699,77.453272,pigeon_pea,2023.0,2.0,26.174999999999997,2,3.6550000000000002,010810870025745327
UHSB,Pashapur,unlabelled,Mustapur,20.0,2023-12-16,,18.108699,77.453272,pigeon_pea,2023.0,2.0,25.8,2,3.6550000000000002,010810870025745327
UHSB,Pashapur,unlabelled,Mustapur,20.0,2023-12-23,,18.108699,77.453272,pigeon_pea,2023.0,2.0,23.700000000000003,2,3.6550000000000002,010810870025745327
UHSB,Pashapur,unlabelled,Mustapur,20.0,2023-12-30,,18.108699,77.453272,pigeon_pea,2023.0,2.0,19.994999999999997,2,3.0949999999999998,010810870025745327
UHSB,Pashapur,unlabelled,Mustapur,20.0,2024-01-06,ddmm_swapped_by_sequence,18.108699,77.453272,no_crop,2023.0,2.0,19.65,2,3.0949999999999998,010810870025745327
UHSB,Pashapur,unlabelled,Mustapur,20.0,2024-01-13,,18.108699,77.453272,no_crop,2023.0,2.0,18.65,2,3.0949999999999998,010810870025745327
UHSB,Pashapur,unlabelled,Mustapur,20.0,2024-01-20,,18.108699,77.453272,no_crop,2023.0,2.0,16.8,2,3.0949999999999998,010810870025745327
UHSB,Pashapur,unlabelled,Mustapur,20.0,2024-01-27,,18.108699,77.453272,no_crop,2023.0,2.0,15.65,2,3.0,010810870025745327
UHSB,Pashapur,unlabelled,Mustapur,20.0,2024-02-03,ddmm_swapped_by_sequence,18.108699,77.453272,no_crop,2023.0,2.0,17.34,2,2.855,010810870025745327
UHSB,Pashapur,unlabelled,Mustapur,20.0,2024-02-10,ddmm_swapped_by_sequence,18.108699,77.453272,no_crop,2023.0,2.0,17.25,2,2.95,010810870025745327
UHSB,Pashapur,unlabelled,Mustapur,20.0,2024-02-17,,18.108699,77.453272,no_crop,2023.0,2.0,17.450000000000003,2,2.95,010810870025745327
UHSB,Pashapur,unlabelled,Mustapur,20.0,2024-02-24,,18.108699,77.453272,no_crop,2023.0,2.0,17.45,2,2.95,010810870025745327
UHSB,Pashapur,unlabelled,Mustapur,20.0,2024-03-02,ddmm_swapped_by_sequence,18.108699,77.453272,no_crop,2024.0,3.0,16.200000000000003,2,2.95,010810870025745327
UHSB,Pashapur,unlabelled,Mustapur,20.0,2024-03-09,ddmm_swapped_by_sequence,18.108699,77.453272,no_crop,2024.0,3.0,15.55,2,2.95,010810870025745327
UHSB,Pashapur,unlabelled,Mustapur,20.0,2024-03-16,ddmm_kept_by_sequence,18.108699,77.453272,no_crop,2024.0,3.0,15.25,2,2.95,010810870025745327
UHSB,Pashapur,unlabelled,Mustapur,20.0,2024-03-23,ddmm_kept_by_sequence,18.108699,77.453272,no_crop,2024.0,3.0,14.65,2,2.95,010810870025745327
UHSB,Pashapur,unlabelled,Mustapur,20.0,2024-03-30,ddmm_kept_by_sequence,18.108699,77.453272,no_crop,2024.0,3.0,15.0,2,2.95,010810870025745327
UHSB,Pashapur,unlabelled,Mustapur,20.0,2024-04-06,ddmm_swapped_by_sequence,18.108699,77.453272,no_crop,2024.0,3.0,19.15,2,2.95,010810870025745327
UHSB,Pashapur,unlabelled,Mustapur,20.0,2024-04-13,ddmm_kept_by_sequence,18.108699,77.453272,no_crop,2024.0,3.0,17.25,2,2.95,010810870025745327
UHSB,Pashapur,unlabelled,Mustapur,20.0,2024-04-20,ddmm_kept_by_sequence,18.108699,77.453272,no_crop,2024.0,3.0,16.9,2,2.95,010810870025745327
UHSB,Pashapur,unlabelled,Mustapur,20.0,2024-04-27,ddmm_kept_by_sequence,18.108699,77.453272,no_crop,2024.0,3.0,18.2,2,2.8,010810870025745327
UHSB,Pashapur,unlabelled,Mustapur,20.0,2024-05-04,ddmm_swapped_by_sequence,18.108699,77.453272,no_crop,2024.0,3.0,17.55,2,2.8,010810870025745327
UHSB,Pashapur,unlabelled,Mustapur,5.0,2023-08-26,,18.112833,77.459653,soybean_mixed,2023.0,1.0,31.700000000000003,2,2.1500000000000004,010811283025745965
UHSB,Pashapur,unlabelled,Mustapur,5.0,2023-09-02,ddmm_swapped_by_sequence,18.112833,77.459653,soybean_mixed,2023.0,1.0,30.4,2,2.1500000000000004,010811283025745965
UHSB,Pashapur,unlabelled,Mustapur,5.0,2023-09-09,,18.112833,77.459653,soybean_mixed,2023.0,1.0,37.650000000000006,2,2.05,010811283025745965
UHSB,Pashapur,unlabelled,Mustapur,5.0,2023-09-16,,18.112833,77.459653,soybean_mixed,2023.0,1.0,40.8,2,1.95,010811283025745965
UHSB,Pashapur,unlabelled,Mustapur,5.0,2023-09-23,,18.112833,77.459653,soybean_mixed,2023.0,1.0,38.400000000000006,2,1.9,010811283025745965
UHSB,Pashapur,unlabelled,Mustapur,5.0,2023-09-30,,18.112833,77.459653,soybean_mixed,2023.0,1.0,39.75,2,1.9,010811283025745965
UHSB,Pashapur,unlabelled,Mustapur,5.0,2023-10-07,ddmm_swapped_by_sequence,18.112833,77.459653,soybean_mixed,2023.0,2.0,34.150000000000006,2,1.9,010811283025745965
UHSB,Pashapur,unlabelled,Mustapur,5.0,2023-10-14,,18.112833,77.459653,soybean_mixed,2023.0,2.0,22.35,2,1.85,010811283025745965
UHSB,Pashapur,unlabelled,Mustapur,5.0,2023-10-21,,18.112833,77.459653,no_crop,2023.0,2.0,20.950000000000003,2,1.9,010811283025745965
UHSB,Pashapur,unlabelled,Mustapur,5.0,2023-10-28,,18.112833,77.459653,pigeon_pea,2023.0,2.0,17.6,2,1.9,010811283025745965
UHSB,Pashapur,unlabelled,Mustapur,5.0,2023-11-04,ddmm_swapped_by_sequence,18.112833,77.459653,pigeon_pea,2023.0,2.0,15.600000000000001,2,1.9,010811283025745965
UHSB,Pashapur,unlabelled,Mustapur,5.0,2023-11-11,,18.112833,77.459653,pigeon_pea,2023.0,2.0,14.5,2,1.9,010811283025745965
UHSB,Pashapur,unlabelled,Mustapur,5.0,2023-11-18,,18.112833,77.459653,pigeon_pea,2023.0,2.0,13.1,2,1.9,010811283025745965
UHSB,Pashapur,unlabelled,Mustapur,5.0,2023-11-25,,18.112833,77.459653,pigeon_pea,2023.0,2.0,13.6,2,1.9,010811283025745965
UHSB,Pashapur,unlabelled,Mustapur,5.0,2023-12-02,ddmm_swapped_by_sequence,18.112833,77.459653,pigeon_pea,2023.0,2.0,29.1,2,1.9,010811283025745965
UHSB,Pashapur,unlabelled,Mustapur,5.0,2023-12-09,ddmm_swapped_by_sequence,18.112833,77.459653,pigeon_pea,2023.0,2.0,28.0,2,1.9,010811283025745965
UHSB,Pashapur,unlabelled,Mustapur,5.0,2023-12-16,,18.112833,77.459653,pigeon_pea,2023.0,2.0,25.55,2,1.9,010811283025745965
UHSB,Pashapur,unlabelled,Mustapur,5.0,2023-12-23,,18.112833,77.459653,pigeon_pea,2023.0,2.0,21.75,2,1.9,010811283025745965
UHSB,Pashapur,unlabelled,Mustapur,5.0,2023-12-30,,18.112833,77.459653,pigeon_pea,2023.0,2.0,20.5,2,1.9,010811283025745965
UHSB,Pashapur,unlabelled,Mustapur,5.0,2024-01-06,ddmm_swapped_by_sequence,18.112833,77.459653,no_crop,2023.0,2.0,21.15,2,1.9,010811283025745965
UHSB,Pashapur,unlabelled,Mustapur,5.0,2024-01-13,,18.112833,77.459653,no_crop,2023.0,2.0,18.950000000000003,2,1.9,010811283025745965
UHSB,Pashapur,unlabelled,Mustapur,5.0,2024-01-20,,18.112833,77.459653,no_crop,2023.0,2.0,18.4,2,1.9,010811283025745965
UHSB,Pashapur,unlabelled,Mustapur,5.0,2024-01-27,,18.112833,77.459653,no_crop,2023.0,2.0,16.75,2,1.9,010811283025745965
UHSB,Pashapur,unlabelled,Mustapur,5.0,2024-02-03,ddmm_swapped_by_sequence,18.112833,77.459653,no_crop,2023.0,2.0,16.25,2,1.9,010811283025745965
UHSB,Pashapur,unlabelled,Mustapur,5.0,2024-02-10,ddmm_swapped_by_sequence,18.112833,77.459653,no_crop,2023.0,2.0,14.55,2,1.9,010811283025745965
UHSB,Pashapur,unlabelled,Mustapur,5.0,2024-02-17,,18.112833,77.459653,no_crop,2023.0,2.0,13.7,2,1.9,010811283025745965
UHSB,Pashapur,unlabelled,Mustapur,5.0,2024-02-24,,18.112833,77.459653,no_crop,2023.0,2.0,13.1,2,1.95,010811283025745965
UHSB,Pashapur,unlabelled,Mustapur,5.0,2024-03-02,ddmm_swapped_by_sequence,18.112833,77.459653,no_crop,2024.0,3.0,12.05,2,1.95,010811283025745965
UHSB,Pashapur,unlabelled,Mustapur,5.0,2024-03-09,ddmm_swapped_by_sequence,18.112833,77.459653,no_crop,2024.0,3.0,12.05,2,1.95,010811283025745965
UHSB,Pashapur,unlabelled,Mustapur,5.0,2024-03-16,ddmm_kept_by_sequence,18.112833,77.459653,no_crop,2024.0,3.0,11.9,2,1.9,010811283025745965
UHSB,Pashapur,unlabelled,Mustapur,5.0,2024-03-23,ddmm_kept_by_sequence,18.112833,77.459653,no_crop,2024.0,3.0,11.75,2,1.75,010811283025745965
UHSB,Pashapur,unlabelled,Mustapur,5.0,2024-03-30,ddmm_kept_by_sequence,18.112833,77.459653,no_crop,2024.0,3.0,11.65,2,1.75,010811283025745965
UHSB,Pashapur,unlabelled,Mustapur,5.0,2024-04-06,ddmm_swapped_by_sequence,18.112833,77.459653,no_crop,2024.0,3.0,12.649999999999999,2,1.75,010811283025745965
UHSB,Pashapur,unlabelled,Mustapur,5.0,2024-04-13,ddmm_kept_by_sequence,18.112833,77.459653,no_crop,2024.0,3.0,12.649999999999999,2,1.75,010811283025745965
UHSB,Pashapur,unlabelled,Mustapur,5.0,2024-04-20,ddmm_kept_by_sequence,18.112833,77.459653,no_crop,2024.0,3.0,12.1,2,1.75,010811283025745965
UHSB,Pashapur,unlabelled,Mustapur,5.0,2024-04-27,ddmm_kept_by_sequence,18.112833,77.459653,no_crop,2024.0,3.0,12.0,2,1.75,010811283025745965
UHSB,Pashapur,unlabelled,Mustapur,5.0,2024-05-04,ddmm_swapped_by_sequence,18.112833,77.459653,no_crop,2024.0,3.0,12.2,2,1.75,010811283025745965
