plot_uid,district,village,Year,Season,crop,sowing_date,next_season_cropped,polygon_wkt,polygon_area_ha,link_lat,link_lon,pixel_id_of_link_point
6e55de33ae98,Chitradurga,Singenahalli,2025.0,1.0,finger_millet,2025-08-30,0.0,"POLYGON((76.0791263 13.9046173, 76.0789339 13.9048826, 76.0797657 13.9051647, 76.0798690 13.9048861, 76.0791263 13.9046173))",0.30443612048419116,13.904888751178692,76.07941883601634,010390489025607942
22db16a2c2b7,Chitradurga,Singenahalli,2025.0,1.0,finger_millet,2025-08-30,0.0,"POLYGON((76.0799035 13.9048542, 76.0797939 13.9051107, 76.0804078 13.9053437, 76.0804879 13.9050619, 76.0799035 13.9048542))",0.21765471092019084,13.905094791294415,76.08015019492862,010390509025608015
6bc3873dd8dd,Chitradurga,Singenahalli,2025.0,1.0,finger_millet,2025-09-04,0.0,"POLYGON((76.0785580 13.9020098, 76.0783753 13.9023857, 76.0775636 13.9021813, 76.0776501 13.9017823, 76.0785580 13.9020098))",0.4327851244643098,13.902086210108493,76.078038203154,010390209025607804
3a42d5ad08f1,Chitradurga,Singenahalli,2025.0,1.0,finger_millet,2025-09-27,0.0,"POLYGON((76.0786150 13.9020570, 76.0789097 13.9021452, 76.0786707 13.9026600, 76.0784383 13.9025761, 76.0786150 13.9020570))",0.18416694577170345,13.90235050840641,76.0786627860224,010390235025607866
835c56c071f1,Chitradurga,Singenahalli,2025.0,1.0,finger_millet,2025-08-29,0.0,"POLYGON((76.0790445 13.9027557, 76.0792410 13.9028244, 76.0790264 13.9034131, 76.0788588 13.9033887, 76.0790445 13.9027557))",0.14401336027877218,13.903084103652702,76.07904550255559,010390308025607905
b71a12d173ab,Chitradurga,Singenahalli,2025.0,1.0,finger_millet,2025-08-30,0.0,"POLYGON((76.0788072 13.9019782, 76.0786543 13.9022132, 76.0791579 13.9023222, 76.0792588 13.9020807, 76.0788072 13.9019782))",0.15198908746179812,13.902150487345795,76.0789676651414,010390215025607897
fb1839673096,Chitradurga,Singenahalli,2025.0,1.0,finger_millet,2025-08-07,0.0,"POLYGON((75.7413179 13.9481115, 75.7412850 13.9483210, 75.7411593 13.9482192, 75.7411703 13.9480805, 75.7413179 13.9481115))",0.030154400433909052,13.94818419747176,75.74123831316635,010394818025574124
e740076ea7f6,Chitradurga,Singenahalli,2025.0,1.0,finger_millet,2025-08-30,0.0,"POLYGON((76.0763794 13.9024752, 76.0763154 13.9027753, 76.0758728 13.9026633, 76.0759483 13.9023886, 76.0763794 13.9024752))",0.15827831079180432,13.902577122422851,76.07613148255624,010390258025607613
eb0b8eeb2ac3,Chitradurga,Singenahalli,2025.0,1.0,finger_millet,2025-08-30,0.0,"POLYGON((76.0764589 13.9020189, 76.0764089 13.9024309, 76.0759660 13.9023629, 76.0760364 13.9019763, 76.0764589 13.9020189))",0.21042651850366748,13.902199337009531,76.0762193048049,010390220025607622
a4c5f22926cd,Chitradurga,Singenahalli,2025.0,1.0,finger_millet,2025-09-03,0.0,"POLYGON((76.0806183 13.9064021, 76.0805610 13.9068958, 76.0802059 13.9070735, 76.0801543 13.9064864, 76.0806183 13.9064021))",0.2639917656053446,13.906704975256424,76.08037682857598,010390670025608038
66383c9cd460,Chitradurga,Singenahalli,2025.0,1.0,finger_millet,2025-09-03,0.0,"POLYGON((76.0801999 13.9071965, 76.0802187 13.9076111, 76.0807169 13.9074279, 76.0807953 13.9070374, 76.0801999 13.9071965))",0.25693108688523214,13.907313983465304,76.08047683819574,010390731025608048
dcb886ba7205,Chitradurga,Singenahalli,2025.0,1.0,maize,2025-06-12,0.0,"POLYGON((76.0759597 13.8999968, 76.0758554 13.9010839, 76.0760911 13.9010406, 76.0762034 13.8997687, 76.0759597 13.8999968))",0.3202771457899734,13.90047452839763,76.07603024529655,010390047025607603
4a4f3008ee8c,Chitradurga,Singenahalli,2025.0,1.0,finger_millet,2025-08-01,0.0,"POLYGON((75.7412498 13.9481056, 75.7413179 13.9481124, 75.7413008 13.9482133, 75.7412347 13.9482055, 75.7412498 13.9481056))",0.00818194612903995,13.948158986568272,75.74127589296457,010394816025574128
1bda0c4c5955,Chitradurga,Singenahalli,2025.0,1.0,finger_millet,2025-08-30,0.0,"POLYGON((76.0791263 13.9046173, 76.0789339 13.9048826, 76.0797657 13.9051647, 76.0798690 13.9048861, 76.0791263 13.9046173))",0.30443612048419116,13.904888751178692,76.07941883601634,010390489025607942
2ae0bd19b6d8,Chitradurga,Singenahalli,2025.0,1.0,finger_millet,2025-08-30,0.0,"POLYGON((76.0799035 13.9048542, 76.0797939 13.9051107, 76.0804078 13.9053437, 76.0804879 13.9050619, 76.0799035 13.9048542))",0.21765471092019084,13.905094791294415,76.08015019492862,010390509025608015
f47df274d5eb,Chitradurga,Singenahalli,2025.0,1.0,finger_millet,2025-08-07,0.0,"POLYGON((76.0741130 13.8942902, 76.0738903 13.8947712, 76.0732315 13.8947263, 76.0732758 13.8944513, 76.0741130 13.8942902))",0.328611487207705,13.894552645627247,76.07366183406315,010389455025607366
9cd4e59bb802,Chitradurga,Singenahalli,2025.0,1.0,finger_millet,2025-08-14,0.0,"POLYGON((76.0727041 13.8949229, 76.0726662 13.8951286, 76.0713315 13.8950892, 76.0714167 13.8948929, 76.0727041 13.8949229))",0.31739855673725254,13.895009157181947,76.07203385108961,010389501025607203
8ee3cdb0bae1,Chitradurga,Singenahalli,2025.0,1.0,finger_millet,2025-08-14,0.0,"POLYGON((76.0725885 13.8947790, 76.0726226 13.8950069, 76.0720738 13.8949372, 76.0720678 13.8947351, 76.0725885 13.8947790))",0.13599762927763295,13.894865925928208,76.07234300646795,010389487025607234
2fb1c7ea8240,Chitradurga,Singenahalli,2025.0,1.0,finger_millet,2025-09-03,0.0,"POLYGON((76.0747922 13.8956103, 76.0749820 13.8960334, 76.0758561 13.8958684, 76.0757796 13.8956044, 76.0747922 13.8956103))",0.39562878359660997,13.895780963735286,76.07531490647389,010389578025607531
a104f3a92a52,Chitradurga,Singenahalli,2025.0,1.0,maize,2025-06-12,0.0,"POLYGON((76.0757883 13.9002214, 76.0757219 13.9011053, 76.0759120 13.9011040, 76.0760234 13.9002035, 76.0757883 13.9002214))",0.22559722492755988,13.900643353510599,76.07586322143126,010390064025607586
14e44cb4ca47,Chitradurga,Singenahalli,2025.0,1.0,maize,2025-06-19,0.0,"POLYGON((76.0757987 13.9010842, 76.0757015 13.9010751, 76.0757484 13.9001950, 76.0758584 13.9002204, 76.0757987 13.9010842))",0.10902939677078084,13.900634123165485,76.07577720386436,010390063025607578
321f84c71a9e,Chitradurga,Singenahalli,2025.0,1.0,finger_millet,2025-09-03,0.0,"POLYGON((76.0712614 13.9030652, 76.0711608 13.9033432, 76.0706663 13.9033565, 76.0707210 13.9030040, 76.0712614 13.9030652))",0.19711786896338612,13.903188563291717,76.07094338713479,010390319025607094
697fcd34bd2c,Chitradurga,Singenahalli,2025.0,1.0,finger_millet,2025-09-03,0.0,"POLYGON((76.0708095 13.9027606, 76.0707501 13.9029591, 76.0714039 13.9030591, 76.0715682 13.9028247, 76.0708095 13.9027606))",0.19359416834221144,13.902900226775104,76.07114632041524,010390290025607115
0c0128d02042,Chitradurga,Singenahalli,2025.0,1.0,finger_millet,2025-09-03,0.0,"POLYGON((76.0717365 13.9028563, 76.0715055 13.9030626, 76.0728644 13.9031827, 76.0729331 13.9029956, 76.0717365 13.9028563))",0.3235829374500999,13.903024247616077,76.07224061973798,010390302025607224
1ff8f4a025b0,Chitradurga,Singenahalli,2025.0,1.0,maize,2025-06-20,0.0,"POLYGON((76.0776813 13.8963409, 76.0776481 13.8967266, 76.0761125 13.8969144, 76.0758242 13.8963429, 76.0776813 13.8963409))",0.9845289714436938,13.896578225918649,76.07675553711381,010389658025607676
c9407d1ebf6e,Chitradurga,Singenahalli,2025.0,1.0,finger_millet,2025-08-29,0.0,"POLYGON((76.0806874 13.8951787, 76.0811380 13.8951257, 76.0811688 13.8955628, 76.0806210 13.8956676, 76.0806874 13.8951787))",0.27449684190805257,13.895391591124078,76.08090022907342,010389539025608090
ee5e4fef9ca4,Chitradurga,Singenahalli,2025.0,1.0,finger_millet,2025-09-02,0.0,"POLYGON((76.0723873 13.9020846, 76.0722958 13.9022506, 76.0712302 13.9020462, 76.0712772 13.9018877, 76.0723873 13.9020846))",0.22747146039773897,13.902068333232071,76.07180595964086,010390207025607181
ad0bea0b0268,Chitradurga,Singenahalli,2025.0,1.0,maize,2025-06-19,0.0,"POLYGON((76.0808128 13.8957997, 76.0808845 13.8965665, 76.0804829 13.8966391, 76.0803652 13.8959302, 76.0808128 13.8957997))",0.3858503691458457,13.89622583855308,76.08063755760422,010389623025608064
73424171bc4d,Chitradurga,Singenahalli,2025.0,1.0,finger_millet,2025-08-30,0.0,"POLYGON((76.0808537 13.8958345, 76.0809506 13.8967543, 76.0814022 13.8967188, 76.0813422 13.8957297, 76.0808537 13.8958345))",0.5426388161469984,13.89625182269043,76.08113915682019,010389625025608114
478fc10a2823,Chitradurga,Singenahalli,2025.0,1.0,finger_millet,2025-08-29,0.0,"POLYGON((76.0803018 13.8959185, 76.0803290 13.8963500, 76.0797935 13.8963556, 76.0799468 13.8960054, 76.0803018 13.8959185))",0.2044754162728977,13.896170769068831,76.08010011004322,010389617025608010
9a9cf5a1fa25,Chitradurga,Singenahalli,2025.0,2.0,finger_millet,2025-10-08,0.0,"POLYGON((76.0578236 13.9024098, 76.0582229 13.9023567, 76.0582775 13.9031459, 76.0578782 13.9032371, 76.0578236 13.9024098))",0.3903470885107649,13.902788085996663,76.05804902332324,010390279025605805
bc3b281c5e43,Chitradurga,Singenahalli,2025.0,1.0,finger_millet,2025-08-22,0.0,"POLYGON((76.0758520 13.8959562, 76.0749998 13.8961206, 76.0751382 13.8967113, 76.0758520 13.8959562))",0.3143793209185528,13.896262716483662,76.07533000409603,010389626025607533
0c5ec27d99b6,Chitradurga,Singenahalli,2025.0,1.0,finger_millet,2025-08-29,0.0,"POLYGON((76.0757441 13.8959810, 76.0758229 13.8963702, 76.0776287 13.8962599, 76.0776240 13.8959650, 76.0757441 13.8959810))",0.7563655838083629,13.896144551737489,76.07666143716826,010389614025607666
658ec54f56a0,Chitradurga,Singenahalli,2025.0,1.0,finger_millet,2025-08-29,0.0,"POLYGON((76.0765283 13.9009540, 76.0764481 13.9011721, 76.0776903 13.9013494, 76.0777433 13.9011213, 76.0765283 13.9009540))",0.341221009852066,13.901150024596031,76.0771051606423,010390115025607711
cc03c09c34c8,Chitradurga,Singenahalli,2025.0,1.0,finger_millet,2025-08-30,0.0,"POLYGON((76.0764565 13.9011737, 76.0764538 13.9013026, 76.0776508 13.9014988, 76.0777017 13.9013888, 76.0764565 13.9011737))",0.18085989460973564,13.901339075470087,76.07705700181093,010390134025607706
b79b93538aef,Chitradurga,Singenahalli,2025.0,1.0,maize,2025-06-25,0.0,"POLYGON((76.0780008 13.9070530, 76.0784370 13.9070719, 76.0783109 13.9085718, 76.0779529 13.9086291, 76.0780008 13.9070530))",0.7278242936010229,13.907804861608275,76.07817519313124,010390780025607818
e4b68d06760b,Chitradurga,Singenahalli,2025.0,1.0,finger_millet,2025-09-05,0.0,"POLYGON((76.0811289 13.9070152, 76.0813050 13.9074611, 76.0806716 13.9078640, 76.0808000 13.9071727, 76.0811289 13.9070152))",0.33480855447525815,13.907411252801477,76.08097296923637,010390741025608097
6ee7f60146ae,Chitradurga,Singenahalli,2025.0,1.0,finger_millet,2025-09-05,0.0,"POLYGON((76.0807846 13.9073199, 76.0809459 13.9063380, 76.0810756 13.9069928, 76.0807846 13.9073199))",0.1391969660272019,13.906883534080025,76.08093537390232,010390688025608094
e9105b86923e,Chitradurga,Singenahalli,2025.0,1.0,finger_millet,2025-09-05,0.0,"POLYGON((76.0811028 13.9066153, 76.0811360 13.9069485, 76.0814327 13.9065912, 76.0811028 13.9066153))",0.06616102670607538,13.90671831502767,76.08122382313013,010390672025608122
4e38af66d240,Chitradurga,Singenahalli,2025.0,1.0,finger_millet,2025-09-05,0.0,"POLYGON((76.0816023 13.9063292, 76.0814599 13.9065258, 76.0810361 13.9065290, 76.0810253 13.9063119, 76.0816023 13.9063292))",0.12420876897943947,13.906418444245395,76.08127896332992,010390642025608128
2dce57197971,Chitradurga,Singenahalli,2025.0,1.0,finger_millet,2025-08-29,0.0,"POLYGON((76.0796554 13.9064470, 76.0800148 13.9063715, 76.0801281 13.9079528, 76.0797483 13.9080026, 76.0796554 13.9064470))",0.7004571308284799,13.907199960557513,76.07988765607992,010390720025607989
459cdbfac288,Chitradurga,Singenahalli,2025.0,1.0,finger_millet,2025-08-29,0.0,"POLYGON((76.0796738 13.9074591, 76.0796862 13.9077719, 76.0792376 13.9077957, 76.0792641 13.9074849, 76.0796738 13.9074591))",0.15966053632698987,13.907630220439534,76.07946589591033,010390763025607947
85f580055d1a,Chitradurga,Singenahalli,2025.0,1.0,finger_millet,2025-09-10,0.0,"POLYGON((76.0807588 13.9049574, 76.0813110 13.9048692, 76.0813469 13.9051188, 76.0808114 13.9052188, 76.0807588 13.9049574))",0.17097733368569792,13.905040930584425,76.08105440908535,010390504025608105
2b9f4e8a3114,Chitradurga,Singenahalli,2025.0,1.0,finger_millet,2025-09-10,0.0,"POLYGON((76.0814464 13.9046648, 76.0814062 13.9050951, 76.0816902 13.9050889, 76.0816889 13.9047198, 76.0814464 13.9046648))",0.12624709856065222,13.904896694002003,76.08155413588108,010390490025608155
360e63e14ef7,Chitradurga,Singenahalli,2025.0,1.0,finger_millet,2025-09-10,0.0,"POLYGON((76.0814374 13.9046170, 76.0817150 13.9045760, 76.0817133 13.9037054, 76.0814562 13.9037705, 76.0814374 13.9046170))",0.27374555622053975,13.904172619777604,76.08158114966773,010390417025608158
4141d4982759,Chitradurga,Singenahalli,2025.0,1.0,finger_millet,2025-08-29,0.0,"POLYGON((76.0790445 13.9027557, 76.0792410 13.9028244, 76.0790264 13.9034131, 76.0788588 13.9033887, 76.0790445 13.9027557))",0.14401336027877218,13.903084103652702,76.07904550255559,010390308025607905
a896fd32395d,Chitradurga,Singenahalli,2025.0,1.0,finger_millet,2025-08-30,0.0,"POLYGON((76.0788072 13.9019782, 76.0786543 13.9022132, 76.0791579 13.9023222, 76.0792588 13.9020807, 76.0788072 13.9019782))",0.15198908746179812,13.902150487345795,76.0789676651414,010390215025607897
b58fbff996dd,Chitradurga,Singenahalli,2025.0,1.0,finger_millet,2025-08-07,0.0,"POLYGON((75.6167192 13.9326643, 75.6167135 13.9327805, 75.6166200 13.9327873, 75.6166307 13.9326647, 75.6167192 13.9326643))",0.012952483549321062,13.932724729106031,75.61667040116886,010393272025561667
ff09b1a730c7,Bidar,Kandgoal,2025.0,2.0,pigeon_pea,2025-10-01,1.0,"POLYGON((77.5317363 18.0649414, 77.5304934 18.0650172, 77.5304881 18.0656745, 77.5317098 18.0656939, 77.5317363 18.0649414))",1.0160161356505553,18.065330531069456,77.53112075113886,010806533025753112
c961d01c16d3,Bidar,Kandgoal,2025.0,2.0,pigeon_pea,2025-10-01,1.0,"POLYGON((77.5319455 18.0619145, 77.5301582 18.0619435, 77.5298708 18.0610057, 77.5320796 18.0612843, 77.5319455 18.0619145))",1.8219574119633881,18.06152038398105,77.53095217070057,010806152025753095
5fc4aaacd018,Bidar,Kandgoal,2025.0,2.0,pigeon_pea,2025-10-01,1.0,"POLYGON((77.5318972 18.0632192, 77.5301944 18.0630649, 77.5301461 18.0622231, 77.5319915 18.0619916, 77.5318972 18.0632192))",2.1471010895135216,18.062616980749265,77.53111212804477,010806262025753111
c6db6b403690,Bidar,Kandgoal,2025.0,2.0,pigeon_pea,2025-10-01,1.0,"POLYGON((77.5343615 18.0619805, 77.5343961 18.0610905, 77.5350274 18.0609719, 77.5351377 18.0618431, 77.5343615 18.0619805))",0.7308699637579622,18.061486487903736,77.53473180414703,010806149025753473
7ea93e9ea4bc,Bidar,Kandgoal,2025.0,2.0,pigeon_pea,2025-10-01,1.0,"POLYGON((77.5363078 18.0616353, 77.5362052 18.0611804, 77.5368369 18.0610322, 77.5368935 18.0614647, 77.5363078 18.0616353))",0.3309169648361093,18.06132669871236,77.53655666044772,010806133025753656
ca9fdd230047,Bidar,Kandgoal,2025.0,2.0,safflower,2025-10-01,1.0,"POLYGON((77.5357606 18.0617210, 77.5355300 18.0605078, 77.5366357 18.0602952, 77.5367494 18.0609082, 77.5361113 18.0611128, 77.5361854 18.0615865, 77.5357606 18.0617210))",1.1608159783551704,18.060890900678462,77.53608624551094,010806089025753609
28bc802f0b29,Bidar,Kandgoal,2025.0,2.0,pigeon_pea,2025-10-01,1.0,"POLYGON((77.5343820 18.0610233, 77.5343501 18.0606707, 77.5354455 18.0604801, 77.5357147 18.0617191, 77.5352634 18.0618080, 77.5350723 18.0609130, 77.5343820 18.0610233))",0.9652948561815688,18.06103975680497,77.53516309548,010806104025753516
8c5fac317f04,Bidar,Kandgoal,2025.0,2.0,pigeon_pea,2025-10-01,1.0,"POLYGON((77.5337765 18.0604715, 77.5333047 18.0585471, 77.5360453 18.0585535, 77.5365633 18.0602044, 77.5337765 18.0604715))",5.857042659500105,18.05945225106613,77.53488972858904,010805945025753489
ef575ad492d3,Bidar,Kandgoal,2025.0,2.0,pigeon_pea,2025-10-01,1.0,"POLYGON((77.5348081 18.0584895, 77.5347917 18.0575736, 77.5318919 18.0576881, 77.5318848 18.0583976, 77.5348081 18.0584895))",2.76912221009636,18.058037486170576,77.53340572539264,010805804025753341
24708c500f1b,Bidar,Kandgoal,2025.0,2.0,pigeon_pea,2025-10-01,1.0,"POLYGON((77.5347273 18.0574815, 77.5341996 18.0565169, 77.5320981 18.0568249, 77.5319931 18.0575402, 77.5347273 18.0574815))",2.4220115384188428,18.057101768096313,77.53332856197154,010805710025753333
49fcc4def905,Bidar,Kandgoal,2025.0,2.0,pigeon_pea,2025-10-01,1.0,"POLYGON((77.5349181 18.0575287, 77.5343843 18.0565233, 77.5355722 18.0562756, 77.5357351 18.0573556, 77.5349181 18.0575287))",1.309016077485093,18.0568888189706,77.53514148479474,010805689025753514
a29d937d9b90,Bidar,Kandgoal,2025.0,2.0,pigeon_pea,2025-10-01,1.0,"POLYGON((77.5360211 18.0574975, 77.5355950 18.0563305, 77.5363044 18.0562090, 77.5363866 18.0574860, 77.5360211 18.0574975))",0.788352419689465,18.056812670538065,77.53606510724804,010805681025753607
ca88ac364654,Bidar,Kandgoal,2025.0,2.0,pigeon_pea,2025-10-01,1.0,"POLYGON((77.5373086 18.0574681, 77.5373042 18.0566983, 77.5378259 18.0566470, 77.5379195 18.0573336, 77.5373086 18.0574681))",0.4879185007558064,18.057047538666907,77.53758583815693,010805705025753759
ba9e6768be3b,Bidar,Kandgoal,2025.0,2.0,pigeon_pea,2025-10-01,1.0,"POLYGON((77.5369026 18.0574704, 77.5369405 18.0560904, 77.5373371 18.0560439, 77.5372365 18.0574551, 77.5369026 18.0574704))",0.5940719808143027,18.05674534774971,77.5371056993508,010805675025753711
d77d848ef833,Bidar,Kandgoal,2025.0,2.0,pigeon_pea,2025-10-01,1.0,"POLYGON((77.5364734 18.0575035, 77.5363457 18.0562122, 77.5369096 18.0561137, 77.5368117 18.0574997, 77.5364734 18.0575035))",0.7076089052426354,18.05677607662077,77.53663642372864,010805678025753664
958e9d37f927,Bidar,Kandgoal,2025.0,2.0,pigeon_pea,2025-10-01,1.0,"POLYGON((77.5372607 18.0586307, 77.5370417 18.0575577, 77.5375352 18.0575497, 77.5378906 18.0585711, 77.5372607 18.0586307))",0.6997490966270423,18.05810042313141,77.53743646350111,010805810025753744
b249cc134e95,Bidar,Kandgoal,2025.0,2.0,pigeon_pea,2025-10-01,1.0,"POLYGON((77.5375155 18.0600708, 77.5372368 18.0587333, 77.5375208 18.0587002, 77.5378289 18.0600096, 77.5375155 18.0600708))",0.47888190703127637,18.059391279479282,77.53752791913857,010805939025753753
e507be0e12d3,Bidar,Kandgoal,2025.0,2.0,pigeon_pea,2025-10-01,1.0,"POLYGON((77.5378829 18.0586440, 77.5376057 18.0586986, 77.5379091 18.0599723, 77.5383007 18.0599315, 77.5378829 18.0586440))",0.5213205992984604,18.059345411546516,77.53793475257291,010805935025753793
a2e632111189,Bidar,Kandgoal,2025.0,2.0,pigeon_pea,2025-10-01,1.0,"POLYGON((77.5392814 18.0597855, 77.5390540 18.0592220, 77.5395278 18.0590358, 77.5396636 18.0597441, 77.5392814 18.0597855))",0.3426814710170242,18.05942988740997,77.53938360233947,010805943025753938
13513a28d5dd,Bidar,Kandgoal,2025.0,2.0,pigeon_pea,2025-10-01,1.0,"POLYGON((77.5383265 18.0599452, 77.5379748 18.0587237, 77.5387292 18.0585542, 77.5391768 18.0597906, 77.5383265 18.0599452))",1.2297262928011379,18.05926398447711,77.53855709893016,010805926025753856
1ca2f2399dd3,Bidar,Kandgoal,2025.0,2.0,pigeon_pea,2025-10-01,1.0,"POLYGON((77.5386480 18.0611651, 77.5383677 18.0599551, 77.5392287 18.0598643, 77.5395506 18.0609799, 77.5386480 18.0611651))",1.248560427609507,18.06049890092187,77.5389452369718,010806050025753895
4d75d6601443,Bidar,Kandgoal,2025.0,2.0,pigeon_pea,2025-10-01,1.0,"POLYGON((77.5382262 18.0652082, 77.5381837 18.0648030, 77.5402020 18.0646698, 77.5403244 18.0651508, 77.5382262 18.0652082))",1.076374333212648,18.064957694092698,77.53926484003503,010806496025753926
f5706570178c,Bidar,Kandgoal,2025.0,2.0,pigeon_pea,2025-10-01,1.0,"POLYGON((77.5377934 18.0647657, 77.5376660 18.0643628, 77.5399794 18.0640791, 77.5401112 18.0645643, 77.5377934 18.0647657))",1.2399765523404362,18.064439042840913,77.53892227833111,010806444025753892
aa76aeaaeec8,Bidar,Kandgoal,2025.0,2.0,sorghum,2025-10-01,1.0,"POLYGON((77.5376546 18.0642984, 77.5375161 18.0637853, 77.5398336 18.0635953, 77.5399395 18.0639695, 77.5376546 18.0642984))",1.2319564335991473,18.063918953166358,77.53867618338471,010806392025753868
bc567ff11e6f,Bidar,Kandgoal,2025.0,2.0,pigeon_pea,2025-10-01,1.0,"POLYGON((77.5374373 18.0632979, 77.5372801 18.0628634, 77.5395127 18.0625648, 77.5395741 18.0628679, 77.5374373 18.0632979))",0.9894626928615893,18.06290928437519,77.53838152594251,010806291025753838
a4ac6c2c0cd8,Bidar,Kandgoal,2025.0,2.0,sorghum,2025-10-01,1.0,"POLYGON((77.5372100 18.0625045, 77.5381347 18.0623391, 77.5380673 18.0620449, 77.5371309 18.0621858, 77.5372100 18.0625045))",0.34688509545541263,18.062269461382318,77.53762925948269,010806227025753763
c8d8d644564a,Bidar,Kandgoal,2025.0,2.0,pigeon_pea,2025-10-01,1.0,"POLYGON((77.5372600 18.0628296, 77.5372328 18.0626546, 77.5381800 18.0625007, 77.5382229 18.0626833, 77.5372600 18.0628296))",0.2060101018664578,18.06266660545048,77.53772833430749,010806267025753773
a4f84f338d52,Bidar,Kandgoal,2025.0,2.0,pigeon_pea,2025-10-01,1.0,"POLYGON((77.5363122 18.0622677, 77.5361415 18.0616914, 77.5369220 18.0615205, 77.5370729 18.0620793, 77.5363122 18.0622677))",0.5456217049898643,18.061889410946367,77.53660955191367,010806189025753661
8ccb8047c883,Bidar,Kandgoal,2025.0,2.0,pigeon_pea,2025-10-01,1.0,"POLYGON((77.5364426 18.0630400, 77.5362961 18.0623375, 77.5370508 18.0621685, 77.5372016 18.0628838, 77.5364426 18.0630400))",0.6561979230470341,18.06260734532927,77.53674895459015,010806261025753675
5860ae17030a,Bidar,Kandgoal,2025.0,2.0,safflower,2025-10-01,1.0,"POLYGON((77.5362246 18.0653787, 77.5358431 18.0632590, 77.5364989 18.0630891, 77.5369599 18.0652579, 77.5362246 18.0653787))",1.8169212834114834,18.064263041495707,77.53638673208052,010806426025753639
dbf0adf2039c,Bidar,Kandgoal,2025.0,2.0,pigeon_pea,2025-10-01,1.0,"POLYGON((77.5354921 18.0654077, 77.5361331 18.0653446, 77.5357703 18.0633097, 77.5352651 18.0633164, 77.5354921 18.0654077))",1.3958246365328053,18.064387428507423,77.53567016534731,010806439025753567
861b4babac4e,Bidar,Kandgoal,2025.0,2.0,pigeon_pea,2025-10-01,1.0,"POLYGON((77.5345379 18.0637037, 77.5345090 18.0633428, 77.5350700 18.0633913, 77.5349882 18.0637167, 77.5345379 18.0637037))",0.20397671333797424,18.06353203030856,77.53477324664213,010806353025753477
de0e140ee206,Bidar,Kandgoal,2025.0,2.0,pigeon_pea,2025-10-01,1.0,"POLYGON((77.5350170 18.0633180, 77.5346217 18.0620379, 77.5360815 18.0617252, 77.5363521 18.0630394, 77.5350170 18.0633180))",2.236494654580154,18.062520159242666,77.5355161979445,010806252025753552
7aa15a80573f,Bidar,Kandgoal,2025.0,2.0,pigeon_pea,2025-10-01,1.0,"POLYGON((77.5319787 18.0629010, 77.5345704 18.0626167, 77.5346579 18.0633285, 77.5319489 18.0632131, 77.5319787 18.0629010))",1.590594918686579,18.063010821902687,77.5334628129533,010806301025753346
2e6eab505a9e,Bidar,Kandgoal,2025.0,2.0,safflower,2025-10-01,1.0,"POLYGON((77.5319076 18.0635851, 77.5319455 18.0632590, 77.5326734 18.0632724, 77.5326536 18.0636514, 77.5319076 18.0635851))",0.3053725758867556,18.06344334118641,77.53230397859464,010806344025753230
5b8521ceda0b,Bidar,Kandgoal,2025.0,2.0,pigeon_pea,2025-10-01,1.0,"POLYGON((77.5318701 18.0639858, 77.5318939 18.0636527, 77.5326623 18.0636772, 77.5326721 18.0639937, 77.5318701 18.0639858))",0.2985966936179038,18.063828405018622,77.53227109045216,010806383025753227
0b82cd625683,Bidar,Kandgoal,2025.0,2.0,safflower,2025-10-01,1.0,"POLYGON((77.5317772 18.0644071, 77.5318208 18.0636791, 77.5303315 18.0635762, 77.5304405 18.0644314, 77.5317772 18.0644071))",1.307489746120334,18.064016050497344,77.53107390160996,010806402025753107
12deab1bf7ca,Bidar,Kandgoal,2025.0,2.0,pigeon_pea,2025-10-01,1.0,"POLYGON((77.5317343 18.0648795, 77.5317511 18.0645034, 77.5303915 18.0645264, 77.5304250 18.0650191, 77.5317343 18.0648795))",0.6792248695422911,18.06473266879822,77.53104484443776,010806473025753104
c8b57f09cfe2,Bidar,Kandgoal,2025.0,2.0,pigeon_pea,2025-10-01,1.0,"POLYGON((77.5318272 18.0647013, 77.5318557 18.0643928, 77.5326985 18.0643874, 77.5327384 18.0647151, 77.5318272 18.0647013))",0.32648032421037004,18.06455122165046,77.53228431426247,010806455025753228
2e237c0df3f3,Bidar,Kandgoal,2025.0,2.0,pigeon_pea,2025-10-01,1.0,"POLYGON((77.5317682 18.0654189, 77.5317745 18.0647740, 77.5327193 18.0647479, 77.5327294 18.0653108, 77.5317682 18.0654189))",0.6736142904450346,18.065064516063913,77.53223723792631,010806506025753224
a164f06f9e07,Bidar,Kandgoal,2025.0,2.0,pigeon_pea,2025-10-01,1.0,"POLYGON((77.5317383 18.0661816, 77.5317427 18.0658485, 77.5345821 18.0650641, 77.5345969 18.0655409, 77.5317383 18.0661816))",1.354495202559044,18.065637281221427,77.53325180741729,010806564025753325
b7b5844737b5,Bidar,Wallepur,2025.0,2.0,pigeon_pea,2025-10-01,1.0,"POLYGON((77.5544965 18.0868090, 77.5540831 18.0860508, 77.5559872 18.0855288, 77.5558279 18.0863676, 77.5544965 18.0868090))",1.583131427314295,18.086170397081897,77.55508053450369,010808617025755508
19a9e4f42a85,Bidar,Wallepur,2025.0,2.0,pigeon_pea,2025-10-01,1.0,"POLYGON((77.5545646 18.0868559, 77.5550296 18.0877279, 77.5553589 18.0877403, 77.5557404 18.0865528, 77.5545646 18.0868559))",0.9138119147990005,18.087120217018516,77.55517861039164,010808712025755518
8c1388c6d096,Bidar,Wallepur,2025.0,2.0,safflower,2025-10-01,1.0,"POLYGON((77.5534122 18.0873805, 77.5535490 18.0878063, 77.5548191 18.0875475, 77.5545679 18.0870458, 77.5534122 18.0873805))",0.7254266697541463,18.08744239557125,77.55410859789913,010808744025755411
41d7684d9a52,Bidar,Wallepur,2025.0,2.0,pigeon_pea,2025-10-01,1.0,"POLYGON((77.5532349 18.0825807, 77.5516044 18.0829663, 77.5517479 18.0836522, 77.5528144 18.0834297, 77.5532349 18.0825807))",1.1617028980829476,18.083129573996366,77.55236069085969,010808313025755236
cece3209f8a5,Bidar,Wallepur,2025.0,2.0,pigeon_pea,2025-10-01,1.0,"POLYGON((77.5529506 18.0839362, 77.5533747 18.0825702, 77.5540151 18.0823069, 77.5546816 18.0831174, 77.5529506 18.0839362))",1.5865800095888687,18.083068830173847,77.55375982524704,010808307025755376
897b50b10418,Bidar,Wallepur,2025.0,2.0,pigeon_pea,2025-10-01,1.0,"POLYGON((77.5538173 18.0854539, 77.5537445 18.0851008, 77.5556573 18.0846922, 77.5559966 18.0850558, 77.5538173 18.0854539))",0.9552391956502856,18.085073762230923,77.55483280197926,010808507025755483
64d80e92e869,Bidar,Wallepur,2025.0,2.0,pigeon_pea,2025-10-01,1.0,"POLYGON((77.5561082 18.0854003, 77.5560100 18.0851036, 77.5530441 18.0857095, 77.5532305 18.0862468, 77.5561082 18.0854003))",1.5466642530289512,18.08565013027788,77.55445687991536,010808565025755446
de6e01409164,Bidar,Wallepur,2025.0,2.0,pigeon_pea,2025-10-01,1.0,"POLYGON((77.5632318 18.0902836, 77.5630870 18.0899419, 77.5620651 18.0904219, 77.5622213 18.0906670, 77.5632318 18.0902836))",0.4248619224479651,18.09031815866986,77.56267240189754,010809032025756267
0b3c6b4230ba,Bidar,Wallepur,2025.0,2.0,pigeon_pea,2025-10-01,1.0,"POLYGON((77.5633542 18.0906169, 77.5632469 18.0903017, 77.5621790 18.0907004, 77.5623718 18.0910061, 77.5633542 18.0906169))",0.44147719160719534,18.09065646255291,77.56278165647075,010809066025756278
8fbb93fde3a1,Bidar,Wallepur,2025.0,2.0,pigeon_pea,2025-10-01,1.0,"POLYGON((77.5626055 18.0913305, 77.5623769 18.0910293, 77.5633099 18.0906769, 77.5635141 18.0909981, 77.5626055 18.0913305))",0.42202545895840377,18.091007047951393,77.56295315621624,010809101025756295
764e26beaf46,Bidar,Wallepur,2025.0,2.0,pigeon_pea,2025-10-01,1.0,"POLYGON((77.5644790 18.0920231, 77.5644244 18.0916339, 77.5629207 18.0920753, 77.5631014 18.0924578, 77.5644790 18.0920231))",0.7106260668050489,18.092047635909296,77.56372156450374,010809205025756372
37d124068de3,Bidar,Wallepur,2025.0,2.0,pigeon_pea,2025-10-01,1.0,"POLYGON((77.5644867 18.0925441, 77.5645045 18.0920954, 77.5631648 18.0924887, 77.5634263 18.0929807, 77.5644867 18.0925441))",0.7197050852052213,18.092528637536848,77.5638661924801,010809253025756387
b35480410693,Bidar,Wallepur,2025.0,2.0,pigeon_pea,2025-10-01,1.0,"POLYGON((77.5645350 18.0917869, 77.5644653 18.0909618, 77.5654527 18.0907916, 77.5654527 18.0916107, 77.5645350 18.0917869))",0.9232868630042879,18.091283097953973,77.5649744147039,010809128025756497
67d2f3b89f3c,Bidar,Wallepur,2025.0,2.0,pigeon_pea,2025-10-01,1.0,"POLYGON((77.5667780 18.0912486, 77.5661105 18.0901338, 77.5667230 18.0899840, 77.5670449 18.0910864, 77.5667780 18.0912486))",0.6606699603103096,18.0905528726601,77.56663273273742,010809055025756663
cd2bcd66f589,Bidar,Wallepur,2025.0,2.0,pigeon_pea,2025-10-01,1.0,"POLYGON((77.5644281 18.0859383, 77.5632764 18.0845201, 77.5648157 18.0839974, 77.5649950 18.0857716, 77.5644281 18.0859383))",2.235395291735838,18.084931689088343,77.56432868284503,010808493025756433
af326f202b5d,Bidar,Wallepur,2025.0,2.0,pigeon_pea,2025-10-01,1.0,"POLYGON((77.5635087 18.0868533, 77.5634222 18.0856177, 77.5644546 18.0860049, 77.5644237 18.0866599, 77.5635087 18.0868533))",1.0737704093396354,18.08627096311227,77.56390309663179,010808627025756390
2e4234d6d6eb,Bidar,Wallepur,2025.0,2.0,pigeon_pea,2025-10-01,1.0,"POLYGON((77.5626149 18.0878187, 77.5635010 18.0877537, 77.5633398 18.0857340, 77.5624298 18.0862797, 77.5626149 18.0878187))",1.931574384351809,18.08687870983044,77.56298952431874,010808688025756299
4a3393589c38,Bidar,Wallepur,2025.0,2.0,pigeon_pea,2025-10-01,1.0,"POLYGON((77.5635222 18.0878305, 77.5634813 18.0868852, 77.5644472 18.0866924, 77.5644147 18.0875905, 77.5635222 18.0878305))",1.0031959544192341,18.08724487254178,77.5639608960411,010808724025756396
567a7363e848,Bidar,Wallepur,2025.0,2.0,pigeon_pea,2025-10-01,1.0,"POLYGON((77.5636848 18.0896519, 77.5635497 18.0878662, 77.5643838 18.0876750, 77.5643208 18.0893781, 77.5636848 18.0896519))",1.5102169584887462,18.088605815286503,77.56397889365391,010808861025756398
01ac026327bd,Bidar,Wallepur,2025.0,2.0,pigeon_pea,2025-10-01,1.0,"POLYGON((77.5628922 18.0899815, 77.5626283 18.0880574, 77.5634799 18.0879137, 77.5635862 18.0896621, 77.5628922 18.0899815))",1.710532757066477,18.088879056845638,77.56313635540965,010808888025756314
37e91c0f4e66,Bidar,Wallepur,2025.0,2.0,pigeon_pea,2025-10-01,1.0,"POLYGON((77.5619980 18.0903684, 77.5612470 18.0870723, 77.5623239 18.0863915, 77.5627668 18.0900302, 77.5619980 18.0903684))",4.099904354963252,18.088358706542113,77.56206933216977,010808836025756207
a5d66a20d1a0,Bidar,Wallepur,2025.0,2.0,pigeon_pea,2025-10-01,1.0,"POLYGON((77.5610391 18.0909092, 77.5608410 18.0900885, 77.5617646 18.0896006, 77.5619380 18.0903508, 77.5610391 18.0909092))",0.951180638349261,18.090240910797345,77.56138834116297,010809024025756139
ca9c048b14e0,Bidar,Wallepur,2025.0,2.0,pigeon_pea,2025-10-01,1.0,"POLYGON((77.5608175 18.0900554, 77.5605523 18.0891299, 77.5614508 18.0884478, 77.5617268 18.0895566, 77.5608175 18.0900554))",1.262676242665513,18.08928655209581,77.56114803460471,010808929025756115
677078bb3a89,Bidar,Wallepur,2025.0,2.0,pigeon_pea,2025-10-01,1.0,"POLYGON((77.5600712 18.0914526, 77.5591076 18.0883474, 77.5600983 18.0877381, 77.5609627 18.0909879, 77.5600712 18.0914526))",4.073237433690322,18.089596395484783,77.56005200584542,010808960025756005
970ffe4d6cc1,Bidar,Wallepur,2025.0,2.0,pigeon_pea,2025-10-01,1.0,"POLYGON((77.5566480 18.0887978, 77.5569233 18.0885690, 77.5583716 18.0886639, 77.5574077 18.0895569, 77.5566480 18.0887978))",1.0342256136423902,18.088939599715534,77.55744312484376,010808894025755744
e0634cbf6fb5,Bidar,Wallepur,2025.0,2.0,pigeon_pea,2025-10-01,1.0,"POLYGON((77.5568572 18.0900532, 77.5553609 18.0891455, 77.5561763 18.0888650, 77.5571284 18.0897596, 77.5568572 18.0900532))",0.983975874170952,18.089418111249262,77.55631435683058,010808942025755631
007b372efe1e,Bidar,Wallepur,2025.0,2.0,pigeon_pea,2025-10-01,1.0,"POLYGON((77.5567144 18.0901086, 77.5551798 18.0893912, 77.5550269 18.0906326, 77.5559563 18.0905022, 77.5567144 18.0901086))",1.3348079938564972,18.090087464006658,77.55567066568769,010809009025755567
016630b671f9,Bidar,Wallepur,2025.0,2.0,pigeon_pea,2025-10-01,1.0,"POLYGON((77.5574875 18.0896204, 77.5564190 18.0905032, 77.5578111 18.0920693, 77.5588085 18.0917608, 77.5574875 18.0896204))",3.1853779555973825,18.0909266755419,77.55761112672228,010809093025755761
a818c4975c40,Bidar,Wallepur,2025.0,2.0,pigeon_pea,2025-10-01,1.0,"POLYGON((77.5563969 18.0910861, 77.5566078 18.0908652, 77.5577138 18.0920572, 77.5572468 18.0920505, 77.5563969 18.0910861))",0.5501453222839174,18.091522987602925,77.55700689332718,010809152025755701
f00d4bd594f5,Bidar,Wallepur,2025.0,2.0,pigeon_pea,2025-10-01,1.0,"POLYGON((77.5560646 18.0920109, 77.5562822 18.0933383, 77.5565809 18.0932870, 77.5564897 18.0920524, 77.5560646 18.0920109))",0.5433694414459166,18.092638263555045,77.5563480657705,010809264025755635
bd5de87baeab,Bidar,Wallepur,2025.0,2.0,safflower,2025-10-01,1.0,"POLYGON((77.5568619 18.0934110, 77.5569115 18.0920833, 77.5579955 18.0921158, 77.5576253 18.0933342, 77.5568619 18.0934110))",1.370406568436295,18.092697194254473,77.55734788660997,010809270025755735
0ee58669b6a7,Bidar,Wallepur,2025.0,2.0,pigeon_pea,2025-10-01,1.0,"POLYGON((77.5587009 18.0933348, 77.5590107 18.0927710, 77.5597768 18.0928408, 77.5596786 18.0934553, 77.5587009 18.0933348))",0.6236891461075198,18.093113281293817,77.55929070369032,010809311025755929
882200d9d601,Bidar,Wallepur,2025.0,2.0,pigeon_pea,2025-10-01,1.0,"POLYGON((77.5582972 18.0920055, 77.5581188 18.0933508, 77.5583445 18.0933192, 77.5583998 18.0919781, 77.5582972 18.0920055))",0.2538900561392931,18.09274836511109,77.5582828836363,010809275025755828
45276014ce10,Bidar,Wallepur,2025.0,2.0,pigeon_pea,2025-10-01,1.0,"POLYGON((77.5581091 18.0933166, 77.5582915 18.0920262, 77.5580045 18.0920718, 77.5576545 18.0933508, 77.5581091 18.0933166))",0.5449748308561765,18.092741487310537,77.55800523691883,010809274025755801
ed7664434364,Bidar,Wallepur,2025.0,2.0,pigeon_pea,2025-10-01,1.0,"POLYGON((77.5574426 18.0949551, 77.5577336 18.0934317, 77.5595864 18.0934801, 77.5593057 18.0943632, 77.5574426 18.0949551))",2.524798521826632,18.094062067860758,77.55843380803074,010809406025755843
06aa7e853f6c,Bidar,Wallepur,2025.0,2.0,pigeon_pea,2025-10-01,1.0,"POLYGON((77.5560465 18.0945726, 77.5564847 18.0934945, 77.5572223 18.0934425, 77.5563804 18.0946271, 77.5560465 18.0945726))",0.7101803051983807,18.093973847496642,77.55657187513054,010809397025755657
1d492a7139b9,Bidar,Wallepur,2025.0,2.0,pigeon_pea,2025-10-01,1.0,"POLYGON((77.5561826 18.0931955, 77.5550521 18.0951686, 77.5555298 18.0952326, 77.5563439 18.0934546, 77.5561826 18.0931955))",0.8849794015543121,18.094344311434167,77.55572984556582,010809434025755573
89f46e26cf4b,Bidar,Wallepur,2025.0,2.0,pigeon_pea,2025-10-01,1.0,"POLYGON((77.5560777 18.0925135, 77.5548482 18.0952457, 77.5551185 18.0951998, 77.5561541 18.0931818, 77.5560777 18.0925135))",0.8940931050557518,18.093938684947055,77.55558920569442,010809394025755559
31d9b32135d0,Bidar,Wallepur,2025.0,2.0,pigeon_pea,2025-10-01,1.0,"POLYGON((77.5548811 18.0951096, 77.5554675 18.0920760, 77.5560224 18.0920144, 77.5552318 18.0951042, 77.5548811 18.0951096))",1.5950906036055108,18.093466252440457,77.55542588095098,010809347025755543
07a0f741aa17,Bidar,Sorhalli,2025.0,2.0,pigeon_pea,2025-10-01,1.0,"POLYGON((77.5339069 18.0840442, 77.5338516 18.0833991, 77.5330647 18.0833765, 77.5330647 18.0840194, 77.5339069 18.0840442))",0.6130025116622572,18.08371345641546,77.53347216926497,010808371025753347
683733d48f17,Bidar,Sorhalli,2025.0,2.0,pigeon_pea,2025-10-01,1.0,"POLYGON((77.5350190 18.0786974, 77.5349798 18.0781664, 77.5358216 18.0781638, 77.5357720 18.0787223, 77.5350190 18.0786974))",0.5083465944259802,18.078432479238508,77.53540165226082,010807843025753540
8ede5f5d660e,Bidar,Sorhalli,2025.0,2.0,safflower,2025-10-01,1.0,"POLYGON((77.5345151 18.0781836, 77.5345385 18.0774821, 77.5349975 18.0775602, 77.5349415 18.0781192, 77.5345151 18.0781836))",0.32684218243085633,18.077831229728563,77.53474018403303,010807783025753474
cebc2b68e835,Bidar,Sorhalli,2025.0,2.0,safflower,2025-10-01,1.0,"POLYGON((77.5357499 18.0801007, 77.5357603 18.0794697, 77.5365495 18.0794238, 77.5368372 18.0798916, 77.5357499 18.0801007))",0.6239532578197226,18.079739748760044,77.53621138859405,010807974025753621
d39c3d4121bc,Bidar,Sorhalli,2025.0,2.0,pigeon_pea,2025-10-01,1.0,"POLYGON((77.5371051 18.0805058, 77.5366893 18.0801367, 77.5380465 18.0794566, 77.5383225 18.0797648, 77.5371051 18.0805058))",0.7976549507615109,18.07998033663362,77.537511781036,010807998025753751
99f4f019cf55,Bidar,Sorhalli,2025.0,2.0,pigeon_pea,2025-10-01,1.0,"POLYGON((77.5386075 18.0802633, 77.5377257 18.0802065, 77.5371242 18.0805664, 77.5369646 18.0810566, 77.5381424 18.0810779, 77.5386075 18.0802633))",1.169878568326156,18.080661615448523,77.53777455852993,010808066025753777
cc619581512f,Bidar,Sorhalli,2025.0,2.0,pigeon_pea,2025-10-01,1.0,"POLYGON((77.5365780 18.0812312, 77.5368151 18.0803767, 77.5370441 18.0805667, 77.5368566 18.0812421, 77.5365780 18.0812312))",0.25210261734593126,18.080852206942286,77.53681850435338,010808085025753682
9de3fa899450,Bidar,Sorhalli,2025.0,2.0,pigeon_pea,2025-10-01,1.0,"POLYGON((77.5354716 18.0812927, 77.5355638 18.0802097, 77.5367772 18.0803073, 77.5364855 18.0811477, 77.5354716 18.0812927))",1.2478853356805926,18.08072195697315,77.53605418800288,010808072025753605
f1ab4b6650d1,Bidar,Sorhalli,2025.0,2.0,pigeon_pea,2025-10-01,1.0,"POLYGON((77.5332725 18.0816051, 77.5331280 18.0803873, 77.5338593 18.0803487, 77.5340041 18.0814993, 77.5332725 18.0816051))",1.02570378271476,18.08096155457392,77.53356271338555,010808096025753356
612c5a826f8b,Bidar,Sorhalli,2025.0,2.0,sorghum,2025-10-01,1.0,"POLYGON((77.5333547 18.0823655, 77.5334023 18.0816822, 77.5350391 18.0815646, 77.5352798 18.0823286, 77.5333547 18.0823655))",1.5167928894540765,18.081993757526742,77.53428922382808,010808199025753429
363e669edb27,Bidar,Sorhalli,2025.0,2.0,pigeon_pea,2025-10-01,1.0,"POLYGON((77.5346626 18.0833156, 77.5347404 18.0825007, 77.5331881 18.0826272, 77.5331807 18.0832841, 77.5346626 18.0833156))",1.3040363101027532,18.08292858602603,77.53396989821388,010808293025753397
0974761bf176,Bidar,Sorhalli,2025.0,2.0,pigeon_pea,2025-10-01,1.0,"POLYGON((77.5364419 18.0838202, 77.5366511 18.0834320, 77.5373096 18.0833682, 77.5373398 18.0838798, 77.5364419 18.0838202))",0.40940862419004986,18.083637707763643,77.5369509510291,010808364025753695
a25b8d77f243,Bidar,Sorhalli,2025.0,2.0,pigeon_pea,2025-10-01,1.0,"POLYGON((77.5341650 18.0844802, 77.5355326 18.0845076, 77.5356966 18.0839620, 77.5340940 18.0839814, 77.5341650 18.0844802))",0.9076800689101756,18.08422608893387,77.53488391194216,010808423025753488
5767a39a1d1c,Bidar,Sorhalli,2025.0,2.0,pigeon_pea,2025-10-01,1.0,"POLYGON((77.5316270 18.0925237, 77.5314651 18.0914577, 77.5297183 18.0916738, 77.5297713 18.0920546, 77.5316270 18.0925237))",1.5088190336735694,18.091937663987093,77.53078750310078,010809194025753079
e0ef9d7d77d6,Bidar,Sorhalli,2025.0,2.0,safflower,2025-10-01,1.0,"POLYGON((77.5336410 18.0914315, 77.5336289 18.0910606, 77.5314550 18.0911119, 77.5315298 18.0914819, 77.5336410 18.0914315))",0.931379944346684,18.091270580614204,77.53256332341492,010809127025753256
ef10ed5e2401,Bidar,Sorhalli,2025.0,2.0,pigeon_pea,2025-10-01,1.0,"POLYGON((77.5348571 18.0919810, 77.5348497 18.0915581, 77.5340752 18.0915715, 77.5341821 18.0919886, 77.5348571 18.0919810))",0.35687676951297087,18.091769938280223,77.53449097672778,010809177025753449
ea1b99ebccae,Bidar,Sorhalli,2025.0,2.0,pigeon_pea,2025-10-01,1.0,"POLYGON((77.5348561 18.0915211, 77.5347712 18.0910475, 77.5337356 18.0910628, 77.5337081 18.0914325, 77.5348561 18.0915211))",0.5374175961025567,18.091270101412785,77.53428961177752,010809127025753429
24ca12c5b416,Bidar,Sorhalli,2025.0,2.0,pigeon_pea,2025-10-01,1.0,"POLYGON((77.5338244 18.0899034, 77.5336470 18.0880173, 77.5350368 18.0878050, 77.5346244 18.0900216, 77.5338244 18.0899034))",2.621406170029975,18.088846884054234,77.53430187305405,010808885025753430
94a5d07e2506,Bidar,Sorhalli,2025.0,2.0,pigeon_pea,2025-10-01,1.0,"POLYGON((77.5351471 18.0901924, 77.5351595 18.0889071, 77.5358183 18.0888108, 77.5356976 18.0901854, 77.5351471 18.0901924))",0.9369287471098949,18.089504577252157,77.53545960883496,010808950025753546
8d67b36b81d0,Bidar,Sorhalli,2025.0,2.0,pigeon_pea,2025-10-01,1.0,"POLYGON((77.5354844 18.0869075, 77.5368432 18.0870857, 77.5370199 18.0863740, 77.5356205 18.0862784, 77.5354844 18.0869075))",1.1069087941008,18.086662000907378,77.5362567011416,010808666025753626
2c9a28405c98,Bidar,Sorhalli,2025.0,2.0,pigeon_pea,2025-10-01,1.0,"POLYGON((77.5353804 18.0887277, 77.5355494 18.0876865, 77.5368231 18.0878388, 77.5367105 18.0886270, 77.5353804 18.0887277))",1.397594743417546,18.08822038458882,77.53608564018823,010808822025753609
108ce3dac7af,Bidar,Sorhalli,2025.0,2.0,safflower,2025-10-01,1.0,"POLYGON((77.5357955 18.0876571, 77.5359085 18.0870366, 77.5366253 18.0871478, 77.5364614 18.0877585, 77.5357955 18.0876571))",0.5151824837401404,18.087396169703155,77.53619833164004,010808740025753620
95497d808fa9,Bidar,Sorhalli,2025.0,2.0,pigeon_pea,2025-10-01,1.0,"POLYGON((77.5370357 18.0885884, 77.5370357 18.0879118, 77.5381733 18.0881142, 77.5379812 18.0886945, 77.5370357 18.0885884))",0.7832618536237649,18.088315685783886,77.537548847699,010808832025753755
a33061cc9121,Bidar,Sorhalli,2025.0,2.0,pigeon_pea,2025-10-01,1.0,"POLYGON((77.5395888 18.0894024, 77.5396404 18.0891703, 77.5380921 18.0887337, 77.5380338 18.0891171, 77.5395888 18.0894024))",0.5818839437345441,18.08909121352418,77.538777148647,010808909025753878
568bd309579d,Bidar,Sorhalli,2025.0,2.0,pigeon_pea,2025-10-01,1.0,"POLYGON((77.5397290 18.0917059, 77.5398574 18.0905532, 77.5415052 18.0907976, 77.5413359 18.0918529, 77.5397290 18.0917059))",2.1362688094749696,18.091223062916043,77.54059608575253,010809122025754060
52a49f16040a,Bidar,Sorhalli,2025.0,2.0,pigeon_pea,2025-10-01,1.0,"POLYGON((77.5412984 18.0938186, 77.5412833 18.0933138, 77.5421691 18.0930652, 77.5423820 18.0936312, 77.5412984 18.0938186))",0.6459475829149481,18.093461789455063,77.5418002591973,010809346025754180
6c3b4cfebafe,Bidar,Sorhalli,2025.0,2.0,pigeon_pea,2025-10-01,1.0,"POLYGON((77.5416793 18.0951103, 77.5415860 18.0943661, 77.5425027 18.0941290, 77.5426965 18.0948693, 77.5416793 18.0951103))",0.879864217027561,18.09462432969951,77.54211949631527,010809462025754212
88ed48df02f2,Bidar,Sorhalli,2025.0,2.0,pigeon_pea,2025-10-01,1.0,"POLYGON((77.5427873 18.0948901, 77.5425402 18.0937163, 77.5433255 18.0932889, 77.5437308 18.0946851, 77.5427873 18.0948901))",1.4201889666424594,18.094151378729514,77.54311327271186,010809415025754311
2b6618e54742,Bidar,Sorhalli,2025.0,2.0,pigeon_pea,2025-10-01,1.0,"POLYGON((77.5407344 18.0965520, 77.5403469 18.0952212, 77.5414731 18.0948528, 77.5417570 18.0961798, 77.5407344 18.0965520))",1.8160683906345763,18.09569255742445,77.54107294537036,010809569025754107
c2ba50f200b8,Bidar,Sorhalli,2025.0,1.0,pigeon_pea,2025-09-25,1.0,"POLYGON((77.5342562 18.0973663, 77.5342029 18.0986359, 77.5346951 18.0986124, 77.5350649 18.0974530, 77.5342562 18.0973663))",0.932083979903207,18.097964890644057,77.53455962823602,010809796025753456
588862ffc716,Bidar,Sorhalli,2025.0,2.0,safflower,2025-10-01,1.0,"POLYGON((77.5340547 18.0978475, 77.5340893 18.0972908, 77.5330747 18.0971438, 77.5329356 18.0976843, 77.5340547 18.0978475))",0.7005614760992724,18.0974961292724,77.53353803943547,010809750025753354
6ba308221e9e,Bidar,Sorhalli,2025.0,2.0,pigeon_pea,2025-10-01,1.0,"POLYGON((77.5331458 18.0970960, 77.5332870 18.0964032, 77.5347514 18.0961779, 77.5350193 18.0972653, 77.5331458 18.0970960))",1.740248019190592,18.096751459021494,77.53411473750302,010809675025753411
460d6556b950,Bidar,Sorhalli,2025.0,2.0,pigeon_pea,2025-10-01,1.0,"POLYGON((77.5313481 18.0966435, 77.5308307 18.0967254, 77.5307992 18.0990955, 77.5301193 18.0990875, 77.5300968 18.1012361, 77.5310775 18.1012635, 77.5313481 18.0966435))",3.9051200337083283,18.099385720345317,77.53076627592202,010809939025753077
f4d4aa2e7116,Bidar,Sorhalli,2025.0,2.0,pigeon_pea,2025-10-01,1.0,"POLYGON((77.5291979 18.0968685, 77.5291745 18.0962419, 77.5317014 18.0959806, 77.5318765 18.0964963, 77.5291979 18.0968685))",1.7759257815491327,18.096404076742694,77.53045371474943,010809640025753045
ac3a4b9af32e,Bidar,Sorhalli,2025.0,1.0,pigeon_pea,2025-09-27,1.0,"POLYGON((77.5303030 18.0953098, 77.5301337 18.0943502, 77.5308217 18.0942447, 77.5309796 18.0950618, 77.5303030 18.0953098))",0.7430074073067221,18.09474545647834,77.53055088791056,010809475025753055
ecbb5ca569d6,Bidar,Sorhalli,2025.0,2.0,pigeon_pea,2025-10-01,1.0,"POLYGON((77.5293753 18.0954328, 77.5293719 18.0945487, 77.5300579 18.0944923, 77.5301173 18.0953356, 77.5293753 18.0954328))",0.7242929591475761,18.09495838361975,77.52972842476905,010809496025752973
8f26c6ee6a34,Bidar,Sorhalli,2025.0,2.0,pigeon_pea,2025-10-01,1.0,"POLYGON((77.5293009 18.0944031, 77.5292677 18.0937077, 77.5299969 18.0936344, 77.5300452 18.0943993, 77.5293009 18.0944031))",0.6312476927263134,18.09403672217589,77.52965859252603,010809404025752966
c477c5b58ca9,Bidar,Sorhalli,2025.0,2.0,pigeon_pea,2025-10-01,1.0,"POLYGON((77.5277593 18.0946485, 77.5291875 18.0945134, 77.5291852 18.0937310, 77.5276449 18.0936280, 77.5277593 18.0946485))",1.5665680738494865,18.094125673634593,77.52841110493421,010809413025752841
8b9444d4836c,Bidar,Maharajwadi,2025.0,2.0,pigeon_pea,2025-10-01,1.0,"POLYGON((77.5470252 18.1123074, 77.5468844 18.1113926, 77.5471785 18.1113957, 77.5473374 18.1121522, 77.5470252 18.1123074))",0.3096553082434279,18.11182333506363,77.54710375488057,010811182025754710
c93e545cc459,Bidar,Maharajwadi,2025.0,2.0,pigeon_pea,2025-10-01,1.0,"POLYGON((77.5467339 18.1177797, 77.5472686 18.1177829, 77.5473069 18.1170500, 77.5467858 18.1170010, 77.5467339 18.1177797))",0.4681678792029665,18.117404593217465,77.5470210282012,010811740025754702
d73d274d0adb,Bidar,Maharajwadi,2025.0,2.0,safflower,2025-10-01,1.0,"POLYGON((77.5457964 18.1163952, 77.5472515 18.1165816, 77.5473350 18.1170351, 77.5467292 18.1169388, 77.5466749 18.1173849, 77.5462632 18.1172721, 77.5462172 18.1167511, 77.5456456 18.1166495, 77.5457964 18.1163952))",0.9333968788049022,18.116796864500486,77.54654973206311,010811680025754655
0acc03718cba,Bidar,Maharajwadi,2025.0,2.0,pigeon_pea,2025-10-01,1.0,"POLYGON((77.5473323 18.1162403, 77.5472958 18.1149195, 77.5487486 18.1150183, 77.5483030 18.1163933, 77.5473323 18.1162403))",1.9408524688946127,18.11560039446429,77.54793416882342,010811560025754793
4c7920524f8e,Bidar,Maharajwadi,2025.0,2.0,safflower,2025-10-01,1.0,"POLYGON((77.5458374 18.1157203, 77.5458856 18.1150753, 77.5454283 18.1150097, 77.5453418 18.1156530, 77.5458374 18.1157203))",0.3642770869496991,18.115368811729184,77.54562260336978,010811537025754562
638dc71e1555,Bidar,Maharajwadi,2025.0,2.0,safflower,2025-10-01,1.0,"POLYGON((77.5459487 18.1146894, 77.5460291 18.1144087, 77.5466752 18.1144495, 77.5465877 18.1150568, 77.5459487 18.1146894))",0.35385937655626665,18.114665961257916,77.54634701962317,010811467025754635
03bf6e2a82cb,Bidar,Maharajwadi,2025.0,2.0,pigeon_pea,2025-10-01,1.0,"POLYGON((77.5455423 18.1138478, 77.5456305 18.1125879, 77.5466014 18.1126408, 77.5461039 18.1139250, 77.5455423 18.1138478))",1.1626694139851532,18.11319580945754,77.54598504940012,010811320025754599
2e40282c196b,Bidar,Maharajwadi,2025.0,2.0,safflower,2025-10-01,1.0,"POLYGON((77.5463379 18.1133071, 77.5467399 18.1133412, 77.5468388 18.1130528, 77.5465280 18.1129263, 77.5463379 18.1133071))",0.15308637646462853,18.113158426798236,77.54660045078954,010811316025754660
e153b6803d23,Bidar,Maharajwadi,2025.0,2.0,pigeon_pea,2025-10-01,1.0,"POLYGON((77.5469173 18.1130200, 77.5472750 18.1131411, 77.5474155 18.1128061, 77.5471412 18.1125933, 77.5469173 18.1130200))",0.17637551034013377,18.112889317592618,77.54717823760778,010811289025754718
23094accbb2b,Bidar,Maharajwadi,2025.0,2.0,pigeon_pea,2025-10-01,1.0,"POLYGON((77.5472780 18.1133577, 77.5474514 18.1127685, 77.5482383 18.1128689, 77.5482423 18.1131720, 77.5472780 18.1133577))",0.4527573553783561,18.11304930045849,77.54775567583026,010811305025754776
b722c509bbe8,Bidar,Maharajwadi,2025.0,2.0,pigeon_pea,2025-10-01,1.0,"POLYGON((77.5524091 18.1222708, 77.5517577 18.1211705, 77.5522056 18.1209519, 77.5531993 18.1218320, 77.5524091 18.1222708))",1.0334378285264552,18.121605617988003,77.5524318883376,010812161025755243
29e06da002c2,Bidar,Maharajwadi,2025.0,2.0,pigeon_pea,2025-10-01,1.0,"POLYGON((77.5515448 18.1209239, 77.5528775 18.1234542, 77.5502593 18.1242540, 77.5496105 18.1224983, 77.5515448 18.1209239))",7.082366709708492,18.122761121104585,77.5511632283204,010812276025755116
dcff45849400,Bidar,Sorhalli,2025.0,2.0,pigeon_pea,2025-10-01,1.0,"POLYGON((77.5341094 18.0838581, 77.5340635 18.0833889, 77.5353469 18.0835384, 77.5352855 18.0838186, 77.5341094 18.0838581))",0.5396129722547773,18.08364593857753,77.53465103854684,010808365025753465
c19e61c5b36a,Tumkur,Mulukunte,2025.0,1.0,sorghum,2025-07-16,1.0,"POLYGON((77.0943250 13.2096247, 77.0941503 13.2096426, 77.0942764 13.2101339, 77.0944417 13.2101574, 77.0943250 13.2096247))",0.10388372521870247,13.209884831728353,77.09429836694189,010320988025709430
8557db3a57d6,Tumkur,Mulukunte,2025.0,1.0,sorghum,2025-07-16,1.0,"POLYGON((77.0943250 13.2096247, 77.0941503 13.2096426, 77.0942764 13.2101339, 77.0944417 13.2101574, 77.0943250 13.2096247))",0.10388372521870247,13.209884831728353,77.09429836694189,010320988025709430
a43b5e100da7,Tumkur,Mulukunte,2025.0,1.0,finger_millet,2025-07-17,1.0,"POLYGON((77.0941420 13.2087427, 77.0939576 13.2087741, 77.0940544 13.2092330, 77.0942281 13.2092000, 77.0941420 13.2087427))",0.10181336205458814,13.208985349229023,77.09409497722822,010320899025709409
a79d11672672,Tumkur,Mulukunte,2025.0,1.0,finger_millet,2025-07-11,0.0,"POLYGON((77.0994333 13.2102063, 77.0993545 13.2102210, 77.0992053 13.2096616, 77.0993203 13.2096678, 77.0994333 13.2102063))",0.06441394311089636,13.209924610983942,77.09932452829136,010320992025709932
a856ffa819e3,Tumkur,Mulukunte,2025.0,1.0,finger_millet,2025-07-11,0.0,"POLYGON((77.0992184 13.2101904, 77.0993401 13.2101626, 77.0992003 13.2096312, 77.0990702 13.2096750, 77.0992184 13.2101904))",0.08512944706627909,13.209910608041685,77.09920634361964,010320991025709921
13cae69331b3,Tumkur,Mulukunte,2025.0,1.0,finger_millet,2025-07-11,0.0,"POLYGON((77.0991138 13.2092474, 77.0992281 13.2092484, 77.0993196 13.2096577, 77.0992073 13.2096665, 77.0991138 13.2092474))",0.05668382561997167,13.209455025578619,77.09921698383016,010320946025709922
32f1f7eb3a94,Tumkur,Mulukunte,2025.0,1.0,sorghum,2025-09-04,0.0,"POLYGON((77.0986779 13.2088949, 77.0989347 13.2088994, 77.0990088 13.2092937, 77.0987956 13.2093068, 77.0986779 13.2088949))",0.11402172429965131,13.209093102934027,77.09885203426644,010320909025709885
227ffa833fcc,Tumkur,Mulukunte,2025.0,1.0,horse_gram,2025-08-21,0.0,"POLYGON((77.0987872 13.2095947, 77.0987433 13.2094168, 77.0990001 13.2093319, 77.0990343 13.2094974, 77.0987872 13.2095947))",0.056101342425487054,13.209460475247699,77.09888934174022,010320946025709889
0c0aec34b2c4,Tumkur,Mulukunte,2025.0,1.0,finger_millet,2025-08-13,1.0,"POLYGON((77.1027130 13.2080596, 77.1024779 13.2081144, 77.1025762 13.2087441, 77.1027659 13.2087277, 77.1027130 13.2080596))",0.16838423009956058,13.208398883045087,77.10263261984201,010320840025710263
e51f33a4c877,Tumkur,Mulukunte,2025.0,1.0,sorghum,2025-06-19,1.0,"POLYGON((77.1027160 13.2076003, 77.1026228 13.2076251, 77.1026409 13.2080668, 77.1027062 13.2080491, 77.1027160 13.2076003))",0.04241153635121418,13.207822318409656,77.10267133470003,010320782025710267
e3911f4f093e,Tumkur,Mulukunte,2025.0,1.0,finger_millet,2025-06-11,1.0,"POLYGON((77.1025738 13.2072328, 77.1017712 13.2069945, 77.1018141 13.2073101, 77.1023227 13.2072788, 77.1025738 13.2072328))",0.1549826983780868,13.207184842033769,77.10206406100144,010320718025710206
a44b4a4088ac,Tumkur,Mulukunte,2025.0,1.0,finger_millet,2025-07-17,0.0,"POLYGON((77.0987785 13.2088035, 77.0986551 13.2081418, 77.0988009 13.2081340, 77.0989032 13.2086794, 77.0987785 13.2088035))",0.10675586452816482,13.208440939083307,77.09878231001002,010320844025709878
4f5dc61e03dd,Tumkur,Mulukunte,2025.0,1.0,finger_millet,2025-07-17,0.0,"POLYGON((77.0986471 13.2081232, 77.0985072 13.2081634, 77.0986772 13.2088472, 77.0987839 13.2088038, 77.0986471 13.2081232))",0.10840705007821248,13.208470550872688,77.09865051555909,010320847025709865
61654079bcd5,Tumkur,Mulukunte,2025.0,1.0,sorghum,2025-09-09,0.0,"POLYGON((77.0984201 13.2086824, 77.0983383 13.2083449, 77.0985243 13.2082943, 77.0986169 13.2087330, 77.0984201 13.2086824))",0.08903513671289652,13.208511583459233,77.09847859788346,010320851025709848
205df0c89dc3,Tumkur,Mulukunte,2025.0,1.0,sorghum,2025-06-18,1.0,"POLYGON((77.0957657 13.2074773, 77.0952806 13.2076535, 77.0951236 13.2070954, 77.0957680 13.2069423, 77.0959022 13.2072054, 77.0957174 13.2072514, 77.0957657 13.2074773))",0.4021926139728414,13.207271856752431,77.09549230102145,010320727025709549
7d8deb970aeb,Tumkur,Mulukunte,2025.0,1.0,sorghum,2025-06-17,1.0,"POLYGON((77.0961097 13.2073699, 77.0959759 13.2068718, 77.0961972 13.2068107, 77.0964238 13.2072318, 77.0961097 13.2073699))",0.1689430761724914,13.207087088962146,77.09618088466866,010320709025709618
778fb8cde220,Tumkur,Mulukunte,2025.0,1.0,sorghum,2025-07-08,0.0,"POLYGON((77.0948792 13.2142221, 77.0948896 13.2139492, 77.0946764 13.2139848, 77.0946348 13.2142195, 77.0948792 13.2142221))",0.06907353064667272,13.214096918571164,77.09477273504346,010321410025709477
36ef36c9d634,Tumkur,Mulukunte,2025.0,1.0,finger_millet,2025-07-08,0.0,"POLYGON((77.0948752 13.2142168, 77.0948524 13.2139593, 77.0950351 13.2139283, 77.0950435 13.2141946, 77.0948752 13.2142168))",0.055588575523564374,13.214072880408343,77.09495181789653,010321407025709495
129cfe70167e,Tumkur,Mulukunte,2025.0,1.0,finger_millet,2025-07-08,1.0,"POLYGON((77.0959809 13.2080351, 77.0957908 13.2074975, 77.0964044 13.2072951, 77.0966706 13.2078592, 77.0959809 13.2080351))",0.48182157304093537,13.207674582609487,77.09621766406808,010320767025709622
612910250ca1,Tumkur,Mulukunte,2025.0,1.0,finger_millet,2025-06-18,1.0,"POLYGON((77.0954294 13.2081542, 77.0952923 13.2077293, 77.0956597 13.2076121, 77.0957758 13.2080795, 77.0954294 13.2081542))",0.20539070544350133,13.207889942131185,77.09554066554236,010320789025709554
4aa1b1e7f857,Tumkur,Mulukunte,2025.0,1.0,finger_millet,2025-07-07,1.0,"POLYGON((77.0969150 13.2077883, 77.0967410 13.2078379, 77.0970977 13.2089533, 77.0972309 13.2089435, 77.0969150 13.2077883))",0.22087019600553595,13.208349988825104,77.09698740225713,010320835025709699
2f25a4d8ff9e,Tumkur,Mulukunte,2025.0,1.0,finger_millet,2025-07-16,1.0,"POLYGON((77.0967440 13.2078314, 77.0965747 13.2078957, 77.0969190 13.2091077, 77.0970736 13.2090173, 77.0967440 13.2078314))",0.26389097057519423,13.208459141814172,77.09682638741137,010320846025709683
0234ed33bcdf,Tumkur,Mulukunte,2025.0,1.0,finger_millet,2025-07-16,1.0,"POLYGON((77.0968808 13.2090731, 77.0967534 13.2091537, 77.0964282 13.2079541, 77.0965499 13.2079261, 77.0968808 13.2090731))",0.1964876788766079,13.208541187917831,77.09665668190918,010320854025709666
23fe10057c40,Tumkur,Mulukunte,2025.0,1.0,finger_millet,2025-06-11,1.0,"POLYGON((77.0980845 13.2099850, 77.0979182 13.2100180, 77.0981106 13.2107377, 77.0982598 13.2115058, 77.0984767 13.2114689, 77.0983084 13.2106937, 77.0980845 13.2099850))",0.3648594894900676,13.21077241348178,77.09820780916601,010321077025709821
242c45e8f024,Tumkur,Mulukunte,2025.0,1.0,finger_millet,2025-07-10,0.0,"POLYGON((77.0939864 13.2142211, 77.0935696 13.2141170, 77.0935351 13.2145181, 77.0939438 13.2146529, 77.0939864 13.2142211))",0.2115025415614527,13.214377609595926,77.0937614264416,010321438025709376
36073307c068,Tumkur,Mulukunte,2025.0,1.0,finger_millet,2025-07-10,,"POLYGON((77.0939891 13.2145008, 77.0937359 13.2144447, 77.0937363 13.2146882, 77.0939659 13.2147450, 77.0939891 13.2145008))",0.07130152255136835,13.214592814712368,77.09385739290263,010321459025709386
a025f3c5a39f,Tumkur,Mulukunte,2025.0,1.0,sorghum,2025-09-16,0.0,"POLYGON((77.0909364 13.2148820, 77.0909334 13.2151892, 77.0916006 13.2151099, 77.0912710 13.2147472, 77.0909364 13.2148820))",0.2219574569970166,13.214994445707918,77.09120712454633,010321499025709121
014c21ead196,Tumkur,Mulukunte,2025.0,1.0,sorghum,2025-09-16,0.0,"POLYGON((77.0918198 13.2150028, 77.0918393 13.2147923, 77.0914815 13.2147606, 77.0915141 13.2150155, 77.0918198 13.2150028))",0.09244381234087905,13.214889700636075,77.0916584907222,010321489025709166
f12bd4e4cc83,Tumkur,Mulukunte,2025.0,1.0,finger_millet,2025-07-09,0.0,"POLYGON((77.0913028 13.2137374, 77.0910145 13.2137103, 77.0909612 13.2147192, 77.0911161 13.2147107, 77.0913028 13.2137374))",0.2645454036141546,13.214168271927354,77.09110428118984,010321417025709110
f5d3c83079c4,Tumkur,Mulukunte,2025.0,1.0,finger_millet,2025-07-09,0.0,"POLYGON((77.0921246 13.2139074, 77.0917203 13.2138696, 77.0916321 13.2131267, 77.0920619 13.2131123, 77.0921246 13.2139074))",0.38328282314901013,13.213499338843999,77.09188664309654,010321350025709189
cbc2e9d8b6ea,Tumkur,Mulukunte,2025.0,1.0,finger_millet,2025-07-16,0.0,"POLYGON((77.0927331 13.2139848, 77.0925293 13.2139707, 77.0925447 13.2129533, 77.0927596 13.2130516, 77.0927331 13.2139848))",0.2461123680757446,13.213484758410274,77.09264033740791,010321348025709264
af82066d4110,Tumkur,Mulukunte,2025.0,1.0,finger_millet,2025-07-16,0.0,"POLYGON((77.0923016 13.2139218, 77.0925202 13.2139525, 77.0925222 13.2130447, 77.0922795 13.2130509, 77.0923016 13.2139218))",0.24566322880588523,13.21348463049302,77.09240662906703,010321348025709241
e34473e55ce1,Tumkur,Mulukunte,2025.0,1.0,finger_millet,2025-07-16,0.0,"POLYGON((77.0920562 13.2129132, 77.0922372 13.2129037, 77.0922983 13.2139374, 77.0921239 13.2139166, 77.0920562 13.2129132))",0.21644276971596332,13.21341362171443,77.0921790954534,010321341025709218
74457f95d91c,Tumkur,Mulukunte,2025.0,1.0,finger_millet,2025-07-17,0.0,"POLYGON((77.1110466 13.2014050, 77.1109634 13.2010045, 77.1113124 13.2009872, 77.1113788 13.2013681, 77.1110466 13.2014050))",0.16192622978949395,13.20119011985783,77.11117358956425,010320119025711117
3b748f126a9d,Tumkur,Mulukunte,2025.0,1.0,finger_millet,2025-06-19,1.0,"POLYGON((77.0972473 13.2089862, 77.0970076 13.2090848, 77.0977737 13.2105256, 77.0979903 13.2102785, 77.0977455 13.2096851, 77.0972473 13.2089862))",0.6045426943698652,13.209729518839978,77.09753259292873,010320973025709753
905e19f85fcd,Tumkur,Mulukunte,2025.0,1.0,finger_millet,2025-06-26,1.0,"POLYGON((77.0969878 13.2090943, 77.0974320 13.2099279, 77.0970367 13.2100915, 77.0966703 13.2093185, 77.0969878 13.2090943))",0.4372502220630272,13.20961337057867,77.09703819254031,010320961025709704
b96f21fc0d44,Tumkur,Mulukunte,2025.0,1.0,finger_millet,2025-07-16,1.0,"POLYGON((77.0961714 13.2097321, 77.0958307 13.2100487, 77.0961539 13.2104779, 77.0964792 13.2103617, 77.0961714 13.2097321))",0.29303797107519935,13.21013754723239,77.09615832177573,010321014025709616
86e9fadb27e5,Tumkur,Mulukunte,2025.0,1.0,sorghum,2025-07-09,1.0,"POLYGON((77.0961305 13.2104880, 77.0964748 13.2103079, 77.0967249 13.2108216, 77.0963793 13.2110612, 77.0961305 13.2104880))",0.28741698298866003,13.21067408785598,77.09642628694372,010321067025709643
2779fdb9f971,Tumkur,Mulukunte,2025.0,1.0,sorghum,2025-07-17,1.0,"POLYGON((77.0966257 13.2093065, 77.0964480 13.2093949, 77.0967380 13.2099775, 77.0969130 13.2098940, 77.0966257 13.2093065))",0.15339976052015794,13.209642047175919,77.09668067856435,010320964025709668
fccb49388c60,Tumkur,Mulukunte,2025.0,1.0,finger_millet,2025-07-16,1.0,"POLYGON((77.0964309 13.2094285, 77.0961855 13.2096994, 77.0969268 13.2112058, 77.0972570 13.2110034, 77.0964309 13.2094285))",0.7536402101698229,13.210348760634714,77.0967095360902,010321035025709671
8ca054fa552e,Bidar,Alur(K),2025.0,2.0,pigeon_pea,2025-10-01,1.0,"POLYGON((77.4982379 18.1050446, 77.4993493 18.1047352, 77.4992638 18.1029308, 77.4975948 18.1038550, 77.4982379 18.1050446))",2.6977582327376313,18.10407277171537,77.4986231676674,010810407025749862
38dfcedf4e0e,Bidar,Alur(K),2025.0,2.0,pigeon_pea,2025-10-01,1.0,"POLYGON((77.4994174 18.1046473, 77.4998811 18.1047040, 77.4996863 18.1027795, 77.4993419 18.1029665, 77.4994174 18.1046473))",0.8623537053514414,18.103810663581655,77.49958928765106,010810381025749959
809702921b68,Bidar,Alur(K),2025.0,2.0,pigeon_pea,2025-10-01,1.0,"POLYGON((77.4996822 18.1027253, 77.4995129 18.1024372, 77.4973816 18.1026963, 77.4975432 18.1037559, 77.4996822 18.1027253))",1.8082042479369747,18.102965613758656,77.49834206952734,010810297025749834
f4edcf92845f,Bidar,Alur(K),2025.0,2.0,pigeon_pea,2025-10-02,1.0,"POLYGON((77.4975764 18.1001325, 77.4970507 18.1000646, 77.4971264 18.1007020, 77.4972153 18.1007192, 77.4975764 18.1001325))",0.22713780677354103,18.10033248674109,77.4972593907661,010810033025749726
7d564cfbb1d0,Bidar,Alur(K),2025.0,2.0,pigeon_pea,2025-10-01,1.0,"POLYGON((77.4970651 18.1000436, 77.4969980 18.0988313, 77.4991186 18.0992615, 77.4989614 18.1003148, 77.4970651 18.1000436))",2.6804142988446538,18.09959896515498,77.49801861635652,010809960025749802
edead7e2b105,Bidar,Alur(K),2025.0,2.0,pigeon_pea,2025-10-02,1.0,"POLYGON((77.4958172 18.0994613, 77.4959580 18.0986085, 77.4968642 18.0987532, 77.4968783 18.0994155, 77.4958172 18.0994613))",0.875516452178713,18.099067448088473,77.49635730976922,010809907025749636
08954cc81751,Bidar,Alur(K),2025.0,2.0,pigeon_pea,2025-10-16,1.0,"POLYGON((77.4953102 18.0994610, 77.4954360 18.0994623, 77.4955355 18.0984878, 77.4952217 18.0984269, 77.4953102 18.0994610))",0.25845390012479286,18.09888771038827,77.49537565593637,010809889025749538
ab7152c414c0,Bidar,Alur(K),2025.0,2.0,pigeon_pea,2025-10-01,1.0,"POLYGON((77.4952764 18.0982972, 77.4955429 18.0983746, 77.4958078 18.0974539, 77.4955208 18.0973258, 77.4952764 18.0982972))",0.33696860865973893,18.09785370539419,77.49553838401027,010809785025749554
e75da031e275,Bidar,Jambgi(B),2025.0,2.0,pigeon_pea,2025-10-01,1.0,"POLYGON((77.5623007 18.1029152, 77.5639443 18.1030580, 77.5639728 18.1027192, 77.5622334 18.1025338, 77.5623007 18.1029152))",0.7089151604473662,18.102803619361744,77.563099555486,010810280025756310
1fd7d6bd72c6,Bidar,Jambgi(B),2025.0,2.0,pigeon_pea,2025-10-01,1.0,"POLYGON((77.5639808 18.1026836, 77.5639889 18.1023767, 77.5621237 18.1022466, 77.5621710 18.1025041, 77.5639808 18.1026836))",0.6031112298815373,18.10245447651443,77.56309555132874,010810245025756310
319558557460,Bidar,Jambgi(B),2025.0,2.0,pigeon_pea,2025-10-01,1.0,"POLYGON((77.5634957 18.1017868, 77.5635111 18.1012412, 77.5619293 18.1010924, 77.5620449 18.1015972, 77.5634957 18.1017868))",0.9217815897000099,18.10142694784086,77.56275834311505,010810143025756276
c1d549873ec0,Bidar,Jambgi(B),2025.0,2.0,pigeon_pea,2025-10-01,1.0,"POLYGON((77.5717602 18.0999406, 77.5723671 18.0996991, 77.5720516 18.0988689, 77.5716788 18.0989581, 77.5717602 18.0999406))",0.5578465850493945,18.09940612336079,77.57196974546541,010809941025757197
6dee49728448,Bidar,Jambgi(B),2025.0,2.0,pigeon_pea,2025-10-01,1.0,"POLYGON((77.5716368 18.0988558, 77.5729287 18.0984798, 77.5727040 18.0980856, 77.5715825 18.0981767, 77.5716368 18.0988558))",0.7957928933184929,18.0984168041591,77.57217031804177,010809842025757217
cc7c55510c42,Bidar,Jambgi(B),2025.0,2.0,pigeon_pea,2025-10-01,1.0,"POLYGON((77.5702545 18.1005481, 77.5717421 18.1004072, 77.5716643 18.0995130, 77.5702216 18.0996573, 77.5702545 18.1005481))",1.5391434104860529,18.10003354650551,77.57097186578565,010810003025757097
50792615684c,Bidar,Wallepur,2025.0,2.0,pigeon_pea,2025-10-01,1.0,"POLYGON((77.5501517 18.0716815, 77.5499545 18.0717370, 77.5485253 18.0671471, 77.5495093 18.0671382, 77.5497564 18.0694019, 77.5496223 18.0696903, 77.5493839 18.0698475, 77.5501517 18.0716815))",2.429063278016502,18.068561681446006,77.54930900296895,010806856025754931
4c64ae056e55,Bidar,Jambgi(B),2025.0,2.0,pigeon_pea,2025-10-01,1.0,"POLYGON((77.5512785 18.1041288, 77.5521117 18.1041798, 77.5521094 18.1033346, 77.5511176 18.1036221, 77.5512785 18.1041288))",0.7328655594141908,18.1037996128531,77.55168805294363,010810380025755169
1016d3a31987,Bidar,Jambgi(B),2025.0,2.0,safflower,2025-10-01,1.0,"POLYGON((77.5525694 18.1036756, 77.5524436 18.1032275, 77.5530428 18.1030261, 77.5531866 18.1036963, 77.5525694 18.1036756))",0.4121006899833789,18.10340085449513,77.5528296325697,010810340025755283
d4d790d79cea,Bidar,Jambgi(B),2025.0,2.0,pigeon_pea,2025-10-01,1.0,"POLYGON((77.5526713 18.1040928, 77.5532315 18.1040822, 77.5532161 18.1037894, 77.5526361 18.1037706, 77.5526713 18.1040928))",0.20500980743707883,18.103932917705112,77.55293417563763,010810393025755293
5cca0d615081,Bidar,Jambgi(B),2025.0,2.0,pigeon_pea,2025-10-01,1.0,"POLYGON((77.5529462 18.1047572, 77.5529003 18.1041705, 77.5533891 18.1041587, 77.5533891 18.1045188, 77.5529462 18.1047572))",0.26138442823702623,18.104403583381902,77.55313669413692,010810440025755314
284e9af36358,Bidar,Jambgi(B),2025.0,2.0,pigeon_pea,2025-10-01,1.0,"POLYGON((77.5525647 18.1048216, 77.5526337 18.1041950, 77.5528785 18.1041731, 77.5528701 18.1047875, 77.5525647 18.1048216))",0.1984267522125577,18.104505643836397,77.55273581838594,010810451025755274
4d07c8793bbb,Bidar,Jambgi(B),2025.0,2.0,pigeon_pea,2025-10-01,1.0,"POLYGON((77.5521818 18.1041791, 77.5525764 18.1041724, 77.5525080 18.1048330, 77.5521204 18.1048687, 77.5521818 18.1041791))",0.30730796891112105,18.10451198232564,77.55234536312575,010810451025755235
d360f87a7449,Bidar,Jambgi(B),2025.0,2.0,pigeon_pea,2025-10-01,1.0,"POLYGON((77.5709985 18.1032046, 77.5709821 18.1017963, 77.5717844 18.1017355, 77.5717730 18.1024742, 77.5711906 18.1026702, 77.5712362 18.1031686, 77.5709985 18.1032046))",0.901580981777881,18.102292644532383,77.57133092281461,010810229025757133
eaf6f7b31daf,Bidar,Jambgi(B),2025.0,2.0,pigeon_pea,2025-10-01,1.0,"POLYGON((77.5704121 18.1032295, 77.5708872 18.1032011, 77.5708694 18.1018209, 77.5703085 18.1020946, 77.5704121 18.1032295))",0.7728435190697719,18.102564853442587,77.57062580400621,010810256025757063
f1bcd421c25f,Bidar,Jambgi(B),2025.0,2.0,pigeon_pea,2025-10-01,1.0,"POLYGON((77.5645820 18.1187434, 77.5651871 18.1188440, 77.5652485 18.1161709, 77.5648006 18.1161110, 77.5645820 18.1187434))",1.6472739634007427,18.11753373122383,77.56495131629089,010811753025756495
601d4ac24aff,Bidar,Jambgi(B),2025.0,2.0,pigeon_pea,2025-10-01,1.0,"POLYGON((77.5645277 18.1213289, 77.5653712 18.1214334, 77.5652280 18.1189278, 77.5645779 18.1188695, 77.5645277 18.1213289))",2.1644431759621385,18.120193433937892,77.56492784348472,010812019025756493
3f7b16a8c54d,Bidar,Jambgi(B),2025.0,2.0,pigeon_pea,2025-10-01,1.0,"POLYGON((77.5654420 18.1206795, 77.5654192 18.1220101, 77.5662912 18.1219764, 77.5662567 18.1205995, 77.5654420 18.1206795))",1.3360773244142403,18.121323823630544,77.5658548771369,010812132025756585
0039a83cf765,Bidar,Jambgi(B),2025.0,2.0,pigeon_pea,2025-10-01,1.0,"POLYGON((77.5654584 18.1204548, 77.5663093 18.1204806, 77.5662040 18.1189135, 77.5652964 18.1188836, 77.5654584 18.1204548))",1.6097394969733079,18.11967472793639,77.56581621652319,010811967025756582
98a3174cb999,Bidar,Jambgi(B),2025.0,2.0,pigeon_pea,2025-10-01,1.0,"POLYGON((77.5658587 18.1169787, 77.5660039 18.1180525, 77.5667670 18.1180442, 77.5665745 18.1168155, 77.5658587 18.1169787))",1.0128812229706532,18.117474879779476,77.56630991076044,010811747025756631
8d4922ae6ed3,Bidar,Jambgi(B),2025.0,2.0,pigeon_pea,2025-10-01,1.0,"POLYGON((77.5618920 18.1010669, 77.5620617 18.1020277, 77.5603045 18.1018072, 77.5602760 18.1010117, 77.5618920 18.1010669))",1.7168476398453065,18.101485774187932,77.5611590298886,010810149025756116
fa33bdefb08c,Bidar,Jambgi(B),2025.0,2.0,pigeon_pea,2025-10-01,1.0,"POLYGON((77.5638407 18.1109773, 77.5631544 18.1100124, 77.5665735 18.1072002, 77.5673047 18.1081450, 77.5638407 18.1109773))",6.185130160285123,18.109082016823653,77.56522209332886,010810908025756522
af3e9a2dae03,Bidar,Jambgi(B),2025.0,2.0,pigeon_pea,2025-10-01,1.0,"POLYGON((77.5668065 18.1097278, 77.5663717 18.1115761, 77.5675535 18.1116895, 77.5678174 18.1099624, 77.5668065 18.1097278))",2.3641353465240273,18.110757218601858,77.56712613278376,010811076025756713
a774d44e1b0f,Bidar,Jambgi(B),2025.0,2.0,pigeon_pea,2025-10-01,1.0,"POLYGON((77.5651456 18.1104624, 77.5656347 18.1131226, 77.5665370 18.1129393, 77.5660837 18.1098250, 77.5651456 18.1104624))",3.3343878304522745,18.11155568458108,77.56585670422707,010811156025756586
85bf5dff83a7,Bidar,Jambgi(B),2025.0,2.0,pigeon_pea,2025-10-01,1.0,"POLYGON((77.5603012 18.1177565, 77.5602945 18.1157936, 77.5609234 18.1156374, 77.5608721 18.1179448, 77.5603012 18.1177565))",1.4990873416882153,18.1167671616989,77.56060606669242,010811677025756061
4de5c58056cd,Bidar,Jambgi(B),2025.0,2.0,pigeon_pea,2025-10-01,1.0,"POLYGON((77.5602405 18.1157028, 77.5609462 18.1154877, 77.5606918 18.1139944, 77.5600464 18.1146913, 77.5602405 18.1157028))",1.1094485055928824,18.114951323822943,77.56050152275,010811495025756050
f2a8ec4eacc6,Bidar,Jambgi(B),2025.0,2.0,pigeon_pea,2025-10-01,1.0,"POLYGON((77.5581940 18.1190152, 77.5587036 18.1193166, 77.5594117 18.1175873, 77.5588219 18.1173505, 77.5581940 18.1190152))",1.3015747268896616,18.118306751062068,77.5587897741591,010811831025755879
a20d32923dad,Bidar,Jambgi(B),2025.0,2.0,pigeon_pea,2025-10-01,1.0,"POLYGON((77.5599112 18.1147965, 77.5600460 18.1151891, 77.5580873 18.1166597, 77.5580152 18.1161317, 77.5599112 18.1147965))",1.2076306743429064,18.115715421651586,77.55898839130347,010811572025755899
284fed1a887e,Bidar,Jambgi(B),2025.0,2.0,pigeon_pea,2025-10-01,1.0,"POLYGON((77.5587757 18.1168840, 77.5583784 18.1165144, 77.5595005 18.1157458, 77.5594482 18.1168384, 77.5587757 18.1168840))",0.849731517345383,18.11643585678109,77.55906467029635,010811644025755906
39ce42044446,Bidar,Jambgi(B),2025.0,2.0,pigeon_pea,2025-10-01,1.0,"POLYGON((77.5580196 18.1170038, 77.5571315 18.1166441, 77.5578154 18.1162639, 77.5580146 18.1166571, 77.5580196 18.1170038))",0.38066136784431326,18.116637715176243,77.55768583661917,010811664025755769
2e5b71d4749d,Bidar,Jambgi(B),2025.0,2.0,pigeon_pea,2025-10-01,1.0,"POLYGON((77.5553589 18.1175051, 77.5562339 18.1179518, 77.5575643 18.1169242, 77.5570550 18.1166915, 77.5553589 18.1175051))",1.3468243121370411,18.117312770445825,77.55648184654069,010811731025755648
60317f75c52b,Bidar,Jambgi(B),2025.0,2.0,pigeon_pea,2025-10-01,1.0,"POLYGON((77.5564291 18.1191805, 77.5569333 18.1184094, 77.5552268 18.1175583, 77.5546360 18.1180538, 77.5564291 18.1191805))",1.929869301181998,18.118326905427708,77.5558356645101,010811833025755584
e00146f9d79e,Bidar,Jambgi(B),2025.0,2.0,pigeon_pea,2025-10-01,1.0,"POLYGON((77.5546035 18.1218438, 77.5552083 18.1210115, 77.5531346 18.1191598, 77.5525368 18.1196123, 77.5546035 18.1218438))",2.9919145774969476,18.120464806387325,77.55392043945169,010812046025755392
ed71cbac2275,Bidar,Jambgi(B),2025.0,2.0,pigeon_pea,2025-10-01,1.0,"POLYGON((77.5531957 18.1190298, 77.5553096 18.1209525, 77.5558232 18.1200740, 77.5538206 18.1185977, 77.5531957 18.1190298))",2.7097829421771524,18.11971585679136,77.55458459552698,010811972025755458
606522d29937,Bidar,Wadgaon Deshmukh,2025.0,1.0,pigeon_pea,2025-09-27,1.0,"POLYGON((77.5281884 18.1116580, 77.5282481 18.1113285, 77.5298692 18.1114493, 77.5298671 18.1117753, 77.5281884 18.1116580))",0.6369260437096719,18.111553472865932,77.52903991856513,010811155025752904
60fd24b97403,Bidar,Wadgaon Deshmukh,2025.0,2.0,pigeon_pea,2025-10-01,1.0,"POLYGON((77.5283125 18.1112594, 77.5284493 18.1108550, 77.5298849 18.1108833, 77.5298470 18.1113865, 77.5283125 18.1112594))",0.796368728423628,18.111100330264684,77.52914811886501,010811110025752915
71d102fadac1,Bidar,Wadgaon Deshmukh,2025.0,2.0,pigeon_pea,2025-10-01,1.0,"POLYGON((77.5248028 18.1400445, 77.5254703 18.1400821, 77.5254727 18.1395491, 77.5247954 18.1395660, 77.5248028 18.1400445))",0.3977916280667795,18.13980988664828,77.52514135625762,010813981025752514
d89852bb71b2,Bidar,Wadgaon Deshmukh,2025.0,1.0,pigeon_pea,2025-09-26,1.0,"POLYGON((77.5246261 18.1414372, 77.5255930 18.1413196, 77.5255669 18.1407222, 77.5246697 18.1407365, 77.5246261 18.1414372))",0.7069181106745623,18.14105868453695,77.5251021045065,010814106025752510
cc2a0d2a6106,Bidar,Wadgaon Deshmukh,2025.0,2.0,pigeon_pea,2025-10-01,1.0,"POLYGON((77.5246814 18.1407069, 77.5247367 18.1401328, 77.5254851 18.1401847, 77.5255283 18.1406703, 77.5246814 18.1407069))",0.49440577177059497,18.140428961374734,77.52509660759652,010814043025752510
e51615b1cdef,Bidar,Wadgaon Deshmukh,2025.0,2.0,pigeon_pea,2025-10-01,1.0,"POLYGON((77.5251609 18.1381870, 77.5248782 18.1390845, 77.5244974 18.1391489, 77.5246013 18.1381526, 77.5251609 18.1381870))",0.5174614372707929,18.13860980550558,77.52478694558103,010813861025752479
cfcbc0af07b2,Bidar,Wadgaon Deshmukh,2025.0,2.0,pigeon_pea,2025-10-01,1.0,"POLYGON((77.5322694 18.1225238, 77.5321319 18.1220060, 77.5330271 18.1219378, 77.5330429 18.1220675, 77.5322694 18.1225238))",0.3394916709921105,18.122159655644616,77.53253239133942,010812216025753253
77faa53e95e5,Bidar,Wadgaon Deshmukh,2025.0,2.0,pigeon_pea,2025-10-01,1.0,"POLYGON((77.5321128 18.1219649, 77.5326714 18.1219133, 77.5322593 18.1211460, 77.5319060 18.1212712, 77.5321128 18.1219649))",0.4216764642535264,18.121594236063366,77.53225192192518,010812159025753225
983d50d86087,Bidar,Wadgaon Deshmukh,2025.0,2.0,pigeon_pea,2025-10-01,1.0,"POLYGON((77.5339961 18.1240886, 77.5339642 18.1237560, 77.5374682 18.1231996, 77.5376546 18.1236011, 77.5339961 18.1240886))",1.6044961802127782,18.12365206614272,77.53584228216681,010812365025753584
fb928cab63d0,Bidar,Wadgaon Deshmukh,2025.0,2.0,safflower,2025-10-02,1.0,"POLYGON((77.5436617 18.1273445, 77.5443417 18.1272820, 77.5445019 18.1280853, 77.5441737 18.1282175, 77.5436617 18.1273445))",0.5325332647789915,18.127691953132324,77.54414667071337,010812769025754415
c5f7162ab1ff,Bidar,Wadgaon Deshmukh,2025.0,2.0,pigeon_pea,2025-10-01,1.0,"POLYGON((77.5446009 18.1280840, 77.5443719 18.1272690, 77.5447011 18.1272282, 77.5449452 18.1279642, 77.5446009 18.1280840))",0.3277689909514674,18.127643976413356,77.54465434122515,010812764025754465
bc2b8d3434ec,Bidar,Wadgaon Deshmukh,2025.0,2.0,pigeon_pea,2025-10-01,1.0,"POLYGON((77.5453046 18.1271358, 77.5447983 18.1262063, 77.5462953 18.1260760, 77.5462266 18.1269930, 77.5453046 18.1271358))",1.341256464925862,18.126568271447155,77.54563959663787,010812657025754564
a6993bbd8a2e,Bidar,Wadgaon Deshmukh,2025.0,2.0,pigeon_pea,2025-10-01,1.0,"POLYGON((77.5434364 18.1264351, 77.5437268 18.1271514, 77.5450317 18.1271434, 77.5446012 18.1262863, 77.5434364 18.1264351))",1.169473299553504,18.1267567502566,77.54421984248208,010812676025754422
97960c52ebf2,Bidar,Wadgaon Deshmukh,2025.0,2.0,pigeon_pea,2025-10-01,1.0,"POLYGON((77.5399576 18.1271890, 77.5400890 18.1275745, 77.5414761 18.1275376, 77.5416119 18.1272422, 77.5399576 18.1271890))",0.6056600704601509,18.127380659990223,77.54075065102562,010812738025754075
58a85490e435,Bidar,Wadgaon Deshmukh,2025.0,2.0,pigeon_pea,2025-10-01,1.0,"POLYGON((77.5401876 18.1324993, 77.5401745 18.1317792, 77.5414382 18.1316658, 77.5417466 18.1321788, 77.5401876 18.1324993))",1.058699955642459,18.132047546257773,77.54086027935166,010813205025754086
74ef7b5f1871,Bidar,Wadgaon Deshmukh,2025.0,2.0,pigeon_pea,2025-10-01,1.0,"POLYGON((77.5389126 18.1321001, 77.5400639 18.1319634, 77.5401400 18.1324649, 77.5389575 18.1326580, 77.5389126 18.1321001))",0.7347644301817838,18.13229930044391,77.53950925219905,010813230025753951
872963d42311,Bidar,Wadgaon Deshmukh,2025.0,2.0,pigeon_pea,2025-10-02,1.0,"POLYGON((77.5346421 18.1302230, 77.5347699 18.1287595, 77.5361254 18.1288073, 77.5358656 18.1300478, 77.5346421 18.1302230))",2.0248762109799396,18.1294458897203,77.53533444371233,010812945025753533
319230f2b8ce,Bidar,Wadgaon Deshmukh,2025.0,2.0,pigeon_pea,2025-10-01,1.0,"POLYGON((77.5349788 18.1314172, 77.5356936 18.1313350, 77.5354512 18.1301682, 77.5347250 18.1304148, 77.5349788 18.1314172))",0.9618790249387148,18.130826045803534,77.53521929116765,010813083025753522
71e9b9c4c383,Bidar,Wadgaon Deshmukh,2025.0,2.0,pigeon_pea,2025-10-01,1.0,"POLYGON((77.5302175 18.1348954, 77.5305052 18.1338436, 77.5311338 18.1340010, 77.5308052 18.1350266, 77.5302175 18.1348954))",0.7910048118117744,18.13443498513396,77.53066660535313,010813443025753067
4ec549bb0ccd,Bidar,Wadgaon Deshmukh,2025.0,2.0,safflower,2025-10-01,1.0,"POLYGON((77.5350327 18.1402523, 77.5373123 18.1388657, 77.5384861 18.1397673, 77.5357935 18.1409500, 77.5350327 18.1402523))",3.7791199600435017,18.13992717620943,77.53672600482682,010813993025753673
3fdf951a4b6a,Bidar,Wadgaon Deshmukh,2025.0,2.0,pigeon_pea,2025-10-01,1.0,"POLYGON((77.5349429 18.1401245, 77.5370786 18.1387360, 77.5354854 18.1371799, 77.5341359 18.1393764, 77.5349429 18.1401245))",4.864842072206361,18.13875150971228,77.53550751906903,010813875025753551
50fa1e43b7d7,Bidar,Wadgaon Deshmukh,2025.0,2.0,pigeon_pea,2025-10-01,1.0,"POLYGON((77.5110655 18.1150157, 77.5126125 18.1166399, 77.5097694 18.1179241, 77.5093573 18.1160262, 77.5110655 18.1150157))",6.003185106797158,18.11645365664305,77.51076232537235,010811645025751076
c1a9a2b8cb07,Bidar,Wadgaon Deshmukh,2025.0,2.0,pigeon_pea,2025-10-01,1.0,"POLYGON((77.5131794 18.1184741, 77.5142034 18.1182377, 77.5132800 18.1174072, 77.5130316 18.1174904, 77.5131794 18.1184741))",0.7752099676345235,18.117991418802212,77.5134786312853,010811799025751348
00268b44cc14,Bidar,Wadgaon Deshmukh,2025.0,2.0,pigeon_pea,2025-10-08,1.0,"POLYGON((77.5295641 18.1195011, 77.5295560 18.1188590, 77.5308270 18.1188319, 77.5308140 18.1192631, 77.5295641 18.1195011))",0.7908847648608652,18.119117387817482,77.53014852102481,010811912025753015
6c211fe03e6d,Bidar,Wadgaon Deshmukh,2025.0,2.0,pigeon_pea,2025-10-01,1.0,"POLYGON((77.5295801 18.1199491, 77.5295801 18.1195521, 77.5308099 18.1192927, 77.5308314 18.1198233, 77.5295801 18.1199491))",0.6754973570298826,18.119650143217697,77.53023081314504,010811965025753023
5403b7c1236f,Bidar,Wadgaon Deshmukh,2025.0,2.0,pigeon_pea,2025-10-01,1.0,"POLYGON((77.5295252 18.1187829, 77.5295252 18.1180315, 77.5299278 18.1178610, 77.5299546 18.1187768, 77.5295252 18.1187829))",0.40714404782540176,18.118365566552328,77.52974031616733,010811837025752974
3d7f6db4110c,Bidar,Wadgaon Deshmukh,2025.0,1.0,pigeon_pea,2025-09-03,1.0,"POLYGON((77.5282035 18.1187007, 77.5285378 18.1184773, 77.5282860 18.1176676, 77.5279903 18.1176800, 77.5282035 18.1187007))",0.36931219278270055,18.118153679941706,77.52825440965094,010811815025752825
5975c3cb52da,Bidar,Wadgaon Deshmukh,2025.0,2.0,pigeon_pea,2025-10-01,1.0,"POLYGON((77.5272553 18.1187682, 77.5269435 18.1183839, 77.5273435 18.1180939, 77.5277435 18.1185171, 77.5272553 18.1187682))",0.3223811603659793,18.118440084409322,77.5273293388628,010811844025752733
30749cd76796,Bidar,Wadgaon Deshmukh,2025.0,2.0,pigeon_pea,2025-10-01,1.0,"POLYGON((77.5271222 18.1091023, 77.5274538 18.1085835, 77.5281924 18.1087976, 77.5281301 18.1090609, 77.5271222 18.1091023))",0.4193628907535417,18.108886123933853,77.52767210224134,010810889025752767
16de266a5009,Bidar,Wadgaon Deshmukh,2025.0,2.0,pigeon_pea,2025-10-01,1.0,"POLYGON((77.5264423 18.1085296, 77.5274032 18.1085293, 77.5273110 18.1080826, 77.5264430 18.1081093, 77.5264423 18.1085296))",0.46456931935431683,18.108316193050292,77.52690512318765,010810832025752691
b6a2df5951c6,Bidar,Wadgaon Deshmukh,2025.0,2.0,pigeon_pea,2025-10-01,1.0,"POLYGON((77.5273080 18.1111845, 77.5281442 18.1111695, 77.5283986 18.1104439, 77.5272403 18.1104512, 77.5273080 18.1111845))",0.8498335844224318,18.110792550580893,77.52777399774403,010811079025752777
619c29ab8b31,Bidar,Wadgaon Deshmukh,2025.0,2.0,pigeon_pea,2025-10-01,1.0,"POLYGON((77.5281022 18.1096300, 77.5288529 18.1097097, 77.5291661 18.1089372, 77.5283282 18.1087919, 77.5281022 18.1096300))",0.7837735330782805,18.109257809182882,77.52861113600191,010810926025752861
0f7885b470a5,Bidar,Wadgaon Deshmukh,2025.0,2.0,pigeon_pea,2025-10-01,1.0,"POLYGON((77.5288841 18.1101198, 77.5305015 18.1100628, 77.5306296 18.1092521, 77.5290866 18.1089589, 77.5288841 18.1101198))",1.8452575394934247,18.109595680956055,77.52972837356643,010810960025752973
184c0376869d,Bidar,Wadgaon Deshmukh,2025.0,1.0,pigeon_pea,2025-09-25,1.0,"POLYGON((77.5252249 18.1228185, 77.5248930 18.1242578, 77.5224760 18.1241944, 77.5233661 18.1227315, 77.5252249 18.1228185))",3.6829409923081955,18.123530964049717,77.52397190614481,010812353025752397
6e3467c8c33c,Bidar,Alur(K),2025.0,2.0,safflower,2025-10-09,1.0,"POLYGON((77.5272510 18.0921805, 77.5274012 18.0928376, 77.5237460 18.0935401, 77.5234992 18.0924839, 77.5272510 18.0921805))",3.8288987125040452,18.09277999090619,77.52533039475388,010809278025752533
5cba7da22dba,Bidar,Alur(K),2025.0,2.0,pigeon_pea,2025-10-01,1.0,"POLYGON((77.5264996 18.0940229, 77.5261469 18.0930505, 77.5273938 18.0929011, 77.5275115 18.0937514, 77.5264996 18.0940229))",1.2621559175601258,18.093421448475652,77.52686824921392,010809342025752687
4e96afad68a7,Bidar,Alur(K),2025.0,2.0,pigeon_pea,2025-10-09,1.0,"POLYGON((77.5278142 18.0964239, 77.5278796 18.0981891, 77.5237510 18.0986041, 77.5236521 18.0973644, 77.5278142 18.0964239))",7.352272682793009,18.097624143309517,77.52589266644391,010809762025752589
e0e315bc8e9a,Bidar,Alur(K),2025.0,2.0,pigeon_pea,2025-10-01,1.0,"POLYGON((77.5277274 18.0951071, 77.5278069 18.0963841, 77.5235536 18.0972152, 77.5235536 18.0961301, 77.5277274 18.0951071))",5.865787600630076,18.0961972217968,77.5257221858706,010809620025752572
28654118640f,Bidar,Alur(K),2025.0,2.0,pigeon_pea,2025-10-09,1.0,"POLYGON((77.5275283 18.0938776, 77.5276842 18.0950602, 77.5234714 18.0960539, 77.5235241 18.0949060, 77.5275283 18.0938776))",5.662769075583371,18.094973108859616,77.52557719898006,010809497025752558
be680f6c61b0,Bidar,Alur(K),2025.0,1.0,safflower,2025-09-19,1.0,"POLYGON((77.5140210 18.0892691, 77.5138859 18.0884765, 77.5155395 18.0880756, 77.5154898 18.0888057, 77.5140210 18.0892691))",1.4124705753008238,18.088654792230205,77.5147145136179,010808865025751471
6b006577d6bb,Bidar,Alur(K),2025.0,1.0,pigeon_pea,2025-09-26,1.0,"POLYGON((77.5128401 18.0912658, 77.5129722 18.0898725, 77.5139952 18.0899088, 77.5140545 18.0909784, 77.5128401 18.0912658))",1.606506639388281,18.090525670645818,77.51344206281941,010809053025751344
db0a937e2be0,Bidar,Alur(K),2025.0,2.0,pigeon_pea,2025-10-01,1.0,"POLYGON((77.5115909 18.0915182, 77.5115420 18.0897000, 77.5129233 18.0895821, 77.5127399 18.0913429, 77.5115909 18.0915182))",2.6375217070706913,18.090508647768097,77.51219506781005,010809051025751220
afb77eea19c7,Bidar,Alur(K),2025.0,2.0,pigeon_pea,2025-10-01,1.0,"POLYGON((77.5130142 18.0932551, 77.5135100 18.0932867, 77.5133977 18.0913079, 77.5129042 18.0914003, 77.5130142 18.0932551))",1.1134558654806521,18.09231078723793,77.513209086934,010809231025751321
138cc77f6475,Bidar,Alur(K),2025.0,2.0,pigeon_pea,2025-10-09,1.0,"POLYGON((77.5127674 18.0914182, 77.5128261 18.0932070, 77.5116308 18.0927121, 77.5116442 18.0916196, 77.5127674 18.0914182))",1.9501723958739619,18.092251399664264,77.51226338962488,010809225025751226
d67309aa4ff1,Bidar,Alur(K),2025.0,1.0,pigeon_pea,2025-09-20,1.0,"POLYGON((77.5039949 18.1078601, 77.5078516 18.1082460, 77.5056277 18.1054835, 77.5042135 18.1056524, 77.5039949 18.1078601))",7.535333386345742,18.106989461399404,77.50553425724898,010810699025750553
685341a932bb,Bidar,Alur(K),2025.0,2.0,pigeon_pea,2025-10-01,1.0,"POLYGON((77.4998140 18.1006405, 77.4992662 18.0992567, 77.5016919 18.0990566, 77.5018404 18.1009012, 77.4998140 18.1006405))",4.19168699837263,18.099934259514303,77.50070033044989,010809993025750070
e2f0c1f29240,Bidar,Alur(K),2025.0,2.0,sorghum,2025-10-08,1.0,"POLYGON((77.4969541 18.0997810, 77.4969450 18.0994859, 77.4957753 18.0995117, 77.4957551 18.0997848, 77.4969541 18.0997810))",0.39359493959050484,18.099641340906874,77.49636513927864,010809964025749637
9ad1d43f46ae,Bidar,Alur(K),2025.0,2.0,pigeon_pea,2025-10-01,1.0,"POLYGON((77.4970574 18.1006641, 77.4970118 18.1001411, 77.4957240 18.1001691, 77.4957947 18.1006293, 77.4970574 18.1006641))",0.7331987244096118,18.100399899296896,77.49641041246787,010810040025749641
3ac3fe9355fa,Bidar,Alur(K),2025.0,2.0,safflower,2025-10-01,1.0,"POLYGON((77.4970208 18.1001201, 77.4969923 18.0998125, 77.4957618 18.0998336, 77.4957142 18.1001067, 77.4970208 18.1001201))",0.43084315879223434,18.09996965132742,77.49638487130431,010809997025749638
56aecbe8bc45,Bidar,Alur(K),2025.0,2.0,safflower,2025-10-02,1.0,"POLYGON((77.5081694 18.0912183, 77.5087555 18.0914430, 77.5089986 18.0913579, 77.5083029 18.0908971, 77.5081694 18.0912183))",0.22785323849823552,18.091206600268244,77.50853074729004,010809121025750853
36af610fcd83,Bidar,Alur(K),2025.0,2.0,sorghum,2025-10-01,1.0,"POLYGON((77.5071938 18.0916699, 77.5079045 18.0917283, 77.5082361 18.0907451, 77.5078133 18.0902820, 77.5071938 18.0916699))",0.9313044226464895,18.09111648696049,77.50776146112953,010809112025750776
0aa10a8c791a,Bidar,Alur(K),2025.0,2.0,pigeon_pea,2025-10-01,1.0,"POLYGON((77.5049169 18.0903241, 77.5052066 18.0877811, 77.5054644 18.0878592, 77.5052361 18.0903441, 77.5049169 18.0903241))",0.863509719931305,18.089116533497688,77.50520127582487,010808912025750520
21a5c51c2bcb,Bidar,Alur(K),2025.0,1.0,pigeon_pea,2025-09-03,1.0,"POLYGON((77.5052746 18.0903371, 77.5056944 18.0903155, 77.5057816 18.0884137, 77.5054879 18.0882477, 77.5052746 18.0903371))",0.8456435899351098,18.089379266562034,77.50555262585772,010808938025750555
36c54682091d,Bidar,Alur(K),2025.0,2.0,pigeon_pea,2025-10-01,1.0,"POLYGON((77.5058520 18.0891260, 77.5067126 18.0892044, 77.5067046 18.0890559, 77.5058510 18.0884150, 77.5058520 18.0891260))",0.4291195664908294,18.088911295812956,77.50618565620692,010808891025750619
51595557ca3c,Bidar,Alur(K),2025.0,2.0,pigeon_pea,2025-10-01,1.0,"POLYGON((77.5028935 18.0868498, 77.5036194 18.0868648, 77.5036948 18.0847479, 77.5026866 18.0850357, 77.5028935 18.0868498))",2.004474500093901,18.08581814677717,77.50323119728783,010808582025750323
66e6da1c5c2b,Bidar,Alur(K),2025.0,1.0,sorghum,2025-09-03,1.0,"POLYGON((77.5038024 18.0854880, 77.5047322 18.0855055, 77.5045649 18.0846393, 77.5038635 18.0848668, 77.5038024 18.0854880))",0.7162454045354191,18.085137573169078,77.50426672021993,010808514025750427
5e78d90a6de6,Bidar,Alur(K),2025.0,2.0,pigeon_pea,2025-10-01,1.0,"POLYGON((77.5037783 18.0860993, 77.5050051 18.0860856, 77.5047556 18.0855807, 77.5038242 18.0855093, 77.5037783 18.0860993))",0.6877128281784222,18.085831545518676,77.50432791560819,010808583025750433
76c89fc5254c,Bidar,Alur(K),2025.0,2.0,sorghum,2025-10-09,1.0,"POLYGON((77.5037418 18.0867804, 77.5037595 18.0864518, 77.5050218 18.0863319, 77.5050822 18.0866771, 77.5037418 18.0867804))",0.5157478265113499,18.086561309547385,77.50440888305144,010808656025750441
5137aef71adc,Bidar,Alur(K),2025.0,2.0,pigeon_pea,2025-10-01,1.0,"POLYGON((77.5036972 18.0902523, 77.5043979 18.0903435, 77.5045038 18.0891088, 77.5037337 18.0889517, 77.5036972 18.0902523))",1.101157582016353,18.089653258229898,77.50408113716466,010808965025750408
12d37465097c,Bidar,Alur(K),2025.0,2.0,sorghum,2025-10-01,1.0,"POLYGON((77.5047607 18.0920355, 77.5057407 18.0920562, 77.5055653 18.0931882, 77.5049310 18.0932245, 77.5047607 18.0920355))",1.0960350110330634,18.092584711878878,77.50524599846523,010809258025750525
931af523c3c4,Bidar,Alur(K),2025.0,2.0,safflower,2025-10-07,1.0,"POLYGON((77.5036888 18.0922697, 77.5045947 18.0922987, 77.5043935 18.0912849, 77.5037216 18.0912658, 77.5036888 18.0922697))",0.9288561663628531,18.091804723899447,77.5041019207481,010809180025750410
ec30eaa98897,Bidar,Alur(K),2025.0,2.0,sorghum,2025-10-01,1.0,"POLYGON((77.5036774 18.0934021, 77.5037183 18.0923816, 77.5046101 18.0924431, 77.5046597 18.0933979, 77.5036774 18.0934021))",1.0827538006680217,18.0929139780405,77.50416100770046,010809291025750416
f2331d89240c,Bidar,Alur(K),2025.0,1.0,sorghum,2025-09-18,1.0,"POLYGON((77.5008815 18.0889495, 77.5020355 18.0891570, 77.5021760 18.0882318, 77.5011350 18.0880112, 77.5008815 18.0889495))",1.245849559002489,18.088594199320084,77.50155212069907,010808859025750155
089e136b7fe2,Bidar,Alur(K),2025.0,2.0,pigeon_pea,2025-10-01,1.0,"POLYGON((77.5004259 18.0904716, 77.5018837 18.0906762, 77.5021284 18.0897529, 77.5011041 18.0892468, 77.5004259 18.0904716))",1.7514668198190972,18.09004597384857,77.50134063802523,010809005025750134
a09b2e884d4f,Bidar,Alur(K),2025.0,2.0,pigeon_pea,2025-10-01,1.0,"POLYGON((77.5012121 18.0925454, 77.5013248 18.0906896, 77.5018780 18.0908238, 77.5019024 18.0926168, 77.5012121 18.0925454))",1.332560034688018,18.091701522266085,77.50157609348163,010809170025750158
8788323c9f8e,Bidar,Khanapur,2025.0,2.0,pigeon_pea,2025-10-01,1.0,"POLYGON((77.5285036 18.0604616, 77.5280328 18.0591643, 77.5287899 18.0586520, 77.5295034 18.0603465, 77.5285036 18.0604616))",1.7551433066215283,18.059659336639864,77.52873237682577,010805966025752873
a6f1b95fd856,Bidar,Khanapur,2025.0,2.0,sorghum,2025-10-08,1.0,"POLYGON((77.5265385 18.0607322, 77.5263125 18.0602869, 77.5278796 18.0593358, 77.5283926 18.0604584, 77.5265385 18.0607322))",1.8342340321656418,18.060158827206518,77.52740169233486,010806016025752740
756493589ec1,Bidar,Khanapur,2025.0,2.0,soybean,2025-10-16,1.0,"POLYGON((77.5252232 18.0581777, 77.5241242 18.0556375, 77.5246697 18.0552887, 77.5258207 18.0578201, 77.5252232 18.0581777))",2.160909820198069,18.05674701173711,77.5249669965456,010805675025752497
d5de5aeb4324,Bidar,Khanapur,2025.0,2.0,pigeon_pea,2025-10-01,1.0,"POLYGON((77.5248403 18.0590227, 77.5237862 18.0577697, 77.5246975 18.0572192, 77.5251766 18.0582972, 77.5248403 18.0590227))",1.4232276208285246,18.058055209672865,77.52457667997734,010805806025752458
e8cf57e32b00,Bidar,Khanapur,2025.0,1.0,safflower,2025-09-27,1.0,"POLYGON((77.5245151 18.0595031, 77.5247884 18.0591413, 77.5236478 18.0579233, 77.5231620 18.0583447, 77.5245151 18.0595031))",1.099157598101492,18.0586957653803,77.52399010312857,010805870025752399
96578f49310d,Bidar,Khanapur,2025.0,2.0,safflower,2025-10-16,1.0,"POLYGON((77.5230453 18.0593061, 77.5234050 18.0590065, 77.5245168 18.0595936, 77.5238516 18.0601072, 77.5230453 18.0593061))",0.8725925393611553,18.059535040612626,77.52375022867608,010805954025752375
ec89c4cf540a,Bidar,Khanapur,2025.0,1.0,pigeon_pea,2025-09-19,1.0,"POLYGON((77.5247867 18.0594030, 77.5263628 18.0589239, 77.5261295 18.0576648, 77.5252645 18.0582730, 77.5247867 18.0594030))",1.628557412920105,18.058610369081954,77.52566931649213,010805861025752567
06136060d53e,Bidar,Khanapur,2025.0,2.0,pigeon_pea,2025-10-09,1.0,"POLYGON((77.5257111 18.0602280, 77.5252470 18.0594056, 77.5260336 18.0591270, 77.5262032 18.0598939, 77.5257111 18.0602280))",0.7081772801967183,18.059645223926992,77.52577823263954,010805965025752578
623a5ac4273a,Bidar,Khanapur,2025.0,2.0,pigeon_pea,2025-10-01,1.0,"POLYGON((77.5219419 18.0627595, 77.5229346 18.0630056, 77.5231237 18.0625829, 77.5224733 18.0624188, 77.5219419 18.0627595))",0.45347384272510427,18.062704720550954,77.52260546500302,010806270025752261
b10221591c5d,Bidar,Khanapur,2025.0,2.0,pigeon_pea,2025-10-01,1.0,"POLYGON((77.5220904 18.0663496, 77.5228287 18.0659531, 77.5222524 18.0651970, 77.5215084 18.0657182, 77.5220904 18.0663496))",0.9126756242095693,18.06579441066711,77.52217235240933,010806579025752217
29096030da26,Bidar,Khanapur,2025.0,2.0,pigeon_pea,2025-10-01,1.0,"POLYGON((77.5190458 18.0669762, 77.5177479 18.0669533, 77.5178817 18.0665431, 77.5189972 18.0665319, 77.5190458 18.0669762))",0.6036353773689768,18.066756650231316,77.51842540000786,010806676025751843
b4543a2cccd5,Bidar,Khanapur,2025.0,2.0,pigeon_pea,2025-10-10,1.0,"POLYGON((77.5190635 18.0675092, 77.5190364 18.0670011, 77.5177372 18.0669721, 77.5175930 18.0674168, 77.5190635 18.0675092))",0.776145553506885,18.067230485385608,77.51837037913403,010806723025751837
3b59ba8a3068,Bidar,Khanapur,2025.0,2.0,pigeon_pea,2025-10-15,1.0,"POLYGON((77.5190847 18.0679239, 77.5191192 18.0677664, 77.5175628 18.0675796, 77.5174066 18.0678824, 77.5190847 18.0679239))",0.4482581411560606,18.067782616830616,77.51820544966564,010806778025751821
aea9a112d92b,Bidar,Khanapur,2025.0,1.0,safflower,2025-09-19,1.0,"POLYGON((77.5175588 18.0704078, 77.5184309 18.0703801, 77.5185187 18.0710890, 77.5176175 18.0711339, 77.5175588 18.0704078))",0.747528258550474,18.0707548429577,77.51803004562156,010807075025751803
24d4fc1791dc,Bidar,Khanapur,2025.0,2.0,pigeon_pea,2025-10-01,1.0,"POLYGON((77.5176054 18.0702577, 77.5175883 18.0693082, 77.5189915 18.0693327, 77.5189395 18.0702908, 77.5176054 18.0702577))",1.5281776002315426,18.06979338212692,77.51828244868517,010806979025751828
7a61f7cdb73c,Bidar,Khanapur,2025.0,2.0,pigeon_pea,2025-10-08,1.0,"POLYGON((77.5197649 18.0724280, 77.5194639 18.0711900, 77.5214410 18.0714673, 77.5213039 18.0726979, 77.5197649 18.0724280))",2.5129778485953813,18.071921070018075,77.52049899068865,010807192025752050
f92dcca93e95,Bidar,Khanapur,2025.0,2.0,pigeon_pea,2025-10-01,1.0,"POLYGON((77.5212971 18.0702615, 77.5215409 18.0694730, 77.5219761 18.0695899, 77.5221897 18.0702408, 77.5212971 18.0702615))",0.5599479589392607,18.069931349471652,77.52173697370735,010806993025752174
3922f5cad1ba,Bidar,Khanapur,2025.0,2.0,pigeon_pea,2025-10-01,1.0,"POLYGON((77.5237131 18.0721437, 77.5230054 18.0702035, 77.5244062 18.0696505, 77.5245044 18.0720082, 77.5237131 18.0721437))",2.918450673296177,18.070892486515234,77.5238964456757,010807089025752390
b61692d6d7ed,Bidar,Khanapur,2025.0,2.0,pigeon_pea,2025-10-01,1.0,"POLYGON((77.5223251 18.0667305, 77.5228002 18.0660159, 77.5233024 18.0667789, 77.5231251 18.0675022, 77.5223251 18.0667305))",0.840730890538754,18.066755114965282,77.52286316505675,010806676025752286
c48e7e63b882,Bidar,Khanapur,2025.0,2.0,safflower,2025-10-01,1.0,"POLYGON((77.5253667 18.0637237, 77.5254428 18.0629218, 77.5261402 18.0629431, 77.5260262 18.0638143, 77.5253667 18.0637237))",0.6703952571892878,18.0633480630157,77.52574918805571,010806335025752575
d29b0f4e2663,Bidar,Khanapur,2025.0,2.0,pigeon_pea,2025-10-01,1.0,"POLYGON((77.5260453 18.0644996, 77.5260510 18.0639532, 77.5265114 18.0639516, 77.5264507 18.0645735, 77.5260453 18.0644996))",0.2972727023035584,18.064239236724998,77.52626984827437,010806424025752627
9bb4838a33ab,Bidar,Khanapur,2025.0,2.0,safflower,2025-10-01,1.0,"POLYGON((77.5256065 18.0643692, 77.5255739 18.0639032, 77.5259266 18.0639297, 77.5259545 18.0644148, 77.5256065 18.0643692))",0.19371819995368975,18.064153664836574,77.52576654329053,010806415025752577
bc538584ce7a,Bidar,Khanapur,2025.0,1.0,safflower,2025-09-19,1.0,"POLYGON((77.5252993 18.0648228, 77.5253275 18.0644365, 77.5257761 18.0644667, 77.5257798 18.0648881, 77.5252993 18.0648228))",0.2202219102365249,18.06465622437084,77.52554864967688,010806466025752555
91957ca25c90,Bidar,Khanapur,2025.0,2.0,safflower,2025-10-01,1.0,"POLYGON((77.5254123 18.0644782, 77.5255092 18.0639003, 77.5249077 18.0638420, 77.5249647 18.0643785, 77.5254123 18.0644782))",0.343859810516236,18.064137091817994,77.52520402972311,010806414025752520
a0074ca88ce8,Bidar,Khanapur,2025.0,2.0,pigeon_pea,2025-10-01,1.0,"POLYGON((77.5235093 18.0658989, 77.5230905 18.0653369, 77.5235039 18.0650475, 77.5236437 18.0653165, 77.5235093 18.0658989))",0.2756447150030222,18.065426077723092,77.52341395413663,010806543025752341
4e85b3a3897a,Bidar,Khanapur,2025.0,2.0,pigeon_pea,2025-10-01,1.0,"POLYGON((77.5235391 18.0661035, 77.5237051 18.0653679, 77.5241068 18.0653411, 77.5239495 18.0660685, 77.5235391 18.0661035))",0.34172624431234455,18.065721305012815,77.52382454039945,010806572025752382
439e90fd5864,Bidar,Khanapur,2025.0,2.0,pigeon_pea,2025-11-06,1.0,"POLYGON((77.5245507 18.0658026, 77.5254408 18.0658629, 77.5252273 18.0649675, 77.5247247 18.0649675, 77.5245507 18.0658026))",0.7043975160491861,18.065440277463626,77.52498969135806,010806544025752499
b203b96ee4b9,Bidar,Khanapur,2025.0,2.0,pigeon_pea,2025-10-16,1.0,"POLYGON((77.5265546 18.0691944, 77.5265566 18.0682391, 77.5269814 18.0681846, 77.5270468 18.0691848, 77.5265546 18.0691944))",0.5257737013560952,18.068712284089052,77.52678717987574,010806871025752679
08f0ff8ea8e2,Bidar,Khanapur,2025.0,1.0,pigeon_pea,2025-09-19,1.0,"POLYGON((77.5270659 18.0691864, 77.5269911 18.0680520, 77.5277733 18.0682825, 77.5277941 18.0691651, 77.5270659 18.0691864))",0.8854185637972678,18.068664648911263,77.52739056068829,010806866025752739
c2f843f1e642,Bidar,Khanapur,2025.0,2.0,pigeon_pea,2025-10-01,1.0,"POLYGON((77.5278588 18.0691405, 77.5287684 18.0691029, 77.5288502 18.0680603, 77.5278776 18.0681129, 77.5278588 18.0691405))",1.1373246162496111,18.068598382251874,77.5283399726212,010806860025752834
c675cb08a29f,Bidar,Khanapur,2025.0,2.0,pigeon_pea,2025-10-01,1.0,"POLYGON((77.5297431 18.0691886, 77.5291483 18.0709943, 77.5306829 18.0706714, 77.5309095 18.0693270, 77.5297431 18.0691886))",2.4447785558824884,18.070072030427212,77.53008282790707,010807007025753008
20fcc4ac8d46,Bidar,Khanapur,2025.0,1.0,pigeon_pea,2025-09-03,1.0,"POLYGON((77.5282001 18.0720410, 77.5281861 18.0711432, 77.5267608 18.0713599, 77.5268057 18.0721803, 77.5282001 18.0720410))",1.423555971602522,18.071678142571173,77.52749814802465,010807168025752750
94701bb2c503,Bidar,Khanapur,2025.0,1.0,sorghum,2025-09-11,1.0,"POLYGON((77.5255528 18.0683924, 77.5253094 18.0675535, 77.5256571 18.0674474, 77.5260973 18.0683067, 77.5255528 18.0683924))",0.4816354345965824,18.06795197752013,77.52566775688247,010806795025752567
0a8646775eba,Bidar,Khanapur,2025.0,1.0,pigeon_pea,2025-09-03,1.0,"POLYGON((77.5244417 18.0685846, 77.5242456 18.0678397, 77.5252869 18.0675506, 77.5254650 18.0683774, 77.5244417 18.0685846))",1.0036667890414666,18.068083918364138,77.5248672876643,010806808025752487
311fc7d1cf7d,Bidar,Khanapur,2025.0,2.0,pigeon_pea,2025-10-09,1.0,"POLYGON((77.5244327 18.0677094, 77.5244937 18.0670049, 77.5247636 18.0669587, 77.5248068 18.0675691, 77.5244327 18.0677094))",0.2467745831665215,18.067328878548466,77.52462132414175,010806733025752462
a1df1c78b968,Bidar,Khanapur,2025.0,2.0,pigeon_pea,2025-10-01,1.0,"POLYGON((77.5240296 18.0678295, 77.5244591 18.0676934, 77.5244826 18.0670065, 77.5242560 18.0669699, 77.5240296 18.0678295))",0.2896006404469717,18.06741084078921,77.52429600340245,010806741025752430
e1971c06da18,Bidar,Khanapur,2025.0,2.0,pigeon_pea,2025-10-01,1.0,"POLYGON((77.5233695 18.0687991, 77.5245238 18.0686082, 77.5244189 18.0677900, 77.5234714 18.0680096, 77.5233695 18.0687991))",0.9889613294898792,18.068313451212994,77.52395346389834,010806831025752395
fb26a8a7fa8c,Bidar,Khanapur,2025.0,1.0,safflower,2025-09-25,1.0,"POLYGON((77.5235425 18.0678761, 77.5239207 18.0678544, 77.5243411 18.0661746, 77.5239988 18.0661826, 77.5235425 18.0678761))",0.7034433488955517,18.067034656647728,77.52394724404685,010806703025752395
6a239be32a41,Bidar,Khanapur,2025.0,2.0,pigeon_pea,2025-10-01,1.0,"POLYGON((77.5220378 18.0645369, 77.5222986 18.0645075, 77.5235257 18.0659492, 77.5233279 18.0667636, 77.5220378 18.0645369))",1.1136014342862142,18.065587106456775,77.52288952631667,010806559025752289
ff7b43f833ed,Bidar,Khanapur,2025.0,2.0,sorghum,2025-10-01,1.0,"POLYGON((77.5225226 18.0643029, 77.5224300 18.0631280, 77.5228324 18.0631254, 77.5229142 18.0642650, 77.5225226 18.0643029))",0.5396503432433025,18.063703432096013,77.52267362884932,010806370025752267
bbffdce68f1c,Bidar,Khanapur,2025.0,1.0,safflower,2025-09-10,1.0,"POLYGON((77.5217977 18.0638232, 77.5222363 18.0643122, 77.5221612 18.0631274, 77.5218269 18.0629167, 77.5217977 18.0638232))",0.4634347507126323,18.06357265526754,77.52201177697188,010806357025752201
4cd122db01b6,Bidar,Alur(K),2025.0,2.0,soybean,2025-10-08,1.0,"POLYGON((77.4981393 18.1017412, 77.5000470 18.1020350, 77.4990750 18.0992733, 77.4975676 18.0998674, 77.4981393 18.1017412))",4.766101636938571,18.10073589416328,77.49876613740322,010810074025749877
7ef99f18e847,Bidar,Maharajwadi,2025.0,2.0,safflower,2025-10-01,1.0,"POLYGON((77.5464680 18.1248703, 77.5464908 18.1240463, 77.5476307 18.1236177, 77.5478011 18.1247027, 77.5464680 18.1248703))",1.406390482182115,18.124312285901258,77.5471310887382,010812431025754713
57f1639c9226,Bidar,Jambgi(B),2025.0,2.0,pigeon_pea,2025-10-01,1.0,"POLYGON((77.5531122 18.1138682, 77.5541941 18.1135311, 77.5540362 18.1129381, 77.5527310 18.1134409, 77.5531122 18.1138682))",0.8448521002263158,18.113430203113634,77.55352774996733,010811343025755353
ab5fb739e5c4,Bidar,Wadgaon Deshmukh,2025.0,1.0,pigeon_pea,2025-09-18,1.0,"POLYGON((77.5366411 18.1090880, 77.5365629 18.1104815, 77.5361569 18.1105232, 77.5361304 18.1090857, 77.5366411 18.1090880))",0.7584158381272759,18.109767505986188,77.53637202631937,010810977025753637
602ad74d1ffd,Bidar,Maharajwadi,2025.0,2.0,pigeon_pea,2025-11-05,1.0,"POLYGON((77.5423703 18.1062199, 77.5450146 18.1075268, 77.5456265 18.1053764, 77.5440430 18.1045488, 77.5423703 18.1062199))",6.151999573253656,18.10599391217473,77.54421297272046,010810599025754421
a595277a9b73,Bidar,Maharajwadi,2025.0,2.0,pigeon_pea,2025-10-01,1.0,"POLYGON((77.5405625 18.1023518, 77.5397062 18.1001950, 77.5414161 18.1003381, 77.5419726 18.1019544, 77.5405625 18.1023518))",3.5485791573938177,18.101203365203276,77.54087298351287,010810120025754087
be3b47b0b7f5,Bidar,Maharajwadi,2025.0,2.0,pigeon_pea,2025-10-10,1.0,"POLYGON((77.5388891 18.1027355, 77.5380060 18.1008123, 77.5396217 18.1001647, 77.5403040 18.1023744, 77.5388891 18.1027355))",4.12543505984871,18.101486529253464,77.53920526401947,010810149025753921
04c1bee3c247,Bidar,Maharajwadi,2025.0,1.0,pigeon_pea,2025-09-10,1.0,"POLYGON((77.5362216 18.1020959, 77.5363433 18.1015790, 77.5374508 18.1014745, 77.5375248 18.1020602, 77.5362216 18.1020959))",0.7755216277634707,18.101809142951197,77.53689946704533,010810181025753690
dcce2c04587f,Bidar,Jambgi(B),2025.0,1.0,pigeon_pea,2025-09-10,1.0,"POLYGON((77.5531363 18.1118116, 77.5537948 18.1117663, 77.5540124 18.1128909, 77.5534984 18.1130423, 77.5531363 18.1118116))",0.8409942855165781,18.112359617884703,77.55360059835138,010811236025755360
08032f353209,Bidar,Jambgi(B),2025.0,1.0,pigeon_pea,2025-09-03,1.0,"POLYGON((77.5515555 18.1130474, 77.5520852 18.1128842, 77.5529858 18.1140400, 77.5517489 18.1140849, 77.5515555 18.1130474))",1.199841008162044,18.11357595986176,77.55213822076544,010811358025755214
74e38c6ae65e,Bidar,Jambgi(B),2025.0,2.0,pigeon_pea,2025-10-01,1.0,"POLYGON((77.5526937 18.1127370, 77.5523843 18.1113674, 77.5528805 18.1118218, 77.5531517 18.1126640, 77.5526937 18.1127370))",0.552501381831976,18.1121609563555,77.55276267644412,010811216025755276
5ee47fa4b1de,Bidar,Maharajwadi,2025.0,2.0,pigeon_pea,2025-10-08,1.0,"POLYGON((77.5452520 18.1064666, 77.5431545 18.1053786, 77.5440953 18.1045185, 77.5457388 18.1050797, 77.5452520 18.1064666))",3.1472859289206525,18.10540728849285,77.54457592735703,010810541025754458
e563af708aee,Bidar,Maharajwadi,2025.0,1.0,pigeon_pea,2025-09-17,1.0,"POLYGON((77.5434140 18.0984167, 77.5443491 18.0984591, 77.5438750 18.0974896, 77.5431142 18.0976598, 77.5434140 18.0984167))",0.8852482476678879,18.09801143937585,77.54370884328195,010809801025754371
56feae02bf58,Bidar,Maharajwadi,2025.0,1.0,pigeon_pea,2025-09-10,1.0,"POLYGON((77.5433178 18.0994027, 77.5433355 18.0985445, 77.5443605 18.0985582, 77.5443819 18.0994266, 77.5433178 18.0994027))",1.0550547360996227,18.098985714861755,77.54384987413022,010809899025754385
cd0dce27a238,Bidar,Maharajwadi,2025.0,2.0,pigeon_pea,2025-10-10,1.0,"POLYGON((77.5442019 18.0995506, 77.5455058 18.0994935, 77.5454649 18.0999317, 77.5441261 18.1001178, 77.5442019 18.0995506))",0.7688914318645517,18.099776620754135,77.54479671075092,010809978025754480
7b08ed2d5a08,Bidar,Maharajwadi,2025.0,1.0,pigeon_pea,2025-09-10,1.0,"POLYGON((77.5446478 18.0993979, 77.5444684 18.0986442, 77.5451366 18.0986672, 77.5454588 18.0993951, 77.5446478 18.0993979))",0.6381013294485094,18.09903877723299,77.54492989647437,010809904025754493
2997c05623e8,Bidar,Wadgaon Deshmukh,2025.0,1.0,pigeon_pea,2025-09-03,1.0,"POLYGON((77.5396300 18.1146888, 77.5403133 18.1145846, 77.5404065 18.1152971, 77.5396354 18.1153567, 77.5396300 18.1146888))",0.591932738768036,18.114987900489414,77.54000155883334,010811499025754000
49794dd57492,Bidar,Wadgaon Deshmukh,2025.0,1.0,soybean,2025-09-11,1.0,"POLYGON((77.5396428 18.1146222, 77.5403113 18.1145138, 77.5402644 18.1140782, 77.5396160 18.1142162, 77.5396428 18.1146222))",0.3294734457402057,18.114357736925857,77.53996298411191,010811436025753996
e8e96beeac06,Bidar,Wadgaon Deshmukh,2025.0,2.0,soybean,2025-10-01,1.0,"POLYGON((77.5411576 18.1146381, 77.5408783 18.1139657, 77.5417989 18.1137777, 77.5418523 18.1143316, 77.5411576 18.1146381))",0.6274324825740528,18.114172799929666,77.5413996645292,010811417025754140
62a66034e101,Bidar,Wadgaon Deshmukh,2025.0,2.0,pigeon_pea,2025-10-01,1.0,"POLYGON((77.5405095 18.1152777, 77.5411696 18.1153019, 77.5408957 18.1139352, 77.5403097 18.1140687, 77.5405095 18.1152777))",0.9539645364500304,18.114652916613533,77.54072904260305,010811465025754073
c453b7181ab6,Bidar,Wadgaon Deshmukh,2025.0,2.0,pigeon_pea,2025-10-01,1.0,"POLYGON((77.5402426 18.1140021, 77.5400434 18.1134310, 77.5416709 18.1132545, 77.5417728 18.1137334, 77.5402426 18.1140021))",1.0088989251741154,18.11360697114658,77.54090640303845,010811361025754091
9524e31705fb,Bidar,Wadgaon Deshmukh,2025.0,2.0,pigeon_pea,2025-10-01,1.0,"POLYGON((77.5397041 18.1133058, 77.5400022 18.1140403, 77.5386638 18.1143080, 77.5387610 18.1136002, 77.5397041 18.1133058))",0.9954375857016862,18.11382963245183,77.53930138729018,010811383025753930
8b6cc1becc34,Bidar,Wadgaon Deshmukh,2025.0,2.0,pigeon_pea,2025-10-01,1.0,"POLYGON((77.5397142 18.1132131, 77.5396629 18.1120531, 77.5403475 18.1119391, 77.5404920 18.1132026, 77.5397142 18.1132131))",1.0437378241151631,18.112613119188158,77.5400606816239,010811261025754006
51d2d607abc5,Bidar,Maharajwadi,2025.0,2.0,pigeon_pea,2025-10-09,1.0,"POLYGON((77.5475815 18.1046858, 77.5490476 18.1048219, 77.5486403 18.1034238, 77.5474903 18.1037980, 77.5475815 18.1046858))",1.7838822408838386,18.104192420846328,77.5482434931345,010810419025754824
7fb6eae15550,Bidar,Maharajwadi,2025.0,1.0,sorghum,2025-09-27,1.0,"POLYGON((77.5478658 18.1055462, 77.5492810 18.1054478, 77.5491123 18.1049439, 77.5476331 18.1048595, 77.5478658 18.1055462))",1.0095814704176915,18.105199455006943,77.54843595135819,010810520025754844
8272642ede24,Bidar,Maharajwadi,2025.0,2.0,pigeon_pea,2025-10-01,1.0,"POLYGON((77.5489588 18.1068955, 77.5492662 18.1085727, 77.5486701 18.1086632, 77.5483147 18.1071045, 77.5489588 18.1068955))",1.2318186436174314,18.107793221495342,77.54880263848779,010810779025754880
b0d2369c3c29,Bidar,Maharajwadi,2025.0,2.0,pigeon_pea,2025-10-01,1.0,"POLYGON((77.5484196 18.1069223, 77.5496900 18.1065749, 77.5493108 18.1054761, 77.5478668 18.1057062, 77.5484196 18.1069223))",1.9952512851810447,18.10616455560598,77.5488045970977,010810616025754880
9ad3ff800c20,Bidar,Maharajwadi,2025.0,2.0,pigeon_pea,2025-10-23,1.0,"POLYGON((77.5501668 18.1109518, 77.5501071 18.1103856, 77.5505389 18.1100548, 77.5507190 18.1108429, 77.5501668 18.1109518))",0.4206270795229435,18.110560474022574,77.55039992892755,010811056025755040
9e53c804e9de,Bidar,Maharajwadi,2025.0,1.0,pigeon_pea,2025-09-27,1.0,"POLYGON((77.5503458 18.1117179, 77.5509852 18.1117300, 77.5507364 18.1109267, 77.5501265 18.1111268, 77.5503458 18.1117179))",0.5352490318229545,18.111369331401345,77.55056264004273,010811137025755056
104e641a7546,Bidar,Maharajwadi,2025.0,2.0,pigeon_pea,2025-10-01,1.0,"POLYGON((77.5489544 18.1101459, 77.5488092 18.1094735, 77.5492951 18.1092788, 77.5495214 18.1100701, 77.5489544 18.1101459))",0.48007550452747544,18.10974562377842,77.54915428550652,010810975025754915
519184d4a6bf,Bidar,Maharajwadi,2025.0,2.0,pigeon_pea,2025-10-01,1.0,"POLYGON((77.5497869 18.1105851, 77.5500471 18.1119336, 77.5497138 18.1120031, 77.5494510 18.1105908, 77.5497869 18.1105851))",0.5519022969655848,18.111281453930246,77.54974901976615,010811128025754975
03a5144aee4b,Bidar,Maharajwadi,2025.0,1.0,pigeon_pea,2025-09-11,1.0,"POLYGON((77.5493846 18.1104859, 77.5498151 18.1105051, 77.5500256 18.1100379, 77.5489936 18.1103129, 77.5493846 18.1104859))",0.2873448883713628,18.110305671001772,77.54958228924359,010811031025754958
8855bba04a8f,Bidar,Maharajwadi,2025.0,2.0,pigeon_pea,2025-10-01,1.0,"POLYGON((77.5482644 18.1123489, 77.5488783 18.1121640, 77.5482929 18.1110710, 77.5479781 18.1113167, 77.5482644 18.1123489))",0.6870251030130264,18.111766244771367,77.54837754885583,010811177025754838
5a4c9c69ad57,Bidar,Maharajwadi,2025.0,2.0,pigeon_pea,2025-10-01,1.0,"POLYGON((77.5419522 18.1143080, 77.5424849 18.1141684, 77.5423693 18.1131401, 77.5417316 18.1132395, 77.5419522 18.1143080))",0.7412965527238138,18.1137003345404,77.5421294195649,010811370025754213
75af6ec26e6e,Bidar,Maharajwadi,2025.0,2.0,pigeon_pea,2025-10-01,1.0,"POLYGON((77.5433355 18.1157152, 77.5440741 18.1153866, 77.5440128 18.1144163, 77.5429919 18.1149249, 77.5433355 18.1157152))",1.005188121095631,18.115084805716464,77.54360140922672,010811508025754360
798adedc7af6,Bidar,Maharajwadi,2025.0,1.0,pigeon_pea,2025-09-27,1.0,"POLYGON((77.5430341 18.1145820, 77.5433127 18.1144613, 77.5431699 18.1140374, 77.5428410 18.1141302, 77.5430341 18.1145820))",0.17657228493303997,18.11429936551923,77.54308549270442,010811430025754309
0f37ae5b8358,Bidar,Maharajwadi,2025.0,2.0,pigeon_pea,2025-10-01,1.0,"POLYGON((77.5433365 18.1158226, 77.5440574 18.1154641, 77.5440758 18.1163197, 77.5435159 18.1162904, 77.5433365 18.1158226))",0.5147641608426613,18.11594910371154,77.54377059413217,010811595025754377
775cdfd4bc29,Bidar,Maharajwadi,2025.0,2.0,pigeon_pea,2025-11-06,1.0,"POLYGON((77.5429644 18.1163245, 77.5423723 18.1151636, 77.5428738 18.1149313, 77.5433972 18.1163178, 77.5429644 18.1163245))",0.7741365794064159,18.11564858461416,77.54289265573627,010811565025754289
a135865680bc,Bidar,Borgi (Janwada),2025.0,2.0,pigeon_pea,2025-10-08,1.0,"POLYGON((77.5055771 18.1444079, 77.5064310 18.1442651, 77.5062741 18.1435594, 77.5055452 18.1439405, 77.5055771 18.1444079))",0.5718990381237409,18.14403842273352,77.50598751932942,010814404025750599
f7236d1d664c,Bidar,Borgi (Janwada),2025.0,1.0,pigeon_pea,2025-09-19,1.0,"POLYGON((77.5063697 18.1437713, 77.5062942 18.1435097, 77.5068984 18.1431608, 77.5069721 18.1436795, 77.5063697 18.1437713))",0.29454898813250413,18.143516499955467,77.50666400557026,010814352025750666
39f642297f3d,Bidar,Borgi (Janwada),2025.0,1.0,pigeon_pea,2025-09-12,1.0,"POLYGON((77.5059301 18.1426055, 77.5067180 18.1430222, 77.5054839 18.1437305, 77.5055211 18.1427020, 77.5059301 18.1426055))",0.8711098808455495,18.14308953254233,77.50593226020199,010814309025750593
2c305153bb0b,Bidar,Borgi (Janwada),2025.0,2.0,pigeon_pea,2025-10-10,1.0,"POLYGON((77.5072799 18.1438981, 77.5080993 18.1438191, 77.5081795 18.1442221, 77.5074147 18.1443454, 77.5072799 18.1438981))",0.4066472090352524,18.14407027830089,77.50773517464908,010814407025750774
a1eb8cc9c6fa,Bidar,Borgi (Janwada),2025.0,2.0,pigeon_pea,2025-10-02,1.0,"POLYGON((77.5079183 18.1431790, 77.5072933 18.1432462, 77.5073124 18.1437831, 77.5080159 18.1436725, 77.5079183 18.1431790))",0.4063136981862955,18.143475979976415,77.5076321091022,010814348025750763
bb90b1d09e53,Bidar,Borgi (Janwada),2025.0,1.0,pigeon_pea,2025-09-18,1.0,"POLYGON((77.5072548 18.1427317, 77.5071676 18.1417940, 77.5075626 18.1416698, 77.5077983 18.1424245, 77.5072548 18.1427317))",0.5051838471486201,18.14218257667008,77.50744576910773,010814218025750745
a4dd9524ae60,Bidar,Borgi (Janwada),2025.0,2.0,pigeon_pea,2025-10-01,1.0,"POLYGON((77.5148927 18.1451273, 77.5143398 18.1455220, 77.5158385 18.1485806, 77.5170324 18.1480278, 77.5148927 18.1451273))",4.052015388616804,18.146970035442187,77.51562552257859,010814697025751563
c7fed4cff4a2,Bidar,Borgi (Janwada),2025.0,2.0,pigeon_pea,2025-10-09,1.0,"POLYGON((77.5152340 18.1590398, 77.5155726 18.1586859, 77.5154325 18.1584084, 77.5149437 18.1584355, 77.5146017 18.1589863, 77.5152340 18.1590398))",0.4757118354042088,18.1587294192589,77.5151155874537,010815873025751512
785a0faf47cb,Bidar,Borgi (Janwada),2025.0,2.0,pigeon_pea,2025-10-01,1.0,"POLYGON((77.5155861 18.1594625, 77.5156662 18.1583698, 77.5165865 18.1582991, 77.5165275 18.1596193, 77.5155861 18.1594625))",1.317060572997528,18.158942048367567,77.51610588014334,010815894025751611
0be0713d2db6,Bidar,Borgi (Janwada),2025.0,1.0,pigeon_pea,2025-09-19,1.0,"POLYGON((77.5148096 18.1609229, 77.5155921 18.1609350, 77.5156447 18.1600439, 77.5147951 18.1600363, 77.5148096 18.1609229))",0.8485694890517734,18.16047846700137,77.51521091277753,010816048025751521
42fc749fb130,Bidar,Borgi (Janwada),2025.0,2.0,soybean,2025-10-01,1.0,"POLYGON((77.5154644 18.1622756, 77.5161024 18.1622488, 77.5157316 18.1611676, 77.5146107 18.1612504, 77.5154644 18.1622756))",1.1225244183689103,18.16168583098876,77.51545014982082,010816169025751545
aaf5e0e06490,Bidar,Borgi (Janwada),2025.0,2.0,soybean,2025-10-01,1.0,"POLYGON((77.5165610 18.1597438, 77.5169684 18.1620357, 77.5161939 18.1621430, 77.5157584 18.1596365, 77.5165610 18.1597438))",2.2127803785869697,18.160892183918197,77.51636497863848,010816089025751636
14ac692532f6,Bidar,Borgi (Janwada),2025.0,2.0,pigeon_pea,2025-10-01,1.0,"POLYGON((77.5170070 18.1621099, 77.5167324 18.1598006, 77.5178710 18.1601073, 77.5178586 18.1621981, 77.5170070 18.1621099))",2.5302877581150067,18.161001682039934,77.51735800339377,010816100025751736
2ddd89b37623,Bidar,Borgi (Janwada),2025.0,1.0,pigeon_pea,2025-09-11,1.0,"POLYGON((77.5171541 18.1555029, 77.5165372 18.1539938, 77.5169386 18.1538134, 77.5175954 18.1554516, 77.5171541 18.1555029))",0.8616590598145459,18.15468621212503,77.51705773926646,010815469025751706
0a60a45bf3b4,Bidar,Borgi (Janwada),2025.0,1.0,pigeon_pea,2025-09-03,1.0,"POLYGON((77.5164879 18.1553570, 77.5169580 18.1553197, 77.5164970 18.1540960, 77.5159465 18.1541903, 77.5164879 18.1553570))",0.751911020085268,18.15472124181966,77.51646582706569,010815472025751647
aa4c9cb43a74,Bidar,Borgi (Janwada),2025.0,2.0,pigeon_pea,2025-10-16,1.0,"POLYGON((77.5195765 18.1589608, 77.5193408 18.1561133, 77.5204694 18.1568085, 77.5202212 18.1589767, 77.5195765 18.1589608))",2.603288130702924,18.15759477388241,77.51988798311903,010815759025751989
df834a1288c0,Bidar,Borgi (Janwada),2025.0,2.0,soybean,2025-10-08,1.0,"POLYGON((77.5177855 18.1555854, 77.5188818 18.1555854, 77.5189549 18.1538603, 77.5176141 18.1545271, 77.5177855 18.1555854))",2.002755431546761,18.15485243149351,77.51835154776121,010815485025751835
79a21140a622,Bidar,Borgi (Janwada),2025.0,2.0,pigeon_pea,2025-10-01,1.0,"POLYGON((77.5179373 18.1575488, 77.5191145 18.1572844, 77.5187722 18.1557925, 77.5177516 18.1557587, 77.5179373 18.1575488))",2.1447424792639502,18.156622780918664,77.51838247555133,010815662025751838
cda121609157,Bidar,Borgi (Janwada),2025.0,1.0,pigeon_pea,2025-09-10,1.0,"POLYGON((77.5166281 18.1511711, 77.5189703 18.1498397, 77.5185187 18.1493341, 77.5164752 18.1502118, 77.5166281 18.1511711))",2.2691682423827784,18.15018188636897,77.51759008074046,010815018025751759
4e63866cbe88,Bidar,Borgi (Janwada),2025.0,2.0,sorghum,2025-10-01,1.0,"POLYGON((77.4957944 18.1310330, 77.4953837 18.1298356, 77.4964944 18.1299659, 77.4967989 18.1307179, 77.4957944 18.1310330))",1.244544265881396,18.130395801054295,77.49607954635556,010813040025749608
69222b518115,Bidar,Borgi (Janwada),2025.0,2.0,sorghum,2025-10-01,1.0,"POLYGON((77.4957789 18.1310766, 77.4952894 18.1297718, 77.4964844 18.1299484, 77.4967536 18.1307727, 77.4957789 18.1310766))",1.3791603207999612,18.130390852566002,77.49603414723084,010813039025749603
392fe9a81403,Bidar,Borgi (Janwada),2025.0,2.0,pigeon_pea,2025-10-09,1.0,"POLYGON((77.4965548 18.1324658, 77.4967157 18.1324311, 77.4968277 18.1308520, 77.4963184 18.1309680, 77.4965548 18.1324658))",0.6085800123726599,18.131545900237036,77.49659880946648,010813155025749660
670226308346,Bidar,Borgi (Janwada),2025.0,1.0,pigeon_pea,2025-09-11,1.0,"POLYGON((77.4964847 18.1329135, 77.4965826 18.1328785, 77.4962577 18.1309753, 77.4957914 18.1311505, 77.4964847 18.1329135))",0.6675991079860504,18.13177955460986,77.49622361191823,010813178025749622
d514bbeaf7d3,Bidar,Borgi (Janwada),2025.0,1.0,maize,2025-09-10,1.0,"POLYGON((77.5057517 18.1424478, 77.5069027 18.1429120, 77.5076175 18.1417838, 77.5060102 18.1418338, 77.5057517 18.1424478))",1.5231274752258215,18.14224680980589,77.50664608739359,010814225025750665
d9d28647e66f,Bidar,Borgi (Janwada),2025.0,1.0,maize,2025-09-03,1.0,"POLYGON((77.5008014 18.1403584, 77.5013559 18.1407671, 77.5020362 18.1396953, 77.5013861 18.1390575, 77.5008014 18.1403584))",1.2230347784955526,18.13994147714961,77.50140370250978,010813994025750140
9847e887a5a6,Bidar,Borgi (Janwada),2025.0,2.0,maize,2025-10-01,1.0,"POLYGON((77.5014961 18.1390262, 77.5024466 18.1398989, 77.5028821 18.1388478, 77.5017817 18.1384276, 77.5014961 18.1390262))",1.2621335027144025,18.139080646599655,77.50219494084719,010813908025750219
0d83f36e7f72,Bidar,Borgi (Janwada),2025.0,1.0,maize,2025-09-11,1.0,"POLYGON((77.5153829 18.1451961, 77.5149993 18.1447962, 77.5167863 18.1442094, 77.5168923 18.1446385, 77.5153829 18.1451961))",0.9629459553691773,18.144711331580105,77.51599373839404,010814471025751599
d20d65ddfafb,Bidar,Borgi (Janwada),2025.0,1.0,maize,2025-09-03,1.0,"POLYGON((77.5167545 18.1441042, 77.5166787 18.1437194, 77.5146104 18.1443757, 77.5149923 18.1446968, 77.5167545 18.1441042))",0.957998356630097,18.144224013207708,77.5157426514699,010814422025751574
4d65f43ae3ea,Bidar,Borgi (Janwada),2025.0,1.0,pigeon_pea,2025-09-10,1.0,"POLYGON((77.5134497 18.1443703, 77.5138245 18.1440169, 77.5115815 18.1418612, 77.5113837 18.1420422, 77.5134497 18.1443703))",1.424098569540622,18.143190584277026,77.51267310207066,010814319025751267
ba303024404d,Bidar,Borgi (Janwada),2025.0,1.0,pigeon_pea,2025-09-10,1.0,"POLYGON((77.5123872 18.1439194, 77.5128650 18.1437856, 77.5134108 18.1444827, 77.5128499 18.1447784, 77.5123872 18.1439194))",0.5992967000459339,18.14426237718886,77.51288460573342,010814426025751288
b9dd119cb07e,Bidar,Borgi (Janwada),2025.0,1.0,green_gram,2025-09-02,1.0,"POLYGON((77.5122859 18.1437684, 77.5125806 18.1435307, 77.5115969 18.1424191, 77.5114608 18.1425552, 77.5122859 18.1437684))",0.4905839191603745,18.14313188491799,77.51203105910326,010814313025751203
29164b02f4b1,Bidar,Borgi (Janwada),2025.0,2.0,pigeon_pea,2025-10-10,1.0,"POLYGON((77.5023809 18.1322559, 77.5019839 18.1309081, 77.5022317 18.1308813, 77.5029606 18.1321596, 77.5023809 18.1322559))",0.6759882944726532,18.131641228002394,77.50242731009007,010813164025750243
3815cfbf75e0,Bidar,Borgi (Janwada),2025.0,2.0,soybean,2025-10-01,1.0,"POLYGON((77.5027919 18.1333306, 77.5035704 18.1329250, 77.5031859 18.1322718, 77.5022444 18.1323709, 77.5027919 18.1333306))",0.9488438484956494,18.132733414881415,77.5029217827427,010813273025750292
9b0611fdabf2,Bidar,Borgi (Janwada),2025.0,1.0,pigeon_pea,2025-09-03,1.0,"POLYGON((77.5035818 18.1320688, 77.5029099 18.1303317, 77.5044589 18.1310406, 77.5045286 18.1320523, 77.5035818 18.1320688))",1.8561519174518533,18.131320359220098,77.50381327946957,010813132025750381
76ede243e629,Bidar,Borgi (Janwada),2025.0,2.0,soybean,2025-10-09,1.0,"POLYGON((77.5059982 18.1304355, 77.5059083 18.1302380, 77.5063425 18.1300886, 77.5064354 18.1302769, 77.5059982 18.1304355))",0.11479602484158254,18.130260440780585,77.50616987624525,010813026025750617
b0eaf88df1d4,Bidar,Borgi (Janwada),2025.0,2.0,soybean,2025-10-02,1.0,"POLYGON((77.5057507 18.1300490, 77.5062426 18.1299018, 77.5063395 18.1300720, 77.5058097 18.1302297, 77.5057507 18.1300490))",0.11871244937494557,18.130064170804783,77.50603627946053,010813006025750604
e44aa28ae72b,Bidar,Borgi (Janwada),2025.0,1.0,pigeon_pea,2025-09-03,1.0,"POLYGON((77.5056897 18.1299872, 77.5056683 18.1298085, 77.5061759 18.1297333, 77.5062456 18.1298951, 77.5056897 18.1299872))",0.110399654236779,18.12985775363145,77.50594289728498,010812986025750594
86eb4dbecc21,Bidar,Borgi (Janwada),2025.0,2.0,soybean,2025-10-02,1.0,"POLYGON((77.5059452 18.1304343, 77.5057822 18.1298040, 77.5059817 18.1297626, 77.5060910 18.1303791, 77.5059452 18.1304343))",0.13360467048868094,18.13008082071451,77.50594629179936,010813008025750595
6bfdd511956e,Bidar,Borgi (Janwada),2025.0,1.0,black_gram,2025-09-10,1.0,"POLYGON((77.5065038 18.1302364, 77.5057457 18.1290603, 77.5067609 18.1289173, 77.5069936 18.1300640, 77.5065038 18.1302364))",1.1137964260064537,18.12951040548755,77.50646825844312,010812951025750647
6d9244edae16,Bidar,Borgi (Janwada),2025.0,1.0,pigeon_pea,2025-09-04,1.0,"POLYGON((77.5053819 18.1305843, 77.5053642 18.1298786, 77.5057276 18.1297973, 77.5058339 18.1304738, 77.5053819 18.1305843))",0.3365635145548632,18.130196213865375,77.5055776127969,010813020025750558
8ade0824afb2,Bidar,Borgi (Janwada),2025.0,1.0,pigeon_pea,2025-09-10,1.0,"POLYGON((77.5051285 18.1326997, 77.5042601 18.1337276, 77.5038889 18.1334800, 77.5048659 18.1323543, 77.5051285 18.1326997))",0.7190907154154722,18.133066775519755,77.5045298015598,010813307025750453
d955d00c5f03,Bidar,Borgi (Janwada),2025.0,2.0,green_gram,2025-10-02,1.0,"POLYGON((77.5031530 18.1301427, 77.5057088 18.1293904, 77.5048156 18.1284702, 77.5026887 18.1291986, 77.5031530 18.1301427))",3.141005140552333,18.129306525716153,77.50411929967612,010812931025750412
5de1796e7a5b,Bidar,Borgi (Janwada),2025.0,2.0,green_gram,2025-10-10,1.0,"POLYGON((77.5044911 18.1309963, 77.5032982 18.1302654, 77.5052575 18.1297782, 77.5052575 18.1306605, 77.5044911 18.1309963))",1.5731135706093438,18.13037975968166,77.50451315134585,010813038025750451
1901e3fb7a87,Bidar,Borgi (Janwada),2025.0,1.0,sorghum,2025-09-03,1.0,"POLYGON((77.5071160 18.1361348, 77.5069393 18.1358238, 77.5076685 18.1355068, 77.5078502 18.1359325, 77.5071160 18.1361348))",0.3697060954241485,18.135841808140448,77.50740906190873,010813584025750741
511f1f4fef8c,Chitradurga,Muddapura,2025.0,1.0,maize,2025-06-12,0.0,"POLYGON((76.1108763 13.8786318, 76.1109973 13.8791676, 76.1124343 13.8790133, 76.1123690 13.8784935, 76.1108763 13.8786318))",0.9401312667717113,13.878825458820407,76.11166407887181,010387883025611166
a0b34a105bfa,Chitradurga,Muddapura,2025.0,1.0,maize,2025-07-02,0.0,"POLYGON((76.1108505 13.8786510, 76.1108022 13.8782754, 76.1120572 13.8781527, 76.1121195 13.8784427, 76.1108505 13.8786510))",0.5128332251948435,13.87838445414582,76.1114315476319,010387838025611143
7bfc6f2ab74d,Chitradurga,Muddapura,2025.0,1.0,maize,2025-07-01,0.0,"POLYGON((76.1104780 13.8784352, 76.1105622 13.8791809, 76.1109145 13.8791363, 76.1107784 13.8784235, 76.1104780 13.8784352))",0.2881364301463277,13.878804534925756,76.1106838141765,010387880025611068
adfb328b927c,Chitradurga,Muddapura,2025.0,1.0,finger_millet,2025-08-01,0.0,"POLYGON((76.1079805 13.8833009, 76.1086866 13.8833562, 76.1086206 13.8838350, 76.1079306 13.8838350, 76.1079805 13.8833009))",0.424360682335789,13.883580178430696,76.1082984796883,010388358025610830
2ae593e2782c,Chitradurga,Muddapura,2025.0,1.0,finger_millet,2025-08-01,0.0,"POLYGON((76.1091329 13.8822053, 76.1091922 13.8828289, 76.1087456 13.8828195, 76.1087067 13.8823576, 76.1091329 13.8822053))",0.2871968181586153,13.88255165563725,76.10895532421387,010388255025610896
be74eaf9b53a,Chitradurga,Muddapura,2025.0,1.0,finger_millet,2025-08-01,0.0,"POLYGON((76.1088298 13.8838705, 76.1087497 13.8843922, 76.1083232 13.8843831, 76.1083457 13.8838877, 76.1088298 13.8838705))",0.2764420172568647,13.884128242700639,76.10856451801688,010388413025610856
f3b9d31d3552,Chitradurga,Muddapura,2025.0,1.0,finger_millet,2025-08-14,0.0,"POLYGON((76.1114419 13.8811973, 76.1114972 13.8827635, 76.1117591 13.8827023, 76.1117363 13.8811566, 76.1114419 13.8811973))",0.5194768039627438,13.881940150833728,76.11160787599253,010388194025611161
34ad59a6511f,Chitradurga,Muddapura,2025.0,1.0,finger_millet,2025-07-25,0.0,"POLYGON((76.1118493 13.8826802, 76.1121383 13.8826040, 76.1121383 13.8810739, 76.1117765 13.8811436, 76.1118493 13.8826802))",0.5993701225658616,13.881847164407892,76.11197452688177,010388185025611197
3f41172f0f06,Chitradurga,Muddapura,2025.0,1.0,finger_millet,2025-08-01,0.0,"POLYGON((76.1088435 13.8816133, 76.1089337 13.8821806, 76.1097280 13.8819801, 76.1095154 13.8813584, 76.1088435 13.8816133))",0.5619635797498641,13.881787144686852,76.10926569684233,010388179025610927
c559bf6ac91e,Chitradurga,Muddapura,2025.0,1.0,finger_millet,2025-08-01,0.0,"POLYGON((76.1090192 13.8821812, 76.1081324 13.8825113, 76.1080389 13.8822916, 76.1089599 13.8815469, 76.1090192 13.8821812))",0.5103377649156821,13.882091496846966,76.10859977229711,010388209025610860
9988c2633fb4,Chitradurga,Muddapura,2025.0,1.0,finger_millet,2025-07-31,0.0,"POLYGON((76.1088409 13.8838610, 76.1087862 13.8843873, 76.1093035 13.8843720, 76.1093223 13.8838910, 76.1088409 13.8838610))",0.3008922641796165,13.884130531358009,76.10905924801827,010388413025610906
e4dc7c48558d,Chitradurga,Muddapura,2025.0,1.0,finger_millet,2025-08-01,0.0,"POLYGON((76.1088318 13.8844297, 76.1088224 13.8849504, 76.1083792 13.8848827, 76.1083359 13.8844114, 76.1088318 13.8844297))",0.2774491748345369,13.884664150814015,76.10859646181613,010388466025610860
edd4e3c6a4f5,Chitradurga,Muddapura,2025.0,1.0,finger_millet,2025-08-01,0.0,"POLYGON((76.1093307 13.8847669, 76.1092345 13.8852102, 76.1102742 13.8852131, 76.1103801 13.8848232, 76.1093307 13.8847669))",0.5235860504097558,13.885002249876091,76.10979401789955,010388500025610979
180b40806422,Chitradurga,Muddapura,2025.0,1.0,maize,2025-07-03,0.0,"POLYGON((76.1075561 13.8772260, 76.1075494 13.8778513, 76.1079279 13.8777178, 76.1081797 13.8773318, 76.1075561 13.8772260))",0.3006299498415027,13.8775063643309,76.10778942783686,010387751025610779
b467ae99fad5,Chitradurga,Muddapura,2025.0,1.0,finger_millet,2025-08-07,0.0,"POLYGON((76.1072117 13.8787509, 76.1074947 13.8795588, 76.1072697 13.8797567, 76.1069368 13.8791047, 76.1072117 13.8787509))",0.3195199261436067,13.879271408138223,76.10722211320423,010387927025610722
9ac52a043f93,Chitradurga,Muddapura,2025.0,1.0,finger_millet,2025-08-07,0.0,"POLYGON((76.1100670 13.8759302, 76.1100012 13.8763908, 76.1093230 13.8768022, 76.1090853 13.8760357, 76.1100670 13.8759302))",0.6350856020599677,13.876287834518472,76.10957370364522,010387629025610957
9399826155d5,Chitradurga,Muddapura,2025.0,1.0,finger_millet,2025-08-07,0.0,"POLYGON((76.1100851 13.8753457, 76.1100931 13.8758173, 76.1106178 13.8757698, 76.1105870 13.8753710, 76.1100851 13.8753457))",0.26719769508586483,13.875577934006344,76.11033871061976,010387558025611034
7bcff2ae9fd7,Chitradurga,Muddapura,2025.0,1.0,maize,2025-07-10,0.0,"POLYGON((76.1104324 13.8753896, 76.1104324 13.8757890, 76.1107482 13.8757620, 76.1107543 13.8753701, 76.1104324 13.8753896))",0.1506612419307095,13.875577058990332,76.11059130470221,010387558025611059
d140d9f54e15,Chitradurga,Muddapura,2025.0,1.0,finger_millet,2025-08-21,0.0,"POLYGON((76.1113762 13.8751185, 76.1113675 13.8754759, 76.1121336 13.8753990, 76.1120763 13.8750560, 76.1113762 13.8751185))",0.30883422290847,13.875265113629395,76.11173718291072,010387527025611174
43f8e4a234c0,Chitradurga,Muddapura,2025.0,1.0,finger_millet,2025-08-08,0.0,"POLYGON((76.1113209 13.8747197, 76.1113745 13.8750927, 76.1126761 13.8749059, 76.1126271 13.8746058, 76.1113209 13.8747197))",0.5336259410368731,13.87483387443932,76.11197637369146,010387483025611198
bbb63466d4b8,Chitradurga,Muddapura,2025.0,1.0,finger_millet,2025-08-06,0.0,"POLYGON((76.1100770 13.8735076, 76.1099171 13.8745296, 76.1102319 13.8744629, 76.1103070 13.8735086, 76.1100770 13.8735076))",0.3170745003120699,13.87402588847695,76.11012911918958,010387403025611013
93873ab87b50,Chitradurga,Muddapura,2025.0,1.0,finger_millet,2025-08-12,0.0,"POLYGON((76.1098742 13.8745326, 76.1100307 13.8745043, 76.1102322 13.8724702, 76.1098742 13.8745326))",0.1868789114564625,13.873835688173264,76.11004572361708,010387384025611005
e97f4a7d279a,Chitradurga,Muddapura,2025.0,1.0,finger_millet,2025-07-17,0.0,"POLYGON((76.1086618 13.8838575, 76.1093488 13.8838444, 76.1089629 13.8829266, 76.1087369 13.8828963, 76.1086618 13.8838575))",0.510867348660053,13.88346170620803,76.1089388168508,010388346025610894
d71da541a30f,Chitradurga,Muddapura,2025.0,1.0,finger_millet,2025-07-25,0.0,"POLYGON((76.0997304 13.8830473, 76.0987997 13.8838249, 76.0987112 13.8830379, 76.0997304 13.8830473))",0.47876906865599783,13.883303381125677,76.09908040612936,010388330025609908
157909cce00f,Chitradurga,Muddapura,2025.0,1.0,maize,2025-06-18,0.0,"POLYGON((76.0986082 13.8830818, 76.0985724 13.8837660, 76.0980647 13.8838334, 76.0980138 13.8830962, 76.0986082 13.8830818))",0.4683203151187713,13.883435361112792,76.09831083603547,010388344025609831
e2c3f2dbc52d,Chitradurga,Muddapura,2025.0,1.0,finger_millet,2025-07-25,0.0,"POLYGON((76.0982062 13.8839047, 76.0982012 13.8845084, 76.0993619 13.8846454, 76.0994380 13.8839886, 76.0982062 13.8839047))",0.9063421784156508,13.884259699181772,76.09881141134575,010388426025609881
c95160366f03,Chitradurga,Muddapura,2025.0,1.0,finger_millet,2025-08-05,0.0,"POLYGON((76.0974153 13.8831772, 76.0973657 13.8839558, 76.0979343 13.8839239, 76.0979735 13.8831349, 76.0974153 13.8831772))",0.5257133133679749,13.883549160148664,76.09767281347564,010388355025609767
084ebf184543,Chitradurga,Muddapura,2025.0,1.0,finger_millet,2025-07-18,0.0,"POLYGON((76.1081740 13.8755738, 76.1089398 13.8756705, 76.1089857 13.8751826, 76.1081904 13.8752288, 76.1081740 13.8755738))",0.38938680676982124,13.875413817789239,76.10859493820884,010387541025610859
63ec0591a1c6,Chitradurga,Muddapura,2025.0,1.0,finger_millet,2025-07-24,0.0,"POLYGON((76.0987631 13.8794693, 76.0987145 13.8799217, 76.0992070 13.8799611, 76.0992872 13.8795298, 76.0987631 13.8794693))",0.2722117230525393,13.879717841439927,76.09899160822162,010387972025609899
bf88ad33b392,Chitradurga,Muddapura,2025.0,1.0,finger_millet,2025-08-20,0.0,"POLYGON((76.1089817 13.8751422, 76.1090058 13.8756230, 76.1086357 13.8756145, 76.1085632 13.8751826, 76.1089817 13.8751422))",0.21593279236482277,13.875385304853735,76.1087994138749,010387539025610880
780245011d4c,Chitradurga,Muddapura,2025.0,1.0,finger_millet,2025-08-01,0.0,"POLYGON((76.0982391 13.8795969, 76.0982320 13.8799045, 76.0986200 13.8799429, 76.0987004 13.8797160, 76.0982391 13.8795969))",0.1397123052689978,13.879784043515814,76.0984399783539,010387978025609844
c34699e53263,Chitradurga,Muddapura,2025.0,1.0,finger_millet,2025-07-24,0.0,"POLYGON((76.1100941 13.8750000, 76.1100971 13.8752874, 76.1090514 13.8753281, 76.1090457 13.8751344, 76.1100941 13.8750000))",0.3014278364223165,13.875184549951475,76.10960596093042,010387518025610961
3c0c368d1f1f,Chitradurga,Muddapura,2025.0,1.0,finger_millet,2025-08-06,0.0,"POLYGON((76.1092901 13.8747393, 76.1093156 13.8750641, 76.1101434 13.8749847, 76.1101461 13.8745925, 76.1092901 13.8747393))",0.36223721536377107,13.874842392987537,76.10973615950604,010387484025610974
4787e60f12e1,Chitradurga,Muddapura,2025.0,1.0,maize,2025-07-09,0.0,"POLYGON((76.1095174 13.8742198, 76.1094614 13.8746611, 76.1096479 13.8746579, 76.1097062 13.8742367, 76.1095174 13.8742198))",0.09714503930472085,13.874442892413976,76.10958264018296,010387444025610958
8c25fd7645a1,Chitradurga,Muddapura,2025.0,1.0,finger_millet,2025-08-01,0.0,"POLYGON((76.1094571 13.8832124, 76.1093133 13.8847372, 76.1096770 13.8846871, 76.1097712 13.8831401, 76.1094571 13.8832124))",0.6134224595116188,13.88396375329667,76.10955371226319,010388396025610955
e4d839ebf591,Chitradurga,Muddapura,2025.0,1.0,finger_millet,2025-08-08,0.0,"POLYGON((76.1093361 13.8844648, 76.1091211 13.8854328, 76.1088006 13.8853739, 76.1088854 13.8844635, 76.1093361 13.8844648))",0.4380966046762629,13.88490968047274,76.10904197367474,010388491025610904
99ed55a5d0b5,Chitradurga,Muddapura,2025.0,1.0,finger_millet,2025-08-01,0.0,"POLYGON((76.1305929 13.8724273, 76.1305771 13.8733715, 76.1309724 13.8734018, 76.1309728 13.8724582, 76.1305929 13.8724273))",0.4374878270662237,13.872917822170065,76.13077871759643,010387292025613078
5cf049de9ac6,Chitradurga,Muddapura,2025.0,1.0,finger_millet,2025-08-19,0.0,"POLYGON((76.1101716 13.8745557, 76.1095030 13.8746966, 76.1094956 13.8749534, 76.1101518 13.8748682, 76.1101716 13.8745557))",0.2234576921762367,13.87476633542775,76.10984098840264,010387477025610984
3075b692e680,Chitradurga,Muddapura,2025.0,1.0,finger_millet,2025-08-07,0.0,"POLYGON((76.1110456 13.8739597, 76.1110614 13.8742881, 76.1115606 13.8742211, 76.1115841 13.8738959, 76.1110456 13.8739597))",0.20231645689698358,13.874089276373134,76.11131186534278,010387409025611131
dbef45824c86,Chitradurga,Muddapura,2025.0,1.0,finger_millet,2025-08-20,0.0,"POLYGON((76.1106557 13.8735831, 76.1110191 13.8735561, 76.1110389 13.8743415, 76.1106795 13.8744047, 76.1106557 13.8735831))",0.3482031116571001,13.873970948548662,76.11084693502211,010387397025611085
b78cbf637bb7,Chitradurga,Muddapura,2025.0,1.0,finger_millet,2025-08-18,0.0,"POLYGON((76.1103104 13.8735506, 76.1102544 13.8745459, 76.1106490 13.8744297, 76.1107476 13.8735489, 76.1103104 13.8735506))",0.46079389093239204,13.874009526377453,76.1104866340569,010387401025611049
0429ac29f577,Chitradurga,Muddapura,2025.0,1.0,finger_millet,2025-08-15,0.0,"POLYGON((76.1119485 13.8742240, 76.1125282 13.8741133, 76.1120169 13.8727671, 76.1119485 13.8742240))",0.500103869885424,13.873701476839399,76.11216455698013,010387370025611216
54c4628b1546,Chitradurga,Muddapura,2025.0,1.0,finger_millet,2025-08-14,0.0,"POLYGON((76.1107848 13.8753750, 76.1108153 13.8756728, 76.1113822 13.8756054, 76.1113206 13.8752825, 76.1107848 13.8753750))",0.20888775753003638,13.875484548109956,76.11108019427888,010387548025611108
d9824ab5e526,Chitradurga,Muddapura,2025.0,1.0,finger_millet,2025-08-07,0.0,"POLYGON((76.1100763 13.8758424, 76.1104478 13.8758310, 76.1104331 13.8763895, 76.1100582 13.8763999, 76.1100763 13.8758424))",0.24863646355625219,13.876116108594317,76.11025392172078,010387612025611025
64687e30db3a,Chitradurga,Muddapura,2025.0,1.0,finger_millet,2025-07-31,0.0,"POLYGON((76.1085984 13.8768338, 76.1092620 13.8768589, 76.1086635 13.8771088, 76.1085984 13.8768338))",0.10806332155647323,13.876933837543868,76.10884130001068,010387693025610884
3ff7e494c8b9,Chitradurga,Muddapura,2025.0,1.0,finger_millet,2025-08-06,0.0,"POLYGON((76.1089827 13.8828979, 76.1089559 13.8833373, 76.1093729 13.8833351, 76.1093991 13.8829197, 76.1089827 13.8828979))",0.21313055202852232,13.88312240603372,76.1091756864461,010388312025610918
9966fed8e2cf,Chitradurga,Muddapura,2025.0,1.0,finger_millet,2025-08-01,0.0,"POLYGON((76.1102443 13.8819117, 76.1102577 13.8829256, 76.1107311 13.8828169, 76.1107422 13.8819641, 76.1102443 13.8819117))",0.5416715397070382,13.882401110663166,76.110486795996,010388240025611049
31afd3a54596,Chitradurga,Muddapura,2025.0,1.0,finger_millet,2025-08-01,0.0,"POLYGON((76.1102443 13.8819117, 76.1102577 13.8829256, 76.1107311 13.8828169, 76.1107422 13.8819641, 76.1102443 13.8819117))",0.5416715397070382,13.882401110663166,76.110486795996,010388240025611049
af2348dea88c,Chitradurga,Muddapura,2025.0,1.0,finger_millet,2025-08-14,0.0,"POLYGON((76.1108404 13.8806280, 76.1109839 13.8812031, 76.1113611 13.8811062, 76.1112579 13.8805398, 76.1108404 13.8806280))",0.2846170763964534,13.880865147055472,76.11110889233574,010388087025611111
f18f9f4173f5,Chamarajanagar,Guruvinapura,2025.0,1.0,maize,2025-09-03,1.0,"POLYGON((76.8259097 11.8324204, 76.8257356 11.8317546, 76.8267428 11.8317916, 76.8273440 11.8318432, 76.8273490 11.8320292, 76.8267284 11.8320489, 76.8259097 11.8324204))",0.6869503438153027,11.831992141087488,76.82640164717624,010183199025682640
585093f65fb8,Chamarajanagar,Guruvinapura,2025.0,1.0,maize,2025-09-04,1.0,"POLYGON((76.8263190 11.8311396, 76.8264018 11.8308656, 76.8267944 11.8308754, 76.8267405 11.8311655, 76.8263190 11.8311396))",0.13978108214758553,11.831013483086744,76.82656525220276,010183101025682657
1406b5b0214b,Chamarajanagar,Guruvinapura,2025.0,1.0,maize,2025-09-04,1.0,"POLYGON((76.8263703 11.8316614, 76.8263616 11.8313083, 76.8267572 11.8313043, 76.8267472 11.8316518, 76.8263703 11.8316614))",0.16299909246661956,11.831480040605609,76.82655854175569,010183148025682656
46c7d5660592,Chamarajanagar,Guruvinapura,2025.0,2.0,maize,2025-10-02,1.0,"POLYGON((76.8261256 11.8316643, 76.8261464 11.8314313, 76.8262302 11.8311957, 76.8267606 11.8311859, 76.8267663 11.8312768, 76.8263469 11.8312919, 76.8263033 11.8316614, 76.8261256 11.8316643))",0.14171109277580285,11.831373222100256,76.82634715643125,010183137025682635
33c8d3f5e742,Chamarajanagar,Guruvinapura,2025.0,1.0,horse_gram,2025-09-03,1.0,"POLYGON((76.8253518 11.8354545, 76.8256200 11.8353311, 76.8255429 11.8346931, 76.8253444 11.8347036, 76.8253518 11.8354545))",0.19861280981573048,11.835064984091824,76.82546331979204,010183506025682546
03de0d5e508d,Chamarajanagar,Guruvinapura,2025.0,2.0,horse_gram,2025-10-10,1.0,"POLYGON((76.8295075 11.8358397, 76.8296175 11.8361157, 76.8279297 11.8366384, 76.8277735 11.8363076, 76.8295075 11.8358397))",0.7047427767204033,11.836233297540456,76.82867846274355,010183623025682868
7672d7a2f5b4,Chamarajanagar,Guruvinapura,2025.0,2.0,horse_gram,2025-10-10,1.0,"POLYGON((76.8330913 11.8358620, 76.8334188 11.8355221, 76.8329535 11.8350626, 76.8326041 11.8352165, 76.8330913 11.8358620))",0.36694294103871095,11.835432006672827,76.83302056692484,010183543025683302
e6802c685d50,Chamarajanagar,Guruvinapura,2025.0,1.0,horse_gram,2025-09-11,1.0,"POLYGON((76.8290562 11.8356592, 76.8288691 11.8348096, 76.8294575 11.8346338, 76.8297197 11.8355965, 76.8290562 11.8356592))",0.7156524794416139,11.835178872312937,76.82928400931685,010183518025682928
a5893fa5a82d,Chamarajanagar,Guruvinapura,2025.0,2.0,horse_gram,2025-10-09,1.0,"POLYGON((76.8276776 11.8360559, 76.8281419 11.8359057, 76.8280363 11.8352700, 76.8273932 11.8354151, 76.8276776 11.8360559))",0.46044321788990655,11.835646893035799,76.82780391818085,010183565025682780
87f7c5f917de,Chamarajanagar,Guruvinapura,2025.0,2.0,maize,2025-10-02,1.0,"POLYGON((76.8258838 11.8361406, 76.8257588 11.8356054, 76.8265869 11.8353590, 76.8267056 11.8358197, 76.8258838 11.8361406))",0.5365523027843706,11.835735073243148,76.82622415058823,010183574025682622
6177143f4acd,Chamarajanagar,Guruvinapura,2025.0,2.0,maize,2025-10-02,1.0,"POLYGON((76.8267294 11.8395773, 76.8271555 11.8395044, 76.8269232 11.8389689, 76.8265306 11.8389154, 76.8267294 11.8395773))",0.2977805814550415,11.839251223160604,76.82683102398519,010183925025682683
782529769235,Chamarajanagar,Guruvinapura,2025.0,2.0,maize,2025-10-01,1.0,"POLYGON((76.8286948 11.8384908, 76.8284923 11.8379864, 76.8290247 11.8378309, 76.8291575 11.8383454, 76.8286948 11.8384908))",0.3357535815535079,11.838157960430415,76.82883963781713,010183816025682884
3d32bcb3b8d6,Chamarajanagar,Guruvinapura,2025.0,1.0,horse_gram,2025-09-04,1.0,"POLYGON((76.8314742 11.8393850, 76.8312201 11.8391435, 76.8302699 11.8393256, 76.8304168 11.8397036, 76.8314742 11.8393850))",0.43508436869974915,11.839400113673113,76.83082253801658,010183940025683082
168d765bcfb1,Chamarajanagar,Guruvinapura,2025.0,1.0,maize,2025-09-11,1.0,"POLYGON((76.8263800 11.8401049, 76.8267767 11.8401607, 76.8264364 11.8389302, 76.8260837 11.8389912, 76.8263800 11.8401049))",0.5300761141655851,11.839549912630652,76.82642316348722,010183955025682642
8c11468e806d,Chamarajanagar,Guruvinapura,2025.0,2.0,maize,2025-10-01,1.0,"POLYGON((76.8236831 11.8401624, 76.8239094 11.8406227, 76.8235087 11.8407629, 76.8233163 11.8403967, 76.8236831 11.8401624))",0.23827924881522491,11.840481806202241,76.82361073950338,010184048025682361
6f2bde013b9f,Chamarajanagar,Guruvinapura,2025.0,1.0,horse_gram,2025-09-10,1.0,"POLYGON((76.8228700 11.8433230, 76.8221780 11.8422477, 76.8224188 11.8421456, 76.8230913 11.8431481, 76.8228700 11.8433230))",0.40293738403013846,11.842724426268097,76.82264342736588,010184272025682264
60e4d9eea3d4,Chamarajanagar,Guruvinapura,2025.0,2.0,horse_gram,2025-10-09,1.0,"POLYGON((76.8217177 11.8425191, 76.8220647 11.8422526, 76.8228100 11.8433690, 76.8225861 11.8435822, 76.8217177 11.8425191))",0.6079533887106647,11.842899439929518,76.82227036469283,010184290025682227
ddfd69c7d2f6,Chamarajanagar,Guruvinapura,2025.0,1.0,horse_gram,2025-09-11,1.0,"POLYGON((76.8213579 11.8424728, 76.8215799 11.8422237, 76.8210948 11.8415468, 76.8207729 11.8417745, 76.8213579 11.8424728))",0.3789234570287269,11.841995897346807,76.8211911136504,010184200025682119
3354310e6f69,Chamarajanagar,Guruvinapura,2025.0,1.0,horse_gram,2025-09-10,1.0,"POLYGON((76.8214106 11.8419153, 76.8216832 11.8417220, 76.8213150 11.8413804, 76.8211112 11.8415264, 76.8214106 11.8419153))",0.17302567701327398,11.841644665226873,76.82138795885783,010184164025682139
6aba4d38293e,Chamarajanagar,Guruvinapura,2025.0,2.0,horse_gram,2025-11-01,1.0,"POLYGON((76.8217703 11.8423550, 76.8220375 11.8421922, 76.8217110 11.8418083, 76.8214659 11.8419898, 76.8217703 11.8423550))",0.18100406873549577,11.842086009756798,76.82174783242326,010184209025682175
bc8c8739dc41,Chamarajanagar,Guruvinapura,2025.0,2.0,maize,2025-10-08,1.0,"POLYGON((76.8245843 11.8404186, 76.8244277 11.8398601, 76.8254657 11.8397056, 76.8254748 11.8402533, 76.8245843 11.8404186))",0.6584544791687377,11.84005342911183,76.82498212195445,010184005025682498
bd160e983f69,Chamarajanagar,Guruvinapura,2025.0,2.0,horse_gram,2025-10-09,1.0,"POLYGON((76.8205858 11.8408442, 76.8209533 11.8406743, 76.8201741 11.8396990, 76.8199008 11.8399100, 76.8205858 11.8408442))",0.5364674371100576,11.840291481536495,76.82041356832536,010184029025682041
89a4f8897540,Chamarajanagar,Guruvinapura,2025.0,1.0,maize,2025-09-03,1.0,"POLYGON((76.8190372 11.8402969, 76.8193956 11.8401489, 76.8202033 11.8410854, 76.8206860 11.8409141, 76.8208168 11.8412183, 76.8204742 11.8414500, 76.8190372 11.8402969))",0.6165907993106905,11.840828811288093,76.81996351319509,010184083025681996
68349779604d,Chamarajanagar,Guruvinapura,2025.0,1.0,maize,2025-09-02,1.0,"POLYGON((76.8198405 11.8398450, 76.8196212 11.8394250, 76.8201976 11.8391126, 76.8204949 11.8393683, 76.8198405 11.8398450))",0.3732615825496993,11.839451459044447,76.8200316885648,010183945025682003
0ea69d4ba676,Chamarajanagar,Guruvinapura,2025.0,2.0,horse_gram,2025-10-08,1.0,"POLYGON((76.8177658 11.8372376, 76.8173330 11.8368179, 76.8180608 11.8363933, 76.8185876 11.8368776, 76.8177658 11.8372376))",0.6486952098491545,11.836827129277882,76.81794805601433,010183683025681795
17a59c66d0d4,Chamarajanagar,Badagalapura,2025.0,1.0,horse_gram,2025-09-04,1.0,"POLYGON((76.8708296 11.8660306, 76.8702184 11.8650502, 76.8705936 11.8648126, 76.8710361 11.8659312, 76.8708296 11.8660306))",0.47463094428485064,11.865400292790257,76.87064232426954,010186540025687064
7cd391e4fc77,Chamarajanagar,Badagalapura,2025.0,2.0,horse_gram,2025-10-03,1.0,"POLYGON((76.8673263 11.8633414, 76.8684136 11.8631097, 76.8683050 11.8622241, 76.8671315 11.8623593, 76.8673263 11.8633414))",1.3050831088097385,11.862755677246323,76.86778248246978,010186276025686778
32b9a66fa3ca,Chamarajanagar,Badagalapura,2025.0,2.0,maize,2025-10-09,1.0,"POLYGON((76.8635347 11.8709781, 76.8632473 11.8700729, 76.8641603 11.8696864, 76.8643159 11.8705329, 76.8635347 11.8709781))",1.0046638730383377,11.87031296623885,76.86380343158915,010187031025686380
43b0e9562e1c,Chamarajanagar,Badagalapura,2025.0,1.0,maize,2025-09-05,1.0,"POLYGON((76.8689333 11.8720455, 76.8687693 11.8713171, 76.8682537 11.8714332, 76.8684056 11.8722039, 76.8689333 11.8720455))",0.49715328203283626,11.871752876126079,76.86858882068218,010187175025686859
dc92ee137add,Chamarajanagar,Badagalapura,2025.0,1.0,maize,2025-09-03,1.0,"POLYGON((76.8685571 11.8727443, 76.8684441 11.8722220, 76.8695341 11.8719628, 76.8695757 11.8724851, 76.8685571 11.8727443))",0.6874811732779614,11.872351414794077,76.86902448395223,010187235025686902
c6c6111d4ea6,Chamarajanagar,Badagalapura,2025.0,2.0,maize,2025-10-02,1.0,"POLYGON((76.8705872 11.8766740, 76.8704625 11.8762872, 76.8692501 11.8766422, 76.8694060 11.8771973, 76.8705872 11.8766740))",0.7531876745406314,11.876713316218718,76.86989231689961,010187671025686989
3cf88f0321e8,Chamarajanagar,Badagalapura,2025.0,1.0,maize,2025-09-10,1.0,"POLYGON((76.8690905 11.8760444, 76.8687747 11.8751939, 76.8700142 11.8749338, 76.8702462 11.8756890, 76.8690905 11.8760444))",1.2597491408636152,11.875466069078131,76.86951718711734,010187547025686952
07e7e75a4b02,Chamarajanagar,Badagalapura,2025.0,2.0,maize,2025-10-08,1.0,"POLYGON((76.8764794 11.8649144, 76.8772156 11.8644898, 76.8767620 11.8636826, 76.8758477 11.8641630, 76.8764794 11.8649144))",1.0704767234109143,11.864301545554127,76.87656488949348,010186430025687656
cea400680690,Chamarajanagar,Badagalapura,2025.0,2.0,horse_gram,2025-10-08,1.0,"POLYGON((76.8771761 11.8612647, 76.8770302 11.8602111, 76.8777856 11.8599969, 76.8781651 11.8609825, 76.8771761 11.8612647))",1.149873451076968,11.86063665113913,76.87754502121982,010186064025687755
8446c1ee0a82,Chamarajanagar,Badagalapura,2025.0,1.0,maize,2025-09-03,1.0,"POLYGON((76.8752784 11.8615541, 76.8752586 11.8611555, 76.8769906 11.8607138, 76.8770134 11.8612217, 76.8752784 11.8615541))",0.9565295782720247,11.861153504822724,76.87616994357796,010186115025687617
9463a03cee34,Chamarajanagar,Badagalapura,2025.0,2.0,maize,2025-10-01,1.0,"POLYGON((76.8799240 11.8611355, 76.8792977 11.8601367, 76.8800718 11.8597787, 76.8807799 11.8606508, 76.8799240 11.8611355))",1.2570931874050542,11.860439747047,76.88002246125725,010186044025688002
6400d7971140,Chamarajanagar,Badagalapura,2025.0,1.0,maize,2025-09-12,1.0,"POLYGON((76.8790660 11.8601655, 76.8805466 11.8594397, 76.8802445 11.8589919, 76.8787083 11.8597764, 76.8790660 11.8601655))",1.060598017568455,11.85958835833037,76.87964665507684,010185959025687965
2a54de200617,Chamarajanagar,Badagalapura,2025.0,2.0,maize,2025-10-01,1.0,"POLYGON((76.8773403 11.8678890, 76.8779321 11.8674982, 76.8774698 11.8667170, 76.8767992 11.8669779, 76.8773403 11.8678890))",0.8402770238163082,11.8672745656181,76.87737714223626,010186727025687738
c40ef5603d77,Chamarajanagar,Badagalapura,2025.0,2.0,horse_gram,2025-10-01,1.0,"POLYGON((76.8813546 11.8657599, 76.8812490 11.8652136, 76.8815018 11.8650827, 76.8817167 11.8656326, 76.8813546 11.8657599))",0.22792133690043084,11.865435648718007,76.88146176728011,010186544025688146
b744545853c3,Chamarajanagar,Badagalapura,2025.0,2.0,horse_gram,2025-10-09,1.0,"POLYGON((76.8809197 11.8658285, 76.8805496 11.8650712, 76.8809764 11.8648947, 76.8813231 11.8657655, 76.8809197 11.8658285))",0.4587290084756099,11.86537814142658,76.880941545618,010186538025688094
9c966c68a4ab,Chamarajanagar,Badagalapura,2025.0,2.0,horse_gram,2025-10-01,1.0,"POLYGON((76.8803954 11.8659748, 76.8807850 11.8658216, 76.8804842 11.8651339, 76.8800614 11.8653002, 76.8803954 11.8659748))",0.3943725035562972,11.865552976543585,76.88042934130087,010186555025688043
0faf3d60f51e,Chamarajanagar,Badagalapura,2025.0,1.0,horse_gram,2025-09-03,1.0,"POLYGON((76.8798167 11.8656556, 76.8795404 11.8649885, 76.8797993 11.8649071, 76.8801151 11.8655502, 76.8798167 11.8656556))",0.2531479784650307,11.865284045792244,76.87982140774619,010186528025687982
84a930114660,Chamarajanagar,Badagalapura,2025.0,1.0,horse_gram,2025-09-11,1.0,"POLYGON((76.8789953 11.8656940, 76.8795857 11.8653478, 76.8794207 11.8650673, 76.8788172 11.8653393, 76.8789953 11.8656940))",0.29224721004639465,11.865368128036767,76.87919532480116,010186537025687920
494ee76aa8b3,Chamarajanagar,Badagalapura,2025.0,1.0,horse_gram,2025-09-11,1.0,"POLYGON((76.8791666 11.8659522, 76.8797550 11.8656749, 76.8796293 11.8653868, 76.8790429 11.8657015, 76.8791666 11.8659522))",0.23507609795741982,11.865675531058459,76.87940387273208,010186568025687940
923b139a964d,Chamarajanagar,Badagalapura,2025.0,2.0,horse_gram,2025-10-01,1.0,"POLYGON((76.8793942 11.8664283, 76.8799189 11.8662599, 76.8796631 11.8657527, 76.8791622 11.8659653, 76.8793942 11.8664283))",0.3556311616057277,11.866100184284122,76.87953863301694,010186610025687954
c2e2cc8683a5,Chamarajanagar,Badagalapura,2025.0,1.0,horse_gram,2025-09-27,1.0,"POLYGON((76.8772344 11.8645892, 76.8774657 11.8649990, 76.8767948 11.8652953, 76.8765709 11.8649961, 76.8772344 11.8645892))",0.38135118652758254,11.864960715665445,76.87702852313409,010186496025687703
6ed89213e545,Chamarajanagar,Badagalapura,2025.0,2.0,horse_gram,2025-10-09,1.0,"POLYGON((76.8774218 11.8646919, 76.8778479 11.8644455, 76.8782546 11.8652641, 76.8777993 11.8654784, 76.8774218 11.8646919))",0.5348742113818055,11.86497069411018,76.87783345471864,010186497025687783
9ddf23866400,Chamarajanagar,Badagalapura,2025.0,2.0,horse_gram,2025-10-16,1.0,"POLYGON((76.8773538 11.8646007, 76.8771358 11.8641840, 76.8775586 11.8639733, 76.8778030 11.8644392, 76.8773538 11.8646007))",0.2836043141168586,11.864297617773087,76.87746689676572,010186430025687747
bc428ff25b8d,Chamarajanagar,Badagalapura,2025.0,2.0,horse_gram,2025-10-09,1.0,"POLYGON((76.8752110 11.8676898, 76.8747617 11.8670566, 76.8759654 11.8664801, 76.8761853 11.8671002, 76.8752110 11.8676898))",1.0570910155100754,11.867081599593865,76.87551112174043,010186708025687551
4eb3fcac59f9,Chamarajanagar,Badagalapura,2025.0,2.0,maize,2025-10-14,1.0,"POLYGON((76.8756341 11.8665867, 76.8754799 11.8663082, 76.8745612 11.8666468, 76.8746907 11.8669716, 76.8756341 11.8665867))",0.4001723153874307,11.866632487358329,76.87508401014139,010186663025687508
c280b84113ea,Chamarajanagar,Badagalapura,2025.0,2.0,horse_gram,2025-10-08,1.0,"POLYGON((76.8754360 11.8662800, 76.8753240 11.8659820, 76.8744761 11.8663610, 76.8745445 11.8666038, 76.8754360 11.8662800))",0.32142507932221026,11.866300332057428,76.87496250008618,010186630025687496
11b1a813079e,Chamarajanagar,Badagalapura,2025.0,2.0,horse_gram,2025-10-09,1.0,"POLYGON((76.8754792 11.8662862, 76.8752945 11.8659840, 76.8767087 11.8655269, 76.8768857 11.8657481, 76.8754792 11.8662862))",0.5529693002378996,11.865897577711204,76.87606219149393,010186590025687606
653278c0e2c3,Chamarajanagar,Badagalapura,2025.0,1.0,horse_gram,2025-09-03,1.0,"POLYGON((76.8714006 11.8657960, 76.8712557 11.8652950, 76.8714717 11.8652438, 76.8716242 11.8656953, 76.8714006 11.8657960))",0.13968976652458429,11.865511841526041,76.87143760683466,010186551025687144
4e112a7630f9,Chamarajanagar,Badagalapura,2025.0,2.0,horse_gram,2025-10-08,1.0,"POLYGON((76.8675761 11.8642995, 76.8684978 11.8640941, 76.8684606 11.8632128, 76.8673954 11.8634415, 76.8675761 11.8642995))",1.0692148399310284,11.863751704024086,76.86798039810984,010186375025686798
bd5d43530965,Chamarajanagar,Badagalapura,2025.0,2.0,horse_gram,2025-10-01,1.0,"POLYGON((76.8685437 11.8671990, 76.8682420 11.8664201, 76.8688334 11.8659584, 76.8692314 11.8669204, 76.8685437 11.8671990))",0.8265888470873896,11.86661969398415,76.86872529224742,010186662025686873
ec9335780c96,Chamarajanagar,Badagalapura,2025.0,1.0,horse_gram,2025-09-03,1.0,"POLYGON((76.8700246 11.8665152, 76.8697135 11.8655673, 76.8701232 11.8652461, 76.8706958 11.8661878, 76.8700246 11.8665152))",0.7877568212598431,11.86590579986451,76.87015895637599,010186591025687016
4099fee01c3a,Chamarajanagar,Badagalapura,2025.0,1.0,maize,2025-09-17,1.0,"POLYGON((76.8690627 11.8573778, 76.8699944 11.8570510, 76.8698003 11.8563977, 76.8687197 11.8566651, 76.8690627 11.8573778))",0.9239506998671441,11.856869921455568,76.86938042608773,010185687025686938
42d666c255e7,Chamarajanagar,Badagalapura,2025.0,2.0,horse_gram,2025-10-01,1.0,"POLYGON((76.8695666 11.8583025, 76.8700135 11.8581483, 76.8696572 11.8573079, 76.8690590 11.8574352, 76.8695666 11.8583025))",0.6106697880830849,11.85778280629263,76.86956270815787,010185778025686956
6f1b60812730,Chamarajanagar,Badagalapura,2025.0,1.0,maize,2025-09-11,1.0,"POLYGON((76.8703448 11.8587786, 76.8707156 11.8586821, 76.8703150 11.8573112, 76.8697467 11.8572449, 76.8703448 11.8587786))",0.830545486107725,11.857968277862147,76.87026360221627,010185797025687026
a27e587fd740,Chamarajanagar,Badagalapura,2025.0,2.0,horse_gram,2025-10-16,1.0,"POLYGON((76.8696913 11.8612884, 76.8699200 11.8612742, 76.8695502 11.8599526, 76.8691583 11.8600264, 76.8696913 11.8612884))",0.5067788791707986,11.860574429226098,76.86955937880715,010186057025686956
832fc248bf6e,Chamarajanagar,Badagalapura,2025.0,1.0,maize,2025-09-12,1.0,"POLYGON((76.8684545 11.8610062, 76.8690768 11.8607804, 76.8687553 11.8601573, 76.8681018 11.8603329, 76.8684545 11.8610062))",0.5795504115781014,11.860570163672518,76.868592670959,010186057025686859
7ceec9727e5a,Chamarajanagar,Badagalapura,2025.0,1.0,horse_gram,2025-09-11,1.0,"POLYGON((76.8691358 11.8600638, 76.8687814 11.8601393, 76.8693839 11.8613451, 76.8696561 11.8613100, 76.8691358 11.8600638))",0.5001248878256899,11.860684109498118,76.86922592112808,010186068025686923
c58123edf48a,Chamarajanagar,Badagalapura,2025.0,1.0,maize,2025-09-17,1.0,"POLYGON((76.8687415 11.8600435, 76.8682745 11.8588002, 76.8688817 11.8586326, 76.8693574 11.8599506, 76.8687415 11.8600435))",1.0174110345245495,11.859353072183875,76.86881547236295,010185935025686882
a81835f3a518,Chamarajanagar,Badagalapura,2025.0,1.0,horse_gram,2025-08-07,1.0,"POLYGON((76.8690999 11.8591667, 76.8698603 11.8589302, 76.8695375 11.8583724, 76.8689226 11.8586070, 76.8690999 11.8591667))",0.5338678794462083,11.858776194483783,76.86936317241744,010185878025686936
0fd96679b2a6,Chamarajanagar,Badagalapura,2025.0,2.0,horse_gram,2025-10-01,1.0,"POLYGON((76.8694111 11.8598988, 76.8700394 11.8597541, 76.8698620 11.8589941, 76.8691935 11.8592553, 76.8694111 11.8598988))",0.5963727096897785,11.859467229607565,76.86963212336481,010185947025686963
8d3eba48e50b,Chamarajanagar,Sanegala,2025.0,1.0,maize,2025-09-10,1.0,"POLYGON((76.8703264 11.8469407, 76.8706851 11.8468072, 76.8710070 11.8482500, 76.8708055 11.8482828, 76.8703264 11.8469407))",0.5100253521222078,11.847498845497494,76.87068637334178,010184750025687069
a64afc46628f,Chamarajanagar,Sanegala,2025.0,1.0,maize,2025-09-10,1.0,"POLYGON((76.8703710 11.8484524, 76.8707646 11.8483494, 76.8703190 11.8469279, 76.8698768 11.8471261, 76.8703710 11.8484524))",0.7769656930143239,11.847693540112378,76.87032779876007,010184769025687033
9790e8f84cfc,Chamarajanagar,Sanegala,2025.0,1.0,maize,2025-09-03,1.0,"POLYGON((76.8709205 11.8475442, 76.8713275 11.8474697, 76.8711625 11.8465617, 76.8706938 11.8467954, 76.8709205 11.8475442))",0.4733059800671589,11.847076306288246,76.87102825666963,010184708025687103
a112f529405f,Chamarajanagar,Sanegala,2025.0,2.0,horse_gram,2025-11-06,1.0,"POLYGON((76.8679590 11.8528773, 76.8676894 11.8521314, 76.8681655 11.8518693, 76.8685149 11.8528385, 76.8679590 11.8528773))",0.5891431127693977,11.852425755572924,76.86809334699296,010185243025686809
e1a0548574fe,Chamarajanagar,Sanegala,2025.0,2.0,maize,2025-10-14,1.0,"POLYGON((76.8670879 11.8522384, 76.8675721 11.8521183, 76.8678571 11.8530456, 76.8675131 11.8530945, 76.8670879 11.8522384))",0.4809234278299189,11.852595919429616,76.86749791771489,010185260025686750
9b66bca8a288,Chamarajanagar,Sanegala,2025.0,2.0,maize,2025-10-14,1.0,"POLYGON((76.8755962 11.8490116, 76.8755979 11.8488321, 76.8733036 11.8493390, 76.8733945 11.8494562, 76.8755962 11.8490116))",0.42722073214899353,11.849148397453341,76.8745236633641,010184915025687452
afa4e9acc0eb,Chamarajanagar,Sanegala,2025.0,1.0,maize,2025-09-03,1.0,"POLYGON((76.8733318 11.8492734, 76.8731688 11.8490224, 76.8743349 11.8486605, 76.8744157 11.8490276, 76.8733318 11.8492734))",0.4635313818316498,11.848986377354443,76.8738375308527,010184899025687384
37b47ccbd806,Chamarajanagar,Sanegala,2025.0,2.0,maize,2025-10-17,1.0,"POLYGON((76.8741368 11.8472892, 76.8738126 11.8463963, 76.8745693 11.8463484, 76.8747480 11.8471412, 76.8741368 11.8472892))",0.7241201167674157,11.84678353009272,76.87430541105552,010184678025687431
b2afc82db39f,Chamarajanagar,Sanegala,2025.0,1.0,maize,2025-08-07,1.0,"POLYGON((76.8805224 11.8520464, 76.8803957 11.8515119, 76.8810515 11.8513360, 76.8812010 11.8519536, 76.8805224 11.8520464))",0.4853467889454856,11.851710573878481,76.88080079160342,010185171025688080
3e97cd0cd2d2,Chamarajanagar,Sanegala,2025.0,1.0,maize,2025-09-10,1.0,"POLYGON((76.8791435 11.8516504, 76.8803223 11.8513669, 76.8799414 11.8493620, 76.8786908 11.8503100, 76.8791435 11.8516504))",2.756746543214471,11.850631035885325,76.87955222053996,010185063025687955
a2379de118a2,Chamarajanagar,Sanegala,2025.0,2.0,maize,2025-10-08,1.0,"POLYGON((76.8796749 11.8537816, 76.8795981 11.8534111, 76.8800836 11.8533429, 76.8800950 11.8536786, 76.8796749 11.8537816))",0.19713070300425437,11.85355059154755,76.87985746662852,010185355025687986
fac5faa8232e,Chamarajanagar,Sanegala,2025.0,1.0,maize,2025-09-10,1.0,"POLYGON((76.8789698 11.8526072, 76.8787666 11.8519329, 76.8801305 11.8514853, 76.8799961 11.8525623, 76.8789698 11.8526072))",1.2708011156276384,11.852117785692341,76.87950247431183,010185212025687950
79726e4d39ef,Chamarajanagar,Sanegala,2025.0,1.0,maize,2025-09-02,1.0,"POLYGON((76.8676415 11.8514315, 76.8674601 11.8509525, 76.8684981 11.8505249, 76.8686607 11.8509272, 76.8676415 11.8514315))",0.6426138896248402,11.850965750530689,76.86805112800974,010185097025686805
b7fe48625cf4,Chamarajanagar,Sanegala,2025.0,1.0,maize,2025-08-07,1.0,"POLYGON((76.8728647 11.8508452, 76.8731152 11.8508265, 76.8728322 11.8490900, 76.8725218 11.8492071, 76.8728647 11.8508452))",0.5956667734611699,11.849954363889935,76.87282761955662,010184995025687283
54c6858d81b3,Chamarajanagar,Sanegala,2025.0,2.0,maize,2025-10-09,1.0,"POLYGON((76.8732366 11.8508481, 76.8736161 11.8508002, 76.8730877 11.8490870, 76.8728611 11.8490729, 76.8732366 11.8508481))",0.6460443717518354,11.850031986346721,76.87322028178077,010185003025687322
2859ac29ba37,Chamarajanagar,Sanegala,2025.0,2.0,maize,2025-10-09,1.0,"POLYGON((76.8764311 11.8533701, 76.8763442 11.8529639, 76.8776327 11.8527713, 76.8776652 11.8531795, 76.8764311 11.8533701))",0.6325066981972571,11.853069992422487,76.87701650938598,010185307025687702
bcdf401d9f84,Chamarajanagar,Sanegala,2025.0,1.0,maize,2025-09-12,1.0,"POLYGON((76.8762229 11.8518453, 76.8761816 11.8514151, 76.8772424 11.8510332, 76.8771489 11.8517249, 76.8762229 11.8518453))",0.6633863721487626,11.851490196949404,76.87673319500962,010185149025687673
f403bbc0725b,Chamarajanagar,Sanegala,2025.0,1.0,maize,2025-09-03,1.0,"POLYGON((76.8765950 11.8524238, 76.8765293 11.8519195, 76.8774848 11.8516986, 76.8775257 11.8521948, 76.8765950 11.8524238))",0.5827886578210484,11.852058644371386,76.87703145567299,010185206025687703
0b65f63e1429,Chamarajanagar,Sanegala,2025.0,1.0,horse_gram,2025-09-03,1.0,"POLYGON((76.8752868 11.8537550, 76.8752247 11.8534771, 76.8761582 11.8531873, 76.8761870 11.8535109, 76.8752868 11.8537550))",0.3467474252643253,11.853478981338078,76.87572275499619,010185348025687572
6cc8d594676a,Chamarajanagar,Sanegala,2025.0,2.0,horse_gram,2025-10-16,1.0,"POLYGON((76.8739913 11.8536828, 76.8761340 11.8531568, 76.8760623 11.8527237, 76.8737593 11.8533813, 76.8739913 11.8536828))",1.091940328940838,11.853222738084087,76.87502599123653,010185322025687503
79b9c350d755,Chamarajanagar,Sanegala,2025.0,2.0,maize,2025-10-09,1.0,"POLYGON((76.8745016 11.8546849, 76.8741995 11.8541271, 76.8761877 11.8536070, 76.8764304 11.8546442, 76.8745016 11.8546849))",1.9736097669445378,11.854245444262952,76.87541918249129,010185425025687542
cbc511be7f16,Chamarajanagar,Sanegala,2025.0,2.0,horse_gram,2025-10-08,1.0,"POLYGON((76.8746243 11.8555200, 76.8745606 11.8548162, 76.8765977 11.8548818, 76.8759556 11.8558947, 76.8746243 11.8555200))",1.818295451367466,11.855261906337955,76.87550564843103,010185526025687551
c82be0093a08,Chamarajanagar,Sanegala,2025.0,2.0,maize,2025-10-08,1.0,"POLYGON((76.8734189 11.8559912, 76.8733388 11.8555489, 76.8743845 11.8554179, 76.8743463 11.8559098, 76.8734189 11.8559912))",0.5577858403745695,11.855711519215657,76.87387839501002,010185571025687388
327a70a89d53,Chamarajanagar,Sanegala,2025.0,1.0,maize,2025-09-18,1.0,"POLYGON((76.8717087 11.8582218, 76.8723125 11.8580682, 76.8721073 11.8558704, 76.8712340 11.8562474, 76.8717087 11.8582218))",1.9647340399860758,11.857032654159147,76.87183307969993,010185703025687183
c36db5d272df,Chamarajanagar,Sanegala,2025.0,1.0,maize,2025-09-18,1.0,"POLYGON((76.8725479 11.8579550, 76.8732141 11.8577706, 76.8729512 11.8556863, 76.8721945 11.8558547, 76.8725479 11.8579550))",1.8586519960394199,11.856796068335418,76.87272281706827,010185680025687272
0be86a1e0bd4,Chamarajanagar,Sanegala,2025.0,2.0,maize,2025-10-08,1.0,"POLYGON((76.8708356 11.8560949, 76.8705433 11.8558163, 76.8728148 11.8553093, 76.8730736 11.8555551, 76.8708356 11.8560949))",0.8858544964367356,11.855699332589209,76.8717934536335,010185570025687179
d51b74b68e25,Chamarajanagar,Sanegala,2025.0,2.0,maize,2025-10-10,1.0,"POLYGON((76.8703686 11.8556847, 76.8694597 11.8559111, 76.8695881 11.8563288, 76.8704655 11.8561766, 76.8703686 11.8556847))",0.5150197947921514,11.856021066606337,76.86998046125194,010185602025686998
7753b3d43c68,Chamarajanagar,Sanegala,2025.0,2.0,maize,2025-10-01,1.0,"POLYGON((76.8682926 11.8554468, 76.8683871 11.8560420, 76.8669800 11.8562888, 76.8669706 11.8558130, 76.8682926 11.8554468))",0.8994569868518126,11.855893548735134,76.86768658981937,010185589025686769
83e6eadc87d3,Chamarajanagar,Sanegala,2025.0,1.0,maize,2025-09-10,1.0,"POLYGON((76.8700367 11.8549290, 76.8689524 11.8553835, 76.8689497 11.8558967, 76.8702442 11.8556427, 76.8700367 11.8549290))",0.9226293941994943,11.855458155650407,76.86958745972933,010185546025686959
125d3afa478c,Chamarajanagar,Sanegala,2025.0,2.0,maize,2025-10-09,1.0,"POLYGON((76.8723484 11.8545638, 76.8724282 11.8548929, 76.8703696 11.8553927, 76.8702918 11.8550255, 76.8723484 11.8545638))",0.9085572548624601,11.854972992049252,76.87134196318348,010185497025687134
e77f24e82a7a,Chamarajanagar,Sanegala,2025.0,1.0,maize,2025-09-10,1.0,"POLYGON((76.8689987 11.8540424, 76.8691076 11.8537317, 76.8705017 11.8534764, 76.8706891 11.8537219, 76.8689987 11.8540424))",0.5302677383685266,11.853748421812478,76.86982043077087,010185375025686982
12ac6b3ac4e9,Chamarajanagar,Sanegala,2025.0,2.0,maize,2025-10-15,1.0,"POLYGON((76.8706891 11.8540264, 76.8706506 11.8537944, 76.8689993 11.8540802, 76.8689578 11.8542826, 76.8706891 11.8540264))",0.4420792242592037,11.854042338693212,76.86985172063397,010185404025686985
93dcf487d348,Chamarajanagar,Sanegala,2025.0,1.0,maize,2025-09-02,1.0,"POLYGON((76.8668522 11.8506798, 76.8664315 11.8495943, 76.8675808 11.8484984, 76.8680619 11.8495707, 76.8668522 11.8506798))",2.131964156596316,11.84958675546375,76.86723594040657,010184959025686724
68b06aba64fc,Chamarajanagar,Sanegala,2025.0,1.0,maize,2025-09-11,1.0,"POLYGON((76.8700960 11.8520858, 76.8702526 11.8520199, 76.8696421 11.8504403, 76.8693846 11.8505078, 76.8700960 11.8520858))",0.44693320304366496,11.851206655680455,76.86981970189943,010185121025686982
c7d71c774508,Chamarajanagar,Sanegala,2025.0,2.0,maize,2025-10-08,1.0,"POLYGON((76.8700313 11.8502299, 76.8699123 11.8497843, 76.8713181 11.8493538, 76.8713647 11.8498349, 76.8700313 11.8502299))",0.8056288496161391,11.849797659168742,76.870659414765,010184980025687066
a7c997ada258,Chamarajanagar,Sanegala,2025.0,2.0,horse_gram,2025-10-09,1.0,"POLYGON((76.8696863 11.8491855, 76.8695918 11.8488744, 76.8709872 11.8483514, 76.8711280 11.8487254, 76.8696863 11.8491855))",0.6551059566060566,11.84877617039665,76.87037284703818,010184878025687037
e5c6fd658e0d,Chamarajanagar,Sanegala,2025.0,1.0,maize,2025-09-12,1.0,"POLYGON((76.8688357 11.8531060, 76.8694087 11.8526220, 76.8686654 11.8510056, 76.8681353 11.8512773, 76.8688357 11.8531060))",1.4730171120309359,11.852031986128896,76.86876867765776,010185203025686877
079c636b7719,Chamarajanagar,Sanegala,2025.0,2.0,maize,2025-10-01,1.0,"POLYGON((76.8697319 11.8522039, 76.8700514 11.8521101, 76.8693098 11.8505971, 76.8690037 11.8507431, 76.8697319 11.8522039))",0.666504505328567,11.851409120554031,76.86952302211505,010185141025686952
5f23463ad44f,Chamarajanagar,Sanegala,2025.0,2.0,maize,2025-11-06,1.0,"POLYGON((76.8681528 11.8496626, 76.8684656 11.8503126, 76.8672948 11.8507546, 76.8671902 11.8504895, 76.8681528 11.8496626))",0.7475062977801015,11.850259496484433,76.86785399030995,010185026025686785
0418cd9fcc4d,Chamarajanagar,Sanegala,2025.0,2.0,maize,2025-10-09,1.0,"POLYGON((76.8720041 11.8486260, 76.8726475 11.8484672, 76.8723967 11.8478972, 76.8718066 11.8480833, 76.8720041 11.8486260))",0.4599138932880255,11.848270312262832,76.87221836680466,010184827025687222
9923355d9be4,Chamarajanagar,Sanegala,2025.0,2.0,maize,2025-11-05,1.0,"POLYGON((76.8712376 11.8488472, 76.8719286 11.8486254, 76.8717506 11.8481049, 76.8710656 11.8483320, 76.8712376 11.8488472))",0.47647123604416464,11.84847737446143,76.87149643935385,010184848025687150
063fb1b789ed,Chamarajanagar,Udigala,2025.0,2.0,maize,2025-10-09,1.0,"POLYGON((76.8341293 11.8719047, 76.8343663 11.8718233, 76.8343657 11.8711432, 76.8337715 11.8714411, 76.8341293 11.8719047))",0.3272211396710815,11.871534155100687,76.83414767939063,010187153025683415
5111f1057c66,Chamarajanagar,Udigala,2025.0,2.0,horse_gram,2025-10-10,1.0,"POLYGON((76.8327852 11.8718840, 76.8333796 11.8715149, 76.8331875 11.8712508, 76.8326058 11.8716271, 76.8327852 11.8718840))",0.2679397701923702,11.871568162706312,76.8329916293173,010187157025683299
6b6c83069f3c,Chamarajanagar,Udigala,2025.0,1.0,maize,2025-08-08,1.0,"POLYGON((76.8330886 11.8722404, 76.8337152 11.8718932, 76.8334550 11.8715431, 76.8327805 11.8719109, 76.8330886 11.8722404))",0.38861906241763966,11.871895315876849,76.83325757973223,010187190025683326
1da0b64e280e,Chamarajanagar,Udigala,2025.0,2.0,maize,2025-10-09,1.0,"POLYGON((76.8288336 11.8660795, 76.8291622 11.8667003, 76.8296818 11.8663971, 76.8292748 11.8657950, 76.8288336 11.8660795))",0.4840495994486173,11.866249061126284,76.82924369069298,010186625025682924
4f3ecd4b54bb,Chamarajanagar,Udigala,2025.0,1.0,maize,2025-09-17,1.0,"POLYGON((76.8292926 11.8687280, 76.8296651 11.8686617, 76.8295990 11.8680012, 76.8290948 11.8681873, 76.8292926 11.8687280))",0.33720573636038687,11.868376223654769,76.8294138214867,010186838025682941
18ddd38251ff,Chamarajanagar,Udigala,2025.0,1.0,maize,2025-09-18,1.0,"POLYGON((76.8285500 11.8643083, 76.8288145 11.8641630, 76.8285013 11.8636203, 76.8280095 11.8639021, 76.8285500 11.8643083))",0.32597001066856185,11.863973954368419,76.82844733862231,010186397025682845
a74b2ffa9d69,Chamarajanagar,Devalapura,2025.0,2.0,horse_gram,2025-10-08,1.0,"POLYGON((76.8174456 11.8508944, 76.8170248 11.8503277, 76.8173698 11.8501820, 76.8177292 11.8508229, 76.8174456 11.8508944))",0.2796568773894858,11.850541790446288,76.81738502071398,010185054025681739
65d147484439,Chamarajanagar,Devalapura,2025.0,1.0,horse_gram,2025-09-16,1.0,"POLYGON((76.8145582 11.8520980, 76.8149324 11.8521331, 76.8148915 11.8513502, 76.8145143 11.8514059, 76.8145582 11.8520980))",0.334282039126185,11.851745329086471,76.81472785724921,010185175025681473
28078434c97b,Chamarajanagar,Devalapura,2025.0,1.0,horse_gram,2025-09-18,1.0,"POLYGON((76.8122441 11.8542088, 76.8132255 11.8541287, 76.8130216 11.8536681, 76.8121834 11.8537527, 76.8122441 11.8542088))",0.5155049169665726,11.853945123434872,76.81267317962333,010185395025681267
ba7b650b3a4d,Chamarajanagar,Devalapura,2025.0,1.0,maize,2025-09-10,1.0,"POLYGON((76.8122183 11.8545071, 76.8121301 11.8537813, 76.8109966 11.8538915, 76.8111800 11.8546154, 76.8122183 11.8545071))",0.9661034068764726,11.85419367065975,76.81162933708325,010185419025681163
783a299dffad,Chamarajanagar,Devalapura,2025.0,1.0,maize,2025-09-18,1.0,"POLYGON((76.8129774 11.8529754, 76.8130156 11.8536172, 76.8110073 11.8538485, 76.8109714 11.8530590, 76.8129774 11.8529754))",1.737397547004813,11.853378023304334,76.8119586139211,010185338025681196
1214a5111e2c,Chamarajanagar,Devalapura,2025.0,2.0,maize,2025-10-17,1.0,"POLYGON((76.8146105 11.8553694, 76.8143413 11.8546167, 76.8146631 11.8545678, 76.8148844 11.8552650, 76.8146105 11.8553694))",0.2828056059120695,11.854949817848384,76.81462086681178,010185495025681462
98f8b23d91f7,Chamarajanagar,Devalapura,2025.0,2.0,maize,2025-10-16,1.0,"POLYGON((76.8141713 11.8545451, 76.8141589 11.8541215, 76.8134518 11.8541616, 76.8136097 11.8545507, 76.8141713 11.8545451))",0.3128839543774763,11.854336500885141,76.81385000238691,010185434025681385
c1267ff33395,Chamarajanagar,Devalapura,2025.0,2.0,maize,2025-10-17,1.0,"POLYGON((76.8139195 11.8545802, 76.8141532 11.8555525, 76.8144841 11.8554632, 76.8143242 11.8545802, 76.8139195 11.8545802))",0.4215753552106422,11.855033196214322,76.81421470304328,010185503025681421
7a9eede91b9b,Chamarajanagar,Devalapura,2025.0,1.0,maize,2025-09-11,1.0,"POLYGON((76.8136392 11.8546052, 76.8138374 11.8556138, 76.8141230 11.8555059, 76.8139299 11.8545684, 76.8136392 11.8546052))",0.3548423363193952,11.855076245934901,76.81388117279812,010185508025681388
2a01a74208c9,Chamarajanagar,Devalapura,2025.0,2.0,maize,2025-10-08,1.0,"POLYGON((76.8083804 11.8566090, 76.8082309 11.8562852, 76.8066407 11.8566996, 76.8066531 11.8568889, 76.8083804 11.8566090))",0.5465951394246386,11.856604563151867,76.80755910293215,010185660025680756
6fc959e77037,Chamarajanagar,Devalapura,2025.0,2.0,maize,2025-11-01,1.0,"POLYGON((76.8087241 11.8567580, 76.8086627 11.8561378, 76.8100477 11.8559410, 76.8101409 11.8565244, 76.8087241 11.8567580))",1.0356324881956445,11.856342515148304,76.80938797039767,010185634025680939
889713833ecb,Chamarajanagar,Devalapura,2025.0,1.0,maize,2025-09-11,1.0,"POLYGON((76.8067020 11.8593567, 76.8073102 11.8592744, 76.8071107 11.8577220, 76.8064050 11.8579848, 76.8067020 11.8593567))",1.2087516988667788,11.85856026908037,76.8068836622809,010185856025680688
1f7e441ebfc1,Chamarajanagar,Devalapura,2025.0,1.0,maize,2025-09-11,1.0,"POLYGON((76.8067379 11.8575501, 76.8066906 11.8569522, 76.8077890 11.8567692, 76.8078587 11.8573345, 76.8067379 11.8575501))",0.7914518629519925,11.857153403922922,76.80726472197459,010185715025680726
e985ccb4f20f,Chamarajanagar,Devalapura,2025.0,1.0,maize,2025-09-11,1.0,"POLYGON((76.8104256 11.8572600, 76.8102801 11.8567839, 76.8107508 11.8566418, 76.8108266 11.8570996, 76.8104256 11.8572600))",0.26531932176380496,11.856942012115658,76.81056643061913,010185694025681057
a172ac2045b2,Chamarajanagar,Devalapura,2025.0,1.0,horse_gram,2025-09-03,1.0,"POLYGON((76.8112390 11.8596067, 76.8111149 11.8593082, 76.8119109 11.8591070, 76.8120037 11.8594466, 76.8112390 11.8596067))",0.32356510415713124,11.8593642354458,76.81157302669145,010185936025681157
3db18d96e8d5,Chamarajanagar,Devalapura,2025.0,2.0,horse_gram,2025-10-01,1.0,"POLYGON((76.8110935 11.8592596, 76.8110056 11.8588501, 76.8118177 11.8586030, 76.8119132 11.8590516, 76.8110935 11.8592596))",0.446798504042005,11.858939330427477,76.81146364664059,010185894025681146
4a10c46319d3,Chamarajanagar,Devalapura,2025.0,1.0,maize,2025-09-04,1.0,"POLYGON((76.8110874 11.8596238, 76.8093779 11.8596734, 76.8090915 11.8593032, 76.8109577 11.8590440, 76.8110874 11.8596238))",1.061605367014632,11.859400688512535,76.81018559015884,010185940025681019
6b2ec5a8bc77,Chamarajanagar,Devalapura,2025.0,2.0,maize,2025-10-09,1.0,"POLYGON((76.8107921 11.8583612, 76.8108179 11.8589325, 76.8090768 11.8592228, 76.8088394 11.8585847, 76.8107921 11.8583612))",1.386127986544897,11.858773386581971,76.8098565847756,010185877025680986
92af22980d4b,Chamarajanagar,Devalapura,2025.0,2.0,maize,2025-10-09,1.0,"POLYGON((76.8088709 11.8599628, 76.8081994 11.8592419, 76.8087281 11.8591795, 76.8092622 11.8597856, 76.8088709 11.8599628))",0.4546126840491637,11.859541050162022,76.80875517653223,010185954025680876
106c4ebb5c29,Chamarajanagar,Devalapura,2025.0,1.0,maize,2025-08-14,1.0,"POLYGON((76.8083764 11.8630996, 76.8089782 11.8621671, 76.8084056 11.8605311, 76.8077451 11.8611364, 76.8083764 11.8630996))",1.9258289705414506,11.861752177869144,76.80837089209429,010186175025680837
eeb3d781a949,Chamarajanagar,Devalapura,2025.0,2.0,maize,2025-10-09,1.0,"POLYGON((76.8077216 11.8609698, 76.8067379 11.8593892, 76.8072535 11.8593843, 76.8079459 11.8607407, 76.8077216 11.8609698))",0.7725746631579846,11.860076965896308,76.80738296771355,010186008025680738
eed3639632e5,Chamarajanagar,Devalapura,2025.0,2.0,maize,2025-10-10,1.0,"POLYGON((76.8067637 11.8606781, 76.8064190 11.8595523, 76.8066467 11.8594657, 76.8072063 11.8604277, 76.8067637 11.8606781))",0.5131737930041738,11.860092469002804,76.80678409695243,010186009025680678
4f7e99fe6dad,Chamarajanagar,Devalapura,2025.0,1.0,maize,2025-09-11,1.0,"POLYGON((76.8060174 11.8610118, 76.8066068 11.8607125, 76.8061646 11.8596143, 76.8056546 11.8597695, 76.8060174 11.8610118))",0.8850635335159684,11.86029862547841,76.80611392322163,010186030025680611
0b9e81d9056a,Chamarajanagar,Devalapura,2025.0,2.0,horse_gram,2025-10-10,1.0,"POLYGON((76.8069391 11.8618281, 76.8066544 11.8612805, 76.8071848 11.8611624, 76.8073528 11.8617060, 76.8069391 11.8618281))",0.34303706301902676,11.861484782096419,76.80702641790703,010186148025680703
1b6be41d5426,Chamarajanagar,Devalapura,2025.0,1.0,maize,2025-09-20,1.0,"POLYGON((76.8070125 11.8611204, 76.8068499 11.8606777, 76.8060449 11.8610872, 76.8061518 11.8611955, 76.8070125 11.8611204))",0.31569145805861465,11.860995101166282,76.80659080639757,010186100025680659
aa2f14f7f39b,Chamarajanagar,Devalapura,2025.0,1.0,horse_gram,2025-09-11,1.0,"POLYGON((76.8073632 11.8592875, 76.8074621 11.8592570, 76.8072904 11.8576692, 76.8071516 11.8577128, 76.8073632 11.8592875))",0.2349531005582753,11.858437301985044,76.80731146378815,010185844025680731
e30fe4afe9c6,Chamarajanagar,Devalapura,2025.0,1.0,horse_gram,2025-09-18,1.0,"POLYGON((76.8077625 11.8592169, 76.8074909 11.8576653, 76.8077206 11.8575842, 76.8079378 11.8592094, 76.8077625 11.8592169))",0.4005367945257782,11.858377315063523,76.80772221052429,010185838025680772
a98b783dd513,Chamarajanagar,Devalapura,2025.0,1.0,horse_gram,2025-09-10,1.0,"POLYGON((76.8125523 11.8554156, 76.8127742 11.8564204, 76.8129194 11.8563977, 76.8127242 11.8553897, 76.8125523 11.8554156))",0.19835453861033991,11.855891769656688,76.81273958850767,010185589025681274
f0f2b3229fff,Chamarajanagar,Devalapura,2025.0,1.0,horse_gram,2025-09-12,1.0,"POLYGON((76.8125586 11.8564666, 76.8127232 11.8564246, 76.8125264 11.8554429, 76.8123407 11.8554639, 76.8125586 11.8564666))",0.21726539960875935,11.855941955729268,76.81253530479043,010185594025681254
d3ecd7d6d61b,Chamarajanagar,Devalapura,2025.0,1.0,horse_gram,2025-09-11,1.0,"POLYGON((76.8123367 11.8553845, 76.8122716 11.8545907, 76.8127310 11.8547033, 76.8128456 11.8553257, 76.8123367 11.8553845))",0.4100619504579195,11.855009265445021,76.81253734078788,010185501025681254
d46a2293f0b3,Chamarajanagar,Devalapura,2025.0,1.0,horse_gram,2025-09-10,1.0,"POLYGON((76.8120218 11.8565798, 76.8124771 11.8564450, 76.8122870 11.8554465, 76.8118726 11.8555571, 76.8120218 11.8565798))",0.5544894590388356,11.856015530847378,76.81216563183898,010185602025681217
dd40ccc0e8e6,Chamarajanagar,Devalapura,2025.0,1.0,maize,2025-09-11,1.0,"POLYGON((76.8116836 11.8567918, 76.8119759 11.8566320, 76.8118073 11.8555814, 76.8114841 11.8556890, 76.8116836 11.8567918))",0.4288715263254533,11.856168212411253,76.81173522638298,010185617025681174
37b6fa11fba8,Chamarajanagar,Devalapura,2025.0,2.0,horse_gram,2025-10-15,1.0,"POLYGON((76.8112735 11.8580127, 76.8114864 11.8579599, 76.8114006 11.8572039, 76.8111340 11.8572295, 76.8112735 11.8580127))",0.22756901993520443,11.857588695897649,76.8113208195658,010185759025681132
289b19eed41a,Chamarajanagar,Devalapura,2025.0,2.0,horse_gram,2025-10-08,1.0,"POLYGON((76.8100011 11.8550216, 76.8098493 11.8554029, 76.8084398 11.8557411, 76.8082828 11.8551994, 76.8100011 11.8550216))",0.8702393448717664,11.855343522300455,76.8090835601404,010185534025680908
fd84603c72a0,Chamarajanagar,Devalapura,2025.0,2.0,horse_gram,2025-10-08,1.0,"POLYGON((76.8065662 11.8552857, 76.8065193 11.8549783, 76.8077954 11.8547056, 76.8077876 11.8551745, 76.8065662 11.8552857))",0.5884605238661746,11.855028134851532,76.8072077580788,010185503025680721
9a65ae29cefa,Chamarajanagar,Devalapura,2025.0,2.0,maize,2025-10-15,1.0,"POLYGON((76.8069676 11.8545622, 76.8067788 11.8537924, 76.8076626 11.8534233, 76.8077719 11.8544323, 76.8069676 11.8545622))",0.9491288858605769,11.85403772584842,76.80730978383326,010185404025680731
42a8f49e9867,Chamarajanagar,Devalapura,2025.0,1.0,horse_gram,2025-09-11,1.0,"POLYGON((76.8079650 11.8542692, 76.8079295 11.8537770, 76.8090003 11.8536503, 76.8091002 11.8541228, 76.8079650 11.8542692))",0.6520820213367179,11.853957509986055,76.8084969045798,010185396025680850
d9b2a18c9375,Chamarajanagar,Devalapura,2025.0,1.0,horse_gram,2025-09-11,1.0,"POLYGON((76.8130766 11.8524546, 76.8130733 11.8523372, 76.8122800 11.8523277, 76.8122988 11.8524596, 76.8130766 11.8524546))",0.11796578394442499,11.852394544219784,76.81267459564475,010185239025681267
3b307409a44a,Chamarajanagar,Devalapura,2025.0,2.0,horse_gram,2025-11-06,1.0,"POLYGON((76.8130009 11.8527837, 76.8130749 11.8525124, 76.8122961 11.8525029, 76.8122394 11.8528051, 76.8130009 11.8527837))",0.2655978050789774,11.852650313966546,76.81264606270524,010185265025681265
0b10065df4cd,Chamarajanagar,Devalapura,2025.0,2.0,horse_gram,2025-11-05,1.0,"POLYGON((76.8130719 11.8523096, 76.8130984 11.8521892, 76.8122820 11.8521373, 76.8122820 11.8522893, 76.8130719 11.8523096))",0.13232797488410616,11.852230263327188,76.81266880315653,010185223025681267
f96b24552e55,Chamarajanagar,Udigala,2025.0,2.0,horse_gram,2025-10-08,1.0,"POLYGON((76.8507848 11.8726607, 76.8506976 11.8715418, 76.8511120 11.8714903, 76.8512072 11.8726633, 76.8507848 11.8726607))",0.5802503632839986,11.872089777366998,76.8509521414415,010187209025685095
6f92f16cce58,Chamarajanagar,Udigala,2025.0,2.0,maize,2025-10-17,1.0,"POLYGON((76.8502031 11.8704916, 76.8505270 11.8700896, 76.8507660 11.8710628, 76.8502561 11.8710520, 76.8502031 11.8704916))",0.41948194295362007,11.870679356079211,76.85046171275836,010187068025685046
d51d36205ec8,Chamarajanagar,Udigala,2025.0,2.0,maize,2025-10-09,1.0,"POLYGON((76.8511871 11.8719356, 76.8511761 11.8717042, 76.8523002 11.8715730, 76.8523271 11.8717722, 76.8511871 11.8719356))",0.29687084821397813,11.871748226920843,76.85173460336871,010187175025685173
40a6be87238f,Chamarajanagar,Udigala,2025.0,2.0,horse_gram,2025-10-16,1.0,"POLYGON((76.8512445 11.8723037, 76.8512280 11.8721544, 76.8523596 11.8720346, 76.8524042 11.8722036, 76.8512445 11.8723037))",0.22364172700467538,11.872173098241328,76.85182230441875,010187217025685182
82495f1e9629,Chamarajanagar,Udigala,2025.0,1.0,horse_gram,2025-09-03,1.0,"POLYGON((76.8512116 11.8721275, 76.8512093 11.8719739, 76.8523391 11.8717938, 76.8523676 11.8720140, 76.8512116 11.8721275))",0.25998711831543103,11.871973050945572,76.85181721684933,010187197025685182
18ad0a6f4e66,Chamarajanagar,Udigala,2025.0,2.0,maize,2025-10-15,1.0,"POLYGON((76.8446358 11.8770480, 76.8442130 11.8755985, 76.8447525 11.8751949, 76.8449678 11.8768499, 76.8446358 11.8770480))",0.930256071841831,11.876107015548985,76.84463021001162,010187611025684463
4696345e758d,Chamarajanagar,Udigala,2025.0,2.0,maize,2025-10-02,1.0,"POLYGON((76.8443847 11.8782233, 76.8443103 11.8777377, 76.8454120 11.8775484, 76.8453500 11.8781383, 76.8443847 11.8782233))",0.6704675942101144,11.877904123153721,76.84487795613614,010187790025684488
01d77e1fb6f5,Chamarajanagar,Udigala,2025.0,1.0,maize,2025-09-18,1.0,"POLYGON((76.8527740 11.8763206, 76.8520790 11.8760063, 76.8523227 11.8754203, 76.8530935 11.8754216, 76.8527740 11.8763206))",0.709038267381492,11.875800976744042,76.85259106155036,010187580025685259
504ff4204e95,Chamarajanagar,Udigala,2025.0,2.0,maize,2025-10-11,1.0,"POLYGON((76.8556111 11.8761661, 76.8557479 11.8757087, 76.8543337 11.8755069, 76.8541728 11.8757996, 76.8556111 11.8761661))",0.6952401611184865,11.875806522254127,76.8550125985102,010187581025685501
bdd410f2e10f,Chamarajanagar,Udigala,2025.0,2.0,horse_gram,2025-10-08,1.0,"POLYGON((76.8550364 11.8789369, 76.8560476 11.8789402, 76.8563095 11.8778305, 76.8553117 11.8775969, 76.8550364 11.8789369))",1.5202527267656416,11.878320639195131,76.85566166009602,010187832025685566
928e8e36c3be,Chamarajanagar,Udigala,2025.0,2.0,horse_gram,2025-10-09,1.0,"POLYGON((76.8453074 11.8806105, 76.8456410 11.8822913, 76.8448876 11.8816460, 76.8448172 11.8807378, 76.8453074 11.8806105))",0.9064771247269495,11.881359684976196,76.84519581557741,010188136025684520
2167ecb032b9,Chamarajanagar,Udigala,2025.0,1.0,maize,2025-09-20,1.0,"POLYGON((76.8441410 11.8831378, 76.8441098 11.8824803, 76.8450177 11.8827500, 76.8450254 11.8829925, 76.8441410 11.8831378))",0.4842912103313622,11.882835129684073,76.844504638348,010188284025684450
c2f13f42f2c4,Chamarajanagar,Udigala,2025.0,1.0,horse_gram,2025-08-14,1.0,"POLYGON((76.8433031 11.8841545, 76.8441426 11.8840545, 76.8441239 11.8831877, 76.8432843 11.8833084, 76.8433031 11.8841545))",0.868602915613509,11.883676015866321,76.84371516742661,010188368025684372
352975e4a708,Chamarajanagar,Udigala,2025.0,2.0,maize,2025-10-09,1.0,"POLYGON((76.8428850 11.8831985, 76.8435918 11.8832044, 76.8436411 11.8825548, 76.8430017 11.8826873, 76.8428850 11.8831985))",0.46421342637501123,11.882916266171515,76.8432931645579,010188292025684329
5ed1e7429ee6,Chamarajanagar,Udigala,2025.0,1.0,maize,2025-09-25,1.0,"POLYGON((76.8449963 11.8837848, 76.8452333 11.8837579, 76.8452008 11.8834377, 76.8451277 11.8834977, 76.8449963 11.8837848))",0.054125935322790905,11.883647484088657,76.84513830915283,010188365025684514
5750969b80bf,Chamarajanagar,Udigala,2025.0,1.0,maize,2025-09-19,1.0,"POLYGON((76.8447109 11.8856024, 76.8451850 11.8858642, 76.8450931 11.8840666, 76.8447927 11.8841765, 76.8447109 11.8856024))",0.7513247397350681,11.884988642397142,76.84495240846523,010188499025684495
da67d4941b39,Chamarajanagar,Udigala,2025.0,2.0,maize,2025-10-15,1.0,"POLYGON((76.8451870 11.8858672, 76.8455535 11.8859279, 76.8452651 11.8839629, 76.8451243 11.8839318, 76.8451870 11.8858672))",0.5860840064534006,11.885067658253453,76.84529544008163,010188507025684530
2aa4c9326dc4,Chamarajanagar,Udigala,2025.0,2.0,horse_gram,2025-10-16,1.0,"POLYGON((76.8462281 11.8900916, 76.8462914 11.8906946, 76.8455505 11.8909344, 76.8454043 11.8903465, 76.8462281 11.8900916))",0.59236469287063,11.890512020917361,76.84586650181478,010189051025684587
1d98b5ea42b8,Chamarajanagar,Udigala,2025.0,2.0,maize,2025-10-09,1.0,"POLYGON((76.8451790 11.8902327, 76.8450546 11.8892071, 76.8461858 11.8890975, 76.8461939 11.8900460, 76.8451790 11.8902327))",1.2875535952803039,11.889638525795274,76.8456443797832,010188964025684564
6a1f8028d547,Chamarajanagar,Udigala,2025.0,1.0,maize,2025-09-11,1.0,"POLYGON((76.8466619 11.8909633, 76.8470703 11.8906969, 76.8470129 11.8896966, 76.8464829 11.8898065, 76.8466619 11.8909633))",0.6363643220756758,11.890274498849545,76.84679776202857,010189027025684680
b0934395f16e,Chamarajanagar,Udigala,2025.0,1.0,maize,2025-09-19,1.0,"POLYGON((76.8468889 11.8883042, 76.8469995 11.8896149, 76.8473978 11.8894860, 76.8472154 11.8882356, 76.8468889 11.8883042))",0.576439655959986,11.888932881421018,76.84712705823421,010188893025684713
e64652b46e27,Chamarajanagar,Udigala,2025.0,1.0,maize,2025-09-11,1.0,"POLYGON((76.8464574 11.8896884, 76.8469452 11.8896159, 76.8468124 11.8883623, 76.8463897 11.8886159, 76.8464574 11.8896884))",0.6575291378035243,11.88907849348092,76.8466585222991,010188908025684666
0c05ca01e575,Chamarajanagar,Udigala,2025.0,1.0,maize,2025-09-19,1.0,"POLYGON((76.8419188 11.8864010, 76.8424160 11.8879915, 76.8429155 11.8875998, 76.8425880 11.8861946, 76.8419188 11.8864010))",1.202905803397538,11.887028488699766,76.84244568162654,010188703025684245
713721d5ba0c,Chamarajanagar,Udigala,2025.0,2.0,maize,2025-10-10,1.0,"POLYGON((76.8428066 11.8890437, 76.8424562 11.8886188, 76.8431489 11.8877632, 76.8433635 11.8888898, 76.8428066 11.8890437))",0.7555405699451767,11.88852279374348,76.84296308762906,010188852025684296
824957da82e2,Chamarajanagar,Udigala,2025.0,2.0,horse_gram,2025-10-08,1.0,"POLYGON((76.8428458 11.8897619, 76.8427268 11.8891316, 76.8433688 11.8890450, 76.8432475 11.8895762, 76.8428458 11.8897619))",0.36482808306774994,11.889359513925276,76.84303512901198,010188936025684304
5a8316c895b9,Chamarajanagar,Udigala,2025.0,2.0,maize,2025-10-16,1.0,"POLYGON((76.8412217 11.8875302, 76.8420991 11.8871182, 76.8414832 11.8865207, 76.8407594 11.8865050, 76.8412217 11.8875302))",0.9111422135348733,11.886957093550919,76.8413844296302,010188696025684138
8c3db029a851,Chamarajanagar,Udigala,2025.0,2.0,maize,2025-10-09,1.0,"POLYGON((76.8414246 11.8925368, 76.8411168 11.8914853, 76.8426010 11.8914784, 76.8428096 11.8924105, 76.8414246 11.8925368))",1.7345366686413541,11.89197454420756,76.84197220394294,010189197025684197
748879a40a86,Chamarajanagar,Udigala,2025.0,1.0,maize,2025-09-19,1.0,"POLYGON((76.8398162 11.8895808, 76.8407386 11.8897734, 76.8408073 11.8888810, 76.8402581 11.8888557, 76.8398162 11.8895808))",0.7502138653506424,11.889311180631344,76.8404014133462,010188931025684040
8d3cdd031290,Chamarajanagar,Udigala,2025.0,2.0,maize,2025-10-09,1.0,"POLYGON((76.8397924 11.8855312, 76.8396506 11.8850168, 76.8403580 11.8848261, 76.8404452 11.8853324, 76.8397924 11.8855312))",0.4449288527163253,11.885174238609437,76.8400583885116,010188517025684006
0f2049779a5c,Chamarajanagar,Udigala,2025.0,2.0,maize,2025-10-09,1.0,"POLYGON((76.8398209 11.8814790, 76.8396469 11.8812454, 76.8403074 11.8811309, 76.8403537 11.8813901, 76.8398209 11.8814790))",0.19056885982396143,11.88130673546226,76.84003096246556,010188131025684003
26096691186c,Chamarajanagar,Udigala,2025.0,1.0,maize,2025-09-11,1.0,"POLYGON((76.8409649 11.8835535, 76.8416287 11.8835299, 76.8416167 11.8832425, 76.8408811 11.8832835, 76.8409649 11.8835535))",0.23677544566558978,11.883399724114966,76.8412753402031,010188340025684128
94487d9acd59,Chamarajanagar,Udigala,2025.0,1.0,maize,2025-09-11,1.0,"POLYGON((76.8408861 11.8832559, 76.8407936 11.8829462, 76.8426067 11.8827441, 76.8425467 11.8831752, 76.8408861 11.8832559))",0.7777325078852918,11.883024096974076,76.84175058984684,010188302025684175
1d0c06b0b648,Chamarajanagar,Udigala,2025.0,1.0,maize,2025-08-15,1.0,"POLYGON((76.8425347 11.8859548, 76.8425833 11.8854282, 76.8420552 11.8853540, 76.8414333 11.8860794, 76.8425347 11.8859548))",0.6041130434729244,11.885735127979022,76.842115353928,010188574025684212
927e44191f49,Chamarajanagar,Udigala,2025.0,1.0,horse_gram,2025-09-11,1.0,"POLYGON((76.8412955 11.8844997, 76.8411295 11.8842353, 76.8416730 11.8843507, 76.8416770 11.8840154, 76.8422996 11.8840295, 76.8421404 11.8846424, 76.8412955 11.8844997))",0.5095107927777176,11.88432570269864,76.84182954211818,010188433025684183
9af2763cc241,Chamarajanagar,Katnavadi,2025.0,1.0,horse_gram,2025-09-18,1.0,"POLYGON((76.8436605 11.8260427, 76.8434406 11.8257834, 76.8425199 11.8261122, 76.8425491 11.8264076, 76.8436605 11.8260427))",0.3914946350431649,11.82608793593844,76.8430520322213,010182609025684305
7fd40b2e2857,Chamarajanagar,Katnavadi,2025.0,2.0,maize,2025-10-16,1.0,"POLYGON((76.8450291 11.8274498, 76.8449382 11.8282705, 76.8454988 11.8285649, 76.8455699 11.8273592, 76.8450291 11.8274498))",0.6821468002927293,11.82792190613973,76.84527543097929,010182792025684528
680300d9586f,Chamarajanagar,Katnavadi,2025.0,2.0,horse_gram,2025-10-09,1.0,"POLYGON((76.8529936 11.8323892, 76.8529245 11.8319255, 76.8533141 11.8316748, 76.8533815 11.8323111, 76.8529936 11.8323892))",0.27109981549507955,11.832068506308824,76.85316273542843,010183207025685316
ea44cc74386c,Chamarajanagar,Katnavadi,2025.0,2.0,horse_gram,2025-11-06,1.0,"POLYGON((76.8532668 11.8344969, 76.8531307 11.8338213, 76.8542224 11.8335394, 76.8545486 11.8341763, 76.8532668 11.8344969))",1.0222002776629138,11.834016748824638,76.85379649139962,010183402025685380
e762831ab57c,Chamarajanagar,Katnavadi,2025.0,2.0,horse_gram,2025-10-09,1.0,"POLYGON((76.8536242 11.8356897, 76.8535230 11.8352930, 76.8549808 11.8350397, 76.8550378 11.8353662, 76.8536242 11.8356897))",0.6529496529930351,11.83535160622718,76.85426624727799,010183535025685427
56e8b54961fb,Chamarajanagar,Katnavadi,2025.0,2.0,horse_gram,2025-10-15,1.0,"POLYGON((76.8515331 11.8306155, 76.8512582 11.8301030, 76.8520149 11.8299077, 76.8521826 11.8306254, 76.8515331 11.8306155))",0.5457491207470274,11.830298001828199,76.8517600336278,010183030025685176
208e7419afdc,Chamarajanagar,Katnavadi,2025.0,2.0,maize,2025-10-22,1.0,"POLYGON((76.8410990 11.8286112, 76.8409448 11.8286318, 76.8409528 11.8292908, 76.8422436 11.8293784, 76.8420954 11.8288054, 76.8412462 11.8290200, 76.8410990 11.8286112))",0.6958451007726253,11.829087817007826,76.8415565474242,010182909025684156
a66103918a88,Chamarajanagar,Katnavadi,2025.0,2.0,horse_gram,2025-10-17,1.0,"POLYGON((76.8368262 11.8308098, 76.8370549 11.8308098, 76.8369845 11.8295339, 76.8365728 11.8298457, 76.8368262 11.8308098))",0.46244940088072556,11.830185267785753,76.8368555747169,010183019025683686
3b643c206c10,Chamarajanagar,Katnavadi,2025.0,1.0,horse_gram,2025-09-11,1.0,"POLYGON((76.8342553 11.8291208, 76.8350315 11.8290043, 76.8346510 11.8280179, 76.8339814 11.8281603, 76.8342553 11.8291208))",0.8988138142714713,11.828585696037015,76.83448592371066,010182859025683449
f13f7461c78b,Chamarajanagar,Katnavadi,2025.0,1.0,horse_gram,2025-09-11,1.0,"POLYGON((76.8297415 11.8305282, 76.8302109 11.8304984, 76.8299786 11.8283447, 76.8296590 11.8284113, 76.8297415 11.8305282))",1.023896308327133,11.829511350726229,76.82990320035076,010182951025682990
1da76af6256b,Chamarajanagar,Katnavadi,2025.0,1.0,horse_gram,2025-09-18,1.0,"POLYGON((76.8307239 11.8300895, 76.8315926 11.8299901, 76.8313066 11.8290122, 76.8306049 11.8291785, 76.8307239 11.8300895))",0.92585979701986,11.8295812562583,76.8310665088048,010182958025683107
9ae5b2ee7a12,Chamarajanagar,Katnavadi,2025.0,1.0,horse_gram,2025-09-17,1.0,"POLYGON((76.8308117 11.8307137, 76.8312821 11.8307360, 76.8312281 11.8301135, 76.8307054 11.8301236, 76.8308117 11.8307137))",0.36209270156629775,11.830415938081607,76.83100835703509,010183042025683101
5787f87ed2ab,Chamarajanagar,Katnavadi,2025.0,2.0,horse_gram,2025-10-15,1.0,"POLYGON((76.8342084 11.8275584, 76.8352360 11.8274137, 76.8356340 11.8289544, 76.8351606 11.8290437, 76.8347371 11.8279217, 76.8343348 11.8279831, 76.8342084 11.8275584))",1.306080423341442,11.82811994660152,76.83503331330743,010182812025683503
857b12b538ba,Chamarajanagar,Katnavadi,2025.0,2.0,horse_gram,2025-10-16,1.0,"POLYGON((76.8340904 11.8275099, 76.8327275 11.8276126, 76.8326926 11.8281219, 76.8341759 11.8280192, 76.8340904 11.8275099))",0.8763236394628828,11.827819305168756,76.83342379072229,010182782025683342
00c7b83c65de,Chamarajanagar,Katnavadi,2025.0,2.0,horse_gram,2025-10-16,1.0,"POLYGON((76.8340525 11.8286053, 76.8338272 11.8282666, 76.8326571 11.8282696, 76.8326319 11.8285734, 76.8340525 11.8286053))",0.4996224276469642,11.82843379724008,76.83330451583791,010182843025683330
5428b77b4f70,Chamarajanagar,Katnavadi,2025.0,1.0,horse_gram,2025-09-13,1.0,"POLYGON((76.8346567 11.8310047, 76.8347398 11.8300042, 76.8334899 11.8299156, 76.8339771 11.8307166, 76.8346567 11.8310047))",1.0011437757379922,11.830365893276456,76.83423365885604,010183037025683423
1838087fecea,Chamarajanagar,Katnavadi,2025.0,1.0,horse_gram,2025-09-11,1.0,"POLYGON((76.8350808 11.8340214, 76.8354459 11.8345068, 76.8341947 11.8348215, 76.8340823 11.8342321, 76.8350808 11.8340214))",0.8037348695202021,11.834407880162964,76.8346986078686,010183441025683470
2e7c5ff9a133,Chamarajanagar,Katnavadi,2025.0,1.0,horse_gram,2025-09-25,1.0,"POLYGON((76.8356699 11.8338236, 76.8352273 11.8323981, 76.8362677 11.8323774, 76.8364947 11.8336152, 76.8356699 11.8338236))",1.5423057196064063,11.833035596746287,76.83589786655413,010183304025683590
8dd05ff184ce,Chamarajanagar,Katnavadi,2025.0,1.0,horse_gram,2025-08-06,1.0,"POLYGON((76.8351361 11.8339089, 76.8355602 11.8339164, 76.8351200 11.8324266, 76.8346771 11.8324007, 76.8351361 11.8339089))",0.7738206596101351,11.833159264455777,76.8351217849009,010183316025683512
6c3a6e5908b2,Chamarajanagar,Katnavadi,2025.0,1.0,horse_gram,2025-09-16,1.0,"POLYGON((76.8347710 11.8339492, 76.8350754 11.8339236, 76.8346124 11.8324046, 76.8343164 11.8325444, 76.8347710 11.8339492))",0.5745054269249267,11.833194718418477,76.83469241913306,010183319025683469
bca186e374e0,Chamarajanagar,Katnavadi,2025.0,1.0,maize,2025-09-18,1.0,"POLYGON((76.8346704 11.8321943, 76.8342667 11.8313575, 76.8351066 11.8306844, 76.8356189 11.8318999, 76.8346704 11.8321943))",1.3723137435159347,11.831515543251637,76.83493918390158,010183152025683494
83562a46b5ee,Chamarajanagar,Katnavadi,2025.0,1.0,maize,2025-09-11,1.0,"POLYGON((76.8364853 11.8295202, 76.8362244 11.8283854, 76.8367790 11.8282528, 76.8370673 11.8292183, 76.8364853 11.8295202))",0.7908309985897094,11.828856689434147,76.83663510648583,010182886025683664
d5ef672b9ef1,Chamarajanagar,Katnavadi,2025.0,2.0,maize,2025-10-09,1.0,"POLYGON((76.8371424 11.8292284, 76.8369785 11.8287552, 76.8373486 11.8285885, 76.8375199 11.8290853, 76.8371424 11.8292284))",0.24972464314825607,11.828913683019474,76.83724882269155,010182891025683725
0b72c78cf758,Chamarajanagar,Katnavadi,2025.0,1.0,horse_gram,2025-09-10,1.0,"POLYGON((76.8341712 11.8268109, 76.8340056 11.8259797, 76.8349839 11.8258996, 76.8351110 11.8267774, 76.8341712 11.8268109))",0.997376323416616,11.826363226451235,76.83457142368124,010182636025683457
93c40e54229c,Chamarajanagar,Katnavadi,2025.0,2.0,horse_gram,2025-11-13,1.0,"POLYGON((76.8352692 11.8272047, 76.8358885 11.8271732, 76.8357436 11.8264621, 76.8351113 11.8264949, 76.8352692 11.8272047))",0.5415136344909295,11.826832444123841,76.83550293930975,010182683025683550
d9f401d2e822,Chamarajanagar,Katnavadi,2025.0,1.0,horse_gram,2025-09-13,1.0,"POLYGON((76.8354801 11.8280480, 76.8352970 11.8272867, 76.8359109 11.8271981, 76.8360132 11.8279132, 76.8354801 11.8280480))",0.5292404323201924,11.827604838911608,76.83567001872555,010182760025683567
1ed86c9e0edb,Chamarajanagar,Katnavadi,2025.0,1.0,maize,2025-09-11,1.0,"POLYGON((76.8365855 11.8269156, 76.8371283 11.8268654, 76.8370566 11.8261303, 76.8364655 11.8261346, 76.8365855 11.8269156))",0.5209329307895416,11.826506884616098,76.83680539106292,010182651025683681
76e8d009a277,Chamarajanagar,Katnavadi,2025.0,1.0,maize,2025-09-18,1.0,"POLYGON((76.8373764 11.8253578, 76.8374830 11.8250050, 76.8367488 11.8246404, 76.8366998 11.8252482, 76.8373764 11.8253578))",0.4303863116090196,11.825048347209671,76.8370505425189,010182505025683705
6cded0a70a36,Chamarajanagar,Katnavadi,2025.0,2.0,maize,2025-10-09,1.0,"POLYGON((76.8423342 11.8293941, 76.8422188 11.8290680, 76.8428227 11.8290263, 76.8428227 11.8294161, 76.8423342 11.8293941))",0.236260653970855,11.82921914593354,76.84255627802078,010182922025684256
e20b121ba835,Chamarajanagar,Katnavadi,2025.0,1.0,maize,2025-09-16,1.0,"POLYGON((76.8429206 11.8292199, 76.8429558 11.8287142, 76.8433547 11.8286761, 76.8434573 11.8291684, 76.8429206 11.8292199))",0.28307554941645585,11.828956900958241,76.84317290434011,010182896025684317
0e63c8660fb8,Chamarajanagar,Katnavadi,2025.0,1.0,maize,2025-09-09,1.0,"POLYGON((76.8450861 11.8303845, 76.8448655 11.8296137, 76.8436045 11.8297699, 76.8436045 11.8304636, 76.8450861 11.8303845))",1.22540722174207,11.830065831225902,76.84430633924426,010183007025684431
6c877898a28c,Chamarajanagar,Katnavadi,2025.0,1.0,maize,2025-09-11,1.0,"POLYGON((76.8425420 11.8324568, 76.8423305 11.8311983, 76.8431713 11.8311622, 76.8433494 11.8323876, 76.8425420 11.8324568))",1.2453757656223594,11.83179783670107,76.84284582026828,010183180025684285
bd3a23f8e37f,Chamarajanagar,Katnavadi,2025.0,1.0,maize,2025-09-18,1.0,"POLYGON((76.8486353 11.8331896, 76.8483819 11.8326222, 76.8490397 11.8324719, 76.8491741 11.8329346, 76.8486353 11.8331896))",0.41858788427892724,11.832803712927932,76.84879339853356,010183280025684879
69cf9803c1c4,Chamarajanagar,Katnavadi,2025.0,1.0,horse_gram,2025-09-11,1.0,"POLYGON((76.8491134 11.8324013, 76.8490920 11.8323150, 76.8501092 11.8320496, 76.8502061 11.8322127, 76.8491134 11.8324013))",0.17467432687866757,11.832232192055093,76.84968985667027,010183223025684969
55749fe3beda,Chamarajanagar,Katnavadi,2025.0,2.0,maize,2025-10-15,1.0,"POLYGON((76.8482712 11.8324466, 76.8480191 11.8317313, 76.8489847 11.8314976, 76.8491889 11.8322097, 76.8482712 11.8324466))",0.8743494295802182,11.831968946191267,76.84861354548694,010183197025684861
3a64e208b9cd,Chamarajanagar,Katnavadi,2025.0,1.0,maize,2025-09-12,1.0,"POLYGON((76.8479061 11.8320151, 76.8480335 11.8322028, 76.8472493 11.8323419, 76.8471762 11.8322383, 76.8479061 11.8320151))",0.1547644697621444,11.832190854026532,76.84762732025658,010183219025684763
baee037a5a8a,Chamarajanagar,Katnavadi,2025.0,1.0,horse_gram,2025-09-11,1.0,"POLYGON((76.8452866 11.8322652, 76.8454415 11.8329648, 76.8463065 11.8329172, 76.8461654 11.8321972, 76.8452866 11.8322652))",0.7558711359626108,11.832584760414901,76.84580170315111,010183258025684580
0be5f92127e4,Chamarajanagar,Katnavadi,2025.0,1.0,horse_gram,2025-09-17,1.0,"POLYGON((76.8445728 11.8335532, 76.8445530 11.8334524, 76.8453077 11.8334016, 76.8453178 11.8335069, 76.8445728 11.8335532))",0.0939562122921267,11.833478229705573,76.84494019405676,010183348025684494
077007e5e457,Chamarajanagar,Katnavadi,2025.0,1.0,horse_gram,2025-09-10,1.0,"POLYGON((76.8415543 11.8382729, 76.8413944 11.8376018, 76.8422540 11.8374726, 76.8423932 11.8382253, 76.8415543 11.8382729))",0.7443041585049821,11.837889759938305,76.84190616359759,010183789025684191
baf5a2277370,Chamarajanagar,Katnavadi,2025.0,1.0,maize,2025-09-19,1.0,"POLYGON((76.8414336 11.8308495, 76.8421447 11.8307721, 76.8420710 11.8297761, 76.8412804 11.8297279, 76.8414336 11.8308495))",0.9597765489560863,11.830273799651419,76.84172408931092,010183027025684172
454139e303aa,Chamarajanagar,Katnavadi,2025.0,2.0,horse_gram,2025-10-08,1.0,"POLYGON((76.8401703 11.8321362, 76.8404955 11.8321126, 76.8403272 11.8309201, 76.8400788 11.8309493, 76.8401703 11.8321362))",0.41525314829287624,11.831555567641658,76.84027103382775,010183156025684027
ff7eb581cf4f,Chamarajanagar,Guruvinapura,2025.0,1.0,maize,2025-09-10,1.0,"POLYGON((76.8221519 11.8421463, 76.8224399 11.8419520, 76.8217633 11.8410602, 76.8213972 11.8413089, 76.8221519 11.8421463))",0.5316484954612326,11.841599432149414,76.82192369023308,010184160025682192
81a87c73d693,Chamarajanagar,Guruvinapura,2025.0,2.0,maize,2025-10-07,1.0,"POLYGON((76.8217475 11.8390965, 76.8215957 11.8388928, 76.8219350 11.8386234, 76.8220791 11.8389351, 76.8217475 11.8390965))",0.14258115111196656,11.838878444576212,76.82184560421258,010183888025682185
1feb43ef892e,Chamarajanagar,Guruvinapura,2025.0,2.0,maize,2025-10-15,1.0,"POLYGON((76.8214542 11.8398165, 76.8211390 11.8396032, 76.8217308 11.8391510, 76.8219400 11.8394870, 76.8214542 11.8398165))",0.3017215868604051,11.839505625859722,76.82156506747226,010183951025682157
a44dc4421700,Chamarajanagar,Guruvinapura,2025.0,2.0,horse_gram,2025-10-15,1.0,"POLYGON((76.8225140 11.8399389, 76.8226903 11.8398260, 76.8220878 11.8389801, 76.8217737 11.8391326, 76.8225140 11.8399389))",0.351443677568265,11.839436572017023,76.8222389131763,010183944025682224
43fe26650334,Chamarajanagar,Guruvinapura,2025.0,2.0,maize,2025-10-22,1.0,"POLYGON((76.8236445 11.8355253, 76.8234581 11.8350574, 76.8244291 11.8348464, 76.8244217 11.8353573, 76.8236445 11.8355253))",0.5358226124797532,11.835187530703688,76.82398683575579,010183519025682399
b4f2becd9b76,Chamarajanagar,Guruvinapura,2025.0,1.0,maize,2025-09-17,1.0,"POLYGON((76.8233830 11.8349681, 76.8232667 11.8345744, 76.8242480 11.8343076, 76.8243520 11.8347585, 76.8233830 11.8349681))",0.5277655833625507,11.83464881482725,76.82382195463678,010183465025682382
6c79ea55d127,Chamarajanagar,Guruvinapura,2025.0,2.0,horse_gram,2025-11-13,1.0,"POLYGON((76.8200051 11.8327823, 76.8203900 11.8336043, 76.8201389 11.8337218, 76.8197023 11.8328493, 76.8200051 11.8327823))",0.3283162373802974,11.833234015364818,76.8200546074085,010183323025682005
d632ce7d964e,Chamarajanagar,Guruvinapura,2025.0,2.0,maize,2025-10-16,1.0,"POLYGON((76.8171264 11.8342721, 76.8162510 11.8330800, 76.8166027 11.8327400, 76.8174895 11.8341484, 76.8171264 11.8342721))",0.8059846435751519,11.833529359268454,76.81685169519272,010183353025681685
a4687cffd98c,Chamarajanagar,Guruvinapura,2025.0,2.0,maize,2025-10-16,1.0,"POLYGON((76.8206740 11.8309109, 76.8216225 11.8305686, 76.8221036 11.8312495, 76.8210756 11.8317713, 76.8206740 11.8309109))",1.1472721244918074,11.831139957669452,76.82136197761285,010183114025682136
c3c6f2dc9fe5,Chamarajanagar,Guruvinapura,2025.0,1.0,maize,2025-09-11,1.0,"POLYGON((76.8218749 11.8343548, 76.8223356 11.8341632, 76.8214602 11.8329392, 76.8211108 11.8330314, 76.8218749 11.8343548))",0.7616608822260454,11.833660094531812,76.82171821875308,010183366025682172
d30d4840b741,Chamarajanagar,Kothalavadi,2025.0,2.0,groundnut,2025-10-09,1.0,"POLYGON((76.8297533 11.8140560, 76.8297231 11.8136928, 76.8302944 11.8136911, 76.8302813 11.8139569, 76.8297533 11.8140560))",0.20884264719398574,11.813848633465838,76.82999822577777,010181385025683000
450c8951e84e,Chamarajanagar,Kothalavadi,2025.0,1.0,groundnut,2025-09-19,1.0,"POLYGON((76.8299786 11.8127634, 76.8303930 11.8128316, 76.8303323 11.8115199, 76.8300067 11.8115517, 76.8299786 11.8127634))",0.5620526768316321,11.812191672271059,76.83018029456711,010181219025683018
0068456cc066,Chamarajanagar,Narasamangala,2025.0,2.0,maize,2025-11-06,1.0,"POLYGON((76.8560476 11.8044637, 76.8563417 11.8044295, 76.8559182 11.8023853, 76.8555283 11.8023958, 76.8560476 11.8044637))",0.8598819087360822,11.80337393525793,76.85594829498127,010180337025685595
b719161a4066,Chamarajanagar,Narasamangala,2025.0,1.0,maize,2025-09-17,1.0,"POLYGON((76.8560912 11.8048486, 76.8564141 11.8047853, 76.8559068 11.8023462, 76.8555196 11.8023984, 76.8560912 11.8048486))",1.0833742170682537,11.803560389601744,76.85597509476663,010180356025685598
eff8bf6033ee,Chamarajanagar,Narasamangala,2025.0,1.0,maize,2025-09-17,1.0,"POLYGON((76.8557429 11.8020981, 76.8554398 11.8008077, 76.8556708 11.8007299, 76.8560191 11.8020728, 76.8557429 11.8020981))",0.4226090456853628,11.801440226920374,76.85572236181343,010180144025685572
c238a0fff24e,Chamarajanagar,Narasamangala,2025.0,2.0,maize,2025-10-20,1.0,"POLYGON((76.8557868 11.8007023, 76.8560728 11.8020275, 76.8562780 11.8020026, 76.8559346 11.8006869, 76.8557868 11.8007023))",0.2885041482173172,11.80139101286648,76.85602662103213,010180139025685603
3f5624cf2a54,Chamarajanagar,Narasamangala,2025.0,1.0,maize,2025-09-17,1.0,"POLYGON((76.8618103 11.8056271, 76.8616766 11.8050390, 76.8623951 11.8051204, 76.8626204 11.8055080, 76.8618103 11.8056271))",0.4533100631566322,11.805332954666017,76.86210314979624,010180533025686210
3bc861e967a7,Chamarajanagar,Narasamangala,2025.0,2.0,maize,2025-10-08,1.0,"POLYGON((76.8623743 11.8060203, 76.8622546 11.8056195, 76.8626847 11.8055313, 76.8628410 11.8058427, 76.8623743 11.8060203))",0.21448542164606865,11.805759855992536,76.86253290491256,010180576025686253
081b2c479bc4,Chamarajanagar,Narasamangala,2025.0,1.0,horse_gram,2025-09-18,1.0,"POLYGON((76.8628162 11.8088446, 76.8631726 11.8087353, 76.8629443 11.8080675, 76.8625218 11.8081833, 76.8628162 11.8088446))",0.34726027249178687,11.808449062983762,76.86285970689008,010180845025686286
43c5e62aa15c,Chamarajanagar,Narasamangala,2025.0,2.0,maize,2025-10-15,1.0,"POLYGON((76.8625691 11.8076966, 76.8623699 11.8072132, 76.8631270 11.8069575, 76.8632929 11.8075256, 76.8625691 11.8076966))",0.515967312824233,11.807342575431038,76.8628465749753,010180734025686285
dcd50eea9b32,Chamarajanagar,Narasamangala,2025.0,1.0,horse_gram,2025-09-24,1.0,"POLYGON((76.8622630 11.8077593, 76.8621409 11.8073077, 76.8611163 11.8076224, 76.8611763 11.8079063, 76.8622630 11.8077593))",0.49302487952539414,11.807640515609844,76.86171541857239,010180764025686172
77ae13ac628e,Chamarajanagar,Narasamangala,2025.0,1.0,maize,2025-09-16,1.0,"POLYGON((76.8613131 11.8074859, 76.8612521 11.8070386, 76.8619850 11.8068233, 76.8621456 11.8072441, 76.8613131 11.8074859))",0.43982151593962643,11.807152449694566,76.86167549247807,010180715025686168
339a71dd408c,Chamarajanagar,Narasamangala,2025.0,1.0,maize,2025-09-10,1.0,"POLYGON((76.8629922 11.8064183, 76.8628671 11.8058854, 76.8621570 11.8061880, 76.8622646 11.8066770, 76.8629922 11.8064183))",0.48189327936055326,11.806290428477942,76.86257581155799,010180629025686258
8d002745aad5,Chamarajanagar,Narasamangala,2025.0,2.0,horse_gram,2025-10-15,1.0,"POLYGON((76.8616223 11.8063209, 76.8618492 11.8062585, 76.8616370 11.8050492, 76.8613584 11.8049770, 76.8616223 11.8063209))",0.3874379699280419,11.805640125677858,76.86161242472976,010180564025686161
e039c305eb71,Chamarajanagar,Narasamangala,2025.0,2.0,maize,2025-10-15,1.0,"POLYGON((76.8604733 11.8053239, 76.8606329 11.8057498, 76.8600153 11.8058427, 76.8599298 11.8055172, 76.8604733 11.8053239))",0.28396571422029065,11.805606966473595,76.86027761461598,010180561025686028
4a182d9e8064,Chamarajanagar,Narasamangala,2025.0,2.0,maize,2025-11-12,1.0,"POLYGON((76.8605534 11.8067767, 76.8602651 11.8058466, 76.8606134 11.8057626, 76.8609101 11.8066875, 76.8605534 11.8067767))",0.42448670766854585,11.806270430736763,76.86058605178536,010180627025686059
b3fce03e6c15,Chamarajanagar,Narasamangala,2025.0,1.0,maize,2025-08-20,1.0,"POLYGON((76.8594007 11.8073038, 76.8595895 11.8071919, 76.8591328 11.8063015, 76.8588690 11.8065532, 76.8594007 11.8073038))",0.331977350981648,11.806804174989256,76.85922969519243,010180680025685923
aaaee267c68d,Chamarajanagar,Narasamangala,2025.0,1.0,maize,2025-09-18,1.0,"POLYGON((76.8591868 11.8071824, 76.8593484 11.8073389, 76.8584147 11.8077288, 76.8583057 11.8074853, 76.8591868 11.8071824))",0.2751564328473982,11.807443122089774,76.85879490940084,010180744025685879
c9a950711ff2,Chamarajanagar,Narasamangala,2025.0,1.0,maize,2025-09-18,1.0,"POLYGON((76.8583486 11.8075253, 76.8592391 11.8071669, 76.8591556 11.8070137, 76.8582571 11.8073990, 76.8583486 11.8075253))",0.1898822301661389,11.807271812960762,76.8587599261282,010180727025685876
6162bb9a4756,Chamarajanagar,Narasamangala,2025.0,1.0,maize,2025-08-13,1.0,"POLYGON((76.8580713 11.8071502, 76.8578266 11.8069116, 76.8579520 11.8067003, 76.8582202 11.8069825, 76.8580713 11.8071502))",0.10159502425052708,11.806932873447279,76.85801766312468,010180693025685802
0c3cb343dafb,Chamarajanagar,Narasamangala,2025.0,1.0,maize,2025-09-11,1.0,"POLYGON((76.8611522 11.8065437, 76.8613339 11.8064787, 76.8609893 11.8050636, 76.8607971 11.8052100, 76.8611522 11.8065437))",0.3540827008135482,11.805806915706262,76.86106463732199,010180581025686106
d3e4cfb19cf3,Chamarajanagar,Narasamangala,2025.0,2.0,maize,2025-10-15,1.0,"POLYGON((76.8620289 11.8030282, 76.8619948 11.8026757, 76.8630750 11.8025838, 76.8631397 11.8028611, 76.8620289 11.8030282))",0.4233674677541617,11.802790622493621,76.86253939839392,010180279025686254
dba330ff7ccf,Chamarajanagar,Narasamangala,2025.0,2.0,maize,2025-10-15,1.0,"POLYGON((76.8620504 11.8037984, 76.8624142 11.8037239, 76.8624742 11.8042015, 76.8620849 11.8042533, 76.8620504 11.8037984))",0.21508737182909354,11.803996344928303,76.8622579509594,010180400025686226
6687e49336b1,Chamarajanagar,Narasamangala,2025.0,2.0,maize,2025-10-15,1.0,"POLYGON((76.8620310 11.8037587, 76.8627981 11.8036117, 76.8626609 11.8030994, 76.8620149 11.8032622, 76.8620310 11.8037587))",0.44374579749874876,11.803438794096104,76.86238202588412,010180344025686238
d5a6ddfabcbc,Chamarajanagar,Narasamangala,2025.0,2.0,maize,2025-10-15,1.0,"POLYGON((76.8607720 11.8039468, 76.8608220 11.8035694, 76.8619478 11.8033055, 76.8619820 11.8037246, 76.8607720 11.8039468))",0.5581252710977367,11.803635970951426,76.86139542125457,010180364025686140
7a9585b4f99a,Chamarajanagar,Narasamangala,2025.0,2.0,maize,2025-10-08,1.0,"POLYGON((76.8611207 11.8046146, 76.8608401 11.8043839, 76.8619669 11.8042028, 76.8619974 11.8046944, 76.8611207 11.8046146))",0.44545307808127,11.804460434677114,76.86153284264682,010180446025686153
4d537eb590f9,Chamarajanagar,Narasamangala,2025.0,2.0,maize,2025-10-15,1.0,"POLYGON((76.8608334 11.8043445, 76.8611029 11.8042989, 76.8610147 11.8039369, 76.8606895 11.8040032, 76.8608334 11.8043445))",0.1338243422249812,11.804139989713702,76.86090889740329,010180414025686091
f1cd7ea05e63,Chamarajanagar,Narasamangala,2025.0,2.0,maize,2025-11-12,1.0,"POLYGON((76.8633469 11.8019882, 76.8633275 11.8015786, 76.8628380 11.8015924, 76.8629516 11.8020781, 76.8633469 11.8019882))",0.24277274846367153,11.801803259174315,76.86310791962919,010180180025686311
543559aeb506,Chamarajanagar,Narasamangala,2025.0,2.0,maize,2025-10-15,1.0,"POLYGON((76.8608260 11.8026662, 76.8611291 11.8025316, 76.8608769 11.8018132, 76.8605762 11.8020837, 76.8608260 11.8026662))",0.2978521050513056,11.80226371399206,76.86085351395614,010180226025686085
7aa3b3a522ab,Chamarajanagar,Narasamangala,2025.0,1.0,maize,2025-09-10,1.0,"POLYGON((76.8603697 11.8022714, 76.8601025 11.8013859, 76.8606211 11.8011172, 76.8607861 11.8018165, 76.8603697 11.8022714))",0.5406004188961149,11.80165007615993,76.86045742473061,010180165025686046
319c028d010c,Chamarajanagar,Narasamangala,2025.0,1.0,horse_gram,2025-08-13,1.0,"POLYGON((76.8608226 11.8017565, 76.8606949 11.8010863, 76.8616454 11.8010115, 76.8614352 11.8017545, 76.8608226 11.8017565))",0.6634585851139138,11.801376713374129,76.86115619115516,010180138025686116
b82921ee6711,Chamarajanagar,Narasamangala,2025.0,1.0,maize,2025-09-10,1.0,"POLYGON((76.8602798 11.8037574, 76.8605336 11.8035858, 76.8601739 11.8026176, 76.8598570 11.8027794, 76.8602798 11.8037574))",0.4131173952168272,11.803172010102278,76.86020469188485,010180317025686020
2822548ff826,Chamarajanagar,Narasamangala,2025.0,2.0,horse_gram,2025-10-15,1.0,"POLYGON((76.8581937 11.8014355, 76.8586812 11.8014762, 76.8587174 11.8012852, 76.8581977 11.8012721, 76.8581937 11.8014355))",0.10818449065944205,11.801366752962368,76.8584545189501,010180137025685845
26bb6ac157bf,Chamarajanagar,Narasamangala,2025.0,1.0,horse_gram,2025-09-17,1.0,"POLYGON((76.8587617 11.8010824, 76.8593595 11.8010551, 76.8592985 11.8017650, 76.8587778 11.8018011, 76.8587617 11.8010824))",0.48045793663063757,11.801417691874466,76.85904874496497,010180142025685905
57c2a917c3f0,Chamarajanagar,Narasamangala,2025.0,1.0,maize,2025-09-12,1.0,"POLYGON((76.8592770 11.8009737, 76.8596830 11.8009678, 76.8598668 11.7999675, 76.8594322 11.7999836, 76.8592770 11.8009737))",0.5017225437532972,11.800467845810097,76.8595659900376,010180047025685957
4c36bb386735,Chamarajanagar,Narasamangala,2025.0,2.0,horse_gram,2025-10-16,1.0,"POLYGON((76.8588502 11.8007145, 76.8588988 11.8004014, 76.8593290 11.8004329, 76.8592612 11.8007794, 76.8588502 11.8007145))",0.1705343283391157,11.800581617892425,76.8590886697951,010180058025685909
e6122a411e29,Chamarajanagar,Narasamangala,2025.0,2.0,horse_gram,2025-11-13,1.0,"POLYGON((76.8588975 11.8004047, 76.8589062 11.8003288, 76.8583030 11.8003443, 76.8582920 11.8004280, 76.8588975 11.8004047))",0.057840276657736396,11.80037660013379,76.8585947129249,010180038025685859
de446450f5ab,Chamarajanagar,Narasamangala,2025.0,2.0,horse_gram,2025-11-12,1.0,"POLYGON((76.8588224 11.8006236, 76.8588827 11.8004165, 76.8582933 11.8004355, 76.8582631 11.8006331, 76.8588224 11.8006236))",0.13923429032294962,11.800526268128204,76.85856764967805,010180053025685857
47a9af6d61e0,Chamarajanagar,Narasamangala,2025.0,2.0,horse_gram,2025-10-23,1.0,"POLYGON((76.8588059 11.8010272, 76.8588210 11.8007529, 76.8592619 11.8007860, 76.8592036 11.8010006, 76.8588059 11.8010272))",0.12365920798185359,11.800889083868764,76.85901501828252,010180089025685902
0cceaeadea5f,Chamarajanagar,Narasamangala,2025.0,1.0,horse_gram,2025-09-18,1.0,"POLYGON((76.8587821 11.8009009, 76.8582437 11.8008451, 76.8582655 11.8006659, 76.8588428 11.8006514, 76.8587821 11.8009009))",0.14508729960872746,11.800765589726076,76.85854912164797,010180077025685855
8b41a4078c82,Chamarajanagar,Narasamangala,2025.0,2.0,horse_gram,2025-10-15,1.0,"POLYGON((76.8582232 11.8012064, 76.8587328 11.8012268, 76.8587660 11.8008897, 76.8582460 11.8008520, 76.8582232 11.8012064))",0.2154465936602197,11.801042944196187,76.85849001445611,010180104025685849
5b788709ce8d,Chamarajanagar,Narasamangala,2025.0,2.0,maize,2025-10-16,1.0,"POLYGON((76.8568811 11.8014138, 76.8567624 11.8009183, 76.8572607 11.8007867, 76.8575171 11.8013075, 76.8568811 11.8014138))",0.37415280223336234,11.801114490286649,76.85711329807266,010180111025685711
7e36b53a541d,Chamarajanagar,Narasamangala,2025.0,1.0,maize,2025-09-18,1.0,"POLYGON((76.8571591 11.8019147, 76.8570575 11.8014135, 76.8575755 11.8013433, 76.8577267 11.8018566, 76.8571591 11.8019147))",0.3415053778171177,11.801635338078087,76.85738211327164,010180164025685738
1a2154f42b72,Tumkur,Lakkenahalli,2025.0,1.0,finger_millet,2025-06-18,0.0,"POLYGON((77.0657206 13.2186708, 77.0649458 13.2187113, 77.0649210 13.2190188, 77.0655657 13.2190194, 77.0657206 13.2186708))",0.2768495033962332,13.218850285491726,77.06529633002556,010321885025706530
d199c84f619c,Tumkur,Lakkenahalli,2025.0,1.0,finger_millet,2025-07-16,0.0,"POLYGON((77.0656217 13.2183976, 77.0656220 13.2183036, 77.0658916 13.2182687, 77.0659375 13.2183751, 77.0656217 13.2183976))",0.03592949897903232,13.218337103117511,77.06577251474158,010321834025706577
29e43487c5db,Tumkur,Lakkenahalli,2025.0,1.0,finger_millet,2025-07-16,,"POLYGON((77.0654574 13.2184143, 77.0654353 13.2182877, 77.0652348 13.2183033, 77.0652033 13.2184525, 77.0654574 13.2184143))",0.03741193708699997,13.21836738614483,77.06533035983684,010321837025706533
18fa797230c9,Tumkur,Lakkenahalli,2025.0,1.0,finger_millet,2025-07-16,,"POLYGON((77.0649719 13.2183921, 77.0654202 13.2183415, 77.0654017 13.2182237, 77.0649780 13.2182661, 77.0649719 13.2183921))",0.06404131859928522,13.218306602701979,77.06519133895725,010321831025706519
3b4226d22255,Tumkur,Lakkenahalli,2025.0,1.0,finger_millet,2025-07-16,0.0,"POLYGON((77.0668800 13.2176943, 77.0667187 13.2177184, 77.0669078 13.2185158, 77.0670677 13.2184995, 77.0668800 13.2176943))",0.1587734850724287,13.218105693825976,77.0668933810059,010321811025706689
4a9fb843acaa,Tumkur,Lakkenahalli,2025.0,1.0,finger_millet,2025-07-16,,"POLYGON((77.0666788 13.2178774, 77.0665330 13.2178999, 77.0665648 13.2182305, 77.0667378 13.2182204, 77.0666788 13.2178774))",0.06523712777681417,13.21806142249024,77.06662979460926,010321806025706663
66432fc0d50a,Tumkur,Lakkenahalli,2025.0,1.0,finger_millet,2025-07-16,0.0,"POLYGON((77.0668200 13.2181940, 77.0667385 13.2181901, 77.0666939 13.2179035, 77.0667566 13.2179048, 77.0668200 13.2181940))",0.02469771054559824,13.21805420985517,77.06675342952872,010321805025706675
77b77b79e1e5,Tumkur,Lakkenahalli,2025.0,1.0,finger_millet,2025-07-08,0.0,"POLYGON((77.0668062 13.2168091, 77.0664257 13.2168176, 77.0665370 13.2177315, 77.0669172 13.2176607, 77.0668062 13.2168091))",0.4076317058292948,13.217256363036462,77.06666949212297,010321726025706667
1a1369fa5d3d,Tumkur,Lakkenahalli,2025.0,1.0,horse_gram,2025-07-09,0.0,"POLYGON((77.0691317 13.2164210, 77.0691404 13.2161798, 77.0681778 13.2162934, 77.0681715 13.2165424, 77.0691317 13.2164210))",0.2813340624608149,13.21635942189198,77.06865268881032,010321636025706865
cf00beb4038a,Tumkur,Lakkenahalli,2025.0,1.0,finger_millet,2025-08-01,1.0,"POLYGON((77.0657474 13.2185328, 77.0661658 13.2185132, 77.0661796 13.2183650, 77.0657193 13.2184039, 77.0657474 13.2185328))",0.07320191429738747,13.218452294408669,77.0659573047962,010321845025706596
050cda1c6bec,Tumkur,Lakkenahalli,2025.0,1.0,finger_millet,2025-08-01,1.0,"POLYGON((77.0662986 13.2182952, 77.0665383 13.2182890, 77.0665159 13.2181284, 77.0662580 13.2181284, 77.0662986 13.2182952))",0.0489130539493446,13.218209302286853,77.06640172453564,010321821025706640
e3b85f2bde33,Tumkur,Lakkenahalli,2025.0,1.0,sorghum,2025-07-31,1.0,"POLYGON((77.0669242 13.2178447, 77.0670506 13.2178222, 77.0670386 13.2176737, 77.0668850 13.2177021, 77.0669242 13.2178447))",0.02520000772701652,13.217758310826012,77.06697426749398,010321776025706697
2dc2b2c30aa3,Tumkur,Lakkenahalli,2025.0,1.0,sorghum,2025-08-01,1.0,"POLYGON((77.0670456 13.2176633, 77.0671110 13.2179103, 77.0673417 13.2179133, 77.0672669 13.2176228, 77.0670456 13.2176633))",0.07435957762381734,13.2177769802385,77.06719426573197,010321778025706719
f0110333f7f2,Tumkur,Lakkenahalli,2025.0,1.0,sorghum,2025-07-31,1.0,"POLYGON((77.0670932 13.2175578, 77.0672669 13.2175578, 77.0672096 13.2173091, 77.0669688 13.2172239, 77.0670932 13.2175578))",0.0676907536901067,13.217406186177163,77.06712851938539,010321741025706713
7c3f426ddbcb,Tumkur,Lakkenahalli,2025.0,1.0,finger_millet,2025-08-01,1.0,"POLYGON((77.0693010 13.2172771, 77.0695300 13.2172132, 77.0694821 13.2170079, 77.0691877 13.2170748, 77.0693010 13.2172771))",0.07024052886525531,13.217139630898712,77.06937232846025,010321714025706937
2bffc8efd87d,Tumkur,Lakkenahalli,2025.0,1.0,finger_millet,2025-07-09,0.0,"POLYGON((77.0690532 13.2168815, 77.0690482 13.2164487, 77.0683143 13.2165313, 77.0683522 13.2169893, 77.0690532 13.2168815))",0.3853607206148276,13.216711614583902,77.06868796788397,010321671025706869
1bec5e657403,Tumkur,Lakkenahalli,2025.0,1.0,horse_gram,2025-09-18,0.0,"POLYGON((77.0693074 13.2161880, 77.0693148 13.2163923, 77.0696282 13.2163991, 77.0696071 13.2161729, 77.0693074 13.2161880))",0.07915835502705779,13.216288762886279,77.06946703523165,010321629025706947
63e67bcbfde6,Tumkur,Lakkenahalli,2025.0,1.0,finger_millet,2025-06-26,0.0,"POLYGON((77.0696718 13.2161694, 77.0697308 13.2164008, 77.0719732 13.2162960, 77.0719728 13.2161067, 77.0696718 13.2161694))",0.575614939736471,13.216244255034491,77.07079747320172,010321624025707080
f8248c969617,Tumkur,Lakkenahalli,2025.0,1.0,sorghum,2025-08-15,1.0,"POLYGON((77.0691273 13.2170585, 77.0695303 13.2169977, 77.0694710 13.2168551, 77.0689899 13.2169308, 77.0691273 13.2170585))",0.07962428250948056,13.216958384000513,77.06927887551545,010321696025706928
85d81f35bff6,Tumkur,Lakkenahalli,2025.0,1.0,sorghum,2025-08-01,1.0,"POLYGON((77.0710585 13.2168297, 77.0713559 13.2168035, 77.0713552 13.2166740, 77.0709623 13.2167197, 77.0710585 13.2168297))",0.05163013687415618,13.216753598543482,77.07118405884103,010321675025707118
1d925b99484c,Tumkur,Lakkenahalli,2025.0,1.0,sorghum,2025-07-31,1.0,"POLYGON((77.0715021 13.2180406, 77.0714793 13.2179263, 77.0713308 13.2179332, 77.0713814 13.2180406, 77.0715021 13.2180406))",0.018025318819611766,13.217983105668734,77.07142332949616,010321798025707142
6a9336713b4e,Tumkur,Lakkenahalli,2025.0,1.0,sorghum,2025-09-18,0.0,"POLYGON((77.0704480 13.2168897, 77.0705710 13.2173754, 77.0728838 13.2172797, 77.0728110 13.2168897, 77.0704480 13.2168897))",1.2322671481029277,13.217109063369914,77.07163553811725,010321711025707164
289b0525c8d2,Tumkur,Lakkenahalli,2025.0,1.0,finger_millet,2025-07-10,0.0,"POLYGON((77.0706250 13.2163707, 77.0707323 13.2167020, 77.0690777 13.2168780, 77.0690804 13.2164337, 77.0706250 13.2163707))",0.7507470450956484,13.216601280424035,77.06984355462001,010321660025706984
67d3a8faaf4e,Tumkur,Lakkenahalli,2025.0,1.0,finger_millet,2025-07-10,0.0,"POLYGON((77.0724439 13.2166554, 77.0724228 13.2162914, 77.0706797 13.2163652, 77.0706740 13.2167236, 77.0724439 13.2166554))",0.7608331542457714,13.216509234117456,77.07155776630866,010321651025707156
c06c5a5164ad,Tumkur,Lakkenahalli,2025.0,1.0,sorghum,2025-09-19,1.0,"POLYGON((77.0706129 13.2173852, 77.0706616 13.2176747, 77.0715400 13.2176189, 77.0714924 13.2173143, 77.0706129 13.2173852))",0.31647659518301,13.217497912391016,77.07108034194823,010321750025707108
8b6252e038ff,Tumkur,Lakkenahalli,2025.0,1.0,finger_millet,2025-07-17,0.0,"POLYGON((77.0696316 13.2177990, 77.0697027 13.2180699, 77.0707005 13.2178960, 77.0706803 13.2177021, 77.0696316 13.2177990))",0.2923551054665216,13.21787007427638,77.07014867095319,010321787025707015
14c50b02de90,Tumkur,Lakkenahalli,2025.0,1.0,finger_millet,2025-07-10,0.0,"POLYGON((77.0688380 13.2178738, 77.0688524 13.2180824, 77.0695934 13.2180109, 77.0695518 13.2178134, 77.0688380 13.2178738))",0.1791656530309165,13.217945993809643,77.0692064363833,010321795025706921
3c4647c37823,Tumkur,Lakkenahalli,2025.0,1.0,sorghum,2025-09-18,0.0,"POLYGON((77.0692578 13.2178261, 77.0691924 13.2175791, 77.0684226 13.2176923, 77.0684176 13.2179289, 77.0692578 13.2178261))",0.2372097776112867,13.217757584838454,77.06882820949113,010321776025706883
c636b01c83a9,Tumkur,Lakkenahalli,2025.0,1.0,finger_millet,2025-07-17,0.0,"POLYGON((77.0676548 13.2184241, 77.0676069 13.2182580, 77.0687388 13.2181277, 77.0687327 13.2182948, 77.0676548 13.2184241))",0.2238681018419918,13.218275821303457,77.06818027977744,010321828025706818
33ac58070a40,Tumkur,Lakkenahalli,2025.0,1.0,finger_millet,2025-08-01,1.0,"POLYGON((77.0711963 13.2180513, 77.0711286 13.2179185, 77.0712748 13.2178806, 77.0713392 13.2180481, 77.0711963 13.2180513))",0.02762578128761399,13.217972762767594,77.0712366238935,010321797025707124
ce9cc7def3a8,Tumkur,Lakkenahalli,2025.0,1.0,finger_millet,2025-08-01,1.0,"POLYGON((77.0711662 13.2180060, 77.0712376 13.2179932, 77.0712352 13.2178966, 77.0711249 13.2179365, 77.0711662 13.2180060))",0.009730283420326226,13.217954432581251,77.07119144846982,010321795025707119
9fd80652278d,Tumkur,Lakkenahalli,2025.0,1.0,finger_millet,2025-08-01,1.0,"POLYGON((77.0711859 13.2180487, 77.0711511 13.2179724, 77.0712228 13.2179479, 77.0712684 13.2180507, 77.0711859 13.2180487))",0.00882192621940193,13.21800453651111,77.07120889230934,010321800025707121
32dfbe615577,Tumkur,Lakkenahalli,2025.0,1.0,finger_millet,2025-08-01,1.0,"POLYGON((77.0711403 13.2180615, 77.0709918 13.2180595, 77.0709459 13.2179192, 77.0711145 13.2179498, 77.0711403 13.2180615))",0.02324031778632273,13.217996379607898,77.07104502113656,010321800025707105
e582a7d0e3aa,Tumkur,Lakkenahalli,2025.0,1.0,sorghum,2025-08-28,1.0,"POLYGON((77.0705838 13.2184437, 77.0709402 13.2183693, 77.0708882 13.2180817, 77.0705456 13.2181597, 77.0705838 13.2184437))",0.1238036379391829,13.218264308987521,77.07074021371827,010321826025707074
26fee7f4b5d9,Tumkur,Lakkenahalli,2025.0,1.0,sorghum,2025-08-01,1.0,"POLYGON((77.0698130 13.2182540, 77.0701043 13.2182057, 77.0700859 13.2180151, 77.0697771 13.2180399, 77.0698130 13.2182540))",0.07395486998804286,13.21812829030039,77.06994185320863,010321813025706994
cf132b3032e7,Tumkur,Lakkenahalli,2025.0,1.0,finger_millet,2025-08-08,1.0,"POLYGON((77.0695816 13.2182224, 77.0696919 13.2182119, 77.0696400 13.2180575, 77.0695572 13.2180863, 77.0695816 13.2182224))",0.017702841097294936,13.218146975287569,77.06961964234516,010321815025706962
e071e49889f8,Tumkur,Lakkenahalli,2025.0,1.0,finger_millet,2025-07-31,1.0,"POLYGON((77.0695287 13.2182465, 77.0695813 13.2182400, 77.0695558 13.2181186, 77.0694911 13.2181026, 77.0695287 13.2182465))",0.00914967807526647,13.21817556860996,77.06953810659776,010321818025706954
740ad6dac34d,Tumkur,Lakkenahalli,2025.0,1.0,finger_millet,2025-08-01,1.0,"POLYGON((77.0693399 13.2182589, 77.0690130 13.2182710, 77.0689067 13.2181081, 77.0694063 13.2180814, 77.0693399 13.2182589))",0.08474924492023655,13.218173847144111,77.06916710437687,010321817025706917
07b7c0411736,Tumkur,Lakkenahalli,2025.0,1.0,finger_millet,2025-07-31,1.0,"POLYGON((77.0681353 13.2181695, 77.0683773 13.2181532, 77.0683535 13.2179446, 77.0681071 13.2179492, 77.0681353 13.2181695))",0.06308831458925808,13.218053954057478,77.06824214379282,010321805025706824
01c9ac2f5ac6,Chitradurga,Kanivehalli,2025.0,1.0,finger_millet,2025-08-30,0.0,"POLYGON((76.0647517 13.8791803, 76.0656224 13.8792919, 76.0656616 13.8803370, 76.0648976 13.8803530, 76.0647517 13.8791803))",1.0778829348272185,13.879779198949874,76.06522493074608,010387978025606522
3d3e567fdc45,Chitradurga,Kanivehalli,2025.0,2.0,finger_millet,2025-11-12,0.0,"POLYGON((76.0754011 13.9188014, 76.0754132 13.9191694, 76.0751111 13.9191164, 76.0750390 13.9187971, 76.0754011 13.9188014))",0.134912933772208,13.918965704097362,76.07524476205052,010391897025607524
f3a17b066961,Chamarajanagar,Kothalavadi,2025.0,2.0,horse_gram,2025-10-07,1.0,"POLYGON((76.8290908 11.8191201, 76.8285831 11.8184237, 76.8293801 11.8182330, 76.8295514 11.8186941, 76.8290908 11.8191201))",0.5645413742287964,11.818619697749343,76.82911628482626,010181862025682912
578f0a9f6bd5,Chamarajanagar,Kothalavadi,2025.0,2.0,maize,2025-11-13,1.0,"POLYGON((76.8337394 11.8067534, 76.8336233 11.8062890, 76.8345159 11.8060436, 76.8346996 11.8065985, 76.8337394 11.8067534))",0.6050164732720066,11.806419668183375,76.83416004153204,010180642025683416
190c280cbf63,Chamarajanagar,Kothalavadi,2025.0,2.0,maize,2025-11-06,1.0,"POLYGON((76.8326484 11.8064095, 76.8323349 11.8060931, 76.8333467 11.8059274, 76.8333877 11.8062218, 76.8326484 11.8064095))",0.35988613646982054,11.806159501384577,76.83290901917594,010180616025683291
72ffffb4ca38,Chamarajanagar,Kothalavadi,2025.0,2.0,horse_gram,2025-10-08,1.0,"POLYGON((76.8323436 11.8059894, 76.8321914 11.8058076, 76.8337390 11.8056264, 76.8338181 11.8058102, 76.8323436 11.8059894))",0.35792577973600903,11.805808234759073,76.83301827600629,010180581025683302
5d333a2b398b,Chamarajanagar,Kothalavadi,2025.0,1.0,maize,2025-09-11,1.0,"POLYGON((76.8360370 11.8002888, 76.8361916 11.8002192, 76.8360705 11.7997059, 76.8358670 11.7997670, 76.8360370 11.8002888))",0.12309872180399746,11.799985313664571,76.8360379792142,010179999025683604
29a5d7f04fd7,Chamarajanagar,Kothalavadi,2025.0,1.0,maize,2025-09-10,1.0,"POLYGON((76.8373862 11.8021244, 76.8371444 11.8015687, 76.8358962 11.8017689, 76.8361446 11.8023508, 76.8373862 11.8021244))",0.9160878245339904,11.801954173699373,76.8366382621564,010180195025683664
c85cfc3f320b,Chamarajanagar,Kothalavadi,2025.0,1.0,maize,2025-09-10,1.0,"POLYGON((76.8363538 11.8015957, 76.8362925 11.8012931, 76.8380768 11.8009380, 76.8381171 11.8013006, 76.8363538 11.8015957))",0.7307736749258402,11.801276908246896,76.8372342694682,010180128025683723
d58510bdbf3c,Chamarajanagar,Kothalavadi,2025.0,1.0,maize,2025-09-17,1.0,"POLYGON((76.8348337 11.8018086, 76.8351592 11.8017561, 76.8346889 11.8002770, 76.8345008 11.8002904, 76.8348337 11.8018086))",0.4797166497076369,11.80110263298678,76.83481398552507,010180110025683481
d921517a8e12,Chamarajanagar,Kothalavadi,2025.0,1.0,maize,2025-09-10,1.0,"POLYGON((76.8337451 11.8015733, 76.8333347 11.8004677, 76.8337632 11.8000006, 76.8342527 11.8016281, 76.8337451 11.8015733))",0.8824118476574803,11.800891641273036,76.83378128009541,010180089025683378
fde649923e0d,Chamarajanagar,Kothalavadi,2025.0,2.0,maize,2025-11-12,1.0,"POLYGON((76.8320123 11.8018851, 76.8321904 11.8018175, 76.8318866 11.8007975, 76.8317129 11.8008382, 76.8320123 11.8018851))",0.23865123871688473,11.80134016621486,76.83195184190551,010180134025683195
b0a85d0ce77e,Chamarajanagar,Kothalavadi,2025.0,1.0,maize,2025-09-11,1.0,"POLYGON((76.8332063 11.7979550, 76.8338423 11.7972488, 76.8335348 11.7970630, 76.8328264 11.7976498, 76.8332063 11.7979550))",0.46655731328869904,11.797498064841625,76.8333357761412,010179750025683334
2d2a5dcf753c,Chamarajanagar,Kothalavadi,2025.0,1.0,maize,2025-09-11,1.0,"POLYGON((76.8336109 11.7984355, 76.8332170 11.7980377, 76.8338829 11.7973196, 76.8342185 11.7978274, 76.8336109 11.7984355))",0.6387783841468391,11.797897061118896,76.83373163446606,010179790025683373
acbb5a95ab22,Chamarajanagar,Kothalavadi,2025.0,2.0,maize,2025-10-17,1.0,"POLYGON((76.8370951 11.7951654, 76.8377312 11.7949038, 76.8374864 11.7942641, 76.8368155 11.7945054, 76.8370951 11.7951654))",0.5910700891077464,11.794708697747264,76.83727882973034,010179471025683728
7ec1cf707195,Chamarajanagar,Kothalavadi,2025.0,2.0,maize,2025-11-20,1.0,"POLYGON((76.8372111 11.7955034, 76.8377513 11.7953291, 76.8376064 11.7950456, 76.8371045 11.7952061, 76.8372111 11.7955034))",0.20769956396719808,11.795272914505308,76.83741892272367,010179527025683742
c6715b76a581,Chamarajanagar,Kothalavadi,2025.0,1.0,maize,2025-08-07,1.0,"POLYGON((76.8372437 11.7956052, 76.8377094 11.7954266, 76.8378250 11.7957305, 76.8373620 11.7958799, 76.8372437 11.7956052))",0.1849823821546654,11.795658709384687,76.83753805785754,010179566025683754
aa5a8c6a50c9,Chamarajanagar,Kothalavadi,2025.0,2.0,maize,2025-11-13,1.0,"POLYGON((76.8434714 11.7920911, 76.8433695 11.7917524, 76.8436082 11.7916527, 76.8436971 11.7920367, 76.8434714 11.7920911))",0.10995538584737746,11.791879564945258,76.84353777062636,010179188025684354
60ba7503bd89,Chamarajanagar,Kothalavadi,2025.0,2.0,horse_gram,2025-11-12,1.0,"POLYGON((76.8417159 11.7912171, 76.8423714 11.7919267, 76.8415949 11.7920547, 76.8413967 11.7914318, 76.8417159 11.7912171))",0.5279044660970561,11.791687406248217,76.84180456454669,010179169025684180
7021f3bf8c5c,Chamarajanagar,Kothalavadi,2025.0,2.0,maize,2025-10-09,1.0,"POLYGON((76.8391678 11.7977561, 76.8393817 11.7986790, 76.8390679 11.7987424, 76.8387564 11.7978224, 76.8391678 11.7977561))",0.42307644705477887,11.798230242938391,76.83908735854432,010179823025683909
e2b18a3989ce,Chamarajanagar,Kothalavadi,2025.0,2.0,maize,2025-10-09,1.0,"POLYGON((76.8397901 11.7986268, 76.8397371 11.7977168, 76.8392382 11.7977601, 76.8394183 11.7985980, 76.8397901 11.7986268))",0.45946990937512294,11.798152542693826,76.83954578016566,010179815025683955
a2a987610da4,Chamarajanagar,Kothalavadi,2025.0,2.0,maize,2025-10-15,1.0,"POLYGON((76.8385874 11.7985845, 76.8386783 11.7988257, 76.8379246 11.7991224, 76.8378431 11.7988349, 76.8385874 11.7985845))",0.26697890377285194,11.79884583062709,76.83824954390442,010179885025683825
d16549a29422,Chamarajanagar,Kothalavadi,2025.0,2.0,horse_gram,2025-11-12,1.0,"POLYGON((76.8388255 11.8003968, 76.8388721 11.7996475, 76.8392805 11.7998428, 76.8392298 11.8002606, 76.8388255 11.8003968))",0.2874322302551905,11.800031761213937,76.83903318331801,010180003025683903
e1dc912d209d,Chamarajanagar,Kothalavadi,2025.0,1.0,maize,2025-09-19,1.0,"POLYGON((76.8392104 11.7976918, 76.8395825 11.7976711, 76.8395182 11.7965185, 76.8391906 11.7963462, 76.8392104 11.7976918))",0.5227183930464565,11.797071204339204,76.8393711819765,010179707025683937
bd2a58ed7a90,Chamarajanagar,Kothalavadi,2025.0,1.0,horse_gram,2025-09-11,1.0,"POLYGON((76.8414577 11.7984250, 76.8419271 11.7984703, 76.8421910 11.7970712, 76.8415328 11.7969787, 76.8414577 11.7984250))",0.9805081378835561,11.797695895455265,76.84178119408529,010179770025684178
c4c3b24fc858,Chamarajanagar,Kothalavadi,2025.0,2.0,maize,2025-11-08,1.0,"POLYGON((76.8435958 11.7974493, 76.8434530 11.7987630, 76.8432702 11.7987217, 76.8434178 11.7974102, 76.8435958 11.7974493))",0.29231388314055756,11.798088988740709,76.84343388980082,010179809025684343
55e58fbf2a45,Chamarajanagar,Kothalavadi,2025.0,2.0,maize,2025-11-13,1.0,"POLYGON((76.8467816 11.7978710, 76.8467172 11.7969681, 76.8469402 11.7968812, 76.8470726 11.7978487, 76.8467816 11.7978710))",0.2960587410572785,11.797410049665055,76.84688158885334,010179741025684688
0b6065285100,Koppal,Bikanhalli,2025.0,2.0,pigeon_pea,2026-01-15,1.0,"POLYGON((76.0605758 15.2801566, 76.0596736 15.2797261, 76.0599140 15.2780501, 76.0608186 15.2786549, 76.0605758 15.2801566))",1.8528114336553998,15.279138725273873,76.06023856372076,010527914025606024
437ecc6de1c5,Koppal,Bikanhalli,2025.0,2.0,pigeon_pea,2026-02-18,,"POLYGON((76.0544792 15.2688054, 76.0550760 15.2688636, 76.0551440 15.2685638, 76.0544658 15.2684693, 76.0544792 15.2688054))",0.2431718615047364,15.268671536609867,76.05478716092783,010526867025605479
659bd76017a9,Koppal,Bikanhalli,2026.0,3.0,pigeon_pea,2026-03-06,,"POLYGON((76.0570343 15.2787361, 76.0572194 15.2780375, 76.0567812 15.2778379, 76.0563074 15.2783823, 76.0570343 15.2787361))",0.5381011577880752,15.27827527739624,76.05682271181027,010527828025605682
503994ff8b42,Koppal,Bikanhalli,2025.0,2.0,maize,2026-01-14,,"POLYGON((76.0575503 15.2687779, 76.0572117 15.2687417, 76.0572358 15.2683274, 76.0575335 15.2683584, 76.0575503 15.2687779))",0.15766777381838887,15.268555811721653,76.05738285519307,010526856025605738
c133029a7746,Koppal,Bikanhalli,2025.0,2.0,pigeon_pea,2026-01-08,1.0,"POLYGON((76.0569156 15.2744203, 76.0561867 15.2743873, 76.0560362 15.2741751, 76.0569418 15.2741576, 76.0569156 15.2744203))",0.22980146933882037,15.274280604923932,76.0565338769358,010527428025605653
fb6f77c97d79,Koppal,Bikanhalli,2026.0,3.0,pigeon_pea,2026-03-06,,"POLYGON((76.0563219 15.2731890, 76.0564697 15.2731909, 76.0564630 15.2733432, 76.0563353 15.2733364, 76.0563219 15.2731890))",0.024512191372340186,15.273263059459909,76.0563978438388,010527326025605640
52f67dc7f53d,Koppal,Bikanhalli,2026.0,3.0,pigeon_pea,2026-03-06,,"POLYGON((76.0571047 15.2739927, 76.0559105 15.2740173, 76.0556164 15.2735512, 76.0569777 15.2734357, 76.0571047 15.2739927))",0.7935834903895056,15.273741643603769,76.05641621987985,010527374025605642
f3b35e753adc,Koppal,Bikanhalli,2026.0,3.0,pigeon_pea,2026-03-06,,"POLYGON((76.0558733 15.2743310, 76.0571637 15.2744432, 76.0571718 15.2742317, 76.0559225 15.2742149, 76.0558733 15.2743310))",0.24921298051857152,15.274308858238888,76.05659247241789,010527431025605659
cdb10d7cb0dd,Koppal,Bikanhalli,2025.0,2.0,pigeon_pea,2026-01-15,,"POLYGON((76.0580693 15.2687802, 76.0577297 15.2687575, 76.0577964 15.2682902, 76.0581253 15.2682940, 76.0580693 15.2687802))",0.19020513084051494,15.268532073193482,76.05793104470622,010526853025605793
392a94f5c3b9,Koppal,Bikanhalli,2025.0,2.0,pigeon_pea,2026-01-08,,"POLYGON((76.0567376 15.2747644, 76.0561566 15.2747508, 76.0560828 15.2745099, 76.0567446 15.2745251, 76.0567376 15.2747644))",0.17663722089864922,15.274634929799507,76.05643009837925,010527463025605643
5a17957a70ba,Koppal,Bikanhalli,2026.0,3.0,pigeon_pea,2026-03-06,,"POLYGON((76.0543732 15.2688048, 76.0544115 15.2685001, 76.0551175 15.2685360, 76.0551306 15.2687954, 76.0543732 15.2688048))",0.24526686628737498,15.268660445455541,76.05474816178767,010526866025605475
6f7905ae3038,Koppal,Bikanhalli,2025.0,2.0,pigeon_pea,2026-01-08,,"POLYGON((76.0570578 15.2739642, 76.0558904 15.2739416, 76.0557150 15.2734813, 76.0569351 15.2735040, 76.0570578 15.2739642))",0.6483910389335178,15.273721084996014,76.05639922569932,010527372025605640
8b9e790d1302,Koppal,Bikanhalli,2026.0,3.0,pigeon_pea,2026-03-06,,"POLYGON((76.0538281 15.2719800, 76.0538167 15.2723959, 76.0541362 15.2724350, 76.0541607 15.2721485, 76.0538281 15.2719800))",0.13820614988369528,15.272235060722778,76.053975961824,010527224025605398
bf1347ef2330,Tumkur,Honasigere,2025.0,1.0,finger_millet,2025-07-16,0.0,"POLYGON((77.0888325 13.2076255, 77.0888050 13.2073033, 77.0897834 13.2072207, 77.0898427 13.2075628, 77.0888325 13.2076255))",0.3994911294441906,13.207428467137904,77.08932150493683,010320743025708932
5fc4ebd1277e,Tumkur,Honasigere,2025.0,1.0,sorghum,2025-08-22,0.0,"POLYGON((77.0903989 13.2075452, 77.0905042 13.2075239, 77.0905109 13.2078830, 77.0904224 13.2078827, 77.0903989 13.2075452))",0.040628617951768524,13.207703365758242,77.09045933894714,010320770025709046
e1e4141c99a0,Tumkur,Honasigere,2025.0,1.0,finger_millet,2025-07-16,0.0,"POLYGON((77.0901642 13.2075954, 77.0901324 13.2074012, 77.0903916 13.2073712, 77.0903778 13.2075393, 77.0901642 13.2075954))",0.05178061370999571,13.207474651264885,77.09026264663845,010320747025709026
b925ad334cce,Tumkur,Honasigere,2025.0,1.0,finger_millet,2025-07-16,0.0,"POLYGON((77.0899185 13.2076561, 77.0898960 13.2073797, 77.0901183 13.2074087, 77.0901803 13.2075873, 77.0899185 13.2076561))",0.06700387568149313,13.207513085027953,77.09002084167648,010320751025709002
ef8214021010,Tumkur,Honasigere,2025.0,1.0,finger_millet,2025-07-16,0.0,"POLYGON((77.0907379 13.2074564, 77.0906118 13.2073480, 77.0902712 13.2073940, 77.0903480 13.2075461, 77.0907379 13.2074564))",0.0652610880134394,13.207439616163446,77.09048684510107,010320744025709049
bf012384df73,Tumkur,Honasigere,2025.0,1.0,finger_millet,2025-07-03,0.0,"POLYGON((77.0882478 13.2084144, 77.0884121 13.2084268, 77.0883987 13.2089419, 77.0882347 13.2089060, 77.0882478 13.2084144))",0.09937077135562522,13.208672409782997,77.08832395489551,010320867025708832
7a7c845c58dd,Chamarajanagar,Kothalavadi,2025.0,1.0,maize,2025-09-17,1.0,"POLYGON((76.8470304 11.7971355, 76.8469875 11.7968710, 76.8477911 11.7966728, 76.8477214 11.7970210, 76.8470304 11.7971355))",0.2733485536541958,11.79691873369918,76.84739507665874,010179692025684740
3f7b5aa935c9,Chamarajanagar,Kothalavadi,2025.0,2.0,maize,2025-11-20,1.0,"POLYGON((76.8469100 11.7968454, 76.8467162 11.7962766, 76.8464047 11.7963354, 76.8465938 11.7969412, 76.8469100 11.7968454))",0.2399024406295107,11.796602454715003,76.8466555120566,010179660025684666
525ded6bd46f,Chamarajanagar,Kothalavadi,2025.0,2.0,maize,2025-11-05,1.0,"POLYGON((76.8444652 11.7979324, 76.8448846 11.7978891, 76.8448538 11.7973603, 76.8444196 11.7973689, 76.8444652 11.7979324))",0.2820400833371586,11.797636496464799,76.844653372506,010179764025684465
04d5781d2463,Chamarajanagar,Kothalavadi,2025.0,2.0,horse_gram,2025-10-16,1.0,"POLYGON((76.8434483 11.7967273, 76.8434255 11.7964243, 76.8422218 11.7963200, 76.8423097 11.7965687, 76.8434483 11.7967273))",0.3804866143931861,11.796511042179526,76.84287325855725,010179651025684287
2f0175abdf1f,Chamarajanagar,Kothalavadi,2025.0,2.0,horse_gram,2025-10-17,1.0,"POLYGON((76.8427569 11.7959176, 76.8428797 11.7961122, 76.8433460 11.7960843, 76.8434124 11.7963836, 76.8423529 11.7962619, 76.8427569 11.7959176))",0.29219689665769627,11.796196598018629,76.84292375054244,010179620025684292
01a4e39f6766,Chamarajanagar,Kothalavadi,2025.0,1.0,horse_gram,2025-09-17,1.0,"POLYGON((76.8440357 11.7961099, 76.8443834 11.7960564, 76.8442660 11.7954460, 76.8439173 11.7954893, 76.8440357 11.7961099))",0.26510956030977584,11.795775605305542,76.84415015326448,010179578025684415
442628b9286f,Chamarajanagar,Kothalavadi,2025.0,1.0,maize,2025-09-12,1.0,"POLYGON((76.8441534 11.7972675, 76.8441651 11.7969235, 76.8451843 11.7968556, 76.8452269 11.7971372, 76.8441534 11.7972675))",0.3961857622686918,11.7970488565811,76.84466662634439,010179705025684467
6953d3a7e261,Chamarajanagar,Kothalavadi,2025.0,1.0,maize,2025-09-19,1.0,"POLYGON((76.8434962 11.7987758, 76.8437152 11.7987978, 76.8438520 11.7975415, 76.8436451 11.7974713, 76.8434962 11.7987758))",0.33640128344865833,11.798149733091574,76.84367605407233,010179815025684368
4ffd347115cf,Chamarajanagar,Kothalavadi,2025.0,1.0,maize,2025-09-03,1.0,"POLYGON((76.8427603 11.7985717, 76.8429943 11.7986498, 76.8431603 11.7973259, 76.8429206 11.7972327, 76.8427603 11.7985717))",0.39685153948134577,11.79794156311964,76.8429590917211,010179794025684296
5e9ab0ac8a3c,Tumkur,Honasigere,2025.0,1.0,sorghum,2025-06-11,1.0,"POLYGON((77.0906970 13.2097977, 77.0905646 13.2097866, 77.0905250 13.2092213, 77.0906789 13.2092402, 77.0906970 13.2097977))",0.09579670281402898,13.209504502163943,77.0906158819904,010320950025709062
1bb5c7b7b309,Tumkur,Honasigere,2025.0,1.0,sorghum,2025-07-23,1.0,"POLYGON((77.0909535 13.2092497, 77.0908881 13.2094928, 77.0909759 13.2094935, 77.0909535 13.2092497))",0.01282433636249502,13.209411988064252,77.09093917161226,010320941025709094
2b04bb79227a,Tumkur,Honasigere,2025.0,1.0,sorghum,2025-07-16,1.0,"POLYGON((77.0909377 13.2100993, 77.0910262 13.2100970, 77.0909790 13.2095069, 77.0908821 13.2095023, 77.0909377 13.2100993))",0.06586928860114664,13.20979720103847,77.09095579413253,010320980025709096
d6d0025b3d7a,Tumkur,Honasigere,2025.0,1.0,finger_millet,2025-07-22,1.0,"POLYGON((77.0908220 13.2100862, 77.0907225 13.2100862, 77.0907168 13.2095088, 77.0908033 13.2095072, 77.0908509 13.2099286, 77.0908220 13.2100862))",0.07625703874056222,13.209809553906743,77.09077543405209,010320981025709078
8a017cefd8fb,Tumkur,Honasigere,2025.0,1.0,horse_gram,2025-08-22,1.0,"POLYGON((77.0903295 13.2086814, 77.0904646 13.2086719, 77.0904522 13.2084757, 77.0903165 13.2084601, 77.0903295 13.2086814))",0.033834355963227224,13.20857236199784,77.09038936235046,010320857025709039
f1c9725b2459,Tumkur,Honasigere,2025.0,1.0,finger_millet,2025-08-01,1.0,"POLYGON((77.0906749 13.2082437, 77.0908080 13.2082401, 77.0908093 13.2080974, 77.0906702 13.2080550, 77.0906749 13.2082437))",0.026982321148348733,13.208158043890535,77.09073747355677,010320816025709074
d00764afed61,Tumkur,Honasigere,2025.0,1.0,horse_gram,2025-08-14,0.0,"POLYGON((77.0893123 13.2095676, 77.0893093 13.2096603, 77.0889626 13.2096051, 77.0890132 13.2095359, 77.0893123 13.2095676))",0.03271504732659241,13.209594057715782,77.08915443002142,010320959025708915
d4d428d6e107,Tumkur,Honasigere,2025.0,1.0,finger_millet,2025-07-17,0.0,"POLYGON((77.0900053 13.2096586, 77.0901773 13.2096482, 77.0901894 13.2097970, 77.0900030 13.2097977, 77.0900053 13.2096586))",0.030944213359230612,13.20972630029401,77.090094837835,010320973025709009
eef0c22a0601,Tumkur,Honasigere,2025.0,1.0,finger_millet,2025-07-17,0.0,"POLYGON((77.0900254 13.2095304, 77.0901709 13.2095186, 77.0901766 13.2096355, 77.0900057 13.2096524, 77.0900254 13.2095304))",0.022533759313464196,13.20958584260047,77.09009425013677,010320959025709009
169efa40ea9a,Tumkur,Honasigere,2025.0,1.0,finger_millet,2025-07-08,0.0,"POLYGON((77.0901609 13.2092164, 77.0901673 13.2095088, 77.0900207 13.2095202, 77.0899631 13.2092363, 77.0901609 13.2092164))",0.060063447861915344,13.209363193791738,77.09007737358712,010320936025709008
ff7bc5fc1852,Tumkur,Honasigere,2025.0,1.0,sorghum,2025-09-18,0.0,"POLYGON((77.0896298 13.2091736, 77.0896499 13.2093267, 77.0899644 13.2093286, 77.0899084 13.2091778, 77.0896298 13.2091736))",0.05385420378456581,13.209253251592962,77.0897880977272,010320925025708979
ae3838f641bf,Tumkur,Honasigere,2025.0,1.0,finger_millet,2025-07-16,1.0,"POLYGON((77.0896791 13.2085684, 77.0896794 13.2088527, 77.0898947 13.2089007, 77.0898759 13.2085609, 77.0896791 13.2085684))",0.07680939422057534,13.208723125598619,77.08978530059714,010320872025708979
f7eec1604e66,Tumkur,Honasigere,2025.0,1.0,sorghum,2025-09-17,0.0,"POLYGON((77.0898685 13.2082042, 77.0898772 13.2085511, 77.0896171 13.2085596, 77.0896459 13.2082234, 77.0898685 13.2082042))",0.09864617398405867,13.208389027441775,77.08975281337992,010320839025708975
d300d129df66,Tumkur,Honasigere,2025.0,1.0,sorghum,2025-08-01,1.0,"POLYGON((77.0905806 13.2086249, 77.0906735 13.2086367, 77.0906705 13.2084190, 77.0905465 13.2084477, 77.0905806 13.2086249))",0.025856118089650357,13.20852664663105,77.09061901296748,010320853025709062
3afaa7235d94,Tumkur,Honasigere,2025.0,1.0,finger_millet,2025-08-20,1.0,"POLYGON((77.0907610 13.2107237, 77.0906467 13.2107074, 77.0906594 13.2102263, 77.0907449 13.2102292, 77.0907610 13.2107237))",0.05838546915534689,13.210483366970285,77.09070324677087,010321048025709070
8e9e2b37bfb3,Tumkur,Honasigere,2025.0,1.0,sorghum,2025-07-17,1.0,"POLYGON((77.0906631 13.2102171, 77.0906051 13.2102145, 77.0906148 13.2097990, 77.0906993 13.2098137, 77.0907275 13.2101055, 77.0906631 13.2102171))",0.048336496544368245,13.210010993929606,77.09065991943888,010321001025709066
d020fadff58c,Tumkur,Honasigere,2025.0,1.0,finger_millet,2025-07-24,1.0,"POLYGON((77.0906397 13.2106992, 77.0905666 13.2106773, 77.0905636 13.2102210, 77.0904717 13.2101992, 77.0904569 13.2097977, 77.0906058 13.2098010, 77.0906055 13.2102298, 77.0906501 13.2102312, 77.0906397 13.2106992))",0.11429171464471372,13.210176284299846,77.09056252516436,010321018025709056
b4ece6c7f697,Tumkur,Honasigere,2025.0,1.0,sorghum,2025-06-20,1.0,"POLYGON((77.0905461 13.2106767, 77.0904700 13.2106584, 77.0904683 13.2102145, 77.0905508 13.2102236, 77.0905461 13.2106767))",0.04263899483761963,13.210440357183336,77.09050897760429,010321044025709051
e7e670f152b4,Tumkur,Honasigere,2025.0,1.0,finger_millet,2025-07-16,1.0,"POLYGON((77.0904623 13.2102227, 77.0903510 13.2102070, 77.0903674 13.2106241, 77.0904687 13.2106516, 77.0904623 13.2102227))",0.053582426969527065,13.210422943199061,77.09041253811306,010321042025709041
a861f7c501af,Tumkur,Honasigere,2025.0,1.0,finger_millet,2025-07-23,1.0,"POLYGON((77.0903463 13.2102031, 77.0902796 13.2102041, 77.0901357 13.2102817, 77.0901787 13.2104384, 77.0903496 13.2104172, 77.0903463 13.2102031))",0.04678919097196706,13.210323917911122,77.09025589496369,010321032025709026
8fbe49289acd,Tumkur,Honasigere,2025.0,1.0,finger_millet,2025-06-18,1.0,"POLYGON((77.0903540 13.2104489, 77.0903520 13.2106215, 77.0901196 13.2105674, 77.0901592 13.2104534, 77.0903540 13.2104489))",0.03729041749720546,13.2105261018286,77.09025248795103,010321053025709025
e59a94ea9fbc,Tumkur,Honasigere,2025.0,1.0,finger_millet,2025-08-13,1.0,"POLYGON((77.0901357 13.2104698, 77.0901103 13.2105611, 77.0899088 13.2105239, 77.0899178 13.2104694, 77.0901357 13.2104698))",0.01872166563380137,13.210506655289446,77.09002718938108,010321051025709003
ba4b7175f032,Tumkur,Honasigere,2025.0,1.0,finger_millet,2025-06-18,1.0,"POLYGON((77.0901398 13.2104622, 77.0899181 13.2104531, 77.0899222 13.2104185, 77.0901257 13.2104179, 77.0901398 13.2104622))",0.010034735645619785,13.21043827815961,77.09003071208095,010321044025709003
e813b58813e7,Tumkur,Honasigere,2025.0,1.0,finger_millet,2025-07-16,1.0,"POLYGON((77.0901176 13.2102821, 77.0901468 13.2104015, 77.0899218 13.2104048, 77.0899403 13.2102834, 77.0901176 13.2102821))",0.029049206718865895,13.210345329083964,77.09003154373536,010321035025709003
5bcc9d33e84e,Tumkur,Honasigere,2025.0,1.0,horse_gram,2025-08-08,1.0,"POLYGON((77.0906832 13.2088492, 77.0908418 13.2088808, 77.0908345 13.2086654, 77.0906893 13.2086422, 77.0906832 13.2088492))",0.03841457856101684,13.208761011833616,77.09076257034887,010320876025709076
5f93ab0b15ba,Tumkur,Honasigere,2025.0,1.0,finger_millet,2025-07-31,1.0,"POLYGON((77.0904921 13.2088008, 77.0905931 13.2088296, 77.0905947 13.2086863, 77.0904821 13.2086765, 77.0904921 13.2088008))",0.017028494144910946,13.208747255731499,77.09054186733297,010320875025709054
8b993e0c7cd0,Tumkur,Honasigere,2025.0,1.0,pigeon_pea,2025-08-29,1.0,"POLYGON((77.0903560 13.2087405, 77.0904640 13.2087454, 77.0904720 13.2086014, 77.0903453 13.2085498, 77.0903560 13.2087405))",0.023478283830404085,13.208656485041121,77.0904068367799,010320866025709041
e727ec1cc96c,Tumkur,Honasigere,2025.0,1.0,finger_millet,2025-08-01,1.0,"POLYGON((77.0903245 13.2087662, 77.0904613 13.2087493, 77.0904475 13.2085668, 77.0902953 13.2085884, 77.0903245 13.2087662))",0.031695529521955326,13.208666019153819,77.0903821371324,010320867025709038
08d712c3115f,Koppal,Bikanhalli,2026.0,3.0,pigeon_pea,2026-03-06,,"POLYGON((76.0587288 15.2764437, 76.0584750 15.2764013, 76.0582916 15.2770546, 76.0586497 15.2770776, 76.0587288 15.2764437))",0.23890517901472993,15.276761362561295,76.05853158032328,010527676025605853
f26ffc9290e3,Tumkur,Honasigere,2025.0,1.0,sorghum,2025-08-01,1.0,"POLYGON((77.0901354 13.2087930, 77.0902283 13.2087911, 77.0902279 13.2086690, 77.0901347 13.2086693, 77.0901354 13.2087930))",0.013702269428346849,13.208730554213032,77.09018148389647,010320873025709018
b7cc0cb333b1,Tumkur,Honasigere,2025.0,1.0,finger_millet,2025-08-01,1.0,"POLYGON((77.0901485 13.2089474, 77.0902843 13.2089735, 77.0902672 13.2088090, 77.0901146 13.2088008, 77.0901485 13.2089474))",0.026347105846776218,13.208881074368952,77.09020490691398,010320888025709020
31e5445a6a61,Tumkur,Honasigere,2025.0,1.0,sorghum,2025-08-01,1.0,"POLYGON((77.0899145 13.2090071, 77.0900593 13.2090055, 77.0900546 13.2088541, 77.0899151 13.2088508, 77.0899145 13.2090071))",0.02621542882736011,13.208929857935612,77.08998549695347,010320893025708999
c82c5f792bed,Tumkur,Honasigere,2025.0,1.0,sorghum,2025-07-31,1.0,"POLYGON((77.0898836 13.2083044, 77.0900114 13.2083044, 77.0900103 13.2081467, 77.0898876 13.2081487, 77.0898836 13.2083044))",0.023509513458464165,13.208226571680902,77.08994836308376,010320823025708995
99d26bcc3f56,Tumkur,Honasigere,2025.0,1.0,sorghum,2025-08-01,1.0,"POLYGON((77.0900492 13.2081862, 77.0902534 13.2081732, 77.0902253 13.2078898, 77.0900278 13.2078990, 77.0900492 13.2081862))",0.06898673148920707,13.20803789828879,77.0901387885204,010320804025709014
de48059837c8,Tumkur,Honasigere,2025.0,1.0,finger_millet,2025-07-31,1.0,"POLYGON((77.0898782 13.2080638, 77.0900137 13.2080406, 77.0900090 13.2078060, 77.0898642 13.2078164, 77.0898782 13.2080638))",0.04067207316214041,13.207930520418065,77.08994056050781,010320793025708994
549efe305d43,Koppal,Bikanhalli,2026.0,3.0,pigeon_pea,2026-03-06,,"POLYGON((76.0605292 15.2800033, 76.0606375 15.2781268, 76.0597645 15.2780346, 76.0597896 15.2798108, 76.0605292 15.2800033))",1.7556921778838595,15.278970017203369,76.06018531523344,010527897025606019
c5aeec79c618,Tumkur,Mulukunte,2025.0,1.0,finger_millet,2025-06-11,1.0,"POLYGON((77.0970642 13.2090081, 77.0969258 13.2090933, 77.0965901 13.2079049, 77.0967350 13.2078500, 77.0970642 13.2090081))",0.22705396198607436,13.208465574242272,77.09682885868646,010320847025709683
cdb6c8b3e93e,Tumkur,Mulukunte,2025.0,1.0,finger_millet,2025-06-18,1.0,"POLYGON((77.0969036 13.2091103, 77.0967497 13.2091922, 77.0964141 13.2079470, 77.0965633 13.2079013, 77.0969036 13.2091103))",0.2486929719744132,13.208546686964272,77.09665982454244,010320855025709666
5d06e64f0760,Tumkur,Mulukunte,2025.0,1.0,finger_millet,2025-07-23,1.0,"POLYGON((77.0967313 13.2091971, 77.0966274 13.2092591, 77.0965972 13.2092373, 77.0965697 13.2092683, 77.0962756 13.2080041, 77.0964051 13.2079600, 77.0967313 13.2091971))",0.24013610437383426,13.208634397164925,77.09650214418524,010320863025709650
7b62b9390eb1,Chamarajanagar,Kothalavadi,2025.0,1.0,maize,2025-09-11,1.0,"POLYGON((76.8409270 11.7965894, 76.8409327 11.7964634, 76.8413153 11.7965550, 76.8413605 11.7968208, 76.8409270 11.7965894))",0.0924798660210395,11.796617228152376,76.84115565255581,010179662025684116
163bbee2224c,Chamarajanagar,Kothalavadi,2025.0,1.0,maize,2025-09-11,1.0,"POLYGON((76.8409270 11.7965894, 76.8409327 11.7964634, 76.8413153 11.7965550, 76.8413605 11.7968208, 76.8409270 11.7965894))",0.0924798660210395,11.796617228152376,76.84115565255581,010179662025684116
4ff608b424f9,Chamarajanagar,Kothalavadi,2025.0,2.0,maize,2025-10-16,1.0,"POLYGON((76.8407674 11.7964306, 76.8407520 11.7957771, 76.8405431 11.7957689, 76.8405478 11.7964082, 76.8407674 11.7964306))",0.16667353126084586,11.796098887064877,76.8406529915586,010179610025684065
226d10d214da,Chamarajanagar,Kothalavadi,2025.0,2.0,maize,2025-10-16,1.0,"POLYGON((76.8405103 11.7976318, 76.8406886 11.7976439, 76.8407004 11.7967702, 76.8405139 11.7967309, 76.8405103 11.7976318))",0.19522977446568907,11.797190774412861,76.84060287825058,010179719025684060
55793f40539d,Chamarajanagar,Kothalavadi,2025.0,1.0,maize,2025-09-11,1.0,"POLYGON((76.8401344 11.7966856, 76.8404784 11.7967056, 76.8404831 11.7976252, 76.8401720 11.7976213, 76.8401344 11.7966856))",0.36582224414990794,11.797151712686414,76.84031635693533,010179715025684032
0e8cbbdb5e67,Chamarajanagar,Kothalavadi,2025.0,2.0,maize,2025-10-16,1.0,"POLYGON((76.8407674 11.7964306, 76.8407520 11.7957771, 76.8405431 11.7957689, 76.8405478 11.7964082, 76.8407674 11.7964306))",0.16667353126084586,11.796098887064877,76.8406529915586,010179610025684065
486f9ab1fefe,Tumkur,Mulukunte,2025.0,1.0,finger_millet,2025-07-16,1.0,"POLYGON((77.0972396 13.2089817, 77.0970304 13.2090740, 77.0977740 13.2105341, 77.0979929 13.2102974, 77.0977405 13.2096942, 77.0972396 13.2089817))",0.5768425427137271,13.209743690845764,77.09754272064626,010320974025709754
c2a8ddbaf895,Tumkur,Mulukunte,2025.0,1.0,finger_millet,2025-06-18,1.0,"POLYGON((77.0969841 13.2090740, 77.0966847 13.2092921, 77.0971601 13.2102922, 77.0974166 13.2108340, 77.0977314 13.2105625, 77.0969841 13.2090740))",0.7739438691014813,13.209953195554135,77.09720980202992,010320995025709721
e281ede79a47,Tumkur,Mulukunte,2025.0,1.0,finger_millet,2025-07-16,1.0,"POLYGON((77.0965972 13.2092705, 77.0964436 13.2093956, 77.0972714 13.2109920, 77.0974028 13.2108784, 77.0971497 13.2103425, 77.0971229 13.2103363, 77.0971024 13.2103088, 77.0965972 13.2092705))",0.3855976590075132,13.210124527443396,77.0969226923687,010321012025709692
555c5bc2fb4d,Tumkur,Mulukunte,2025.0,1.0,finger_millet,2025-07-17,1.0,"POLYGON((77.0964181 13.2094497, 77.0961777 13.2097200, 77.0969127 13.2112064, 77.0972362 13.2110051, 77.0964181 13.2094497))",0.7333319563476101,13.210359174567326,77.09669541096045,010321036025709670
ae72b1d11977,Tumkur,Mulukunte,2025.0,1.0,finger_millet,2025-06-19,1.0,"POLYGON((77.0961586 13.2097804, 77.0958780 13.2100503, 77.0964906 13.2112172, 77.0968486 13.2111924, 77.0961586 13.2097804))",0.6084772945077553,13.210545267442814,77.09634227395728,010321055025709634
67bf458c79cb,Tumkur,Mulukunte,2025.0,1.0,finger_millet,2025-07-16,1.0,"POLYGON((77.0951464 13.2091044, 77.0948752 13.2091508, 77.0951743 13.2104002, 77.0954458 13.2102720, 77.0951464 13.2091044))",0.424362301537784,13.209739380425848,77.09516077429834,010320974025709516
d953ac92900b,Tumkur,Mulukunte,2025.0,1.0,finger_millet,2025-06-19,1.0,"POLYGON((77.0954938 13.2112632, 77.0946305 13.2112982, 77.0945393 13.2106760, 77.0951924 13.2106019, 77.0954938 13.2112632))",0.5958847487222214,13.21097315498585,77.09497338059697,010321097025709497
046df0b853a0,Tumkur,Mulukunte,2025.0,1.0,finger_millet,2025-07-16,1.0,"POLYGON((77.0953610 13.2123854, 77.0953158 13.2123064, 77.0951702 13.2122695, 77.0949822 13.2122643, 77.0949677 13.2123870, 77.0953610 13.2123854))",0.047252907147959704,13.212332131215193,77.09514369913346,010321233025709514
14010229bdf1,Tumkur,Mulukunte,2025.0,1.0,finger_millet,2025-07-16,1.0,"POLYGON((77.0949228 13.2129393, 77.0953929 13.2128567, 77.0953892 13.2126025, 77.0953624 13.2124083, 77.0949855 13.2124109, 77.0949228 13.2129393))",0.2506969907868016,13.212662453848548,77.09516370511489,010321266025709516
0d4510b572d3,Tumkur,Mulukunte,2025.0,1.0,sorghum,2025-08-22,0.0,"POLYGON((77.0923791 13.2143291, 77.0930235 13.2144035, 77.0930852 13.2140647, 77.0923160 13.2139733, 77.0923791 13.2143291))",0.29406078228002747,13.214187535507548,77.09270052868209,010321419025709270
c0cbda4454ee,Tumkur,Mulukunte,2025.0,1.0,horse_gram,2025-08-23,,"POLYGON((77.0923744 13.2143523, 77.0931485 13.2142697, 77.0931626 13.2145589, 77.0924337 13.2146888, 77.0923744 13.2143523))",0.2864170360621934,13.214467575714393,77.09276907117746,010321447025709277
2ed1a129e773,Tumkur,Mulukunte,2025.0,1.0,finger_millet,2025-06-25,0.0,"POLYGON((77.0931764 13.2140775, 77.0930295 13.2146415, 77.0937768 13.2147260, 77.0939096 13.2142260, 77.0931764 13.2140775))",0.49148658040064436,13.21441642378493,77.09346574786146,010321442025709347
756e23699093,Tumkur,Mulukunte,2025.0,1.0,finger_millet,2025-06-25,,"POLYGON((77.0929782 13.2150074, 77.0930188 13.2145002, 77.0937933 13.2147374, 77.0935918 13.2152447, 77.0929782 13.2150074))",0.4562507515176114,13.214865334796116,77.09335346737005,010321487025709335
b2be92990cb0,Tumkur,Mulukunte,2025.0,1.0,finger_millet,2025-07-31,1.0,"POLYGON((77.0939220 13.2118961, 77.0940042 13.2119281, 77.0940062 13.2117029, 77.0939069 13.2117274, 77.0939220 13.2118961))",0.021378601114647833,13.211810290423255,77.09396189646496,010321181025709396
d5affcda81b4,Tumkur,Mulukunte,2025.0,1.0,finger_millet,2025-08-02,1.0,"POLYGON((77.0940377 13.2118736, 77.0941031 13.2119082, 77.0940839 13.2116892, 77.0939948 13.2117045, 77.0940377 13.2118736))",0.017612424480321933,13.211787328151186,77.0940555716652,010321179025709406
9a5fd6c5028e,Tumkur,Mulukunte,2025.0,1.0,finger_millet,2025-07-31,1.0,"POLYGON((77.0940209 13.2118805, 77.0940880 13.2118831, 77.0940927 13.2117434, 77.0940075 13.2117463, 77.0940209 13.2118805))",0.01248875673869326,13.211810570772256,77.09405243429148,010321181025709405
731724ac2a7d,Tumkur,Mulukunte,2025.0,1.0,finger_millet,2025-07-26,1.0,"POLYGON((77.0941044 13.2118534, 77.0941755 13.2118612, 77.0941634 13.2115674, 77.0940836 13.2115208, 77.0941044 13.2118534))",0.027774731058518853,13.211698083838085,77.09413087292144,010321170025709413
a6b93de1f480,Tumkur,Mulukunte,2025.0,1.0,finger_millet,2025-07-31,1.0,"POLYGON((77.0941078 13.2118798, 77.0941815 13.2118971, 77.0941661 13.2117607, 77.0940856 13.2117535, 77.0941078 13.2118798))",0.01186479675153731,13.211821682324503,77.09413563762632,010321182025709414
f1f9948b39c9,Tumkur,Mulukunte,2025.0,1.0,finger_millet,2025-07-31,1.0,"POLYGON((77.0941788 13.2118573, 77.0942502 13.2118586, 77.0942502 13.2117127, 77.0941684 13.2116846, 77.0941788 13.2118573))",0.01453157794753255,13.211776453930234,77.09421088829036,010321178025709421
fb3509653e89,Tumkur,Mulukunte,2025.0,1.0,pigeon_pea,2025-08-01,1.0,"POLYGON((77.0944028 13.2123430, 77.0945262 13.2123090, 77.0945134 13.2121608, 77.0943998 13.2121432, 77.0944028 13.2123430))",0.024785569803440623,13.212240690187421,77.09445773462025,010321224025709446
38c28bae3786,Tumkur,Mulukunte,2025.0,1.0,sorghum,2025-07-31,1.0,"POLYGON((77.0946204 13.2125512, 77.0947444 13.2125685, 77.0947421 13.2123939, 77.0945859 13.2124181, 77.0946204 13.2125512))",0.025921375183526912,13.212479459462125,77.09467586849279,010321248025709468
db58d1a78a18,Tumkur,Mulukunte,2025.0,1.0,finger_millet,2025-08-01,1.0,"POLYGON((77.0948249 13.2127216, 77.0949252 13.2127392, 77.0949490 13.2126044, 77.0948417 13.2125551, 77.0948249 13.2127216))",0.019544226153224143,13.212653269307905,77.0948837355134,010321265025709488
acc8efc83a2f,Tumkur,Mulukunte,2025.0,1.0,sorghum,2025-07-31,1.0,"POLYGON((77.0946261 13.2131201, 77.0948631 13.2131577, 77.0949111 13.2129230, 77.0946388 13.2129139, 77.0946261 13.2131201))",0.06812771501740351,13.21302671212788,77.09476309530092,010321303025709476
ad56757e520e,Tumkur,Mulukunte,2025.0,2.0,finger_millet,2025-11-05,1.0,"POLYGON((77.0944910 13.2138705, 77.0945634 13.2138882, 77.0945714 13.2137618, 77.0944749 13.2137501, 77.0944910 13.2138705))",0.012420753998671038,13.213814779374301,77.09452565423803,010321381025709453
8fb857085559,Tumkur,Mulukunte,2025.0,1.0,sorghum,2025-09-05,1.0,"POLYGON((77.0946435 13.2141206, 77.0947511 13.2141398, 77.0947921 13.2139822, 77.0946687 13.2139828, 77.0946435 13.2141206))",0.020810518153748132,13.214055261774156,77.09471547040228,010321406025709472
78ef85590e30,Tumkur,Mulukunte,2025.0,1.0,finger_millet,2025-07-09,0.0,"POLYGON((77.0927278 13.2135751, 77.0930768 13.2136218, 77.0930409 13.2140295, 77.0927298 13.2139975, 77.0927278 13.2135751))",0.16495403042428078,13.213801894980852,77.0928932961756,010321380025709289
334552a8d0ae,Tumkur,Mulukunte,2025.0,1.0,horse_gram,2025-09-17,0.0,"POLYGON((77.0936142 13.2138115, 77.0933343 13.2137586, 77.0933755 13.2132132, 77.0935797 13.2134022, 77.0936142 13.2138115))",0.13895678694220567,13.213554929101772,77.09346851493645,010321355025709347
9116eb6819b9,Tumkur,Mulukunte,2025.0,1.0,sorghum,2025-09-10,0.0,"POLYGON((77.0936099 13.2136868, 77.0936203 13.2132566, 77.0938586 13.2132083, 77.0938291 13.2137899, 77.0936099 13.2136868))",0.13938213319784676,13.213483663488873,77.0937353416456,010321348025709374
37f2f346b5be,Tumkur,Mulukunte,2025.0,1.0,finger_millet,2025-07-09,0.0,"POLYGON((77.0938650 13.2141669, 77.0939860 13.2141995, 77.0940031 13.2137452, 77.0938365 13.2137468, 77.0938650 13.2141669))",0.07525118437221506,13.213953053930332,77.09392360565947,010321395025709392
6b6a49584c47,Tumkur,Mulukunte,2025.0,1.0,finger_millet,2025-07-09,,"POLYGON((77.0938563 13.2136571, 77.0939951 13.2136629, 77.0939897 13.2131841, 77.0938570 13.2132223, 77.0938563 13.2136571))",0.07437367939760324,13.213433102973148,77.09392564313134,010321343025709393
7d07c36ef307,Tumkur,Mulukunte,2025.0,1.0,horse_gram,2025-09-09,0.0,"POLYGON((77.0941074 13.2131263, 77.0939924 13.2131489, 77.0940045 13.2142031, 77.0941165 13.2142358, 77.0941074 13.2131263))",0.14706623858525114,13.213675723896658,77.09405565601779,010321368025709406
530704054813,Tumkur,Mulukunte,2025.0,1.0,finger_millet,2025-07-10,0.0,"POLYGON((77.0945379 13.2141020, 77.0944038 13.2140778, 77.0943381 13.2143059, 77.0945208 13.2143223, 77.0945379 13.2141020))",0.04357197460866814,13.214207323921336,77.0944483438069,010321421025709445
57e3c3c9da66,Tumkur,Mulukunte,2025.0,1.0,finger_millet,2025-07-10,0.0,"POLYGON((77.0943867 13.2139215, 77.0943870 13.2140615, 77.0945446 13.2140941, 77.0945517 13.2139609, 77.0943867 13.2139215))",0.026542510509145866,13.214008854272683,77.09446700954489,010321401025709447
8e84d4eb4f4d,Tumkur,Mulukunte,2025.0,1.0,sorghum,2025-08-14,0.0,"POLYGON((77.0941098 13.2139378, 77.0941121 13.2136770, 77.0943686 13.2136943, 77.0943646 13.2140141, 77.0941098 13.2139378))",0.08912147888751457,13.213831493859203,77.09424311357996,010321383025709424
e115695ebd86,Tumkur,Mulukunte,2025.0,1.0,finger_millet,2025-07-16,1.0,"POLYGON((77.0946526 13.2133101, 77.0946536 13.2131929, 77.0948645 13.2131632, 77.0949060 13.2129677, 77.0953986 13.2128917, 77.0954643 13.2130121, 77.0952309 13.2131146, 77.0952142 13.2132262, 77.0949597 13.2132438, 77.0946526 13.2133101))",0.1914630123503454,13.213092000742371,77.09506959501083,010321309025709507
50b145fa40aa,Tumkur,Mulukunte,2025.0,1.0,sorghum,2025-07-15,1.0,"POLYGON((77.0951089 13.2135794, 77.0950358 13.2139224, 77.0946978 13.2139596, 77.0947129 13.2136718, 77.0951089 13.2135794))",0.1352980439219051,13.21377882068621,77.09489384497404,010321378025709489
80236e6857e9,Chamarajanagar,Guruvinapura,2025.0,1.0,horse_gram,2025-09-19,1.0,"POLYGON((76.8170292 11.8316486, 76.8165139 11.8307488, 76.8163013 11.8308945, 76.8168039 11.8317401, 76.8170292 11.8316486))",0.30293133899719266,11.831252698310355,76.81666026274078,010183125025681666
defd87bfd11a,Chamarajanagar,Guruvinapura,2025.0,1.0,horse_gram,2025-09-11,1.0,"POLYGON((76.8204353 11.8335528, 76.8206673 11.8334751, 76.8203877 11.8326921, 76.8200504 11.8328165, 76.8204353 11.8335528))",0.30097240778654005,11.833109829174594,76.82037480873215,010183311025682037
d7088da5c6e4,Chamarajanagar,Guruvinapura,2025.0,2.0,horse_gram,2025-10-15,1.0,"POLYGON((76.8231396 11.8415084, 76.8236402 11.8412656, 76.8233703 11.8405998, 76.8226930 11.8409981, 76.8231396 11.8415084))",0.5555532951402025,11.841073983116734,76.82320414920038,010184107025682320
7b3259aa2776,Chamarajanagar,Guruvinapura,2025.0,2.0,maize,2025-10-01,1.0,"POLYGON((76.8247811 11.8406844, 76.8247141 11.8404354, 76.8262925 11.8401778, 76.8264176 11.8403878, 76.8247811 11.8406844))",0.47657861225346604,11.840424896188853,76.82553585823477,010184042025682554
7b19f4f04530,Koppal,Dombarhalli,2026.0,3.0,pigeon_pea,2026-03-06,,"POLYGON((76.1116947 15.2669430, 76.1116951 15.2661926, 76.1128095 15.2662602, 76.1121323 15.2669495, 76.1116947 15.2669430))",0.67820046454152,15.26653286733033,76.11210546786161,010526653025611211
9329df628f0e,Koppal,Dombarhalli,2026.0,3.0,pigeon_pea,2026-03-06,,"POLYGON((76.1044769 15.2655341, 76.1041111 15.2654400, 76.1041849 15.2649706, 76.1045788 15.2650842, 76.1044769 15.2655341))",0.21815703188176658,15.26525395846031,76.10433774421882,010526525025610434
70492b8925d1,Koppal,Dombarhalli,2026.0,3.0,pigeon_pea,2026-03-06,,"POLYGON((76.1101924 15.2624545, 76.1095630 15.2624329, 76.1095872 15.2621744, 76.1102054 15.2621786, 76.1101924 15.2624545))",0.19818936297877518,15.262310624330363,76.10989031666017,010526231025610989
34dca68a2bbe,Koppal,Dombarhalli,2025.0,2.0,sorghum,2026-01-08,1.0,"POLYGON((76.1096227 15.2647953, 76.1092113 15.2646721, 76.1091567 15.2652715, 76.1096405 15.2654264, 76.1096227 15.2647953))",0.3300279037942303,15.265049818847354,76.10940810764002,010526505025610941
851b370df3c3,Koppal,Dombarhalli,2026.0,3.0,pigeon_pea,2026-03-06,,"POLYGON((76.1062535 15.2647539, 76.1065754 15.2631529, 76.1062002 15.2630280, 76.1058452 15.2646653, 76.1062535 15.2647539))",0.7961799279760722,15.263908147131595,76.10621596588575,010526391025610622
f861733e5823,Koppal,Dombarhalli,2025.0,2.0,maize,2026-01-15,1.0,"POLYGON((76.1099121 15.2660021, 76.1105943 15.2662321, 76.1105994 15.2658139, 76.1101028 15.2655829, 76.1099121 15.2660021))",0.31984689279152795,15.265914722436836,76.11029189102673,010526591025611029
6255c72516b7,Koppal,Dombarhalli,2025.0,2.0,sorghum,2026-02-19,,"POLYGON((76.1134774 15.2639783, 76.1126928 15.2637600, 76.1125876 15.2643778, 76.1132018 15.2646142, 76.1134774 15.2639783))",0.5720209139280332,15.264173385774177,76.11299951713424,010526417025611300
1f34baaa3179,Koppal,Dombarhalli,2026.0,3.0,pigeon_pea,2026-03-06,,"POLYGON((76.1125105 15.2626551, 76.1119452 15.2625561, 76.1119469 15.2621288, 76.1126147 15.2621987, 76.1125105 15.2626551))",0.32881166759885744,15.26237952609383,76.11225993507406,010526238025611226
d4f0468d4d54,Koppal,Dombarhalli,2026.0,3.0,pigeon_pea,2026-03-06,,"POLYGON((76.1127280 15.2660523, 76.1121225 15.2659847, 76.1120803 15.2656036, 76.1129041 15.2657421, 76.1127280 15.2660523))",0.3014667859442735,15.265835605309478,76.11245389380898,010526584025611245
c03e8dfc9b27,Koppal,Dombarhalli,2025.0,2.0,sorghum,2026-02-19,1.0,"POLYGON((76.1073170 15.2635691, 76.1067115 15.2633744, 76.1064577 15.2645644, 76.1070646 15.2645547, 76.1073170 15.2635691))",0.8108075770306761,15.26400759135057,76.10688007870336,010526401025610688
9c6c155e39ff,Koppal,Dombarhalli,2025.0,2.0,maize,2026-01-14,1.0,"POLYGON((76.1120800 15.2668929, 76.1123985 15.2663243, 76.1114936 15.2660872, 76.1116474 15.2667800, 76.1120800 15.2668929))",0.5179383224421065,15.266483936517915,76.11190965388565,010526648025611191
e70f913fda4a,Koppal,Dombarhalli,2025.0,2.0,sorghum,2026-01-14,,"POLYGON((76.1143709 15.2621188, 76.1137500 15.2619166, 76.1137677 15.2616149, 76.1143766 15.2617145, 76.1143709 15.2621188))",0.2598941635291197,15.261845445486601,76.11408060961985,010526185025611408
06c3debe0340,Koppal,Dombarhalli,2026.0,3.0,pigeon_pea,2026-03-06,,"POLYGON((76.1170025 15.2634449, 76.1160362 15.2633964, 76.1161113 15.2630736, 76.1170159 15.2631774, 76.1170025 15.2634449))",0.331854382723018,15.263273215192363,76.11652552455375,010526327025611653
c331fac49557,Koppal,Dombarhalli,2026.0,3.0,pigeon_pea,2026-03-06,,"POLYGON((76.1119489 15.2608120, 76.1110875 15.2609094, 76.1110222 15.2606911, 76.1118644 15.2603757, 76.1119489 15.2608120))",0.34945634366736783,15.260685043420336,76.11152626037907,010526069025611153
ee40090e563f,Koppal,Dombarhalli,2025.0,2.0,sorghum,2026-02-19,1.0,"POLYGON((76.1039173 15.2658863, 76.1036105 15.2657563, 76.1036736 15.2654128, 76.1039975 15.2655247, 76.1039173 15.2658863))",0.142295044647592,15.265644528616624,76.10380166654656,010526564025610380
0c8424def79b,Koppal,Dombarhalli,2026.0,3.0,pigeon_pea,2026-03-06,,"POLYGON((76.1124035 15.2644877, 76.1116612 15.2642956, 76.1116692 15.2639964, 76.1124115 15.2641653, 76.1124035 15.2644877))",0.27571581426165337,15.264237400916704,76.11204097471413,010526424025611204
d8fe194f53e0,Koppal,Dombarhalli,2025.0,2.0,maize,2026-01-15,1.0,"POLYGON((76.1040913 15.2649739, 76.1037859 15.2649024, 76.1036763 15.2653339, 76.1040323 15.2654073, 76.1040913 15.2649739))",0.17710272579051023,15.265159573173701,76.1038948536311,010526516025610389
a08d1d049fd7,Koppal,Dombarhalli,2026.0,3.0,pigeon_pea,2026-03-06,,"POLYGON((76.1043260 15.2643965, 76.1047146 15.2644755, 76.1045939 15.2650056, 76.1042026 15.2648736, 76.1043260 15.2643965))",0.24846698081655222,15.264690219489589,76.1044620847752,010526469025610446
390b888fb2ce,Koppal,Dombarhalli,2025.0,2.0,maize,2026-01-07,1.0,"POLYGON((76.1023325 15.2648073, 76.1020482 15.2646740, 76.1021135 15.2640430, 76.1023787 15.2643917, 76.1023325 15.2648073))",0.18672427100641906,15.26447029988603,76.10220899834175,010526447025610221
bf3320b972f0,Koppal,Dombarhalli,2026.0,3.0,pigeon_pea,2026-03-06,,"POLYGON((76.1033494 15.2602065, 76.1030138 15.2601425, 76.1027509 15.2614932, 76.1030972 15.2615851, 76.1033494 15.2602065))",0.5763970719499555,15.260862068947974,76.10305235595675,010526086025610305
b11fa7c37b6c,Koppal,Dombarhalli,2026.0,3.0,pigeon_pea,2026-03-06,,"POLYGON((76.1028297 15.2601047, 76.1025524 15.2600144, 76.1023090 15.2613273, 76.1026191 15.2614059, 76.1028297 15.2601047))",0.4786278458913818,15.260723853525096,76.10257529209281,010526072025610258
4d536625f1c4,Koppal,Dombarhalli,2026.0,3.0,pigeon_pea,2026-03-06,,"POLYGON((76.1098735 15.2620903, 76.1099590 15.2616533, 76.1102430 15.2616103, 76.1102299 15.2620939, 76.1098735 15.2620903))",0.17385157895316777,15.261871125769405,76.11007832446374,010526187025611008
dd3bbb5a3e02,Koppal,Dombarhalli,2026.0,3.0,pigeon_pea,2026-03-06,,"POLYGON((76.1165066 15.2643703, 76.1173854 15.2644910, 76.1173515 15.2642574, 76.1167265 15.2642076, 76.1165066 15.2643703))",0.1862943063327675,15.264339013315764,76.11700232544642,010526434025611700
4bb96f932dd9,Koppal,Dombarhalli,2025.0,2.0,maize,2026-01-15,1.0,"POLYGON((76.1159678 15.2649105, 76.1154894 15.2647462, 76.1156148 15.2644121, 76.1161174 15.2645511, 76.1159678 15.2649105))",0.22672585816497098,15.26465528345509,76.11580105710041,010526466025611580
d13e4bb77ffe,Koppal,Dombarhalli,2025.0,2.0,maize,2026-01-22,,"POLYGON((76.1139769 15.2613884, 76.1132739 15.2613144, 76.1133225 15.2610158, 76.1139515 15.2609948, 76.1139769 15.2613884))",0.27409324532968404,15.2611822878141,76.11364584005184,010526118025611365
e664c2d42885,Chamarajanagar,Guruvinapura,2025.0,2.0,horse_gram,2025-10-08,1.0,"POLYGON((76.8240502 11.8425374, 76.8234678 11.8430461, 76.8232831 11.8428413, 76.8240345 11.8423721, 76.8240502 11.8425374))",0.20772919335645057,11.842722500946277,76.82367248581075,010184272025682367
404785de98c2,Chamarajanagar,Lakkur,2025.0,2.0,horse_gram,2025-10-10,1.0,"POLYGON((76.8002342 11.8646414, 76.8004173 11.8653153, 76.7998450 11.8654495, 76.7997112 11.8649806, 76.8002342 11.8646414))",0.42215367127798864,11.865089137117263,76.80006788277682,010186509025680007
33677a34a01f,Chamarajanagar,Lakkur,2025.0,2.0,horse_gram,2025-10-16,1.0,"POLYGON((76.8018660 11.8633663, 76.8021466 11.8650023, 76.8020253 11.8650295, 76.8016732 11.8634264, 76.8018660 11.8633663))",0.3230796092654734,11.864142668477959,76.80191548082402,010186414025680192
93918fcf6cb5,Chamarajanagar,Lakkur,2025.0,1.0,maize,2025-09-04,1.0,"POLYGON((76.8016440 11.8635435, 76.8019874 11.8650381, 76.8016957 11.8650909, 76.8013054 11.8636843, 76.8016440 11.8635435))",0.593478276408805,11.864314172159236,76.80165313348482,010186431025680165
30924aeccc0d,Chamarajanagar,Lakkur,2025.0,1.0,maize,2025-09-12,1.0,"POLYGON((76.8022556 11.8594430, 76.8022113 11.8591654, 76.8028359 11.8590129, 76.8029214 11.8593180, 76.8022556 11.8594430))",0.2373229393270227,11.859234705033048,76.80256277377933,010185923025680256
4049d9843b34,Chamarajanagar,Lakkur,2025.0,1.0,cowpea,2025-09-17,1.0,"POLYGON((76.8028145 11.8586316, 76.8027820 11.8584235, 76.8020940 11.8584964, 76.8021681 11.8587668, 76.8028145 11.8586316))",0.19893287530180842,11.858581179616541,76.80244899192006,010185858025680245
67ff3fbefad2,Chamarajanagar,Lakkur,2025.0,1.0,horse_gram,2025-09-03,1.0,"POLYGON((76.8020182 11.8558353, 76.8020454 11.8555187, 76.8012018 11.8554895, 76.8011284 11.8559193, 76.8020182 11.8558353))",0.38802565835997516,11.855692501788448,76.80157657918637,010185569025680158
d141efa09781,Chamarajanagar,Lakkur,2025.0,1.0,horse_gram,2025-09-12,1.0,"POLYGON((76.8020920 11.8543227, 76.8023894 11.8542013, 76.8020175 11.8531243, 76.8017507 11.8533160, 76.8020920 11.8543227))",0.4213141849069851,11.85374181695463,76.8020646090527,010185374025680206
440afb1ff958,Chamarajanagar,Lakkur,2025.0,2.0,horse_gram,2025-11-07,1.0,"POLYGON((76.8032088 11.8527175, 76.8030016 11.8528677, 76.8032822 11.8543056, 76.8035715 11.8542508, 76.8032088 11.8527175))",0.4840550270783416,11.853562855284402,76.80327377067691,010185356025680327
8e7f33b929f9,Chamarajanagar,Lakkur,2025.0,1.0,horse_gram,2025-09-11,1.0,"POLYGON((76.8027518 11.8540260, 76.8029955 11.8539486, 76.8027079 11.8527765, 76.8023880 11.8529458, 76.8027518 11.8540260))",0.43070189661118813,11.853393426715893,76.80270311196331,010185339025680270
b1c05ee30998,Chamarajanagar,Lakkur,2025.0,1.0,maize,2025-09-12,1.0,"POLYGON((76.8023062 11.8542708, 76.8020869 11.8543676, 76.8022931 11.8550042, 76.8024883 11.8549897, 76.8023062 11.8542708))",0.18217481537983427,11.854645525759238,76.8022919743468,010185465025680229
d5ebff1860f2,Chamarajanagar,Lakkur,2025.0,2.0,horse_gram,2025-10-10,1.0,"POLYGON((76.8021386 11.8559403, 76.8021292 11.8551745, 76.8028215 11.8550646, 76.8028685 11.8558524, 76.8021386 11.8559403))",0.6688340549317031,11.855510973895086,76.80249162674626,010185551025680249
9243572e01f5,Chamarajanagar,Lakkur,2025.0,2.0,maize,2025-11-14,1.0,"POLYGON((76.8033560 11.8557871, 76.8032674 11.8550183, 76.8035689 11.8549556, 76.8036597 11.8557549, 76.8033560 11.8557871))",0.29091954952261423,11.855378583747003,76.80346394692846,010185538025680346
62eb9182077a,Chamarajanagar,Lakkur,2025.0,1.0,maize,2025-09-18,1.0,"POLYGON((76.8040389 11.8556745, 76.8039779 11.8549563, 76.8043896 11.8548608, 76.8044396 11.8556161, 76.8040389 11.8556745))",0.365672218491671,11.855274567289905,76.80421293186541,010185527025680421
613263331fa0,Chamarajanagar,Lakkur,2025.0,2.0,maize,2025-10-02,1.0,"POLYGON((76.8051437 11.8596816, 76.8054286 11.8596218, 76.8050344 11.8579248, 76.8047966 11.8578851, 76.8051437 11.8596816))",0.5543960983622391,11.85881614557548,76.80510763079081,010185882025680511
14954a835b71,Chamarajanagar,Lakkur,2025.0,2.0,maize,2025-11-06,1.0,"POLYGON((76.8045988 11.8587549, 76.8048899 11.8587362, 76.8047417 11.8578943, 76.8044651 11.8579566, 76.8045988 11.8587549))",0.28727957724950404,11.858336970184443,76.80467541434552,010185834025680468
bfce3732e209,Chamarajanagar,Lakkur,2025.0,1.0,maize,2025-09-26,1.0,"POLYGON((76.8045117 11.8586516, 76.8042676 11.8586506, 76.8042200 11.8580282, 76.8044218 11.8579560, 76.8045117 11.8586516))",0.17995342562106753,11.858329616007731,76.80435834332697,010185833025680436
7815af7b1126,Chamarajanagar,Lakkur,2025.0,2.0,maize,2025-12-12,1.0,"POLYGON((76.8039554 11.8589469, 76.8042062 11.8589476, 76.8041804 11.8580390, 76.8039672 11.8580702, 76.8039554 11.8589469))",0.24961653317027904,11.858512805453119,76.8040781453733,010185851025680408
c76453e61a99,Chamarajanagar,Lakkur,2025.0,2.0,other:tota,2025-12-12,1.0,"POLYGON((76.8029111 11.8580905, 76.8035829 11.8580472, 76.8034542 11.8572577, 76.8026982 11.8574090, 76.8029111 11.8580905))",0.6525954021562047,11.85769098625716,76.80316704050679,010185769025680317
b60bc9ea5b87,Chamarajanagar,Lakkur,2025.0,2.0,maize,2025-11-12,1.0,"POLYGON((76.8039236 11.8580898, 76.8038958 11.8586834, 76.8029147 11.8587589, 76.8028219 11.8582162, 76.8039236 11.8580898))",0.7166708378692042,11.858430916780573,76.80339461599239,010185843025680339
58520225c476,Chamarajanagar,Lakkur,2025.0,2.0,maize,2025-10-16,1.0,"POLYGON((76.8046112 11.8462529, 76.8045774 11.8454743, 76.8050159 11.8454251, 76.8048754 11.8462274, 76.8046112 11.8462529))",0.33220207070417407,11.845812270113374,76.80477237797223,010184581025680477
e32da5afdecc,Chamarajanagar,Lakkur,2025.0,1.0,horse_gram,2025-09-18,1.0,"POLYGON((76.8090513 11.8379818, 76.8089829 11.8371444, 76.8103139 11.8364904, 76.8106660 11.8373731, 76.8090513 11.8379818))",1.6860157515868606,11.837250216986558,76.80977802347897,010183725025680978
d3437e81de20,Chamarajanagar,Lakkur,2025.0,2.0,horse_gram,2025-10-09,1.0,"POLYGON((76.8054994 11.8416026, 76.8050099 11.8405282, 76.8053586 11.8403658, 76.8058440 11.8414300, 76.8054994 11.8416026))",0.5449481531336366,11.840981906232354,76.80542775922459,010184098025680543
1d1c541326f4,Chamarajanagar,Lakkur,2025.0,2.0,horse_gram,2025-11-13,1.0,"POLYGON((76.8052161 11.8417063, 76.8054722 11.8416623, 76.8049468 11.8405387, 76.8046488 11.8406395, 76.8052161 11.8417063))",0.4132278879990399,11.841116006740906,76.80506162947246,010184112025680506
8df68116eeba,Chamarajanagar,Lakkur,2025.0,1.0,horse_gram,2025-09-10,1.0,"POLYGON((76.8118629 11.8497935, 76.8118244 11.8494378, 76.8102566 11.8499336, 76.8103612 11.8503054, 76.8118629 11.8497935))",0.7159365825828787,11.849870509290707,76.81106358027314,010184987025681106
bef51c93b166,Koppal,Hiresindogi,2025.0,2.0,pigeon_pea,2026-01-14,,"POLYGON((76.0909079 15.2937956, 76.0900245 15.2936358, 76.0899702 15.2941520, 76.0908694 15.2943690, 76.0909079 15.2937956))",0.5869141369773618,15.293990631380822,76.09045012713574,010529399025609045
5a4a4048fd28,Koppal,Hiresindogi,2025.0,2.0,maize,2026-01-08,1.0,"POLYGON((76.0922209 15.2940177, 76.0927848 15.2942939, 76.0925421 15.2948803, 76.0921957 15.2948043, 76.0922209 15.2940177))",0.3989397153745009,15.294466749726022,76.09243576878794,010529447025609244
14932163624d,Koppal,Hiresindogi,2025.0,2.0,maize,2026-02-10,,"POLYGON((76.0900228 15.3043816, 76.0896034 15.3042829, 76.0894988 15.3046390, 76.0899635 15.3047273, 76.0900228 15.3043816))",0.19324893566687779,15.304509962415544,76.08976948342045,010530451025608977
d6132361bafc,Koppal,Hiresindogi,2025.0,2.0,maize,2026-02-10,,"POLYGON((76.0899393 15.3047625, 76.0895920 15.3046707, 76.0896681 15.3042409, 76.0900657 15.3043337, 76.0899393 15.3047625))",0.20095194819688764,15.304497553660088,76.08981814616202,010530450025608982
ae5c9d6bb0a0,Koppal,Hiresindogi,2026.0,3.0,pigeon_pea,2026-03-06,,"POLYGON((76.0950493 15.2896427, 76.0950067 15.2894082, 76.0950882 15.2893937, 76.0951324 15.2896188, 76.0950493 15.2896427))",0.02344875025780259,15.289516684171739,76.09506902286758,010528952025609507
13b6216c5ea8,Koppal,Hiresindogi,2025.0,2.0,maize,2026-01-14,,"POLYGON((76.0945269 15.2996219, 76.0944086 15.2996119, 76.0944133 15.2992173, 76.0945524 15.2992384, 76.0945269 15.2996219))",0.05974654032588901,15.29941702967536,76.09447524994822,010529942025609448
5f8603b5fabb,Koppal,Hiresindogi,2025.0,2.0,other:mkojal,2026-01-13,,"POLYGON((76.0862261 15.2983759, 76.0865239 15.2984832, 76.0866543 15.2978449, 76.0863737 15.2977721, 76.0862261 15.2983759))",0.22810093568525416,15.29812349934966,76.08644462342184,010529812025608644
2c53aca8e424,Chitradurga,Rangaiahnadurga Kaval,2025.0,1.0,finger_millet,2025-09-25,0.0,"POLYGON((76.0935060 13.9273483, 76.0934785 13.9276614, 76.0932448 13.9276171, 76.0932706 13.9272712, 76.0935060 13.9273483))",0.09425270025048249,13.927473538686725,76.09337314017712,010392747025609337
c960a8e10153,Chitradurga,Rangaiahnadurga Kaval,2025.0,2.0,finger_millet,2025-10-01,0.0,"POLYGON((76.0951562 13.9269868, 76.0953376 13.9269871, 76.0953537 13.9271450, 76.0951582 13.9272159, 76.0951562 13.9269868))",0.04393332944503947,13.927086206368447,76.09524598841651,010392709025609525
aeb699dd4761,Chitradurga,Rangaiahnadurga Kaval,2025.0,2.0,chickpea,2025-11-01,0.0,"POLYGON((76.1036924 13.9409983, 76.1039924 13.9410038, 76.1039723 13.9412199, 76.1037071 13.9413123, 76.1036924 13.9409983))",0.08935202372596934,13.941132205621331,76.10383188146926,010394113025610383
556ef411f1ec,Chitradurga,Rangaiahnadurga Kaval,2025.0,2.0,chickpea,2025-11-04,0.0,"POLYGON((76.1040025 13.9412082, 76.1039934 13.9414838, 76.1037266 13.9414721, 76.1037185 13.9412134, 76.1040025 13.9412082))",0.08790657745409634,13.941343014766918,76.10386171596011,010394134025610386
ff1d69a6b7bb,Chitradurga,Rangaiahnadurga Kaval,2025.0,2.0,finger_millet,2025-10-31,0.0,"POLYGON((76.0933712 13.9272699, 76.0928800 13.9272781, 76.0928700 13.9274147, 76.0933813 13.9274004, 76.0933712 13.9272699))",0.07999594793908682,13.927341263030279,76.09312383029426,010392734025609312
726a7ddd9d71,Chitradurga,Rangaiahnadurga Kaval,2025.0,2.0,finger_millet,2025-10-31,0.0,"POLYGON((76.0953581 13.9268596, 76.0955150 13.9267776, 76.0955290 13.9271938, 76.0951271 13.9271837, 76.0953581 13.9268596))",0.11892712374704767,13.927033810069382,76.0953812205493,010392703025609538
21063d99db60,Chitradurga,Rangaiahnadurga Kaval,2025.0,2.0,chickpea,2025-10-01,0.0,"POLYGON((76.1034040 13.9409814, 76.1031167 13.9409908, 76.1030862 13.9414376, 76.1033799 13.9414259, 76.1034040 13.9409814))",0.15431980684365434,13.94120973137148,76.10324652664112,010394121025610325
59f74baaaa23,Chitradurga,Rangaiahnadurga Kaval,2025.0,2.0,finger_millet,2025-10-30,0.0,"POLYGON((76.0923798 13.9276181, 76.0929970 13.9276575, 76.0930453 13.9274326, 76.0924351 13.9273711, 76.0923798 13.9276181))",0.1761114277002269,13.927519509437383,76.09270947253674,010392752025609271
2d5a5d60c8a3,Chitradurga,Rangaiahnadurga Kaval,2025.0,2.0,finger_millet,2025-10-22,0.0,"POLYGON((76.0922537 13.9276171, 76.0928851 13.9276126, 76.0928928 13.9278300, 76.0922641 13.9278306, 76.0922537 13.9276171))",0.16217069957412078,13.927722489299487,76.09257487121702,010392772025609257
8e146900b267,Chitradurga,Rangaiahnadurga Kaval,2025.0,1.0,finger_millet,2025-09-26,0.0,"POLYGON((76.0942097 13.9276962, 76.0941729 13.9278606, 76.0939885 13.9276435, 76.0942097 13.9276962))",0.02288430081827667,13.927733421623692,76.09412368386984,010392773025609412
cddc881768b1,Chitradurga,Rangaiahnadurga Kaval,2025.0,2.0,other:raaagi,2025-10-01,0.0,"POLYGON((76.0941078 13.9277027, 76.0940548 13.9277968, 76.0942543 13.9279113, 76.0943301 13.9277522, 76.0941078 13.9277027))",0.0382011010544814,13.927794512714094,76.09419512431337,010392779025609420
a016de7c4b9a,Chitradurga,Rangaiahnadurga Kaval,2025.0,1.0,finger_millet,2025-09-26,0.0,"POLYGON((76.1030104 13.9423520, 76.1031130 13.9419072, 76.1022584 13.9418841, 76.1022480 13.9423520, 76.1030104 13.9423520))",0.4415861918301793,13.942119280070136,76.10265478102544,010394212025610265
41a3be5ec432,Chitradurga,Rangaiahnadurga Kaval,2025.0,1.0,maize,2025-06-19,0.0,"POLYGON((76.1083208 13.9306813, 76.1082102 13.9314066, 76.1090648 13.9314759, 76.1089481 13.9306979, 76.1083208 13.9306813))",0.6652776375277504,13.931084809831034,76.10863932492208,010393108025610864
00dae1dcaf9a,Chitradurga,Rangaiahnadurga Kaval,2025.0,1.0,other:maze,2025-06-19,0.0,"POLYGON((76.1047572 13.9318160, 76.1047833 13.9315059, 76.1066854 13.9314382, 76.1067782 13.9317242, 76.1047572 13.9318160))",0.7017088478011597,13.931623023014417,76.10574069909991,010393162025610574
e041e2471bef,Chitradurga,Rangaiahnadurga Kaval,2025.0,1.0,maize,2025-06-18,0.0,"POLYGON((76.1074930 13.9329943, 76.1074407 13.9327255, 76.1069382 13.9327395, 76.1069429 13.9330317, 76.1074930 13.9329943))",0.17727570933517428,13.932875130879399,76.10720064005349,010393288025610720
fe99829eba71,Chitradurga,Rangaiahnadurga Kaval,2025.0,1.0,finger_millet,2025-09-09,0.0,"POLYGON((76.1039847 13.9412713, 76.1039864 13.9413699, 76.1056262 13.9413676, 76.1055357 13.9412661, 76.1039847 13.9412713))",0.19091731248664173,13.94131919873342,76.10478763158521,010394132025610479
f33c4bff6eb7,Chitradurga,Rangaiahnadurga Kaval,2025.0,2.0,finger_millet,2025-10-15,0.0,"POLYGON((76.0924613 13.9317333, 76.0930024 13.9316354, 76.0929924 13.9306357, 76.0924878 13.9305322, 76.0924613 13.9317333))",0.6874023987475204,13.931140263531871,76.09272791877342,010393114025609273
9dd5d73d47d2,Chitradurga,Rangaiahnadurga Kaval,2025.0,1.0,finger_millet,2025-09-27,0.0,"POLYGON((76.0929820 13.9313825, 76.0929528 13.9318401, 76.0932981 13.9318599, 76.0932824 13.9313653, 76.0929820 13.9313825))",0.18365083541997124,13.931617542787817,76.09313081539723,010393162025609313
38247322ecf2,Chitradurga,Rangaiahnadurga Kaval,2025.0,2.0,finger_millet,2025-10-02,0.0,"POLYGON((76.1030972 13.9452815, 76.1031267 13.9455763, 76.1035066 13.9455578, 76.1035321 13.9452652, 76.1030972 13.9452815))",0.14295398071997828,13.945416939657447,76.10331511266284,010394542025610332
dd8c8ed535fa,Chamarajanagar,Terakanambi,2025.0,2.0,horse_gram,2025-10-15,1.0,"POLYGON((76.7936893 11.8230262, 76.7938754 11.8242286, 76.7937583 11.8242617, 76.7935096 11.8230938, 76.7936893 11.8230262))",0.22503411877320453,11.823609293642573,76.79370033456998,010182361025679370
aaba92d87772,Chamarajanagar,Terakanambi,2025.0,1.0,finger_millet,2025-08-07,1.0,"POLYGON((76.7911398 11.8277153, 76.7910547 11.8270422, 76.7930794 11.8267912, 76.7931485 11.8274272, 76.7911398 11.8277153))",1.6152841522770196,11.827244990046271,76.79209564975147,010182724025679210
d55566c9c20d,Chamarajanagar,Terakanambi,2025.0,1.0,horse_gram,2025-09-03,1.0,"POLYGON((76.7911207 11.8295152, 76.7912512 11.8299143, 76.7906624 11.8299970, 76.7905380 11.8297581, 76.7898292 11.8298342, 76.7897776 11.8296550, 76.7911207 11.8295152))",0.4763341713773129,11.829736395588128,76.7906362111577,010182974025679064
99656e20a22a,Chamarajanagar,Terakanambi,2025.0,2.0,horse_gram,2025-10-15,1.0,"POLYGON((76.7911761 11.8294860, 76.7911593 11.8292832, 76.7897602 11.8294562, 76.7898001 11.8296613, 76.7911761 11.8294860))",0.34687555386293273,11.829471758605232,76.7904709633929,010182947025679047
ecbea54e61e2,Chamarajanagar,Terakanambi,2025.0,2.0,horse_gram,2025-11-06,1.0,"POLYGON((76.7910017 11.8290726, 76.7910406 11.8292767, 76.7898085 11.8294361, 76.7897696 11.8292399, 76.7910017 11.8290726))",0.30480585173627434,11.829255775045924,76.79040901789901,010182926025679041
e5b3dddc7e6f,Chamarajanagar,Terakanambi,2025.0,2.0,maize,2025-11-13,1.0,"POLYGON((76.7890239 11.8292442, 76.7896512 11.8292028, 76.7895858 11.8285738, 76.7889394 11.8286512, 76.7890239 11.8292442))",0.47418246921924145,11.828915853143425,76.78930281573113,010182892025678930
d7c54206c43a,Chamarajanagar,Terakanambi,2025.0,2.0,maize,2025-11-13,1.0,"POLYGON((76.7844699 11.8309030, 76.7844377 11.8302362, 76.7858914 11.8301643, 76.7860182 11.8307819, 76.7844699 11.8309030))",1.17057806436813,11.830525450828457,76.78519638305686,010183053025678520
6f52222eca05,Chamarajanagar,Terakanambi,2025.0,2.0,maize,2025-10-09,1.0,"POLYGON((76.7845024 11.8301637, 76.7858804 11.8301331, 76.7858274 11.8295687, 76.7844772 11.8298372, 76.7845024 11.8301637))",0.7391137285397245,11.829919186684977,76.7852327608039,010182992025678523
304f8672fd89,Chamarajanagar,Terakanambi,2025.0,1.0,maize,2025-09-11,1.0,"POLYGON((76.7824327 11.8297591, 76.7823687 11.8293380, 76.7844994 11.8293288, 76.7845111 11.8297778, 76.7824327 11.8297591))",1.1026349415862857,11.829550001929562,76.78346417947391,010182955025678346
e59dbbf7d149,Chamarajanagar,Terakanambi,2025.0,1.0,maize,2025-09-18,1.0,"POLYGON((76.7857848 11.8285879, 76.7856732 11.8279903, 76.7860195 11.8279394, 76.7861670 11.8285475, 76.7857848 11.8285879))",0.27168375236353015,11.82827069195054,76.78591283171878,010182827025678591
f3b4556943b3,Chamarajanagar,Terakanambi,2025.0,2.0,maize,2025-11-06,1.0,"POLYGON((76.7860708 11.8303570, 76.7864849 11.8302536, 76.7868855 11.8292521, 76.7859300 11.8294959, 76.7860708 11.8303570))",0.7411782077280756,11.829778249461773,76.786351550035,010182978025678635
b06c4499a3d1,Chamarajanagar,Terakanambi,2025.0,2.0,maize,2025-10-17,1.0,"POLYGON((76.7897880 11.8283824, 76.7896754 11.8280605, 76.7877666 11.8282597, 76.7878085 11.8286771, 76.7897880 11.8283824))",0.8888284657389665,11.828351036429037,76.78872299327072,010182835025678872
e082a29bbd78,Chamarajanagar,Terakanambi,2025.0,2.0,maize,2025-10-16,1.0,"POLYGON((76.7898722 11.8283519, 76.7898303 11.8280202, 76.7908461 11.8278456, 76.7908562 11.8282321, 76.7898722 11.8283519))",0.4373066978666653,11.828109692017422,76.79036261555513,010182811025679036
4f73e41581a0,Chamarajanagar,Terakanambi,2025.0,2.0,maize,2025-10-01,1.0,"POLYGON((76.7923643 11.8283831, 76.7923435 11.8276067, 76.7911241 11.8278223, 76.7912428 11.8284376, 76.7923643 11.8283831))",0.9925922981408577,11.828054420839996,76.79178885316271,010182805025679179
76adc5cd8146,Chamarajanagar,Terakanambi,2025.0,2.0,maize,2025-10-16,1.0,"POLYGON((76.7902470 11.8226518, 76.7905125 11.8225999, 76.7904495 11.8218881, 76.7902054 11.8218832, 76.7902470 11.8226518))",0.22870817933008694,11.822262031141959,76.79035248956598,010182226025679035
b36856322f22,Chamarajanagar,Terakanambi,2025.0,1.0,maize,2025-09-18,1.0,"POLYGON((76.8007106 11.8217812, 76.8007220 11.8224073, 76.8011985 11.8224329, 76.8012038 11.8218317, 76.8007106 11.8217812))",0.35830378385771317,11.822111378399946,76.80095717319129,010182211025680096
2b9c29c6acd6,Chamarajanagar,Terakanambi,2025.0,2.0,maize,2025-10-09,0.0,"POLYGON((76.8014097 11.8226662, 76.8012689 11.8218826, 76.8017540 11.8218799, 76.8018948 11.8226843, 76.8014097 11.8226662))",0.4627820742665196,11.822277756375899,76.80158281514933,010182228025680158
b90d16e0e645,Chamarajanagar,Terakanambi,2025.0,1.0,maize,2025-09-19,1.0,"POLYGON((76.8074208 11.8254612, 76.8073400 11.8244245, 76.8083878 11.8243818, 76.8082433 11.8253821, 76.8074208 11.8254612))",1.1450256139272705,11.82489206250506,76.80784471845134,010182489025680784
d94d8f85c6c7,Chamarajanagar,Terakanambi,2025.0,2.0,maize,2025-10-16,1.0,"POLYGON((76.8082862 11.8278098, 76.8081199 11.8272066, 76.8097004 11.8271046, 76.8097876 11.8279713, 76.8082862 11.8278098))",1.3598064664264822,11.827519003110831,76.80901912105128,010182752025680902
2e7be955676d,Chamarajanagar,Terakanambi,2025.0,1.0,horse_gram,2025-09-12,1.0,"POLYGON((76.8131286 11.8274347, 76.8133244 11.8280963, 76.8119508 11.8284563, 76.8118032 11.8278548, 76.8131286 11.8274347))",1.1074335049313053,11.82795813325611,76.81256428056041,010182796025681256
c91ff58d591a,Koppal,Betgera,2026.0,3.0,pigeon_pea,2026-03-06,,"POLYGON((76.0469392 15.2098839, 76.0465040 15.2099218, 76.0462958 15.2080388, 76.0468426 15.2079534, 76.0469392 15.2098839))",1.1232108471543574,15.208912423790467,76.04664312789978,010520891025604664
ef8afb0ec798,Koppal,Betgera,2025.0,2.0,pigeon_pea,2026-01-15,1.0,"POLYGON((76.0486839 15.2197356, 76.0494081 15.2194603, 76.0495821 15.2197126, 76.0488589 15.2199646, 76.0486839 15.2197356))",0.2615434554573113,15.219716228133674,76.04913754744636,010521972025604914
5a39c49f0808,Koppal,Betgera,2025.0,2.0,pigeon_pea,2026-01-14,,"POLYGON((76.0460353 15.2064367, 76.0461975 15.2074497, 76.0456705 15.2076373, 76.0453868 15.2065373, 76.0460353 15.2064367))",0.7757427773280986,15.20700184301863,76.04581427581081,010520700025604581
7b557b5b1ef9,Chitradurga,Rangaiahnadurga Kaval,2025.0,1.0,finger_millet,2025-08-30,0.0,"POLYGON((76.0912083 13.9319735, 76.0917636 13.9319595, 76.0920325 13.9299195, 76.0912083 13.9319735))",0.674345777414685,13.931284147938708,76.0916681215167,010393128025609167
fd55ee9663af,Chitradurga,Rangaiahnadurga Kaval,2025.0,1.0,finger_millet,2025-08-29,0.0,"POLYGON((76.0918544 13.9316308, 76.0918202 13.9319445, 76.0920864 13.9319725, 76.0921183 13.9316116, 76.0918544 13.9316308))",0.10697255633063474,13.93179065861284,76.09197285205647,010393179025609197
2fe97d7f9eb2,Chitradurga,Rangaiahnadurga Kaval,2025.0,1.0,finger_millet,2025-09-25,0.0,"POLYGON((76.0900697 13.9318430, 76.0893325 13.9317991, 76.0893653 13.9315840, 76.0900054 13.9315426, 76.0900697 13.9318430))",0.21201794445186534,13.931695070423263,76.08971235456832,010393170025608971
28bfeb8fb05a,Chitradurga,Rangaiahnadurga Kaval,2025.0,1.0,maize,2025-06-12,0.0,"POLYGON((76.1030520 13.9451745, 76.1027006 13.9451312, 76.1027636 13.9447287, 76.1030459 13.9447209, 76.1030520 13.9451745))",0.16262426123950596,13.944947088068094,76.10289290057517,010394495025610289
f57eb6b8b515,Chitradurga,Rangaiahnadurga Kaval,2025.0,1.0,finger_millet,2025-09-26,0.0,"POLYGON((76.0912429 13.9270695, 76.0916224 13.9274723, 76.0921830 13.9276090, 76.0918450 13.9271707, 76.0912429 13.9270695))",0.24116334728651465,13.927326372100026,76.09172499210992,010392733025609172
e4fef3b79baa,Chitradurga,Rangaiahnadurga Kaval,2025.0,2.0,chickpea,2025-11-01,0.0,"POLYGON((76.1052376 13.9406618, 76.1059615 13.9405789, 76.1059095 13.9400843, 76.1047394 13.9401002, 76.1052376 13.9406618))",0.6137367162731027,13.940338374147284,76.10543918854374,010394034025610544
277b42ec6ebc,Chitradurga,Rangaiahnadurga Kaval,2025.0,1.0,finger_millet,2025-09-26,0.0,"POLYGON((76.0946174 13.9267515, 76.0946506 13.9270607, 76.0951314 13.9270392, 76.0951696 13.9268059, 76.0946174 13.9267515))",0.16742128437517367,13.926910786968362,76.09488063783033,010392691025609488
56f06f136322,Chitradurga,Rangaiahnadurga Kaval,2025.0,1.0,finger_millet,2025-09-26,0.0,"POLYGON((76.0948468 13.9267655, 76.0951780 13.9267401, 76.0952095 13.9272081, 76.0948672 13.9270978, 76.0948468 13.9267655))",0.15966969897825198,13.926954298021228,76.09503489431144,010392695025609503
1ea1f3669f96,Chitradurga,Rangaiahnadurga Kaval,2025.0,2.0,chickpea,2025-10-31,0.0,"POLYGON((76.1036947 13.9410117, 76.1034198 13.9409869, 76.1034157 13.9414483, 76.1036870 13.9414483, 76.1036947 13.9410117))",0.14658465608842972,13.941223210475147,76.1035530659251,010394122025610355
23eb8bfba0a3,Chitradurga,Rangaiahnadurga Kaval,2025.0,1.0,finger_millet,2025-09-25,0.0,"POLYGON((76.0923942 13.9277301, 76.0924277 13.9278414, 76.0934819 13.9278169, 76.0934363 13.9277333, 76.0923942 13.9277301))",0.1225386496827589,13.92778084538707,76.09291051357074,010392778025609291
4e8d33236788,Chitradurga,Rangaiahnadurga Kaval,2025.0,2.0,finger_millet,2025-10-01,0.0,"POLYGON((76.0952005 13.9269819, 76.0952548 13.9267932, 76.0950751 13.9267405, 76.0950057 13.9268052, 76.0952005 13.9269819))",0.036833631683262195,13.92684013687445,76.09514328315622,010392684025609514
7bf33ee3ef79,Chitradurga,Rangaiahnadurga Kaval,2025.0,2.0,chickpea,2025-11-01,0.0,"POLYGON((76.1039368 13.9414991, 76.1022108 13.9414509, 76.1021896 13.9416420, 76.1039358 13.9416403, 76.1039368 13.9414991))",0.344830311006931,13.941557633308157,76.10302467243253,010394156025610302
b0d11b2722cd,Chitradurga,Rangaiahnadurga Kaval,2025.0,2.0,finger_millet,2025-10-01,0.0,"POLYGON((76.1023087 13.9428407, 76.1027781 13.9428749, 76.1028803 13.9424284, 76.1023278 13.9424070, 76.1023087 13.9428407))",0.27066164834084155,13.942632047330616,76.10257615701538,010394263025610258
155d462abac4,Chitradurga,Rangaiahnadurga Kaval,2025.0,2.0,finger_millet,2025-10-01,0.0,"POLYGON((76.0900674 13.9318280, 76.0894495 13.9318147, 76.0894636 13.9320317, 76.0899977 13.9320903, 76.0900674 13.9318280))",0.16612265482282174,13.931939108849106,76.08975487901876,010393194025608975
5d9a7f4a586d,Chitradurga,Rangaiahnadurga Kaval,2025.0,1.0,chickpea,2025-09-26,0.0,"POLYGON((76.1057228 13.9365331, 76.1057017 13.9369243, 76.1038838 13.9368410, 76.1039016 13.9365611, 76.1057228 13.9365331))",0.7299269479272777,13.936715678485525,76.10485272574971,010393672025610485
dcd67518f764,Chitradurga,Rangaiahnadurga Kaval,2025.0,1.0,finger_millet,2025-09-25,0.0,"POLYGON((76.1056309 13.9371042, 76.1048430 13.9371163, 76.1049071 13.9376135, 76.1056279 13.9375406, 76.1056309 13.9371042))",0.4222349008375733,13.937340879641878,76.10524334177911,010393734025610524
6516cd57c605,Chitradurga,Rangaiahnadurga Kaval,2025.0,2.0,chickpea,2025-11-01,0.0,"POLYGON((76.1049456 13.9405629, 76.1051498 13.9408747, 76.1039401 13.9409648, 76.1039686 13.9405964, 76.1049456 13.9405629))",0.45063878480635633,13.940756674312402,76.10449119322989,010394076025610449
85ae3b21e6a1,Chitradurga,Rangaiahnadurga Kaval,2025.0,2.0,chickpea,2025-10-24,0.0,"POLYGON((76.1048786 13.9404800, 76.1054559 13.9403944, 76.1059669 13.9408750, 76.1053466 13.9408795, 76.1048786 13.9404800))",0.34118972014621013,13.94065388137531,76.1054178318881,010394065025610542
05da9eda9890,Chamarajanagar,Terakanambi,2025.0,2.0,maize,2025-11-06,1.0,"POLYGON((76.8058628 11.8260775, 76.8059041 11.8253050, 76.8054099 11.8253411, 76.8054075 11.8259882, 76.8058628 11.8260775))",0.4066898596581382,11.82567395755561,76.80565329562288,010182567025680565
7e3cfae48eb2,Chamarajanagar,Terakanambi,2025.0,2.0,maize,2025-11-13,1.0,"POLYGON((76.8028336 11.8263974, 76.8028872 11.8267981, 76.8021828 11.8272762, 76.8021181 11.8264171, 76.8028336 11.8263974))",0.5565190181667684,11.826739233685394,76.80246362792894,010182674025680246
260ec8f94d19,Chamarajanagar,Terakanambi,2025.0,1.0,maize,2025-09-17,1.0,"POLYGON((76.8025818 11.8261608, 76.8026445 11.8249548, 76.8016561 11.8248646, 76.8017372 11.8261103, 76.8025818 11.8261608))",1.3527418861176874,11.82550647131091,76.80215301207357,010182551025680215
62e9e9256ae4,Chamarajanagar,Terakanambi,2025.0,2.0,maize,2025-11-12,1.0,"POLYGON((76.7998396 11.8262957, 76.7997618 11.8258924, 76.8008984 11.8259291, 76.8010107 11.8262589, 76.7998396 11.8262957))",0.5095623665153325,11.826095444605206,76.80035870576765,010182610025680036
a237964eac9a,Chamarajanagar,Terakanambi,2025.0,2.0,maize,2025-11-13,1.0,"POLYGON((76.7976640 11.8249351, 76.7978333 11.8248866, 76.7970990 11.8231788, 76.7967832 11.8233924, 76.7976640 11.8249351))",0.6025153030175091,11.823997192639133,76.79729574531983,010182400025679730
7434cb0b1b14,Chamarajanagar,Terakanambi,2025.0,2.0,maize,2025-11-05,1.0,"POLYGON((76.8017466 11.8312551, 76.8012122 11.8304337, 76.8025724 11.8300741, 76.8027712 11.8310904, 76.8017466 11.8312551))",1.4357756124130785,11.830686272946668,76.80207793161452,010183069025680208
b7a2ed78f2fa,Chamarajanagar,Terakanambi,2025.0,2.0,maize,2025-11-21,1.0,"POLYGON((76.8010660 11.8303274, 76.8021439 11.8300603, 76.8020075 11.8296111, 76.8006738 11.8299605, 76.8010660 11.8303274))",0.6909957337807973,11.829981430645525,76.8014715369718,010182998025680147
461e071d5469,Chamarajanagar,Terakanambi,2025.0,2.0,cowpea,2025-12-12,1.0,"POLYGON((76.7994678 11.8316709, 76.7989917 11.8308124, 76.7997132 11.8306890, 76.7999707 11.8315147, 76.7994678 11.8316709))",0.6828399763718429,11.831151498605468,76.79952198924832,010183115025679952
8b9440a16be0,Chamarajanagar,Terakanambi,2025.0,1.0,finger_millet,2025-09-11,1.0,"POLYGON((76.7994007 11.8323314, 76.7992757 11.8320168, 76.7986943 11.8320348, 76.7987395 11.8324345, 76.7994007 11.8323314))",0.2735620692971734,11.832210122542124,76.79901772670445,010183221025679902
7caeb508fa9d,Chamarajanagar,Terakanambi,2025.0,2.0,maize,2025-10-09,1.0,"POLYGON((76.7988549 11.8319364, 76.7988794 11.8315606, 76.7976814 11.8316853, 76.7976858 11.8320633, 76.7988549 11.8319364))",0.535858084055979,11.831810789522745,76.79827396836838,010183181025679827
af89f3cc3c44,Chamarajanagar,Terakanambi,2025.0,2.0,maize,2025-11-13,1.0,"POLYGON((76.7987520 11.8310431, 76.7985696 11.8307025, 76.7974528 11.8308361, 76.7975828 11.8312485, 76.7987520 11.8310431))",0.5504176450546922,11.830961943281872,76.79807488231968,010183096025679807
305e43b20ced,Chamarajanagar,Terakanambi,2025.0,2.0,maize,2025-11-07,1.0,"POLYGON((76.7989893 11.8315084, 76.7987821 11.8311550, 76.7977347 11.8313440, 76.7977733 11.8316154, 76.7989893 11.8315084))",0.4478554817101697,11.831404804986336,76.79835092363238,010183140025679835
44fb2c19a110,Chamarajanagar,Terakanambi,2025.0,2.0,maize,2025-11-06,1.0,"POLYGON((76.7973458 11.8300675, 76.7973797 11.8297052, 76.7963675 11.8296383, 76.7964493 11.8300964, 76.7973458 11.8300675))",0.47108484288115626,11.829872550446161,76.79686716903642,010182987025679687
41d0ff6582b3,Chamarajanagar,Terakanambi,2025.0,2.0,maize,2025-11-15,1.0,"POLYGON((76.7956962 11.8297912, 76.7957422 11.8293892, 76.7935156 11.8293662, 76.7935354 11.8295940, 76.7956962 11.8297912))",0.833895327014985,11.829539632565409,76.79472525262652,010182954025679473
ee4bba97fd46,Chamarajanagar,Terakanambi,2025.0,2.0,maize,2025-11-12,1.0,"POLYGON((76.7933728 11.8283385, 76.7944708 11.8282239, 76.7946371 11.8288202, 76.7934278 11.8289006, 76.7933728 11.8283385))",0.8180326100596677,11.82857451291009,76.79398505058411,010182857025679399
c370ba793508,Chamarajanagar,Terakanambi,2025.0,2.0,maize,2025-11-13,1.0,"POLYGON((76.7957288 11.8293305, 76.7935485 11.8292557, 76.7934794 11.8289567, 76.7956915 11.8288697, 76.7957288 11.8293305))",1.0054262384923771,11.829102150544905,76.79468981312267,010182910025679469
b1965e254c77,Chamarajanagar,Terakanambi,2025.0,2.0,maize,2025-10-16,1.0,"POLYGON((76.7972120 11.8288445, 76.7973619 11.8292859, 76.7963222 11.8295277, 76.7961264 11.8288592, 76.7972120 11.8288445))",0.7371472134899043,11.829134681039102,76.79672017790534,010182913025679672
e8b2bc2ed0b4,Chamarajanagar,Terakanambi,2025.0,2.0,maize,2025-10-17,1.0,"POLYGON((76.7971912 11.8285839, 76.7960426 11.8285918, 76.7959886 11.8283667, 76.7971956 11.8284359, 76.7971912 11.8285839))",0.2638093805368109,11.828492908299449,76.79656451027212,010182849025679656
08954d8a70bb,Chamarajanagar,Terakanambi,2025.0,2.0,horse_gram,2025-10-02,1.0,"POLYGON((76.7970732 11.8274895, 76.7974326 11.8282049, 76.7965686 11.8278938, 76.7960081 11.8276539, 76.7970732 11.8274895))",0.5144177798725206,11.827787971300403,76.79683149701685,010182779025679683
91df7ff77cdc,Chamarajanagar,Terakanambi,2025.0,2.0,maize,2025-10-16,1.0,"POLYGON((76.7966317 11.8271312, 76.7967671 11.8274390, 76.7958907 11.8275719, 76.7957687 11.8274295, 76.7966317 11.8271312))",0.26931928935372534,11.827379551515008,76.79631123260967,010182738025679631
23be9d2b739d,Koppal,Bisarhalli,2025.0,2.0,pigeon_pea,2026-01-06,,"POLYGON((76.0794599 15.2772176, 76.0795826 15.2782642, 76.0798938 15.2782063, 76.0797513 15.2771840, 76.0794599 15.2772176))",0.3772423680383938,15.277724540862506,76.07967223151618,010527772025607967
011d7ceaf2ad,Koppal,Bisarhalli,2025.0,2.0,pigeon_pea,2026-02-10,,"POLYGON((76.0835107 15.2633482, 76.0828268 15.2633990, 76.0829180 15.2647258, 76.0835875 15.2647307, 76.0835107 15.2633482))",1.0909002515877757,15.26404787169557,76.0832128598918,010526405025608321
1748ef5b644a,Koppal,Bisarhalli,2025.0,2.0,pigeon_pea,2026-02-09,1.0,"POLYGON((76.0750454 15.2705478, 76.0750125 15.2697246, 76.0751895 15.2697178, 76.0752395 15.2705458, 76.0750454 15.2705478))",0.18214061458999237,15.27014025226609,76.07512212514509,010527014025607512
636e9362ebb2,Koppal,Bisarhalli,2026.0,3.0,pigeon_pea,2026-03-06,,"POLYGON((76.0746088 15.2747557, 76.0745605 15.2742495, 76.0739232 15.2742534, 76.0739051 15.2748643, 76.0746088 15.2747557))",0.44575766842361647,15.27453634306966,76.07423963501323,010527454025607424
6f1bd28bc5fe,Koppal,Bisarhalli,2025.0,2.0,pigeon_pea,2026-01-07,1.0,"POLYGON((76.0770885 15.2682876, 76.0773883 15.2683002, 76.0771673 15.2662715, 76.0768213 15.2663159, 76.0770885 15.2682876))",0.7714578648286878,15.267266447525307,76.07711375368775,010526727025607711
4da3ad338a2e,Chitradurga,Rangaiahnadurga Kaval,2025.0,2.0,finger_millet,2025-12-24,0.0,"POLYGON((76.0930326 13.9322969, 76.0929729 13.9325143, 76.0939395 13.9325394, 76.0939284 13.9323500, 76.0930326 13.9322969))",0.22740486172928245,13.932425884983635,76.09345646175483,010393243025609346
9fa9483761e0,Koppal,Bisarhalli,2026.0,3.0,other:alasandi,2026-03-02,,"POLYGON((76.0790103 15.2664071, 76.0789738 15.2659061, 76.0792397 15.2659051, 76.0792645 15.2663708, 76.0790103 15.2664071))",0.1499244717710055,15.266145914961283,76.07912035736238,010526615025607912
2579d3d9a358,Koppal,Bisarhalli,2026.0,3.0,other:mkola,2026-03-03,,"POLYGON((76.0718713 15.2775142, 76.0739155 15.2776070, 76.0739188 15.2772590, 76.0718549 15.2772289, 76.0718713 15.2775142))",0.7718057632756116,15.277403046925293,76.07292437111097,010527740025607292
2fde829e13c0,Koppal,Bisarhalli,2026.0,3.0,pigeon_pea,2026-03-04,,"POLYGON((76.0812372 15.2723665, 76.0813948 15.2724007, 76.0815568 15.2719657, 76.0812788 15.2719609, 76.0812372 15.2723665))",0.11104654673630075,15.272155775995955,76.08137291860095,010527216025608137
8a9dd906c4cc,Koppal,Bisarhalli,2025.0,2.0,pigeon_pea,2025-12-10,1.0,"POLYGON((76.0814589 15.2786889, 76.0824503 15.2786048, 76.0820862 15.2778848, 76.0813130 15.2781274, 76.0814589 15.2786889))",0.7206706870877504,15.278331298316237,76.08185180655765,010527833025608185
ebbb0c0fc68b,Chitradurga,Rangaiahnadurga Kaval,2025.0,2.0,other:benagal gram,2025-10-31,0.0,"POLYGON((76.1042073 13.9409414, 76.1042130 13.9412420, 76.1039760 13.9412456, 76.1039723 13.9409485, 76.1042073 13.9409414))",0.08430801706135364,13.941094589145816,76.10409241128242,010394109025610409
c65567760b7d,Chitradurga,Rangaiahnadurga Kaval,2025.0,2.0,finger_millet,2025-10-15,0.0,"POLYGON((76.0925417 13.9318498, 76.0928623 13.9300727, 76.0925659 13.9300226, 76.0920713 13.9318101, 76.0925417 13.9318498))",0.8382184505588782,13.931003520559116,76.09249496332073,010393100025609249
3d8c96ddcc48,Chitradurga,Rangaiahnadurga Kaval,2025.0,1.0,maize,2025-06-19,0.0,"POLYGON((76.1030818 13.9450186, 76.1030825 13.9452402, 76.1039485 13.9452434, 76.1039592 13.9450020, 76.1030818 13.9450186))",0.2410586942237434,13.945125771468016,76.10352421613771,010394513025610352
707ea9a47365,Chitradurga,Rangaiahnadurga Kaval,2025.0,1.0,maize,2025-06-11,0.0,"POLYGON((76.1085160 13.9272657, 76.1083218 13.9272514, 76.1082424 13.9265843, 76.1084925 13.9265862, 76.1085160 13.9272657))",0.17817380543955186,13.926907471126356,76.10839247055732,010392691025610839
e7c7abdda84e,Chitradurga,Rangaiahnadurga Kaval,2025.0,1.0,maize,2025-06-19,0.0,"POLYGON((76.1066659 13.9310161, 76.1067159 13.9314382, 76.1055169 13.9314909, 76.1055330 13.9311365, 76.1066659 13.9310161))",0.5425133828672221,13.931270828982518,76.10612611812117,010393127025610613
23a2601544e9,Chitradurga,Rangaiahnadurga Kaval,2025.0,1.0,maize,2025-06-04,0.0,"POLYGON((76.1068745 13.9331586, 76.1068339 13.9333350, 76.1058643 13.9335146, 76.1057342 13.9331847, 76.1068745 13.9331586))",0.3245779433548198,13.933301080059707,76.10626809262166,010393330025610627
d7217724e3a8,Chitradurga,Rangaiahnadurga Kaval,2025.0,2.0,chickpea,2025-11-01,0.0,"POLYGON((76.1073164 13.9334287, 76.1069241 13.9334108, 76.1069573 13.9351580, 76.1073013 13.9350919, 76.1073164 13.9334287))",0.7501917364753297,13.934253997350588,76.10712307739365,010393425025610712
f07d9b1293ec,Chitradurga,Rangaiahnadurga Kaval,2025.0,1.0,maize,2025-06-04,0.0,"POLYGON((76.1080734 13.9273441, 76.1081271 13.9286930, 76.1085351 13.9286084, 76.1085066 13.9269233, 76.1085696 13.9273168, 76.1080734 13.9273441))",0.6570193259697162,13.927999974416897,76.10830580038858,010392800025610831
206e37fb22a3,Chitradurga,Rangaiahnadurga Kaval,2025.0,1.0,finger_millet,2025-09-25,0.0,"POLYGON((76.1085515 13.9273399, 76.1085609 13.9272000, 76.1093545 13.9271215, 76.1093545 13.9272813, 76.1085515 13.9273399))",0.14253914394693665,13.927235033588236,76.10896453932293,010392724025610896
4af584e6bddd,Chitradurga,Rangaiahnadurga Kaval,2025.0,1.0,maize,2025-06-04,0.0,"POLYGON((76.1085059 13.9266366, 76.1095295 13.9265175, 76.1096630 13.9269975, 76.1086132 13.9270441, 76.1085059 13.9266366))",0.5614635843507075,13.926798040864634,76.10909218187642,010392680025610909
e8d37a8fdc17,Chitradurga,Rangaiahnadurga Kaval,2025.0,2.0,finger_millet,2025-10-31,0.0,"POLYGON((76.1063558 13.9338436, 76.1060849 13.9338537, 76.1060698 13.9351798, 76.1063474 13.9351680, 76.1063558 13.9338436))",0.4340586444953459,13.934513980798645,76.10621442009945,010393451025610621
3fc90365ee8b,Chitradurga,Rangaiahnadurga Kaval,2025.0,2.0,finger_millet,2025-10-25,0.0,"POLYGON((76.1059075 13.9339556, 76.1059038 13.9341687, 76.1060503 13.9341847, 76.1060601 13.9339575, 76.1059075 13.9339556))",0.03939870689101649,13.934065974700173,76.10598127664346,010393407025610598
9c538307cab2,Koppal,Bisarhalli,2026.0,3.0,pigeon_pea,2026-03-05,,"POLYGON((76.0756401 15.2632680, 76.0739460 15.2629989, 76.0747493 15.2660041, 76.0752157 15.2662175, 76.0756401 15.2632680))",3.7650249240260623,15.264338391808142,76.07487633205032,010526434025607488
d451dd9187d9,Koppal,Bisarhalli,2026.0,3.0,pigeon_pea,2026-03-05,,"POLYGON((76.0805318 15.2688177, 76.0813992 15.2687844, 76.0813821 15.2685813, 76.0805533 15.2685851, 76.0805318 15.2688177))",0.21932810921288737,15.268693139345833,76.08095729756913,010526869025608096
908311a99887,Koppal,Bisarhalli,2026.0,3.0,pigeon_pea,2026-03-05,1.0,"POLYGON((76.0804946 15.2685308, 76.0805107 15.2688280, 76.0818132 15.2687533, 76.0818032 15.2685625, 76.0804946 15.2685308))",0.37866563299485884,15.268669443650836,76.08110798307077,010526867025608111
bea23564134b,Koppal,Bisarhalli,2026.0,3.0,pigeon_pea,2026-03-05,1.0,"POLYGON((76.0801530 15.2791032, 76.0810277 15.2791481, 76.0810287 15.2789447, 76.0802032 15.2789457, 76.0801530 15.2791032))",0.1828378940282788,15.279036871523218,76.08062046631,010527904025608062
bdbc9332fbf2,Tumkur,Cholamballi,2025.0,1.0,finger_millet,2025-07-09,1.0,"POLYGON((77.1276424 13.2311733, 77.1273799 13.2312823, 77.1274144 13.2315581, 77.1277349 13.2315415, 77.1276424 13.2311733))",0.11725097705669864,13.231390686982664,77.12755119735249,010323139025712755
3c7696dc2fdc,Tumkur,Cholamballi,2025.0,1.0,finger_millet,2025-07-23,1.0,"POLYGON((77.1271294 13.2308365, 77.1271861 13.2310385, 77.1274835 13.2309478, 77.1274687 13.2306612, 77.1271294 13.2308365))",0.09887638417058799,13.23086487921289,77.1273233200736,010323086025712732
151379c593d5,Tumkur,Cholamballi,2025.0,1.0,finger_millet,2025-07-08,1.0,"POLYGON((77.1273930 13.2311766, 77.1274101 13.2313894, 77.1276967 13.2313479, 77.1276199 13.2311315, 77.1273930 13.2311766))",0.06846919729730709,13.231265095598792,77.1275320999516,010323127025712753
7d94abcc6b92,Tumkur,Cholamballi,2025.0,1.0,finger_millet,2025-07-23,1.0,"POLYGON((77.1270154 13.2311231, 77.1270389 13.2313470, 77.1273430 13.2312601, 77.1273226 13.2310274, 77.1270154 13.2311231))",0.0860005844208148,13.231188905462183,77.12718081381861,010323119025712718
dfa5b4b71cfc,Tumkur,Cholamballi,2025.0,1.0,finger_millet,2025-06-25,1.0,"POLYGON((77.1295189 13.2317572, 77.1290888 13.2317722, 77.1291455 13.2327269, 77.1294935 13.2328094, 77.1295189 13.2317572))",0.4671889160997611,13.232248724052344,77.12931477259704,010323225025712931
da7c6849d758,Tumkur,Cholamballi,2025.0,1.0,finger_millet,2025-07-18,0.0,"POLYGON((77.1268481 13.2325800, 77.1268736 13.2318434, 77.1272223 13.2320885, 77.1270553 13.2326322, 77.1268481 13.2325800))",0.2303478030371498,13.232253629950371,77.12700047849768,010323225025712700
ca44a9329301,Tumkur,Cholamballi,2025.0,1.0,finger_millet,2025-07-18,0.0,"POLYGON((77.1272163 13.2327060, 77.1273534 13.2321139, 77.1277054 13.2322830, 77.1274540 13.2327886, 77.1272163 13.2327060))",0.22319693595870604,13.232452709423386,77.12743772129315,010323245025712744
77ccf371391f,Tumkur,Cholamballi,2025.0,1.0,finger_millet,2025-06-19,0.0,"POLYGON((77.1265880 13.2317145, 77.1266530 13.2324945, 77.1269363 13.2326162, 77.1269943 13.2319162, 77.1265880 13.2317145))",0.3050991637386169,13.2321629362504,77.12679193140762,010323216025712679
03e6a8230be2,Tumkur,Hullenahalli,2025.0,1.0,sorghum,2025-09-25,0.0,"POLYGON((77.0957074 13.2336724, 77.0959005 13.2336841, 77.0959206 13.2342879, 77.0956648 13.2343398, 77.0957074 13.2336724))",0.17068451737382367,13.234010754949198,77.09579633275783,010323401025709580
00bb16714bd9,Tumkur,Cholamballi,2025.0,1.0,finger_millet,2025-07-31,1.0,"POLYGON((77.1266483 13.2315846, 77.1273001 13.2316792, 77.1274563 13.2311498, 77.1267620 13.2310075, 77.1266483 13.2315846))",0.465313936785849,13.231351028971321,77.12703864162499,010323135025712704
074550bb380b,Tumkur,Cholamballi,2025.0,1.0,finger_millet,2025-08-08,1.0,"POLYGON((77.1266855 13.2316260, 77.1274557 13.2316815, 77.1275928 13.2309586, 77.1266832 13.2310806, 77.1266855 13.2316260))",0.6354910320637338,13.231328295821822,77.1271241653025,010323133025712712
d78950a55e65,Tumkur,Cholamballi,2025.0,1.0,finger_millet,2025-08-01,1.0,"POLYGON((77.1266463 13.2315872, 77.1270289 13.2316231, 77.1269970 13.2312784, 77.1265970 13.2311818, 77.1266463 13.2315872))",0.17259307286689923,13.231415863415787,77.12681208259818,010323142025712681
bf18099ad971,Tumkur,Hullenahalli,2025.0,1.0,finger_millet,2025-07-16,1.0,"POLYGON((77.1012471 13.2342866, 77.1012180 13.2340741, 77.1014275 13.2339912, 77.1015378 13.2340062, 77.1017098 13.2339717, 77.1017829 13.2339299, 77.1018372 13.2339318, 77.1018614 13.2340947, 77.1012471 13.2342866))",0.14928224292072498,13.234097842747898,77.10152163493926,010323410025710152
c0549850e50f,Tumkur,Hullenahalli,2025.0,1.0,finger_millet,2025-06-20,1.0,"POLYGON((77.1012505 13.2343281, 77.1012810 13.2345826, 77.1015834 13.2343923, 77.1018888 13.2342856, 77.1018654 13.2341094, 77.1014835 13.2342269, 77.1012505 13.2343281))",0.15739939953159277,13.234320908617889,77.10154923352286,010323432025710155
fa4f2f6d24a3,Tumkur,Hullenahalli,2025.0,1.0,finger_millet,2025-07-10,0.0,"POLYGON((77.0972335 13.2344002, 77.0972114 13.2335301, 77.0973656 13.2335448, 77.0974116 13.2344700, 77.0972335 13.2344002))",0.17696975814764,13.23399632577973,77.09730667327851,010323400025709731
302e910ce471,Tumkur,Hullenahalli,2025.0,1.0,finger_millet,2025-07-16,1.0,"POLYGON((77.0971936 13.2335715, 77.0973556 13.2335901, 77.0973626 13.2340079, 77.0972362 13.2340314, 77.0971936 13.2335715))",0.07587513937533422,13.233791843934736,77.09728536721884,010323379025709729
93a729d5ebf4,Tumkur,Hullenahalli,2025.0,1.0,finger_millet,2025-07-23,1.0,"POLYGON((77.1009648 13.2346198, 77.1008646 13.2346267, 77.1007566 13.2338427, 77.1007124 13.2333525, 77.1005498 13.2325735, 77.1006212 13.2325555, 77.1007459 13.2329707, 77.1008062 13.2333493, 77.1007821 13.2333564, 77.1008357 13.2338418, 77.1009648 13.2346198))",0.2216225453897801,13.233582414988572,77.10076712345277,010323358025710077
151734904d02,Tumkur,Hullenahalli,2025.0,1.0,finger_millet,2025-07-15,1.0,"POLYGON((77.1005772 13.2346247, 77.1008542 13.2346091, 77.1007191 13.2334792, 77.1005477 13.2325983, 77.1002845 13.2326482, 77.1004793 13.2335327, 77.1005772 13.2346247))",0.6260150789242749,13.233623530886698,77.10059158091896,010323362025710059
cbca525cb6e7,Tumkur,Hullenahalli,2025.0,1.0,finger_millet,2025-06-12,1.0,"POLYGON((77.1002272 13.2354302, 77.1002014 13.2353046, 77.1001893 13.2351982, 77.1001136 13.2348480, 77.1001665 13.2348205, 77.1001380 13.2346668, 77.1003841 13.2346463, 77.1006138 13.2346564, 77.1009538 13.2346371, 77.1010423 13.2352246, 77.1002272 13.2354302))",0.6870620188063107,13.234994290081572,77.1005638517059,010323499025710056
45a6e4b457c4,Tumkur,Hullenahalli,2025.0,1.0,finger_millet,2025-08-11,1.0,"POLYGON((77.0995251 13.2352194, 77.0995097 13.2353551, 77.1001397 13.2352984, 77.1001518 13.2352158, 77.1001132 13.2351603, 77.0995251 13.2352194))",0.102604121960017,13.23525808578796,77.09983128523528,010323526025709983
43ac7782284f,Tumkur,Hullenahalli,2025.0,1.0,finger_millet,2025-06-20,1.0,"POLYGON((77.0996814 13.2357272, 77.0996884 13.2353659, 77.0999496 13.2353434, 77.0999838 13.2357168, 77.0996814 13.2357272))",0.12429920375557371,13.23554268484597,77.09982689269668,010323554025709983
3caeba73c701,Tumkur,Hullenahalli,2025.0,1.0,finger_millet,2025-07-17,1.0,"POLYGON((77.0996737 13.2360030, 77.0995087 13.2360030, 77.0993934 13.2359766, 77.0993860 13.2355252, 77.0994866 13.2353894, 77.0996398 13.2353881, 77.0996737 13.2360030))",0.1869529350648425,13.235709577188512,77.09952853805463,010323571025709953
501bd559dab1,Tumkur,Hullenahalli,2025.0,1.0,finger_millet,2025-07-07,0.0,"POLYGON((77.0965992 13.2357905, 77.0966012 13.2357161, 77.0970589 13.2356776, 77.0970733 13.2357432, 77.0965992 13.2357905))",0.03939697064744027,13.235732438450711,77.09682913464877,010323573025709683
d3f519359526,Tumkur,Hullenahalli,2025.0,1.0,finger_millet,2025-07-07,0.0,"POLYGON((77.0966072 13.2355118, 77.0970461 13.2355040, 77.0970716 13.2356678, 77.0966082 13.2357109, 77.0966072 13.2355118))",0.09848962880329831,13.235599911506803,77.09682637658695,010323560025709683
f9ed4b575f62,Tumkur,Hullenahalli,2025.0,1.0,sorghum,2025-07-14,1.0,"POLYGON((77.0993682 13.2359929, 77.0994306 13.2360033, 77.0994155 13.2360934, 77.0990749 13.2361250, 77.0988479 13.2361117, 77.0988328 13.2355963, 77.0993723 13.2356414, 77.0993682 13.2359929))",0.32063553145865253,13.235868625397943,77.0991056269958,010323587025709911
2fd66f2b4cf3,Tumkur,Hullenahalli,2025.0,1.0,sorghum,2025-08-01,1.0,"POLYGON((77.0949651 13.2342507, 77.0951223 13.2343003, 77.0951582 13.2338522, 77.0949942 13.2337794, 77.0949651 13.2342507))",0.09084423329758791,13.234043497529292,77.0950594913768,010323404025709506
01560311acab,Tumkur,Hullenahalli,2025.0,1.0,finger_millet,2025-07-31,1.0,"POLYGON((77.0949738 13.2341352, 77.0951367 13.2341727, 77.0951501 13.2339743, 77.0949664 13.2339504, 77.0949738 13.2341352))",0.039901583277569895,13.23405648431971,77.09505809064648,010323406025709506
15ea6fb4aac4,Tumkur,Hullenahalli,2025.0,1.0,finger_millet,2025-08-13,,"POLYGON((77.0988107 13.2360709, 77.0984375 13.2360291, 77.0984536 13.2355905, 77.0987771 13.2356378, 77.0988107 13.2360709))",0.18146519783147777,13.235837147513394,77.09861904277811,010323584025709862
c76eb4437c4f,Tumkur,Hullenahalli,2025.0,1.0,finger_millet,2025-07-17,1.0,"POLYGON((77.0977877 13.2353483, 77.0977928 13.2345585, 77.0976912 13.2331652, 77.0978498 13.2331538, 77.0979775 13.2340581, 77.0980003 13.2347713, 77.0979470 13.2353431, 77.0977877 13.2353483))",0.510451255992511,13.234255267587994,77.09785845453854,010323426025709786
7748544df1b3,Tumkur,Hullenahalli,2025.0,2.0,sorghum,2025-10-09,0.0,"POLYGON((77.0974189 13.2354540, 77.0974166 13.2354103, 77.0972855 13.2354508, 77.0973029 13.2354834, 77.0974189 13.2354540))",0.0060667549608173985,13.235448710048203,77.09735759825864,010323545025709736
6982d895eaed,Tumkur,Hullenahalli,2025.0,1.0,horse_gram,2025-08-13,0.0,"POLYGON((77.0974199 13.2354570, 77.0972496 13.2355173, 77.0972493 13.2355947, 77.0974226 13.2354981, 77.0974199 13.2354570))",0.012306376260207802,13.235520696855229,77.09732702771203,010323552025709733
e2b25b749e67,Tumkur,Hullenahalli,2025.0,1.0,sorghum,2025-09-19,0.0,"POLYGON((77.0970371 13.2342948, 77.0970354 13.2350663, 77.0972587 13.2351407, 77.0972067 13.2342964, 77.0970371 13.2342948))",0.18905457220984048,13.234717503789808,77.09713628324324,010323472025709714
9766e3500376,Tumkur,Hullenahalli,2025.0,1.0,sorghum,2025-09-19,0.0,"POLYGON((77.0972490 13.2357461, 77.0972463 13.2355079, 77.0971048 13.2356743, 77.0971024 13.2357445, 77.0972490 13.2357461))",0.026624525324484193,13.23566103640296,77.09718891053565,010323566025709719
8ef86c20c05b,Tumkur,Hullenahalli,2025.0,1.0,finger_millet,2025-07-09,1.0,"POLYGON((77.0988908 13.2354234, 77.0984248 13.2353574, 77.0984446 13.2344250, 77.0990323 13.2344413, 77.0990370 13.2349599, 77.0989515 13.2349690, 77.0988908 13.2354234))",0.6320890328821884,13.234889692898152,77.09871396505531,010323489025709871
96af836a2228,Tumkur,Hullenahalli,2025.0,1.0,sorghum,2025-09-20,,"POLYGON((77.0965724 13.2353989, 77.0963994 13.2353545, 77.0965100 13.2342957, 77.0966917 13.2343232, 77.0965724 13.2353989))",0.23175210613854702,13.23483973664073,77.09654398614023,010323484025709654
d8c66ee5c140,Tumkur,Hullenahalli,2025.0,1.0,finger_millet,2025-06-27,1.0,"POLYGON((77.0966914 13.2345960, 77.0967008 13.2338166, 77.0970015 13.2338812, 77.0970488 13.2346113, 77.0966914 13.2345960))",0.2966862950823643,13.234237156395698,77.09685885457166,010323424025709686
64ded98b5db3,Tumkur,Hullenahalli,2025.0,1.0,sorghum,2025-09-19,0.0,"POLYGON((77.0963739 13.2355085, 77.0962562 13.2354860, 77.0963186 13.2343506, 77.0964855 13.2343643, 77.0963739 13.2355085))",0.196273596085598,13.234895238522343,77.09636115506487,010323490025709636
3141aca202a6,Tumkur,Hullenahalli,2025.0,1.0,finger_millet,2025-07-09,0.0,"POLYGON((77.0961023 13.2341104, 77.0963072 13.2341587, 77.0962535 13.2355921, 77.0960239 13.2355320, 77.0961023 13.2341104))",0.37591170039953886,13.23486202903368,77.0961711491005,010323486025709617
b36a0bf98a87,Tumkur,Hullenahalli,2025.0,1.0,finger_millet,2025-08-01,1.0,"POLYGON((77.0949691 13.2342017, 77.0951243 13.2342230, 77.0950720 13.2341087, 77.0949801 13.2340761, 77.0949691 13.2342017))",0.017090832139780902,13.234157382911324,77.09503507925241,010323416025709504
541c244f6b15,Tumkur,Hullenahalli,2025.0,1.0,sorghum,2025-08-01,1.0,"POLYGON((77.0951428 13.2342974, 77.0952249 13.2343062, 77.0952299 13.2341600, 77.0951371 13.2341642, 77.0951428 13.2342974))",0.01464565989413661,13.234230522221347,77.09518434836926,010323423025709518
17580bd56198,Tumkur,Hullenahalli,2025.0,1.0,horse_gram,2025-09-04,1.0,"POLYGON((77.0952286 13.2343460, 77.0953181 13.2343506, 77.0953483 13.2341430, 77.0952319 13.2341296, 77.0952286 13.2343460))",0.02632412215579319,13.234237584635846,77.09528183468369,010323424025709528
41e452a452d3,Tumkur,Hullenahalli,2025.0,1.0,finger_millet,2025-08-01,1.0,"POLYGON((77.0953476 13.2345513, 77.0954978 13.2345784, 77.0955109 13.2344162, 77.0953426 13.2344194, 77.0953476 13.2345513))",0.028114307507160454,13.234490206816835,77.09542761154175,010323449025709543
ba2a2a2b8f12,Tumkur,Hullenahalli,2025.0,1.0,sorghum,2025-08-01,1.0,"POLYGON((77.0953523 13.2343682, 77.0956061 13.2343480, 77.0956309 13.2339593, 77.0954012 13.2338711, 77.0953523 13.2343682))",0.12978241721218856,13.234138210667348,77.09549242780693,010323414025709549
dbf56c702715,Tumkur,Hullenahalli,2025.0,1.0,sorghum,2025-08-01,1.0,"POLYGON((77.0954137 13.2343480, 77.0956514 13.2343613, 77.0956574 13.2340229, 77.0954251 13.2340203, 77.0954137 13.2343480))",0.09387924262749509,13.234188807375943,77.09553747364116,010323419025709554
fbf5260c2d2f,Tumkur,Hullenahalli,2025.0,1.0,finger_millet,2025-07-31,1.0,"POLYGON((77.0955384 13.2343734, 77.0956715 13.2343819, 77.0956825 13.2341864, 77.0955347 13.2341769, 77.0955384 13.2343734))",0.0330293904699174,13.234277952093992,77.09560680418264,010323428025709561
41158d1e4f7f,Tumkur,Hullenahalli,2025.0,1.0,sorghum,2025-08-01,1.0,"POLYGON((77.0954569 13.2339508, 77.0956671 13.2339971, 77.0956846 13.2336064, 77.0954093 13.2336296, 77.0954569 13.2339508))",0.10330896525212498,13.23378785687548,77.09555825402236,010323379025709556
63a03675fc46,Tumkur,Hullenahalli,2025.0,1.0,finger_millet,2025-08-01,1.0,"POLYGON((77.0956836 13.2345559, 77.0958975 13.2345611, 77.0959193 13.2342961, 77.0956929 13.2343153, 77.0956836 13.2345559))",0.06653536381333693,13.234430982423367,77.09580011597951,010323443025709580
ea7122c822d0,Tumkur,Hullenahalli,2025.0,1.0,sorghum,2025-07-31,1.0,"POLYGON((77.0958995 13.2348196, 77.0960306 13.2348378, 77.0961047 13.2342141, 77.0959089 13.2341590, 77.0958995 13.2348196))",0.12759574241086494,13.234485879240822,77.09598682803838,010323449025709599
f3f8ba772f58,Tumkur,Hullenahalli,2025.0,1.0,finger_millet,2025-07-16,1.0,"POLYGON((77.0980003 13.2353372, 77.0980318 13.2346874, 77.0978830 13.2331760, 77.0982018 13.2331277, 77.0982461 13.2341218, 77.0983651 13.2344093, 77.0983929 13.2353829, 77.0980003 13.2353372))",0.8655900343865883,13.234310645853848,77.09814431844784,010323431025709814
2e1e8c48dfc5,Koppal,Mainahalli,2026.0,3.0,pigeon_pea,2026-03-05,,"POLYGON((76.0454023 15.2885622, 76.0457214 15.2881327, 76.0465103 15.2887242, 76.0461251 15.2891450, 76.0454023 15.2885622))",0.627087595999937,15.288641923067198,76.0459453520155,010528864025604595
b638d082123c,Koppal,Mainahalli,2026.0,3.0,pigeon_pea,2026-03-05,,"POLYGON((76.0507355 15.2820842, 76.0515831 15.2821531, 76.0517795 15.2809247, 76.0508200 15.2809551, 76.0507355 15.2820842))",1.267831801778795,15.281518551426025,76.05123729084933,010528152025605124
43d0ea5dbac3,Koppal,Mainahalli,2026.0,3.0,pigeon_pea,2026-03-06,,"POLYGON((76.0510268 15.2793296, 76.0508696 15.2806741, 76.0518164 15.2806204, 76.0518965 15.2792924, 76.0510268 15.2793296))",1.4346745733720219,15.279988459111932,76.05140080633073,010527999025605140
4b6fd678da24,Koppal,Mainahalli,2026.0,3.0,pigeon_pea,2026-03-05,1.0,"POLYGON((76.0444072 15.2747169, 76.0442496 15.2754960, 76.0486102 15.2762299, 76.0487520 15.2758249, 76.0444072 15.2747169))",3.223682892474438,15.275519606292242,76.04628537216479,010527552025604629
9eff0396c1d6,Koppal,Mainahalli,2026.0,3.0,pigeon_pea,2026-03-05,,"POLYGON((76.0574786 15.2803542, 76.0571832 15.2802245, 76.0574155 15.2793357, 76.0576415 15.2794418, 76.0574786 15.2803542))",0.30641877057593275,15.27985852168643,76.05742523789667,010527986025605743
bd12031332c4,Koppal,Mainahalli,2026.0,3.0,pigeon_pea,2026-03-06,,"POLYGON((76.0574605 15.2803044, 76.0572204 15.2802051, 76.0574048 15.2793739, 76.0576385 15.2794460, 76.0574605 15.2803044))",0.2560476265169079,15.27983591346682,76.05743085405375,010527984025605743
374ffb70aabd,Koppal,Mainahalli,2026.0,3.0,no_crop,2026-03-05,,"POLYGON((76.0502473 15.2867572, 76.0502296 15.2871534, 76.0502621 15.2871583, 76.0502738 15.2867576, 76.0502473 15.2867572))",0.014003704728544206,15.286963581683171,76.05025296081398,010528696025605025
22a38b8171a5,Koppal,Mainahalli,2026.0,3.0,other:m k,2026-03-06,1.0,"POLYGON((76.0570940 15.2882055, 76.0574993 15.2882191, 76.0578940 15.2861709, 76.0573300 15.2860441, 76.0570940 15.2882055))",1.2374488292955277,15.287097456502071,76.05746195958807,010528710025605746
45f5fc0aea90,Tumkur,Sasalu,2025.0,1.0,finger_millet,2025-06-28,1.0,"POLYGON((77.1493391 13.2147782, 77.1488050 13.2149215, 77.1489190 13.2152430, 77.1494149 13.2150844, 77.1493391 13.2147782))",0.21083339304635132,13.215006218712649,77.14911571813744,010321501025714912
6190cf6f3ad1,Tumkur,Sasalu,2025.0,1.0,finger_millet,2025-06-28,1.0,"POLYGON((77.1493998 13.2150880, 77.1488563 13.2151291, 77.1490293 13.2154278, 77.1494813 13.2153472, 77.1493998 13.2150880))",0.17562713624729412,13.215245637471364,77.14918307141929,010321525025714918
642d79b17624,Tumkur,Sasalu,2025.0,1.0,finger_millet,2025-06-28,1.0,"POLYGON((77.1494431 13.2151709, 77.1495634 13.2155740, 77.1490981 13.2156514, 77.1489854 13.2153805, 77.1494431 13.2151709))",0.20640174029687877,13.215437782155378,77.14928564303702,010321544025714929
07c59afd64b5,Tumkur,Sasalu,2025.0,1.0,finger_millet,2025-06-28,1.0,"POLYGON((77.1495316 13.2155022, 77.1492972 13.2156406, 77.1490920 13.2156559, 77.1494853 13.2153432, 77.1495316 13.2155022))",0.06098368004984773,13.215524608349744,77.14935436485713,010321552025714935
0670051857ba,Tumkur,Sasalu,2025.0,1.0,finger_millet,2025-08-01,1.0,"POLYGON((77.1489992 13.2150971, 77.1493666 13.2151546, 77.1492798 13.2145736, 77.1488999 13.2147623, 77.1489992 13.2150971))",0.21236381846929117,13.214887927713278,77.14915113870083,010321489025714915
f0d66fe1bb33,Tumkur,Sasalu,2025.0,1.0,finger_millet,2025-08-01,1.0,"POLYGON((77.1493428 13.2149747, 77.1492828 13.2146405, 77.1489643 13.2146911, 77.1490360 13.2151203, 77.1493428 13.2149747))",0.15075449518716083,13.214859118636248,77.14915017976652,010321486025714915
a79e6ed8e10d,Tumkur,Sasalu,2025.0,1.0,horse_gram,2025-09-17,1.0,"POLYGON((77.1489452 13.2149382, 77.1492392 13.2148850, 77.1491816 13.2143592, 77.1488302 13.2144962, 77.1489452 13.2149382))",0.19696182243035706,13.21466001346283,77.14905103947098,010321466025714905
8f4fb6cc3d73,Tumkur,Sasalu,2025.0,1.0,finger_millet,2025-06-28,1.0,"POLYGON((77.1499866 13.2142482, 77.1497807 13.2142400, 77.1496865 13.2137305, 77.1498863 13.2137285, 77.1499866 13.2142482))",0.12471451803897712,13.213987692107219,77.14983550088547,010321399025714984
647ea05e68f1,Tumkur,Sasalu,2025.0,1.0,finger_millet,2025-06-19,1.0,"POLYGON((77.1491621 13.2127977, 77.1492546 13.2141672, 77.1497586 13.2141574, 77.1496332 13.2133101, 77.1491621 13.2127977))",0.6147097427788476,13.213614181149376,77.14943295642266,010321361025714943
230d7a3d20b8,Tumkur,Sasalu,2025.0,1.0,finger_millet,2025-06-19,1.0,"POLYGON((77.1499993 13.2157669, 77.1496563 13.2157819, 77.1492044 13.2140918, 77.1497234 13.2139691, 77.1499993 13.2157669))",0.9307303676434054,13.2148374153393,77.14963389479811,010321484025714963
9eba05c5e5e1,Tumkur,Sasalu,2025.0,1.0,finger_millet,2025-06-11,1.0,"POLYGON((77.1492422 13.2135376, 77.1487413 13.2136636, 77.1487014 13.2134194, 77.1492241 13.2133019, 77.1492422 13.2135376))",0.1513640295803677,13.213480422578845,77.14897482754941,010321348025714897
60e565c48ae6,Tumkur,Sasalu,2025.0,1.0,finger_millet,2025-07-03,1.0,"POLYGON((77.1483243 13.2140520, 77.1482290 13.2135454, 77.1486579 13.2134586, 77.1487608 13.2139296, 77.1483243 13.2140520))",0.2658447661297432,13.213748332281902,77.1484908796119,010321375025714849
d47fb9d5298e,Tumkur,Sasalu,2025.0,1.0,finger_millet,2025-07-11,1.0,"POLYGON((77.1470666 13.2131681, 77.1472631 13.2136009, 77.1479853 13.2135265, 77.1476386 13.2130650, 77.1470666 13.2131681))",0.375632444202546,13.213346437793868,77.14749818508417,010321335025714750
99152f8804aa,Tumkur,Sasalu,2025.0,1.0,horse_gram,2025-08-07,0.0,"POLYGON((77.1470536 13.2136701, 77.1468920 13.2136936, 77.1468068 13.2131671, 77.1469013 13.2131544, 77.1470536 13.2136701))",0.08255218670187049,13.213444161248963,77.14691858397583,010321344025714692
617e718dc5b1,Tumkur,Sasalu,2025.0,1.0,finger_millet,2025-07-08,1.0,"POLYGON((77.1470046 13.2131443, 77.1468980 13.2131596, 77.1470730 13.2136652, 77.1472044 13.2136362, 77.1470046 13.2131443))",0.07611890051916208,13.213411142642077,77.14704851048386,010321341025714705
399dc80b35aa,Tumkur,Sasalu,2025.0,1.0,finger_millet,2025-06-11,1.0,"POLYGON((77.1467538 13.2137083, 77.1468775 13.2136972, 77.1467867 13.2131802, 77.1466502 13.2131916, 77.1467538 13.2137083))",0.08188245336007283,13.213440167734177,77.14676626058684,010321344025714677
df6b9a90dfe7,Tumkur,Sasalu,2025.0,1.0,finger_millet,2025-07-11,1.0,"POLYGON((77.1465540 13.2132122, 77.1464668 13.2132256, 77.1465755 13.2137312, 77.1466609 13.2137223, 77.1465540 13.2132122))",0.053976208468166934,13.213471544933908,77.1465640949916,010321347025714656
02c55c38d3e3,Tumkur,Sasalu,2025.0,1.0,finger_millet,2025-07-11,1.0,"POLYGON((77.1467404 13.2137028, 77.1466666 13.2137364, 77.1465661 13.2132079, 77.1466475 13.2131952, 77.1467404 13.2137028))",0.05086469830410616,13.213458650021796,77.14665451366335,010321346025714665
d52e1c0a00b9,Tumkur,Sasalu,2025.0,1.0,sorghum,2025-08-15,0.0,"POLYGON((77.1461869 13.2132938, 77.1463022 13.2137445, 77.1458821 13.2138137, 77.1457922 13.2133538, 77.1461869 13.2132938))",0.2302129330382546,13.213554012731658,77.14604104431181,010321355025714604
67905c7ad95e,Tumkur,Sasalu,2025.0,1.0,finger_millet,2025-07-23,1.0,"POLYGON((77.1464598 13.2132409, 77.1462244 13.2132605, 77.1463354 13.2137540, 77.1465530 13.2137253, 77.1464598 13.2132409))",0.1356525037009235,13.213492426838704,77.14639214501085,010321349025714639
83ef6b4ea5d2,Tumkur,Sasalu,2025.0,1.0,finger_millet,2025-06-27,1.0,"POLYGON((77.1453567 13.2134364, 77.1457530 13.2133649, 77.1457886 13.2136137, 77.1453708 13.2136659, 77.1453567 13.2134364))",0.11845329734799577,13.213520684937235,77.14557051792926,010321352025714557
885498b3bef0,Tumkur,Sasalu,2025.0,1.0,finger_millet,2025-06-27,1.0,"POLYGON((77.1453732 13.2136923, 77.1457648 13.2136084, 77.1458181 13.2138470, 77.1453822 13.2139162, 77.1453732 13.2136923))",0.11751142936592321,13.213767309617905,77.14558812885512,010321377025714559
cea60ae9ac0f,Tumkur,Sasalu,2025.0,1.0,finger_millet,2025-08-01,1.0,"POLYGON((77.1487859 13.2149868, 77.1492583 13.2147466, 77.1491584 13.2141731, 77.1485911 13.2144055, 77.1487859 13.2149868))",0.40141141362365795,13.214571856377752,77.14894305924764,010321457025714894
9f49658324c5,Tumkur,Sasalu,2025.0,1.0,sorghum,2025-08-01,1.0,"POLYGON((77.1487769 13.2144287, 77.1491876 13.2144450, 77.1491329 13.2139182, 77.1486542 13.2140847, 77.1487769 13.2144287))",0.240030174825602,13.214208443535682,77.14895029471825,010321421025714895
8f57680b265f,Tumkur,Sasalu,2025.0,1.0,finger_millet,2025-07-31,1.0,"POLYGON((77.1490132 13.2142860, 77.1492020 13.2142606, 77.1491631 13.2139541, 77.1489261 13.2140246, 77.1490132 13.2142860))",0.07607042663729119,13.214124699046126,77.1490767712773,010321412025714908
e68e5c71dd61,Tumkur,Sasalu,2025.0,1.0,finger_millet,2025-08-01,1.0,"POLYGON((77.1487517 13.2138875, 77.1489653 13.2138170, 77.1489754 13.2136633, 77.1487407 13.2136845, 77.1487517 13.2138875))",0.04793655400239698,13.213762823376202,77.1488526483022,010321376025714885
6bbd2b67e1c4,Tumkur,Sasalu,2025.0,1.0,finger_millet,2025-08-01,1.0,"POLYGON((77.1481650 13.2139384, 77.1482693 13.2139414, 77.1482237 13.2135742, 77.1480869 13.2136039, 77.1481650 13.2139384))",0.051671461789218304,13.213755255864298,77.14818541071406,010321376025714819
7a36a7922902,Tumkur,Sasalu,2025.0,1.0,finger_millet,2025-07-31,1.0,"POLYGON((77.1481526 13.2138885, 77.1482669 13.2138735, 77.1482267 13.2136773, 77.1481043 13.2137103, 77.1481526 13.2138885))",0.027820352240440577,13.2137856709009,77.14818808125872,010321379025714819
5e94d6ecee33,Tumkur,Sasalu,2025.0,1.0,finger_millet,2025-08-07,1.0,"POLYGON((77.1478119 13.2137648, 77.1480047 13.2137439, 77.1480004 13.2135693, 77.1477868 13.2135934, 77.1478119 13.2137648))",0.04251670237607005,13.21366634837641,77.14790093186195,010321367025714790
2d2c2954a3bb,Tumkur,Sasalu,2025.0,1.0,finger_millet,2025-08-01,1.0,"POLYGON((77.1473640 13.2138797, 77.1476262 13.2138692, 77.1476037 13.2136140, 77.1473178 13.2136633, 77.1473640 13.2138797))",0.0786850716595989,13.213754082222131,77.14748108325686,010321375025714748
336dc7e8a4d8,Tumkur,Sasalu,2025.0,1.0,sorghum,2025-08-14,1.0,"POLYGON((77.1471330 13.2138813, 77.1473298 13.2138715, 77.1473248 13.2136698, 77.1471122 13.2136904, 77.1471330 13.2138813))",0.04839028306693203,13.213776872611716,77.14722570870192,010321378025714723
31d723bb58c4,Tumkur,Sasalu,2025.0,1.0,finger_millet,2025-08-01,1.0,"POLYGON((77.1469412 13.2138731, 77.1471347 13.2139028, 77.1471116 13.2136943, 77.1469201 13.2137132, 77.1469412 13.2138731))",0.04234854118311551,13.213795681702253,77.14703110581776,010321380025714703
3620938c869e,Tumkur,Sasalu,2025.0,1.0,sorghum,2025-08-08,1.0,"POLYGON((77.1468376 13.2138895, 77.1469302 13.2138895, 77.1469228 13.2137351, 77.1468266 13.2137514, 77.1468376 13.2138895))",0.0166280817604604,13.213815671343141,77.14688011266992,010321382025714688
83aa57594157,Tumkur,Sasalu,2025.0,1.0,finger_millet,2025-07-31,1.0,"POLYGON((77.1467438 13.2138281, 77.1468252 13.2138327, 77.1468142 13.2137184, 77.1467277 13.2137285, 77.1467438 13.2138281))",0.010803447389346155,13.213776178836998,77.1467785605425,010321378025714678
81b2772e5a25,Tumkur,Sasalu,2025.0,1.0,finger_millet,2025-07-31,1.0,"POLYGON((77.1463850 13.2140393, 77.1467025 13.2140151, 77.1466606 13.2137504, 77.1463488 13.2138033, 77.1463850 13.2140393))",0.09619880898124118,13.21390173999021,77.14652727361647,010321390025714653
93edac56b08f,Tumkur,Sasalu,2025.0,1.0,horse_gram,2025-09-02,1.0,"POLYGON((77.1459116 13.2140484, 77.1461684 13.2140093, 77.1461212 13.2138235, 77.1458798 13.2138477, 77.1459116 13.2140484))",0.059182245258586806,13.213933561813791,77.14601910533457,010321393025714602
a1f3c6b233f1,Tumkur,Sasalu,2025.0,1.0,sorghum,2025-08-01,1.0,"POLYGON((77.1454352 13.2141725, 77.1456833 13.2141454, 77.1456739 13.2139032, 77.1454006 13.2139433, 77.1454352 13.2141725))",0.07449887692209638,13.214038999145906,77.14554895960555,010321404025714555
6d4542e88124,Tumkur,Sasalu,2025.0,1.0,finger_millet,2025-07-31,1.0,"POLYGON((77.1463129 13.2132425, 77.1463629 13.2128835, 77.1460051 13.2129609, 77.1459988 13.2133019, 77.1463129 13.2132425))",0.1386185788585491,13.213093340146315,77.14617097199411,010321309025714617
979107dbbad6,Tumkur,Sasalu,2025.0,1.0,finger_millet,2025-08-01,1.0,"POLYGON((77.1458804 13.2133114, 77.1459924 13.2133010, 77.1459904 13.2130376, 77.1458912 13.2130271, 77.1458804 13.2133114))",0.03465767324601233,13.213171944736576,77.14593787986968,010321317025714594
6fa31e0f2efc,Koppal,Mainahalli,2026.0,3.0,pigeon_pea,2026-03-06,,"POLYGON((76.0474122 15.2811725, 76.0474498 15.2816540, 76.0486001 15.2818555, 76.0487879 15.2807737, 76.0474122 15.2811725))",1.1634993793777162,15.281349038630886,76.04814238036876,010528135025604814
71ce7a77bc74,Koppal,Mainahalli,2026.0,3.0,pigeon_pea,2026-03-06,,"POLYGON((76.0574997 15.2881615, 76.0571047 15.2881298, 76.0573502 15.2860292, 76.0578896 15.2861757, 76.0574997 15.2881615))",1.1670331015117452,15.28706629561109,76.05746836343985,010528707025605747
22e632b53c2a,Koppal,Mainahalli,2026.0,3.0,other:tugare,2026-03-09,,"POLYGON((76.0503513 15.2870548, 76.0511231 15.2867268, 76.0510701 15.2840697, 76.0503513 15.2870548))",1.227850689839125,15.285950422810563,76.0508481413126,010528595025605085
d9af01f2fabe,Koppal,Mainahalli,2026.0,3.0,pigeon_pea,2026-03-06,,"POLYGON((76.0571228 15.2871803, 76.0573438 15.2860160, 76.0579228 15.2861696, 76.0575178 15.2881935, 76.0571188 15.2881476, 76.0571228 15.2871803))",1.3678075874225808,15.287068542421848,76.0574584011429,010528707025605746
ec594a888b02,Koppal,Mainahalli,2026.0,3.0,pigeon_pea,2026-03-06,,"POLYGON((76.0503003 15.2870813, 76.0511318 15.2868927, 76.0510335 15.2840816, 76.0504133 15.2842252, 76.0503003 15.2870813))",2.4407566289468283,15.285638920542457,76.05071962374672,010528564025605072
7a99e973f612,Koppal,Mainahalli,2026.0,3.0,other:tougra,2026-03-06,,"POLYGON((76.0440896 15.2825813, 76.0440323 15.2832297, 76.0444363 15.2832142, 76.0445121 15.2825958, 76.0440896 15.2825813))",0.3107531731346775,15.282902508487982,76.04426624632532,010528290025604427
9f0fdbd02c07,Koppal,Mainahalli,2026.0,3.0,pigeon_pea,2026-03-06,1.0,"POLYGON((76.0501457 15.2841020, 76.0501545 15.2835544, 76.0507238 15.2836046, 76.0507305 15.2839833, 76.0501457 15.2841020))",0.31726522485574404,15.283813124352305,76.05042116433519,010528381025605042
be040d14127d,Koppal,Mainahalli,2026.0,3.0,other:m.gan,2026-03-04,,"POLYGON((76.0504740 15.2855706, 76.0503503 15.2867967, 76.0511257 15.2868093, 76.0510785 15.2854979, 76.0504740 15.2855706))",1.0380977007554102,15.286195069821126,76.05076052441825,010528620025605076
ec58f5a990e7,Koppal,Mainahalli,2026.0,3.0,pigeon_pea,2026-03-08,,"POLYGON((76.0489652 15.2867860, 76.0495396 15.2867786, 76.0495848 15.2847272, 76.0490457 15.2847194, 76.0489652 15.2867860))",1.3610991289017818,15.28576349786315,76.04928315710555,010528576025604928
4d1296d083b1,Tumkur,Buchanahalli,2025.0,1.0,finger_millet,2025-07-02,0.0,"POLYGON((77.1400362 13.2165914, 77.1396828 13.2166720, 77.1398941 13.2177318, 77.1401673 13.2175591, 77.1400362 13.2165914))",0.4065959625884943,13.21712349201395,77.13993936148277,010321712025713994
1e274d733860,Tumkur,Buchanahalli,2025.0,1.0,finger_millet,2025-07-02,0.0,"POLYGON((77.1398937 13.2177279, 77.1394964 13.2178039, 77.1392705 13.2167712, 77.1396577 13.2166903, 77.1398937 13.2177279))",0.5083189440517767,13.217250178884516,77.13958020926049,010321725025713958
c5ee7708aced,Tumkur,Buchanahalli,2025.0,1.0,finger_millet,2025-07-02,0.0,"POLYGON((77.1400744 13.2166746, 77.1404194 13.2166929, 77.1406270 13.2176528, 77.1402109 13.2173251, 77.1400744 13.2166746))",0.3315254502370449,13.217092828326495,77.140345239648,010321709025714035
fe229628331a,Tumkur,Buchanahalli,2025.0,1.0,sorghum,2025-08-21,0.0,"POLYGON((77.1396034 13.2162007, 77.1395819 13.2159510, 77.1396007 13.2159046, 77.1396319 13.2162617, 77.1396034 13.2162007))",0.00836158745821492,13.216080175636376,77.13960520867577,010321608025713961
d085fbbf952f,Tumkur,Buchanahalli,2025.0,1.0,finger_millet,2025-07-09,0.0,"POLYGON((77.1390602 13.2150263, 77.1390311 13.2147097, 77.1398703 13.2146428, 77.1399118 13.2150100, 77.1390602 13.2150263))",0.3481288666690048,13.214846923149402,77.13947887320563,010321485025713948
da74ce2a4442,Tumkur,Buchanahalli,2025.0,1.0,finger_millet,2025-07-09,0.0,"POLYGON((77.1397338 13.2150469, 77.1395524 13.2151148, 77.1396550 13.2164944, 77.1398508 13.2164618, 77.1397338 13.2150469))",0.3223945474542702,13.215786399434329,77.13969899969959,010321579025713970
b37f4794cbe2,Tumkur,Buchanahalli,2025.0,1.0,horse_gram,2025-08-01,1.0,"POLYGON((77.1411775 13.2167275, 77.1409606 13.2167689, 77.1408912 13.2165006, 77.1411477 13.2164634, 77.1411775 13.2167275))",0.07783800485333206,13.216611732448982,77.14104279851877,010321661025714104
c7fa7774821c,Tumkur,Buchanahalli,2025.0,1.0,finger_millet,2025-08-01,1.0,"POLYGON((77.1412164 13.2166541, 77.1413264 13.2166632, 77.1413093 13.2164660, 77.1411671 13.2164765, 77.1412164 13.2166541))",0.02832779713275644,13.216560526553005,77.14125509254463,010321656025714126
1cf60a6a5490,Tumkur,Buchanahalli,2025.0,1.0,finger_millet,2025-08-09,1.0,"POLYGON((77.1413750 13.2168215, 77.1415114 13.2168456, 77.1414199 13.2164533, 77.1413002 13.2164514, 77.1413750 13.2168215))",0.0572078897843262,13.216646037052872,77.14140288363046,010321665025714140
64934e0aef32,Tumkur,Buchanahalli,2025.0,1.0,horse_gram,2025-08-01,1.0,"POLYGON((77.1415148 13.2168277, 77.1416439 13.2168443, 77.1415637 13.2164350, 77.1414172 13.2164563, 77.1415148 13.2168277))",0.06470284124657749,13.216634685641607,77.14153461618658,010321663025714153
ac51c54ff736,Tumkur,Buchanahalli,2025.0,1.0,finger_millet,2025-07-17,0.0,"POLYGON((77.1400332 13.2159007, 77.1398102 13.2158893, 77.1398793 13.2165835, 77.1400419 13.2165643, 77.1400332 13.2159007))",0.15701910413208595,13.216217308602857,77.13993943649099,010321622025713994
debdcde29fd3,Tumkur,Buchanahalli,2025.0,1.0,finger_millet,2025-08-01,1.0,"POLYGON((77.1416244 13.2166279, 77.1417364 13.2166505, 77.1416938 13.2163848, 77.1415560 13.2164004, 77.1416244 13.2166279))",0.03667631721202073,13.216510251533077,77.14165304528977,010321651025714165
6c6b5bee841f,Tumkur,Buchanahalli,2025.0,1.0,horse_gram,2025-09-03,1.0,"POLYGON((77.1419372 13.2165000, 77.1419014 13.2163479, 77.1417294 13.2163717, 77.1417448 13.2165026, 77.1419372 13.2165000))",0.03130240686041118,13.216431436749385,77.14183078916567,010321643025714183
244605d1cb5d,Tumkur,Buchanahalli,2025.0,1.0,finger_millet,2025-08-01,1.0,"POLYGON((77.1419198 13.2163773, 77.1421619 13.2163299, 77.1422444 13.2166273, 77.1422182 13.2168443, 77.1419198 13.2163773))",0.09158914319411862,13.216531180777773,77.14211813412595,010321653025714212
e5751f1cfb27,Tumkur,Buchanahalli,2025.0,1.0,sorghum,2025-07-31,1.0,"POLYGON((77.1422511 13.2165512, 77.1425025 13.2165336, 77.1424656 13.2163100, 77.1421770 13.2163414, 77.1422511 13.2165512))",0.07176497762242655,13.216431302529767,77.14234941127764,010321643025714235
6c9e5682776e,Tumkur,Buchanahalli,2025.0,1.0,finger_millet,2025-07-03,0.0,"POLYGON((77.1420653 13.2162627, 77.1419235 13.2151977, 77.1410253 13.2150371, 77.1411272 13.2163678, 77.1420653 13.2162627))",1.313890797606582,13.215723095577308,77.14151897131286,010321572025714152
1e25b0bbba8a,Tumkur,Buchanahalli,2025.0,1.0,sorghum,2025-08-13,0.0,"POLYGON((77.1406179 13.2164788, 77.1411202 13.2164145, 77.1409100 13.2150452, 77.1405562 13.2153113, 77.1406179 13.2164788))",0.6773970746643914,13.215839834908486,77.14081129428328,010321584025714081
6e4bb3cb30b6,Tumkur,Buchanahalli,2025.0,1.0,finger_millet,2025-07-17,1.0,"POLYGON((77.1407178 13.2164474, 77.1406997 13.2150864, 77.1400171 13.2150214, 77.1400952 13.2164732, 77.1407178 13.2164474))",1.0987587192620876,13.215746778152496,77.14037868916813,010321575025714038
9df2ce2ffbc9,Tumkur,Buchanahalli,2025.0,1.0,sorghum,2025-07-31,1.0,"POLYGON((77.1427865 13.2163042, 77.1427724 13.2161710, 77.1426343 13.2161736, 77.1426802 13.2163228, 77.1427865 13.2163042))",0.02105425157164665,13.21624029913168,77.14271645015862,010321624025714272
cb59a8e06ff3,Tumkur,Buchanahalli,2025.0,1.0,finger_millet,2025-07-31,1.0,"POLYGON((77.1431124 13.2153951, 77.1430346 13.2151112, 77.1432810 13.2150534, 77.1433840 13.2153553, 77.1431124 13.2153951))",0.09620202254157306,13.215230207305309,77.14320511081536,010321523025714321
95edacbd1d08,Tumkur,Buchanahalli,2025.0,1.0,finger_millet,2025-07-09,1.0,"POLYGON((77.1426091 13.2152300, 77.1428683 13.2160923, 77.1420911 13.2162758, 77.1419614 13.2153971, 77.1426091 13.2152300))",0.7840332945204045,13.215761385597961,77.1423863598248,010321576025714239
768cc6596b43,Tumkur,Buchanahalli,2025.0,1.0,horse_gram,2025-08-20,0.0,"POLYGON((77.1418839 13.2144672, 77.1416737 13.2136724, 77.1420026 13.2137426, 77.1422068 13.2144120, 77.1418839 13.2144672))",0.2840392698457859,13.214078992801117,77.14193866248904,010321408025714194
75e206a92003,Tumkur,Buchanahalli,2025.0,1.0,finger_millet,2025-07-16,0.0,"POLYGON((77.1418826 13.2145080, 77.1420063 13.2149424, 77.1423087 13.2148638, 77.1422035 13.2144218, 77.1418826 13.2145080))",0.17494611327006174,13.214681725760261,77.14209983054187,010321468025714210
94d0685420d7,Tumkur,Buchanahalli,2025.0,1.0,sorghum,2025-08-14,1.0,"POLYGON((77.1410246 13.2135239, 77.1413689 13.2135937, 77.1414595 13.2140517, 77.1410977 13.2140598, 77.1410246 13.2135239))",0.20721386802341007,13.213810479210563,77.14123350320645,010321381025714123
58fd7ba2dc46,Tumkur,Buchanahalli,2025.0,1.0,finger_millet,2025-06-18,1.0,"POLYGON((77.1411141 13.2140282, 77.1414152 13.2140200, 77.1416301 13.2149408, 77.1412439 13.2149871, 77.1411141 13.2140282))",0.3926748953207705,13.214514814460655,77.14135369504092,010321451025714135
47f3acb56d37,Tumkur,Buchanahalli,2025.0,1.0,finger_millet,2025-06-26,1.0,"POLYGON((77.1416305 13.2149320, 77.1419704 13.2148723, 77.1416616 13.2136652, 77.1413653 13.2135797, 77.1416305 13.2149320))",0.48346557603114926,13.214287928035176,77.14165965333908,010321429025714166
778d2f04dd0d,Tumkur,Buchanahalli,2025.0,1.0,finger_millet,2025-07-18,1.0,"POLYGON((77.1411597 13.2124621, 77.1415989 13.2125258, 77.1414461 13.2135405, 77.1410722 13.2134557, 77.1411597 13.2124621))",0.4998728582821148,13.212983567668154,77.14132185310649,010321298025714132
c5250d56cd81,Tumkur,Buchanahalli,2025.0,1.0,finger_millet,2025-07-16,1.0,"POLYGON((77.1414256 13.2135043, 77.1415758 13.2125183, 77.1417709 13.2125561, 77.1416858 13.2135999, 77.1414256 13.2135043))",0.2862904106552582,13.213070642589186,77.14161224839629,010321307025714161
6062df0f072b,Tumkur,Buchanahalli,2025.0,1.0,horse_gram,2025-08-13,0.0,"POLYGON((77.1417357 13.2128992, 77.1417528 13.2135977, 77.1421615 13.2137047, 77.1421636 13.2126305, 77.1417357 13.2128992))",0.4449698931176225,13.213201269400408,77.14196798904592,010321320025714197
17ef2b758bc0,Tumkur,Buchanahalli,2025.0,1.0,finger_millet,2025-08-02,1.0,"POLYGON((77.1432472 13.2150472, 77.1432317 13.2150087, 77.1430782 13.2150495, 77.1430916 13.2150870, 77.1432472 13.2150472))",0.00773922335310437,13.215048007013902,77.1431626474464,010321505025714316
59372103b265,Tumkur,Buchanahalli,2025.0,1.0,finger_millet,2025-08-02,1.0,"POLYGON((77.1433964 13.2153175, 77.1436076 13.2153390, 77.1436264 13.2151500, 77.1433581 13.2151112, 77.1433964 13.2153175))",0.056420957687077056,13.215225400069006,77.14349589281068,010321523025714350
840bcbb453c9,Tumkur,Buchanahalli,2025.0,1.0,finger_millet,2025-07-31,1.0,"POLYGON((77.1434111 13.2150919, 77.1433052 13.2149388, 77.1435308 13.2148781, 77.1437179 13.2150658, 77.1434111 13.2150919))",0.06197321531263942,13.21499518339186,77.14349877437157,010321500025714350
c57127eb83db,Tumkur,Buchanahalli,2025.0,1.0,horse_gram,2025-08-02,1.0,"POLYGON((77.1432686 13.2147639, 77.1431788 13.2145521, 77.1434420 13.2144953, 77.1435526 13.2147593, 77.1432686 13.2147639))",0.0816937430077445,13.214641985609532,77.1433654440694,010321464025714337
aff1e81eda84,Tumkur,Buchanahalli,2025.0,1.0,finger_millet,2025-07-31,1.0,"POLYGON((77.1430453 13.2146333, 77.1431261 13.2145860, 77.1430822 13.2144662, 77.1429639 13.2144936, 77.1430453 13.2146333))",0.018289409789983613,13.214542915537672,77.14305129963232,010321454025714305
37b01298c25e,Tumkur,Buchanahalli,2025.0,1.0,finger_millet,2025-07-31,1.0,"POLYGON((77.1428908 13.2142038, 77.1431801 13.2141721, 77.1431365 13.2137759, 77.1428230 13.2138115, 77.1428908 13.2142038))",0.14465547854362126,13.213988152729181,77.14300731270865,010321399025714301
a8194dd36a4e,Tumkur,Buchanahalli,2025.0,1.0,finger_millet,2025-08-01,1.0,"POLYGON((77.1424251 13.2143024, 77.1425337 13.2142710, 77.1425397 13.2141542, 77.1423919 13.2141780, 77.1424251 13.2143024))",0.01898277592679271,13.214223749628081,77.14247088306914,010321422025714247
95fd566e7c60,Tumkur,Buchanahalli,2025.0,1.0,finger_millet,2025-07-30,1.0,"POLYGON((77.1424643 13.2139254, 77.1422390 13.2139423, 77.1422618 13.2140798, 77.1424475 13.2140651, 77.1424643 13.2139254))",0.034181416665409275,13.214000918549957,77.14235300851718,010321400025714235
350e20cbb6cf,Tumkur,Buchanahalli,2025.0,1.0,finger_millet,2025-07-31,1.0,"POLYGON((77.1423241 13.2138529, 77.1423231 13.2137576, 77.1424113 13.2137370, 77.1424539 13.2138477, 77.1423241 13.2138529))",0.013783136497115853,13.2138015456943,77.14238049507411,010321380025714238
af67ec977103,Tumkur,Buchanahalli,2025.0,1.0,finger_millet,2025-07-30,1.0,"POLYGON((77.1423158 13.2130797, 77.1424847 13.2130963, 77.1424868 13.2129093, 77.1423034 13.2128515, 77.1423158 13.2130797))",0.04359685986120924,13.212982301354804,77.1423949180897,010321298025714239
10eb1096a50a,Chamarajanagar,Honnahalli,2025.0,2.0,horse_gram,2025-10-09,1.0,"POLYGON((76.9085177 11.8370643, 76.9091570 11.8369186, 76.9093575 11.8375644, 76.9087487 11.8377430, 76.9085177 11.8370643))",0.54003774789711,11.837321747127788,76.90894175063688,010183732025690894
6a7cfa339811,Chamarajanagar,Honnahalli,2025.0,1.0,horse_gram,2025-09-11,1.0,"POLYGON((76.9085297 11.8361347, 76.9086511 11.8366072, 76.9090927 11.8365019, 76.9089130 11.8360330, 76.9085297 11.8361347))",0.25264370391249297,11.836324257172295,76.90879903699464,010183632025690880
638a15643851,Chamarajanagar,Honnahalli,2025.0,2.0,maize,2025-10-01,1.0,"POLYGON((76.9091688 11.8388852, 76.9097813 11.8389187, 76.9093471 11.8376786, 76.9087933 11.8378624, 76.9091688 11.8388852))",0.8316176304317585,11.838332103515143,76.90928080084117,010183833025690928
28aaa3458575,Chamarajanagar,Honnahalli,2025.0,1.0,maize,2025-09-03,1.0,"POLYGON((76.9044394 11.8287395, 76.9049168 11.8284261, 76.9045467 11.8278374, 76.9039204 11.8280904, 76.9044394 11.8287395))",0.5631768966357513,11.828269932194903,76.90444319574205,010182827025690444
ea2e9c298b1b,Chamarajanagar,Honnahalli,2025.0,2.0,maize,2025-10-01,1.0,"POLYGON((76.9001415 11.8294952, 76.9009049 11.8290463, 76.9007258 11.8285787, 76.8999644 11.8290965, 76.9001415 11.8294952))",0.5015567336255776,11.829048007311398,76.90044191947676,010182905025690044
9b7a58be4589,Chamarajanagar,Honnahalli,2025.0,1.0,maize,2025-09-03,1.0,"POLYGON((76.8997080 11.8291723, 76.9000657 11.8300715, 76.8997730 11.8302267, 76.8993643 11.8293653, 76.8997080 11.8291723))",0.417809995239398,11.829696246358337,76.89972250891213,010182970025689972
ce43acb0175c,Chamarajanagar,Honnahalli,2025.0,2.0,maize,2025-10-01,1.0,"POLYGON((76.9025933 11.8352451, 76.9032971 11.8350331, 76.9028046 11.8339387, 76.9023201 11.8341799, 76.9025933 11.8352451))",0.8773693149686894,11.834625349610684,76.9027682071654,010183463025690277
538e7cc455a9,Chamarajanagar,Honnahalli,2025.0,2.0,horse_gram,2025-10-15,1.0,"POLYGON((76.9032424 11.8362568, 76.9024995 11.8365331, 76.9028160 11.8372347, 76.9036330 11.8367877, 76.9032424 11.8362568))",0.7331355243463533,11.836717264584765,76.90304149650989,010183672025690304
e546cba3d783,Chamarajanagar,Honnahalli,2025.0,2.0,horse_gram,2025-10-16,1.0,"POLYGON((76.9035710 11.8364071, 76.9029283 11.8353327, 76.9038037 11.8349314, 76.9042895 11.8362072, 76.9035710 11.8364071))",1.3325703793149686,11.835690640346806,76.90364225327181,010183569025690364
6a023252c888,Chamarajanagar,Honnahalli,2025.0,2.0,horse_gram,2025-10-09,1.0,"POLYGON((76.9024522 11.8363756, 76.9031633 11.8360327, 76.9028525 11.8352858, 76.9020944 11.8355650, 76.9024522 11.8363756))",0.8144132104554029,11.835815648128959,76.90263442468762,010183582025690263
2aaa9a220acc,Chamarajanagar,Honnahalli,2025.0,1.0,horse_gram,2025-09-06,1.0,"POLYGON((76.9023570 11.8376649, 76.9028904 11.8376980, 76.9020542 11.8356031, 76.9013971 11.8359237, 76.9023570 11.8376649))",1.5310221143015017,11.836650799256674,76.90214950612305,010183665025690215
511903ac5901,Chamarajanagar,Honnahalli,2025.0,1.0,horse_gram,2025-08-07,1.0,"POLYGON((76.9034024 11.8339748, 76.9041416 11.8336877, 76.9044591 11.8344139, 76.9038855 11.8348047, 76.9034024 11.8339748))",0.7788237533126671,11.834216951960261,76.90395714068502,010183422025690396
c1db3faec9f9,Chamarajanagar,Honnahalli,2025.0,1.0,maize,2025-09-03,1.0,"POLYGON((76.9034064 11.8339332, 76.9041195 11.8335971, 76.9037138 11.8327226, 76.9029859 11.8332161, 76.9034064 11.8339332))",0.8971609479872502,11.833355435464748,76.90356152473245,010183336025690356
28c42b3f8557,Chamarajanagar,Honnahalli,2025.0,1.0,maize,2025-09-20,1.0,"POLYGON((76.9020277 11.8323062, 76.9027399 11.8338685, 76.9021994 11.8340631, 76.9015989 11.8325129, 76.9020277 11.8323062))",1.0673181740691555,11.833211411396473,76.90215299263724,010183321025690215
aa5a10109615,Chamarajanagar,Honnahalli,2025.0,2.0,horse_gram,2025-10-09,1.0,"POLYGON((76.8994847 11.8338554, 76.9001887 11.8335476, 76.8997757 11.8328023, 76.8989636 11.8330704, 76.8994847 11.8338554))",0.8607509953494086,11.833315277194345,76.89959427761916,010183332025689959
96357fe33217,Chamarajanagar,Honnahalli,2025.0,1.0,horse_gram,2025-09-25,1.0,"POLYGON((76.9003014 11.8334688, 76.9011161 11.8327502, 76.9007698 11.8322081, 76.8998159 11.8327551, 76.9003014 11.8334688))",0.9860497638960584,11.832809966884653,76.90047852582131,010183281025690048
8b7ed285a039,Chamarajanagar,Honnahalli,2025.0,2.0,horse_gram,2025-10-01,1.0,"POLYGON((76.9007768 11.8343154, 76.9013870 11.8341317, 76.9008388 11.8331003, 76.9004707 11.8334439, 76.9007768 11.8343154))",0.69640927663184,11.833764662626974,76.90088833439692,010183376025690089
91ca09de10c9,Chamarajanagar,Honnahalli,2025.0,1.0,horse_gram,2025-09-12,1.0,"POLYGON((76.9007590 11.8360753, 76.9014953 11.8357636, 76.9013998 11.8353865, 76.9005917 11.8356953, 76.9007590 11.8360753))",0.40123535465323734,11.835729550611108,76.90105583863946,010183573025690106
28578327c479,Chamarajanagar,Honnahalli,2025.0,1.0,horse_gram,2025-09-11,1.0,"POLYGON((76.9003014 11.8350462, 76.9001425 11.8348100, 76.9010491 11.8343404, 76.9011667 11.8346905, 76.9003014 11.8350462))",0.381707083727292,11.83471053085362,76.90068344275181,010183471025690068
ad3a65b2144f,Chamarajanagar,Honnahalli,2025.0,2.0,horse_gram,2025-10-01,1.0,"POLYGON((76.8991682 11.8341491, 76.9003557 11.8335253, 76.9007282 11.8343755, 76.8994672 11.8351900, 76.8991682 11.8341491))",1.6855469123961746,11.834325203575075,76.89991931876365,010183433025689992
0a57291254ca,Chamarajanagar,Honnahalli,2025.0,1.0,horse_gram,2025-09-01,1.0,"POLYGON((76.8980027 11.8350203, 76.8990059 11.8345904, 76.8992322 11.8354246, 76.8982683 11.8356461, 76.8980027 11.8350203))",0.961434095539658,11.835157735270666,76.89864495676446,010183516025689864
73ac562f3138,Chamarajanagar,Honnahalli,2025.0,1.0,horse_gram,2025-09-11,1.0,"POLYGON((76.8980406 11.8349320, 76.8989952 11.8346013, 76.8988097 11.8338321, 76.8978317 11.8342541, 76.8980406 11.8349320))",0.931705531399687,11.834398926429783,76.89842683236613,010183440025689843
c3b2fe0e07eb,Chamarajanagar,Honnahalli,2025.0,1.0,horse_gram,2025-09-10,1.0,"POLYGON((76.8981798 11.8338153, 76.8975800 11.8325507, 76.8970854 11.8327725, 76.8978002 11.8340464, 76.8981798 11.8338153))",0.8476029259586787,11.833275981935284,76.89764889128841,010183328025689765
4cbdd4ec8c54,Chamarajanagar,Honnahalli,2025.0,2.0,horse_gram,2025-10-01,1.0,"POLYGON((76.8983209 11.8339010, 76.8976279 11.8325214, 76.8981885 11.8322684, 76.8988017 11.8337028, 76.8983209 11.8339010))",1.0600861031689883,11.833078466525267,76.89822610859277,010183308025689823
2d9cb348722b,Chamarajanagar,Honnahalli,2025.0,1.0,horse_gram,2025-08-06,1.0,"POLYGON((76.8989345 11.8330189, 76.8984621 11.8321369, 76.8995403 11.8317011, 76.8998957 11.8325907, 76.8989345 11.8330189))",1.303718334176829,11.832356025663698,76.89920136926762,010183236025689920
b599eeb4f823,Chamarajanagar,Honnahalli,2025.0,2.0,maize,2025-10-16,1.0,"POLYGON((76.9008237 11.8320660, 76.9012606 11.8319026, 76.9009377 11.8310195, 76.9003218 11.8311324, 76.9008237 11.8320660))",0.6446677958200336,11.831511147458889,76.90082267311,010183151025690082
32804a5936af,Chamarajanagar,Honnahalli,2025.0,1.0,horse_gram,2025-09-11,1.0,"POLYGON((76.9000322 11.8324949, 76.9007346 11.8321756, 76.9002038 11.8311498, 76.8995980 11.8313988, 76.9000322 11.8324949))",1.0012467068684832,11.83181979215999,76.90014751504772,010183182025690015
7beed8012992,Chamarajanagar,Honnahalli,2025.0,2.0,maize,2025-10-10,1.0,"POLYGON((76.8993519 11.8312787, 76.9001022 11.8310339, 76.8998266 11.8303366, 76.8994189 11.8306073, 76.8993519 11.8312787))",0.5097824241402117,11.830840146190484,76.89969146947514,010183084025689969
b04a2ccb3922,Chamarajanagar,Honnahalli,2025.0,2.0,maize,2025-10-15,1.0,"POLYGON((76.8989217 11.8294079, 76.8994283 11.8302703, 76.8990143 11.8305066, 76.8985345 11.8295277, 76.8989217 11.8294079))",0.5501666240027202,11.829943295565874,76.89897903164592,010182994025689898
d9c0fd29c270,Chamarajanagar,Honnahalli,2025.0,2.0,horse_gram,2025-10-09,1.0,"POLYGON((76.8977912 11.8313568, 76.8971994 11.8300613, 76.8976131 11.8298634, 76.8982575 11.8310536, 76.8977912 11.8313568))",0.8454884713638988,11.830604036947577,76.89772316788417,010183060025689772
7c5a35dde8ea,Chamarajanagar,Honnahalli,2025.0,1.0,maize,2025-08-15,1.0,"POLYGON((76.8974368 11.8286217, 76.8985288 11.8282869, 76.8984349 11.8278636, 76.8972611 11.8281951, 76.8974368 11.8286217))",0.6341116282583377,11.828241145530958,76.89790911013839,010182824025689791
33b513349e91,Chamarajanagar,Honnahalli,2025.0,2.0,maize,2025-10-16,1.0,"POLYGON((76.8975582 11.8290220, 76.8983665 11.8287923, 76.8981915 11.8283499, 76.8974217 11.8285984, 76.8975582 11.8290220))",0.45648868378279056,11.828690710167157,76.89788910079504,010182869025689789
082883256519,Chamarajanagar,Honnahalli,2025.0,1.0,maize,2025-09-18,1.0,"POLYGON((76.8976316 11.8292816, 76.8985600 11.8291638, 76.8984409 11.8289072, 76.8975689 11.8289718, 76.8976316 11.8292816))",0.3171301886700291,11.829084179258386,76.89803876897163,010182908025689804
81ffd0afe67e,Chamarajanagar,Honnahalli,2025.0,1.0,horse_gram,2025-09-10,1.0,"POLYGON((76.9035127 11.8266747, 76.9037212 11.8270646, 76.9030600 11.8272319, 76.9029953 11.8269815, 76.9035127 11.8266747))",0.26628300153688444,11.82698103975274,76.90334953573348,010182698025690335
2566caf9bdd0,Chamarajanagar,Honnahalli,2025.0,2.0,horse_gram,2025-11-13,1.0,"POLYGON((76.9011815 11.8281777, 76.9017206 11.8281245, 76.9016013 11.8275676, 76.9010112 11.8277104, 76.9011815 11.8281777))",0.3654275529666077,11.827888317611102,76.90138414858278,010182789025690138
0303a8d5b981,Chamarajanagar,Honnahalli,2025.0,1.0,horse_gram,2025-09-13,1.0,"POLYGON((76.9014487 11.8270337, 76.9016287 11.8274777, 76.9009696 11.8276684, 76.9008261 11.8272621, 76.9014487 11.8270337))",0.3690863680994799,11.82735974852861,76.90122425204956,010182736025690122
fa39b063f1e0,Chamarajanagar,Honnahalli,2025.0,1.0,horse_gram,2025-09-13,1.0,"POLYGON((76.8989864 11.8259783, 76.8994662 11.8252741, 76.8984651 11.8236950, 76.8979397 11.8238607, 76.8989864 11.8259783))",1.6557856750386426,11.824762063655196,76.89873450947182,010182476025689873
a8722e7dd962,Chamarajanagar,Honnahalli,2025.0,2.0,horse_gram,2025-10-10,1.0,"POLYGON((76.9000332 11.8250454, 76.9005264 11.8257073, 76.8994598 11.8263410, 76.8991115 11.8260909, 76.9000332 11.8250454))",0.9717361057724829,11.825745022081216,76.89983259476665,010182575025689983
8cef533ef3cd,Chamarajanagar,Honnahalli,2025.0,2.0,horse_gram,2025-10-16,1.0,"POLYGON((76.9015547 11.8268896, 76.9008046 11.8258865, 76.9000084 11.8261844, 76.9009612 11.8271282, 76.9015547 11.8268896))",1.0901444761009869,11.826500278445751,76.9008119246812,010182650025690081
fc76065ee8ab,Chamarajanagar,Honnahalli,2025.0,1.0,horse_gram,2025-08-22,1.0,"POLYGON((76.9012626 11.8255744, 76.9022383 11.8266179, 76.9016304 11.8268785, 76.9009756 11.8257526, 76.9012626 11.8255744))",0.8001880828059459,11.826261430387238,76.90157109053771,010182626025690157
93e6dd1463d7,Chamarajanagar,Honnahalli,2025.0,2.0,horse_gram,2025-11-13,1.0,"POLYGON((76.9016945 11.8275092, 76.9015449 11.8269960, 76.9025850 11.8266491, 76.9030024 11.8271144, 76.9016945 11.8275092))",0.8186743061442593,11.82707390135885,76.90221791245703,010182707025690222
6166414a4011,Tumkur,Chikkahonnudike,2025.0,1.0,sorghum,2025-09-18,0.0,"POLYGON((77.1355308 13.2099560, 77.1355901 13.2104707, 77.1351033 13.2104048, 77.1351533 13.2099625, 77.1355308 13.2099560))",0.24764615395050946,13.210208876700706,77.13534936118174,010321021025713535
3beea5fb67c3,Tumkur,Chikkahonnudike,2025.0,1.0,finger_millet,2025-07-10,0.0,"POLYGON((77.1361085 13.2099364, 77.1365768 13.2101463, 77.1365839 13.2105967, 77.1361889 13.2105729, 77.1361085 13.2099364))",0.2749977584393863,13.210303769765739,77.13635278366645,010321030025713635
e24ddfd8dc2d,Tumkur,Chikkahonnudike,2025.0,1.0,sorghum,2025-07-26,1.0,"POLYGON((77.1358134 13.2105847, 77.1360629 13.2106065, 77.1360712 13.2103823, 77.1358252 13.2103578, 77.1358134 13.2105847))",0.06724603688585035,13.210483031861296,77.13594289681775,010321048025713594
14d2e3e910b8,Tumkur,Chikkahonnudike,2025.0,1.0,finger_millet,2025-07-31,1.0,"POLYGON((77.1371482 13.2105471, 77.1373238 13.2106274, 77.1374006 13.2104286, 77.1371676 13.2103477, 77.1371482 13.2105471))",0.053405545646934977,13.210484123469787,77.13726280015966,010321048025713726
98c8ff728f24,Tumkur,Chikkahonnudike,2025.0,1.0,horse_gram,2025-08-22,0.0,"POLYGON((77.1366982 13.2099877, 77.1366855 13.2106062, 77.1370167 13.2105869, 77.1370623 13.2101639, 77.1366982 13.2099877))",0.21972043582451678,13.210328442111997,77.13685565495808,010321033025713686
2353d32ffda9,Tumkur,Chikkahonnudike,2025.0,1.0,finger_millet,2025-07-18,1.0,"POLYGON((77.1406548 13.2095248, 77.1405526 13.2095761, 77.1406441 13.2105458, 77.1407457 13.2105546, 77.1406548 13.2095248))",0.12443070812504903,13.210045289979274,77.14064932735468,010321005025714065
2de026b2b2c9,Tumkur,Chikkahonnudike,2025.0,1.0,finger_millet,2025-07-18,1.0,"POLYGON((77.1410156 13.2091772, 77.1406508 13.2091880, 77.1407534 13.2104107, 77.1411500 13.2103999, 77.1410156 13.2091772))",0.5593498284639496,13.209802436220082,77.14089328410581,010320980025714089
cb5caca0c730,Tumkur,Chikkahonnudike,2025.0,1.0,sorghum,2025-08-21,0.0,"POLYGON((77.1406391 13.2095150, 77.1404194 13.2095235, 77.1403108 13.2083997, 77.1405472 13.2084735, 77.1406391 13.2095150))",0.2918773999097289,13.208974050524365,77.14047736527853,010320897025714048
c9cf86f01e38,Tumkur,Chikkahonnudike,2025.0,1.0,finger_millet,2025-07-16,1.0,"POLYGON((77.1406448 13.2104998, 77.1405090 13.2104838, 77.1404148 13.2095646, 77.1405224 13.2096087, 77.1406448 13.2104998))",0.12810924007830415,13.210059258878008,77.14052471509503,010321006025714052
3b82ec80d86e,Tumkur,Chikkahonnudike,2025.0,1.0,sorghum,2025-08-21,0.0,"POLYGON((77.1400630 13.2117101, 77.1403795 13.2104900, 77.1382995 13.2098786, 77.1379411 13.2108187, 77.1400630 13.2117101))",3.0231457965100077,13.210743158775541,77.1392078851227,010321074025713921
aaa911658bfd,Tumkur,Chikkahonnudike,2025.0,1.0,finger_millet,2025-07-11,1.0,"POLYGON((77.1388420 13.2114617, 77.1387867 13.2120636, 77.1393694 13.2121393, 77.1393828 13.2116252, 77.1388420 13.2114617))",0.38054354630434356,13.211823727641004,77.13908699536321,010321182025713909
f1e0be7484f3,Tumkur,Chikkahonnudike,2025.0,1.0,finger_millet,2025-07-11,1.0,"POLYGON((77.1401157 13.2117884, 77.1400825 13.2122699, 77.1408322 13.2123502, 77.1408466 13.2119271, 77.1401157 13.2117884))",0.40430123908718507,13.212083466546106,77.14046090813879,010321208025714046
b4c7527fe2ae,Tumkur,Chikkahonnudike,2025.0,1.0,finger_millet,2025-08-01,1.0,"POLYGON((77.1403407 13.2102338, 77.1404630 13.2102204, 77.1404573 13.2101026, 77.1403142 13.2101012, 77.1403407 13.2102338))",0.020032271515573075,13.210163073161795,77.14039223372475,010321016025714039
321e8b2f0175,Tumkur,Chikkahonnudike,2025.0,1.0,finger_millet,2025-07-30,1.0,"POLYGON((77.1402917 13.2104449, 77.1403148 13.2100719, 77.1401177 13.2100200, 77.1401251 13.2103973, 77.1402917 13.2104449))",0.08224977259316922,13.210228336404047,77.14021260386855,010321023025714021
3df31bd19ec0,Tumkur,Chikkahonnudike,2025.0,1.0,finger_millet,2025-08-31,1.0,"POLYGON((77.1399125 13.2104335, 77.1400892 13.2104636, 77.1400761 13.2102827, 77.1399021 13.2102458, 77.1399125 13.2104335))",0.038246609927498114,13.210356576063987,77.13999441258966,010321036025713999
66d7de3e65ce,Tumkur,Chikkahonnudike,2025.0,1.0,sorghum,2025-09-25,1.0,"POLYGON((77.1395648 13.2112740, 77.1399035 13.2113576, 77.1400684 13.2109055, 77.1395846 13.2107730, 77.1395648 13.2112740))",0.24678932189521055,13.211063112006748,77.13978234036202,010321106025713978
811e78a236ff,Tumkur,Chikkahonnudike,2025.0,1.0,sorghum,2025-07-31,1.0,"POLYGON((77.1399618 13.2115577, 77.1400577 13.2112335, 77.1395984 13.2110008, 77.1393616 13.2114026, 77.1399618 13.2115577))",0.2690437034103796,13.211298876079033,77.13972905341488,010321130025713973
bbdc866ca32e,Tumkur,Chikkahonnudike,2025.0,1.0,finger_millet,2025-07-31,1.0,"POLYGON((77.1394870 13.2118416, 77.1397579 13.2119138, 77.1397975 13.2117160, 77.1395082 13.2116402, 77.1394870 13.2118416))",0.06968811716106368,13.21177685139321,77.13963797409612,010321178025713964
e8723a9800fb,Tumkur,Chikkahonnudike,2025.0,1.0,finger_millet,2025-07-26,1.0,"POLYGON((77.1382690 13.2117238, 77.1385318 13.2117287, 77.1385510 13.2114836, 77.1382757 13.2114656, 77.1382690 13.2117238))",0.08131612986267318,13.211599352015627,77.13840580542636,010321160025713841
f271584150b2,Tumkur,Chikkahonnudike,2025.0,1.0,finger_millet,2025-07-31,1.0,"POLYGON((77.1376001 13.2113752, 77.1375542 13.2111944, 77.1373694 13.2112143, 77.1373594 13.2113595, 77.1376001 13.2113752))",0.04160801455817119,13.211289129020996,77.13747506665796,010321129025713748
26b68a26668b,Tumkur,Chikkahonnudike,2025.0,1.0,finger_millet,2025-07-11,1.0,"POLYGON((77.1369748 13.2117463, 77.1369919 13.2118922, 77.1375844 13.2118818, 77.1375703 13.2117189, 77.1369748 13.2117463))",0.11023759020966586,13.211809529112003,77.13728572219567,010321181025713729
b536c1adbd32,Tumkur,Chikkahonnudike,2025.0,1.0,finger_millet,2025-07-11,1.0,"POLYGON((77.1376253 13.2117793, 77.1376212 13.2118935, 77.1381828 13.2118854, 77.1381932 13.2117675, 77.1376253 13.2117793))",0.07844522468002384,13.211831297051715,77.13790704818317,010321183025713791
b8647beda656,Tumkur,Chikkahonnudike,2025.0,1.0,finger_millet,2025-07-17,1.0,"POLYGON((77.1364008 13.2115502, 77.1364132 13.2117156, 77.1370140 13.2117127, 77.1369959 13.2115883, 77.1364008 13.2115502))",0.10352348515383705,13.211641489449049,77.13669178973014,010321164025713669
8e5bda833449,Tumkur,Chikkahonnudike,2025.0,1.0,finger_millet,2025-07-17,1.0,"POLYGON((77.1369493 13.2117316, 77.1369745 13.2118968, 77.1364313 13.2118867, 77.1364474 13.2117427, 77.1369493 13.2117316))",0.0967766305349767,13.211815449908153,77.13670666452056,010321182025713671
afeb92d2e7d1,Tumkur,Chikkahonnudike,2025.0,1.0,finger_millet,2025-07-17,1.0,"POLYGON((77.1370995 13.2120172, 77.1370902 13.2119141, 77.1360619 13.2119232, 77.1360894 13.2120509, 77.1370995 13.2120172))",0.14139941525564662,13.211976598863972,77.13656696791433,010321198025713657
e02db44d6273,Tumkur,Chikkahonnudike,2025.0,1.0,finger_millet,2025-07-17,1.0,"POLYGON((77.1371049 13.2115678, 77.1370858 13.2113941, 77.1364971 13.2113295, 77.1365028 13.2115453, 77.1371049 13.2115678))",0.13827915466195695,13.211458798808604,77.13678662098667,010321146025713679
d0885b56fe3e,Tumkur,Chikkahonnudike,2025.0,1.0,finger_millet,2025-07-09,1.0,"POLYGON((77.1364615 13.2111062, 77.1364615 13.2113194, 77.1369738 13.2113501, 77.1369832 13.2111519, 77.1364615 13.2111062))",0.1276116898396764,13.211231364538957,77.1367170210864,010321123025713672
dcf7b5894edf,Tumkur,Chikkahonnudike,2025.0,1.0,finger_millet,2025-07-31,1.0,"POLYGON((77.1375193 13.2116275, 77.1375740 13.2114382, 77.1372497 13.2114000, 77.1372544 13.2116249, 77.1375193 13.2116275))",0.07370872868392303,13.211518696909648,77.13739610984415,010321152025713740
92a37a59acb5,Tumkur,Chikkahonnudike,2025.0,1.0,finger_millet,2025-07-31,1.0,"POLYGON((77.1371244 13.2117134, 77.1372984 13.2117254, 77.1373202 13.2116207, 77.1371270 13.2115958, 77.1371244 13.2117134))",0.024717889035076938,13.211662648389506,77.13721611627102,010321166025713722
9594db1898e3,Tumkur,Chikkahonnudike,2025.0,1.0,finger_millet,2025-07-30,1.0,"POLYGON((77.1361128 13.2118746, 77.1362785 13.2118863, 77.1362667 13.2117574, 77.1361088 13.2117705, 77.1361128 13.2118746))",0.022595176179466422,13.211822556962273,77.13619459497353,010321182025713619
f2d402eef289,Tumkur,Chikkahonnudike,2025.0,1.0,finger_millet,2025-07-31,1.0,"POLYGON((77.1360904 13.2116947, 77.1360769 13.2115603, 77.1362831 13.2115818, 77.1362493 13.2117293, 77.1360904 13.2116947))",0.03119105276576169,13.211638927368217,77.13617731654143,010321164025713618
ade25f3351e0,Tumkur,Chikkahonnudike,2025.0,1.0,finger_millet,2025-07-30,1.0,"POLYGON((77.1361152 13.2114206, 77.1362778 13.2114565, 77.1362945 13.2113164, 77.1361323 13.2113102, 77.1361152 13.2114206))",0.024793614626447396,13.211376616205648,77.13620805619752,010321138025713621
9d634aa5d16b,Tumkur,Chikkahonnudike,2025.0,1.0,finger_millet,2025-07-31,1.0,"POLYGON((77.1362382 13.2112672, 77.1360783 13.2112593, 77.1360501 13.2111565, 77.1361856 13.2111630, 77.1362382 13.2112672))",0.017964487275275626,13.211212934543955,77.13613862451463,010321121025713614
422235ec8f0c,Tumkur,Chikkahonnudike,2025.0,1.0,finger_millet,2025-07-30,1.0,"POLYGON((77.1357306 13.2113018, 77.1357179 13.2111075, 77.1355683 13.2111000, 77.1355928 13.2112969, 77.1357306 13.2113018))",0.0335215150914405,13.211200238738984,77.13565215224544,010321120025713565
dea54144fb6c,Tumkur,Chikkahonnudike,2025.0,1.0,finger_millet,2025-07-31,1.0,"POLYGON((77.1353685 13.2108654, 77.1355046 13.2108637, 77.1354932 13.2107074, 77.1353715 13.2107044, 77.1353685 13.2108654))",0.024502472032778003,13.210786714572267,77.13543420159876,010321079025713543
cbf07cf1804f,Tumkur,Chikkahonnudike,2025.0,1.0,finger_millet,2025-07-31,1.0,"POLYGON((77.1352978 13.2110299, 77.1352156 13.2110018, 77.1351922 13.2106777, 77.1352884 13.2106672, 77.1352978 13.2110299))",0.036523667817328076,13.210839093100054,77.13524910445592,010321084025713525
cf40775cbcd9,Tumkur,Chikkahonnudike,2025.0,1.0,finger_millet,2025-07-31,1.0,"POLYGON((77.1349082 13.2105282, 77.1352542 13.2105860, 77.1352817 13.2104534, 77.1347818 13.2103970, 77.1349082 13.2105282))",0.06345011178429731,13.210487750466172,77.13506108735723,010321049025713506
6456eaeb37e9,Tumkur,Chikkahonnudike,2025.0,1.0,finger_millet,2025-07-10,1.0,"POLYGON((77.1355070 13.2106653, 77.1355945 13.2110889, 77.1371622 13.2110589, 77.1372920 13.2106976, 77.1355070 13.2106653))",0.7885081499869017,13.21087335949778,77.13636702001831,010321087025713637
f8900a64a522,Tumkur,Chikkahonnudike,2025.0,1.0,finger_millet,2025-07-16,1.0,"POLYGON((77.1351650 13.2106460, 77.1349705 13.2106692, 77.1350007 13.2109313, 77.1352133 13.2109284, 77.1351650 13.2106460))",0.0670018279410038,13.210795304480175,77.13508894470492,010321080025713509
afe5938c1f23,Tumkur,Arehalli,2025.0,1.0,finger_millet,2025-07-01,1.0,"POLYGON((77.1272605 13.2254496, 77.1272900 13.2255805, 77.1269460 13.2256046, 77.1269192 13.2254737, 77.1272605 13.2254496))",0.054552663378791534,13.225527194623426,77.12710401328451,010322553025712710
82022c3c6e85,Tumkur,Arehalli,2025.0,1.0,finger_millet,2025-07-10,1.0,"POLYGON((77.1279277 13.2257391, 77.1269209 13.2258396, 77.1270537 13.2260570, 77.1278875 13.2258723, 77.1279277 13.2257391))",0.20119263758098443,13.225881930424002,77.12740016774572,010322588025712740
f56834226968,Tumkur,Arehalli,2025.0,1.0,finger_millet,2025-08-06,1.0,"POLYGON((77.1269538 13.2258295, 77.1269185 13.2256095, 77.1278335 13.2255860, 77.1279103 13.2257309, 77.1269538 13.2258295))",0.20867052045691853,13.225692006311915,77.12737402375397,010322569025712737
2442b8340b6f,Tumkur,Arehalli,2025.0,1.0,finger_millet,2025-07-31,1.0,"POLYGON((77.1270084 13.2252789, 77.1271214 13.2252887, 77.1271040 13.2251833, 77.1269936 13.2251621, 77.1270084 13.2252789))",0.014568788711347098,13.225228454554705,77.1270558936203,010322523025712706
360938b2b262,Tumkur,Arehalli,2025.0,1.0,finger_millet,2025-07-31,1.0,"POLYGON((77.1274479 13.2253243, 77.1274030 13.2251497, 77.1272619 13.2251699, 77.1272870 13.2253497, 77.1274479 13.2253243))",0.033035051483954345,13.22525038093893,77.1273502002891,010322525025712735
684e9cb8b22a,Tumkur,Arehalli,2025.0,1.0,finger_millet,2025-08-01,1.0,"POLYGON((77.1276129 13.2252959, 77.1277561 13.2253197, 77.1277457 13.2251487, 77.1276196 13.2251500, 77.1276129 13.2252959))",0.025534995792694075,13.225230344532127,77.12768526187355,010322523025712769
e1ce7ad3ada2,Tumkur,Arehalli,2025.0,1.0,finger_millet,2025-07-03,1.0,"POLYGON((77.1296752 13.2258664, 77.1296199 13.2253912, 77.1286573 13.2256624, 77.1288149 13.2261340, 77.1296752 13.2258664))",0.5514130277712455,13.225760497913011,77.12918685490192,010322576025712919
54771ff69e4d,Tumkur,Arehalli,2025.0,1.0,finger_millet,2025-07-16,1.0,"POLYGON((77.1292330 13.2254705, 77.1296252 13.2253367, 77.1295773 13.2251607, 77.1291461 13.2252443, 77.1292330 13.2254705))",0.10796537471381125,13.225304731890681,77.12938563318652,010322530025712939
998340a58fa2,Tumkur,Arehalli,2025.0,1.0,finger_millet,2025-07-16,1.0,"POLYGON((77.1289339 13.2252753, 77.1290023 13.2255341, 77.1293221 13.2254176, 77.1293161 13.2251966, 77.1289339 13.2252753))",0.10525802561315188,13.225354635003534,77.12913667590585,010322535025712914
2be87ec37c07,Tumkur,Arehalli,2025.0,1.0,finger_millet,2025-07-16,1.0,"POLYGON((77.1289329 13.2252910, 77.1290180 13.2255534, 77.1286516 13.2256330, 77.1286499 13.2253230, 77.1289329 13.2252910))",0.11427733792688173,13.225457108462187,77.128811025224,010322546025712881
6c97d99b5379,Tumkur,Arehalli,2025.0,1.0,finger_millet,2025-07-16,1.0,"POLYGON((77.1296021 13.2251493, 77.1295521 13.2250158, 77.1285175 13.2252241, 77.1285560 13.2253527, 77.1296021 13.2251493))",0.1742751441516739,13.225184689798578,77.12906140495838,010322518025712906
87a81a1aff8c,Tumkur,Arehalli,2025.0,1.0,finger_millet,2025-07-16,1.0,"POLYGON((77.1290854 13.2246934, 77.1284078 13.2248432, 77.1285487 13.2250563, 77.1291512 13.2249101, 77.1290854 13.2246934))",0.18314935654172318,13.224874509148117,77.12879426560119,010322487025712879
9d6991387955,Tumkur,Arehalli,2025.0,1.0,finger_millet,2025-07-31,1.0,"POLYGON((77.1280649 13.2255589, 77.1282415 13.2256144, 77.1281963 13.2253217, 77.1280089 13.2253435, 77.1280649 13.2255589))",0.05440989225095814,13.225456976154428,77.12813203611849,010322546025712813
f17ba35d5fc9,Tumkur,Arehalli,2025.0,1.0,finger_millet,2025-07-31,1.0,"POLYGON((77.1283850 13.2256797, 77.1282989 13.2255400, 77.1284521 13.2254865, 77.1285292 13.2256252, 77.1283850 13.2256797))",0.030086699279945686,13.225582411896921,77.1284156761895,010322558025712842
2505dfaef82f,Tumkur,Arehalli,2025.0,1.0,finger_millet,2025-07-23,1.0,"POLYGON((77.1283311 13.2253334, 77.1284498 13.2252968, 77.1284427 13.2252133, 77.1282938 13.2252215, 77.1283311 13.2253334))",0.0162622566751394,13.225265471915609,77.12837535513053,010322527025712838
d1b83e2fa470,Tumkur,Arehalli,2025.0,1.0,finger_millet,2025-07-31,1.0,"POLYGON((77.1283076 13.2250357, 77.1284290 13.2250126, 77.1283968 13.2248817, 77.1282754 13.2249117, 77.1283076 13.2250357))",0.019561857151881926,13.224960172684247,77.1283526667151,010322496025712835
155a64e10fe9,Tumkur,Arehalli,2025.0,1.0,finger_millet,2025-07-31,1.0,"POLYGON((77.1292752 13.2247697, 77.1294408 13.2247126, 77.1294073 13.2245932, 77.1292209 13.2246382, 77.1292752 13.2247697))",0.02915750754693727,13.224678097276003,77.12933382132344,010322468025712933
87506667fb5e,Tumkur,Arehalli,2025.0,1.0,sorghum,2025-08-13,1.0,"POLYGON((77.1298696 13.2243830, 77.1300373 13.2243934, 77.1300269 13.2242413, 77.1298147 13.2242377, 77.1298696 13.2243830))",0.0335608560993754,13.224310862997445,77.12993736758261,010322431025712994
2bbd39111cdf,Tumkur,Arehalli,2025.0,1.0,sorghum,2025-08-14,1.0,"POLYGON((77.1304933 13.2243941, 77.1304715 13.2243219, 77.1301764 13.2243964, 77.1301932 13.2244884, 77.1304933 13.2243941))",0.031217032101037375,13.224401883232112,77.13032839990905,010322440025713033
2357e64a341a,Tumkur,Arehalli,2025.0,1.0,finger_millet,2025-07-02,1.0,"POLYGON((77.1308473 13.2241904, 77.1305620 13.2220255, 77.1297335 13.2222961, 77.1299957 13.2236721, 77.1308473 13.2241904))",1.7415242374588673,13.223032933157198,77.13031366937835,010322303025713031
e76a46d10fb8,Tumkur,Arehalli,2025.0,1.0,finger_millet,2025-07-31,1.0,"POLYGON((77.1298458 13.2238418, 77.1298951 13.2239459, 77.1299927 13.2238888, 77.1299528 13.2237971, 77.1298458 13.2238418))",0.014718632338760468,13.223868786172247,77.12992029286193,010322387025712992
ca5a3840b9cd,Tumkur,Arehalli,2025.0,1.0,finger_millet,2025-07-31,1.0,"POLYGON((77.1297469 13.2237720, 77.1298616 13.2237459, 77.1298157 13.2236267, 77.1297080 13.2236561, 77.1297469 13.2237720))",0.017058532786412207,13.2237005573931,77.12978359638564,010322370025712978
7fac440fc57e,Tumkur,Arehalli,2025.0,1.0,finger_millet,2025-08-01,1.0,"POLYGON((77.1294267 13.2238222, 77.1293761 13.2237188, 77.1295776 13.2237077, 77.1295961 13.2238190, 77.1294267 13.2238222))",0.02415382314458908,13.223765229506041,77.12949454209087,010322377025712949
a43f18b26728,Tumkur,Arehalli,2025.0,1.0,finger_millet,2025-07-31,1.0,"POLYGON((77.1295354 13.2240174, 77.1294304 13.2240406, 77.1294016 13.2238931, 77.1295438 13.2239019, 77.1295354 13.2240174))",0.019560902787415013,13.223960328656943,77.12947489392651,010322396025712947
d8ef12911f3d,Tumkur,Arehalli,2025.0,1.0,finger_millet,2025-07-31,1.0,"POLYGON((77.1283609 13.2240370, 77.1285889 13.2239897, 77.1286365 13.2241708, 77.1284196 13.2242263, 77.1283609 13.2240370))",0.052646992465491226,13.224105618160282,77.12850030056624,010322411025712850
1a58c87b96c6,Tumkur,Arehalli,2025.0,1.0,finger_millet,2025-07-31,1.0,"POLYGON((77.1286137 13.2239685, 77.1282711 13.2240409, 77.1282546 13.2238519, 77.1285899 13.2237769, 77.1286137 13.2239685))",0.07906541212252823,13.223909742316568,77.1284329647126,010322391025712843
9f0941a886b1,Tumkur,Arehalli,2025.0,1.0,finger_millet,2025-07-31,1.0,"POLYGON((77.1270748 13.2237442, 77.1276300 13.2237018, 77.1275227 13.2234113, 77.1271130 13.2235092, 77.1270748 13.2237442))",0.15479983266393274,13.223596131724818,77.12734744551783,010322360025712735
c178311b6722,Tumkur,Arehalli,2025.0,1.0,sorghum,2025-07-11,1.0,"POLYGON((77.1272619 13.2236979, 77.1269182 13.2237566, 77.1268864 13.2234841, 77.1272310 13.2234221, 77.1272619 13.2236979))",0.11533311707683742,13.22359003676668,77.12707467279847,010322359025712707
3faddf6617a1,Tumkur,Arehalli,2025.0,1.0,finger_millet,2025-08-01,1.0,"POLYGON((77.1268069 13.2240958, 77.1268622 13.2238470, 77.1266265 13.2238405, 77.1266051 13.2240958, 77.1268069 13.2240958))",0.06620218158192126,13.223966424402779,77.12672525016676,010322397025712673
e67aa6535b68,Tumkur,Arehalli,2025.0,1.0,finger_millet,2025-07-31,1.0,"POLYGON((77.1265950 13.2244221, 77.1262591 13.2244616, 77.1261830 13.2242074, 77.1266228 13.2241976, 77.1265950 13.2244221))",0.11199370691668871,13.224317334767429,77.12640957119186,010322432025712641
f897e491b685,Tumkur,Arehalli,2025.0,1.0,finger_millet,2025-07-25,1.0,"POLYGON((77.1260224 13.2245073, 77.1261045 13.2242181, 77.1257018 13.2242368, 77.1256522 13.2245602, 77.1260224 13.2245073))",0.13900667312744594,13.224378287594192,77.12586680218138,010322438025712587
a0e62667d937,Tumkur,Arehalli,2025.0,1.0,horse_gram,2025-09-24,0.0,"POLYGON((77.1296430 13.2235974, 77.1295122 13.2228415, 77.1296903 13.2228300, 77.1298710 13.2236010, 77.1296430 13.2235974))",0.18644094637741493,13.223232079267142,77.1296824653841,010322323025712968
70758ba10b02,Tumkur,Arehalli,2025.0,1.0,finger_millet,2025-07-17,1.0,"POLYGON((77.1295464 13.2231868, 77.1293117 13.2232064, 77.1293550 13.2234978, 77.1296041 13.2235112, 77.1295464 13.2231868))",0.08944996601546897,13.223351459488102,77.12945664588284,010322335025712946
44a2471a2f8a,Tumkur,Arehalli,2025.0,1.0,finger_millet,2025-07-17,1.0,"POLYGON((77.1293225 13.2231930, 77.1295364 13.2231793, 77.1294777 13.2228434, 77.1292688 13.2228470, 77.1293225 13.2231930))",0.08693661409399844,13.22301657469766,77.12940098887208,010322302025712940
e398b2d47004,Tumkur,Arehalli,2025.0,1.0,horse_gram,2025-07-10,1.0,"POLYGON((77.1296635 13.2236613, 77.1296303 13.2235213, 77.1293433 13.2235278, 77.1293765 13.2236950, 77.1296635 13.2236613))",0.05360921267698783,13.223601908708696,77.12949925754171,010322360025712950
b9d00ea5e38e,Tumkur,Arehalli,2025.0,1.0,finger_millet,2025-06-26,1.0,"POLYGON((77.1287123 13.2235664, 77.1287488 13.2237540, 77.1282690 13.2238144, 77.1282462 13.2236114, 77.1287123 13.2235664))",0.11256884056207164,13.223687397092524,77.12849143658157,010322369025712849
591b7c87298b,Tumkur,Arehalli,2025.0,1.0,finger_millet,2025-06-26,1.0,"POLYGON((77.1288957 13.2235634, 77.1289131 13.2237299, 77.1293282 13.2236731, 77.1293117 13.2235187, 77.1288957 13.2235634))",0.08091370000277552,13.223621596444097,77.12910957560776,010322362025712911
baff3ebc6c70,Tumkur,Arehalli,2025.0,1.0,finger_millet,2025-07-17,1.0,"POLYGON((77.1277745 13.2238601, 77.1277520 13.2236613, 77.1282191 13.2236127, 77.1282476 13.2238154, 77.1277745 13.2238601))",0.11448596714320469,13.223737490418294,77.12799919862286,010322374025712800
258a3b39fecb,Tumkur,Arehalli,2025.0,1.0,finger_millet,2025-06-20,1.0,"POLYGON((77.1271073 13.2239838, 77.1271888 13.2242159, 77.1281131 13.2240654, 77.1280347 13.2239107, 77.1271073 13.2239838))",0.2252577667811398,13.22404798607946,77.1275816413881,010322405025712758
fa7a5cf94f87,Tumkur,Arehalli,2025.0,1.0,finger_millet,2025-07-02,1.0,"POLYGON((77.1257333 13.2239068, 77.1256760 13.2242505, 77.1265950 13.2241176, 77.1265444 13.2238177, 77.1257333 13.2239068))",0.333122605179856,13.224027330293973,77.12613044795738,010322403025712613
ab3f6adb3de1,Chamarajanagar,Vaddagalapura,2025.0,1.0,horse_gram,2025-09-18,1.0,"POLYGON((76.8816714 11.8047128, 76.8816731 11.8047262, 76.8818230 11.8053179, 76.8811035 11.8054728, 76.8809322 11.8049071, 76.8816714 11.8047128))",0.5478806794436953,11.805100129309107,76.88138497621435,010180510025688138
2948ef1f496e,Chamarajanagar,Vaddagalapura,2025.0,2.0,horse_gram,2025-11-06,1.0,"POLYGON((76.8929206 11.8073783, 76.8935017 11.8071105, 76.8932177 11.8065690, 76.8927617 11.8068368, 76.8929206 11.8073783))",0.40974423121155124,11.806980418787903,76.89310834251471,010180698025689311
d5ea26f4e6d4,Chamarajanagar,Vaddagalapura,2025.0,1.0,horse_gram,2025-09-19,1.0,"POLYGON((76.8992101 11.8094196, 76.8996442 11.8092752, 76.8994045 11.8083763, 76.8990314 11.8085581, 76.8992101 11.8094196))",0.46920518590093396,11.808915042357969,76.8993267691409,010180892025689933
d6c4a71bae05,Chamarajanagar,Vaddagalapura,2025.0,2.0,maize,2025-10-16,1.0,"POLYGON((76.8973228 11.8102387, 76.8975786 11.8096913, 76.8970402 11.8096063, 76.8970418 11.8102778, 76.8973228 11.8102387))",0.30435372014249934,11.809918453489045,76.89724701934628,010180992025689725
7245afdee1df,Chamarajanagar,Vaddagalapura,2025.0,1.0,maize,2025-09-19,1.0,"POLYGON((76.8978301 11.8027187, 76.8989978 11.8023521, 76.8988731 11.8020108, 76.8977496 11.8024273, 76.8978301 11.8027187))",0.4851091375929209,11.802371778177518,76.89838050422739,010180237025689838
1e846b01441b,Chamarajanagar,Vaddagalapura,2025.0,1.0,maize,2025-09-26,1.0,"POLYGON((76.8978328 11.8029721, 76.8990599 11.8027679, 76.8989556 11.8023859, 76.8977915 11.8026944, 76.8978328 11.8029721))",0.4976049239016841,11.802698680984196,76.89844412267158,010180270025689844
1ee3a9141c3e,Chamarajanagar,Vaddagalapura,2025.0,2.0,maize,2025-10-17,1.0,"POLYGON((76.8979243 11.8032366, 76.8987484 11.8030886, 76.8990800 11.8027834, 76.8979068 11.8028730, 76.8979243 11.8032366))",0.3798999271245441,11.802987379511062,76.89839376003115,010180299025689839
ebb49f944857,Chamarajanagar,Vaddagalapura,2025.0,1.0,maize,2025-09-18,1.0,"POLYGON((76.8978120 11.8025897, 76.8989154 11.8021493, 76.8987397 11.8018155, 76.8976289 11.8016918, 76.8978120 11.8025897))",0.8557054263857595,11.802080207705838,76.89819472385166,010180208025689819
6fc314443daa,Chamarajanagar,Vaddagalapura,2025.0,1.0,horse_gram,2025-09-19,1.0,"POLYGON((76.8985771 11.8056442, 76.8989040 11.8064820, 76.8981546 11.8065736, 76.8978505 11.8058660, 76.8985771 11.8056442))",0.74660405486297,11.806136898139245,76.89838043961002,010180614025689838
f0cfb72e1164,Chamarajanagar,Vaddagalapura,2025.0,1.0,horse_gram,2025-09-03,1.0,"POLYGON((76.8912208 11.8135822, 76.8917522 11.8134506, 76.8915976 11.8129396, 76.8908557 11.8131339, 76.8912208 11.8135822))",0.41893661402380256,11.81326285047446,76.89135010923727,010181326025689135
e77b83fc4946,Chamarajanagar,Vaddagalapura,2025.0,1.0,maize,2025-09-10,1.0,"POLYGON((76.8949336 11.8075010, 76.8951318 11.8073701, 76.8942993 11.8060800, 76.8940425 11.8062267, 76.8949336 11.8075010))",0.4955898938394204,11.806771500723237,76.89458606250405,010180677025689459
2603ffc336e2,Chamarajanagar,Vaddagalapura,2025.0,1.0,horse_gram,2025-09-27,1.0,"POLYGON((76.8968232 11.8070432, 76.8965423 11.8063757, 76.8957265 11.8064807, 76.8959029 11.8072775, 76.8968232 11.8070432))",0.8124985708057784,11.806805865054235,76.89624160301537,010180681025689624
16aab0247209,Chamarajanagar,Vaddagalapura,2025.0,1.0,horse_gram,2025-09-11,1.0,"POLYGON((76.8969426 11.8082988, 76.8972521 11.8082197, 76.8971005 11.8076487, 76.8967518 11.8077862, 76.8969426 11.8082988))",0.2371619934223025,11.807980513586083,76.89701156548766,010180798025689701
ea53eded8729,Chamarajanagar,Vaddagalapura,2025.0,1.0,maize,2025-09-12,1.0,"POLYGON((76.8967853 11.8079690, 76.8964772 11.8072080, 76.8959126 11.8073524, 76.8962167 11.8081541, 76.8967853 11.8079690))",0.5942204230468525,11.807673536711974,76.89634664372029,010180767025689635
c27abb58a368,Chamarajanagar,Vaddagalapura,2025.0,1.0,maize,2025-08-08,1.0,"POLYGON((76.8967253 11.8077065, 76.8970462 11.8076074, 76.8968816 11.8070960, 76.8965215 11.8071873, 76.8967253 11.8077065))",0.23249225228327441,11.807395372299741,76.89679121080651,010180740025689679
5a17336d004b,Chamarajanagar,Vaddagalapura,2025.0,1.0,horse_gram,2025-09-12,1.0,"POLYGON((76.9001827 11.7955093, 76.9007637 11.7952084, 76.9003024 11.7947620, 76.8996442 11.7950715, 76.9001827 11.7955093))",0.513884449627,11.795135576109187,76.90021731417993,010179514025690022
9ac81c1144a6,Chamarajanagar,Vaddagalapura,2025.0,1.0,horse_gram,2025-09-26,1.0,"POLYGON((76.8994099 11.7947367, 76.8997341 11.7950249, 76.9001773 11.7947551, 76.8999235 11.7944440, 76.8994099 11.7947367))",0.27068446422219367,11.79473802674903,76.89980667824193,010179474025689981
8adbdb05db19,Chamarajanagar,Vaddagalapura,2025.0,1.0,finger_millet,2025-09-03,1.0,"POLYGON((76.9008432 11.7963295, 76.9013706 11.7958822, 76.9017260 11.7965205, 76.9011232 11.7968408, 76.9008432 11.7963295))",0.5383242480554445,11.79638634419317,76.9012765235166,010179639025690128
9db7c98c40f4,Chamarajanagar,Vaddagalapura,2025.0,1.0,horse_gram,2025-09-19,1.0,"POLYGON((76.9024891 11.7998290, 76.9015389 11.7986501, 76.9022131 11.7980942, 76.9030996 11.7992396, 76.9024891 11.7998290))",1.5331846918861889,11.798952104298394,76.90233013136839,010179895025690233
f85a19f86e5b,Chamarajanagar,Vaddagalapura,2025.0,1.0,maize,2025-09-10,1.0,"POLYGON((76.8916174 11.8081912, 76.8902253 11.8088984, 76.8903487 11.8091833, 76.8917448 11.8089732, 76.8916174 11.8081912))",0.965321877916939,11.808775036071104,76.89108405219885,010180878025689108
cd91c1e523af,Chamarajanagar,Vaddagalapura,2025.0,1.0,horse_gram,2025-09-11,1.0,"POLYGON((76.8814683 11.8073140, 76.8818558 11.8093375, 76.8771395 11.8109686, 76.8764250 11.8091741, 76.8814683 11.8073140))",12.382897316307272,11.809179173022335,76.8792404608165,010180918025687924
9ecbf1ab0b57,Chamarajanagar,Vaddagalapura,2025.0,2.0,maize,2025-10-02,1.0,"POLYGON((76.8825542 11.8082995, 76.8825214 11.8080753, 76.8817717 11.8082624, 76.8818421 11.8084632, 76.8825542 11.8082995))",0.19804494140679277,11.808273199584585,76.88217596829256,010180827025688218
40676b4ddb6c,Chamarajanagar,Vaddagalapura,2025.0,2.0,finger_millet,2025-10-09,1.0,"POLYGON((76.8824396 11.8078384, 76.8824114 11.8076293, 76.8816386 11.8078102, 76.8816912 11.8080143, 76.8824396 11.8078384))",0.19799912650893733,11.807822553629423,76.88204483788029,010180782025688204
c256fbc0c2d8,Chamarajanagar,Vaddagalapura,2025.0,1.0,maize,2025-09-05,1.0,"POLYGON((76.8823370 11.8074085, 76.8824228 11.8076087, 76.8816252 11.8077586, 76.8816406 11.8075499, 76.8823370 11.8074085))",0.1901977760312269,11.807583046479113,76.882010071883,010180758025688201
1762d39118e0,Chamarajanagar,Vaddagalapura,2025.0,1.0,horse_gram,2025-09-03,1.0,"POLYGON((76.8822954 11.8071449, 76.8823504 11.8073524, 76.8815863 11.8075329, 76.8815655 11.8073051, 76.8822954 11.8071449))",0.20360751027985988,11.807335479466543,76.88194608024759,010180734025688195
3c5075264f8e,Chamarajanagar,Vaddagalapura,2025.0,2.0,maize,2025-10-16,1.0,"POLYGON((76.8836891 11.8070941, 76.8835976 11.8068131, 76.8828633 11.8070078, 76.8829730 11.8072752, 76.8836891 11.8070941))",0.2623546229971752,11.807046433944423,76.88328228252524,010180705025688328
eb367ee4c4d1,Chamarajanagar,Vaddagalapura,2025.0,2.0,maize,2025-10-09,1.0,"POLYGON((76.8824402 11.8074830, 76.8836714 11.8071262, 76.8837786 11.8074383, 76.8824486 11.8076956, 76.8824402 11.8074830))",0.42623125813531304,11.807425636367551,76.88313255813466,010180743025688313
5213549b8126,Chamarajanagar,Vaddagalapura,2025.0,2.0,maize,2025-10-16,1.0,"POLYGON((76.8882070 11.8079828, 76.8889560 11.8083533, 76.8880336 11.8090097, 76.8876678 11.8081794, 76.8882070 11.8079828))",0.815029481270449,11.808426323388295,76.88823397468538,010180843025688823
85b502494a29,Chamarajanagar,Vaddagalapura,2025.0,1.0,horse_gram,2025-09-18,1.0,"POLYGON((76.8929427 11.8017696, 76.8917676 11.8001647, 76.8908888 11.8005517, 76.8920342 11.8022189, 76.8929427 11.8017696))",2.346146574013239,11.801185481358754,76.89191270039153,010180119025689191
834341515802,Chamarajanagar,Vaddagalapura,2025.0,1.0,horse_gram,2025-09-12,1.0,"POLYGON((76.8931295 11.8018530, 76.8933595 11.8021916, 76.8922122 11.8026688, 76.8920439 11.8023187, 76.8931295 11.8018530))",0.5764654621767041,11.802258094429074,76.8926902411045,010180226025689269
c40cac86e4c8,Chamarajanagar,Vaddagalapura,2025.0,1.0,horse_gram,2025-09-10,1.0,"POLYGON((76.8973406 11.8070921, 76.8973815 11.8071952, 76.8969865 11.8073021, 76.8969456 11.8072083, 76.8973406 11.8070921))",0.052350588489902816,11.80719857271371,76.89716625984016,010180720025689717
8f8e2364d3eb,Chamarajanagar,Vaddagalapura,2025.0,1.0,horse_gram,2025-09-03,1.0,"POLYGON((76.8972564 11.8068657, 76.8973402 11.8070675, 76.8969392 11.8071955, 76.8968655 11.8069864, 76.8972564 11.8068657))",0.10982010863291047,11.807029443360241,76.89709994837568,010180703025689710
7d94a79a3651,Chamarajanagar,Vaddagalapura,2025.0,1.0,horse_gram,2025-09-18,1.0,"POLYGON((76.8977442 11.8082122, 76.8978428 11.8084948, 76.8974009 11.8086559, 76.8973030 11.8083182, 76.8977442 11.8082122))",0.18080413436921444,11.808423023333344,76.8975671038113,010180842025689757
5c8d6e011add,Chamarajanagar,Vaddagalapura,2025.0,2.0,maize,2025-10-01,1.0,"POLYGON((76.8959656 11.8112344, 76.8966271 11.8113020, 76.8966787 11.8116456, 76.8959482 11.8120433, 76.8955918 11.8115777, 76.8959656 11.8112344))",0.6652521166639355,11.811584951654009,76.8961461038568,010181158025689615
5ebfe36f87e1,Chamarajanagar,Vaddagalapura,2025.0,1.0,horse_gram,2025-09-25,1.0,"POLYGON((76.8937793 11.8182888, 76.8943378 11.8180502, 76.8938477 11.8169594, 76.8933471 11.8169459, 76.8937793 11.8182888))",0.8389376146983115,11.817590001397539,76.89383022711006,010181759025689383
0d2122fab163,Chamarajanagar,Vaddagalapura,2025.0,2.0,horse_gram,2025-10-02,1.0,"POLYGON((76.8933830 11.8174126, 76.8933183 11.8169643, 76.8921776 11.8174841, 76.8922987 11.8177857, 76.8933830 11.8174126))",0.5524815384946642,11.817398119849404,76.89282170940687,010181740025689282
95a314c92e16,Chamarajanagar,Vaddagalapura,2025.0,2.0,maize,2025-11-01,1.0,"POLYGON((76.8845025 11.8124339, 76.8852961 11.8121103, 76.8854450 11.8126072, 76.8847067 11.8128759, 76.8845025 11.8124339))",0.49622208045100796,11.81250189466391,76.88499026169666,010181250025688499
907154633bd1,Chitradurga,Kanivehalli,2025.0,1.0,finger_millet,2025-09-02,0.0,"POLYGON((76.0686067 13.8811270, 76.0683211 13.8812344, 76.0683928 13.8815277, 76.0687237 13.8814814, 76.0686067 13.8811270))",0.12796885426021196,13.881343521419915,76.06851708637662,010388134025606852
7369f5072cc2,Chitradurga,Kanivehalli,2025.0,1.0,finger_millet,2025-08-30,0.0,"POLYGON((76.0693524 13.8804252, 76.0693859 13.8810215, 76.0698161 13.8808441, 76.0697567 13.8803624, 76.0693524 13.8804252))",0.2754117443391704,13.880669021376772,76.06957133408052,010388067025606957
576957832778,Chitradurga,Kanivehalli,2025.0,1.0,finger_millet,2025-09-02,0.0,"POLYGON((76.0608394 13.8813109, 76.0613671 13.8820009, 76.0616568 13.8819394, 76.0613503 13.8811739, 76.0608394 13.8813109))",0.39762334471065497,13.881570961417403,76.0612841088393,010388157025606128
e934740446c4,Chitradurga,Kanivehalli,2025.0,1.0,finger_millet,2025-09-01,0.0,"POLYGON((76.0682916 13.8805860, 76.0682852 13.8811244, 76.0689383 13.8810456, 76.0689085 13.8806895, 76.0682916 13.8805860))",0.3391820292749219,13.8808633741953,76.0685842747237,010388086025606858
b68b9713f1e3,Chitradurga,Kanivehalli,2025.0,1.0,finger_millet,2025-09-10,0.0,"POLYGON((76.0746990 13.8927592, 76.0749287 13.8928578, 76.0749002 13.8933717, 76.0747067 13.8933441, 76.0746990 13.8927592))",0.1396655850582873,13.8930745357111,76.07480688337132,010389307025607481
ea400d8ffd87,Chitradurga,Kanivehalli,2025.0,1.0,finger_millet,2025-08-29,0.0,"POLYGON((76.0745562 13.8924890, 76.0742464 13.8924217, 76.0743010 13.8929792, 76.0745186 13.8929704, 76.0745562 13.8924890))",0.16337310208589048,13.892699817694547,76.07440252415122,010389270025607440
f96cda4dcb5a,Chitradurga,Kanivehalli,2025.0,1.0,finger_millet,2025-09-10,,"POLYGON((76.0608005 13.8813285, 76.0604303 13.8813763, 76.0607150 13.8820611, 76.0609879 13.8818082, 76.0608005 13.8813285))",0.2661378581472928,13.881646270147492,76.06072300614512,010388165025606072
39b74e78984b,Chitradurga,Kanivehalli,2025.0,1.0,finger_millet,2025-09-02,0.0,"POLYGON((76.0604679 13.8807784, 76.0606221 13.8812907, 76.0609229 13.8812637, 76.0607374 13.8807608, 76.0604679 13.8807784))",0.17748497706363422,13.881028388045772,76.06068891493263,010388103025606069
0e9d63a59974,Chitradurga,Kanivehalli,2025.0,1.0,finger_millet,2025-09-02,0.0,"POLYGON((76.0595445 13.8794003, 76.0597138 13.8806528, 76.0599901 13.8806095, 76.0599438 13.8793622, 76.0595445 13.8794003))",0.5097482556858604,13.879968815437604,76.05979441301513,010387997025605979
c102abdacaa9,Chitradurga,Kanivehalli,2025.0,1.0,finger_millet,2025-09-03,0.0,"POLYGON((76.0594346 13.8793622, 76.0591704 13.8793511, 76.0595241 13.8807139, 76.0597011 13.8806570, 76.0594346 13.8793622))",0.35880667177951464,13.879986236866527,76.0594483338947,010387999025605945
1d588d0f409e,Chitradurga,Kanivehalli,2025.0,1.0,finger_millet,2025-09-01,0.0,"POLYGON((76.0599036 13.8793759, 76.0602989 13.8793817, 76.0603660 13.8799962, 76.0600870 13.8799748, 76.0599036 13.8793759))",0.2423652358304852,13.879664109617215,76.06016108979043,010387966025606016
94e9dfa168c2,Chitradurga,Kanivehalli,2025.0,1.0,finger_millet,2025-09-02,0.0,"POLYGON((76.0624353 13.8792978, 76.0628795 13.8793004, 76.0630951 13.8806596, 76.0627622 13.8807087, 76.0624353 13.8792978))",0.6507127232245775,13.879961984850453,76.06278585690552,010387996025606279
a100a32430bd,Chitradurga,Kanivehalli,2025.0,1.0,finger_millet,2025-09-02,0.0,"POLYGON((76.0632886 13.8792597, 76.0636265 13.8792493, 76.0638035 13.8805414, 76.0634803 13.8805948, 76.0632886 13.8792597))",0.5259720806238312,13.879908534968086,76.06354842372366,010387991025606355
ead67583b714,Chitradurga,Kanivehalli,2025.0,1.0,finger_millet,2025-08-28,0.0,"POLYGON((76.0629087 13.8792766, 76.0631166 13.8806440, 76.0634086 13.8805919, 76.0632607 13.8792457, 76.0629087 13.8792766))",0.5309386712934716,13.87991984059609,76.06317049334949,010387992025606317
7977d9953c6f,Chitradurga,Kanivehalli,2025.0,1.0,finger_millet,2025-08-20,,"POLYGON((76.0714525 13.8819876, 76.0716685 13.8824986, 76.0719283 13.8824126, 76.0716202 13.8818733, 76.0714525 13.8819876))",0.1654689560614407,13.882205063469247,76.07167579459167,010388221025607168
9ca0928b3cb2,Chitradurga,Kanivehalli,2025.0,1.0,maize,2025-06-20,0.0,"POLYGON((76.0713013 13.8822027, 76.0713412 13.8825311, 76.0706566 13.8825168, 76.0706677 13.8822128, 76.0713013 13.8822027))",0.24902630337979254,13.882367863671194,76.07099600228644,010388237025607100
45ad6f7d26f5,Chitradurga,Kanivehalli,2025.0,1.0,finger_millet,2025-08-28,,"POLYGON((76.0711360 13.8813870, 76.0708554 13.8814232, 76.0708966 13.8815817, 76.0712302 13.8815254, 76.0711360 13.8813870))",0.058209045721807774,13.881481961324814,76.07102868438072,010388148025607103
febbd19b93a9,Chitradurga,Kanivehalli,2025.0,1.0,finger_millet,2025-08-30,0.0,"POLYGON((76.0704896 13.8818450, 76.0704695 13.8820133, 76.0710566 13.8820618, 76.0710764 13.8819212, 76.0704896 13.8818450))",0.10979925986663432,13.881959316040627,76.07076437001776,010388196025607076
4b3797d6283b,Chamarajanagar,Linganapura,2025.0,2.0,maize,2025-10-01,1.0,"POLYGON((76.8738327 11.7887454, 76.8739373 11.7887143, 76.8736583 11.7879656, 76.8735162 11.7880234, 76.8738327 11.7887454))",0.1252762357020999,11.788341181345622,76.87372780182966,010178834025687373
47a5e933abba,Chamarajanagar,Linganapura,2025.0,1.0,maize,2025-09-25,1.0,"POLYGON((76.8754554 11.7889680, 76.8755912 11.7891321, 76.8745897 11.7894911, 76.8745264 11.7892666, 76.8754554 11.7889680))",0.265441738659463,11.78922020832835,76.8750288483148,010178922025687503
5b8660d6e133,Chamarajanagar,Linganapura,2025.0,2.0,maize,2025-11-08,1.0,"POLYGON((76.8760294 11.7879279, 76.8762312 11.7881642, 76.8753900 11.7886824, 76.8752646 11.7884481, 76.8760294 11.7879279))",0.3300513695730342,11.788300390783535,76.87573979641996,010178830025687574
88ddf9ad8110,Chamarajanagar,Linganapura,2025.0,1.0,maize,2025-09-20,1.0,"POLYGON((76.8726803 11.7810798, 76.8732496 11.7810411, 76.8732399 11.7807099, 76.8726431 11.7807700, 76.8726803 11.7810798))",0.22656738772678964,11.780898612258706,76.87295601745089,010178090025687296
c4497fd3081a,Chamarajanagar,Linganapura,2025.0,1.0,maize,2025-08-21,1.0,"POLYGON((76.8726921 11.7810877, 76.8734924 11.7809203, 76.8734699 11.7806856, 76.8726522 11.7807496, 76.8726921 11.7810877))",0.2835128618931052,11.780864122619365,76.87305206814706,010178086025687305
0f67d01d004d,Chamarajanagar,Linganapura,2025.0,1.0,maize,2025-09-03,1.0,"POLYGON((76.8721412 11.7872623, 76.8722022 11.7876410, 76.8725036 11.7876138, 76.8724624 11.7871454, 76.8721412 11.7872623))",0.1633146304484347,11.787411087371627,76.87233203291058,010178741025687233
b1f789d2a09e,Chamarajanagar,Linganapura,2025.0,1.0,horse_gram,2025-09-17,1.0,"POLYGON((76.8683171 11.7839621, 76.8683861 11.7841614, 76.8672904 11.7845569, 76.8672378 11.7843439, 76.8683171 11.7839621))",0.29858062697077437,11.784257477704335,76.8678047911495,010178426025686780
2ba80d3ae1cb,Chamarajanagar,Linganapura,2025.0,1.0,horse_gram,2025-09-01,1.0,"POLYGON((76.8688451 11.7856383, 76.8690651 11.7860817, 76.8687113 11.7863295, 76.8684974 11.7858638, 76.8688451 11.7856383))",0.2539435185194244,11.785980297063107,76.86877949702216,010178598025686878
d186aac6487c,Chamarajanagar,Linganapura,2025.0,1.0,finger_millet,2025-09-03,1.0,"POLYGON((76.8693192 11.7853738, 76.8695096 11.7857368, 76.8690946 11.7860233, 76.8689018 11.7856245, 76.8693192 11.7853738))",0.2530605036928003,11.785692149638033,76.86920417845437,010178569025686920
ba82bdc3bf19,Chamarajanagar,Linganapura,2025.0,1.0,horse_gram,2025-09-03,1.0,"POLYGON((76.8803038 11.7844597, 76.8805506 11.7852021, 76.8803089 11.7854795, 76.8798723 11.7847666, 76.8803038 11.7844597))",0.41539048368133463,11.784954120699748,76.88024297911586,010178495025688024
07fbd6916858,Chamarajanagar,Linganapura,2025.0,2.0,horse_gram,2025-10-01,1.0,"POLYGON((76.8862255 11.7888790, 76.8857336 11.7883746, 76.8867321 11.7876565, 76.8872431 11.7884675, 76.8862255 11.7888790))",1.140126275145441,11.788320289579557,76.88650572836508,010178832025688651
1d35e26e2d0c,Chamarajanagar,Linganapura,2025.0,2.0,horse_gram,2025-10-01,1.0,"POLYGON((76.8807511 11.7839224, 76.8806113 11.7836162, 76.8798368 11.7838512, 76.8799649 11.7844262, 76.8807511 11.7839224))",0.47393810630301625,11.783973946662245,76.88025822464053,010178397025688026
e8a034ea487d,Chamarajanagar,Linganapura,2025.0,2.0,horse_gram,2025-10-01,1.0,"POLYGON((76.8851593 11.7836054, 76.8854312 11.7837623, 76.8836613 11.7840629, 76.8835912 11.7838276, 76.8851593 11.7836054))",0.4482500883600069,11.78382144070853,76.88443357475184,010178382025688443
ddff10fe63c8,Chamarajanagar,Linganapura,2025.0,1.0,maize,2025-09-03,1.0,"POLYGON((76.8785849 11.7819249, 76.8788598 11.7822801, 76.8771579 11.7825400, 76.8771512 11.7821786, 76.8785849 11.7819249))",0.7203367653507071,11.782233642976582,76.87795329330028,010178223025687795
db04183bce3e,Chamarajanagar,Manchagundipura,2025.0,1.0,finger_millet,2025-09-19,1.0,"POLYGON((76.8743980 11.7712050, 76.8745197 11.7717019, 76.8735742 11.7718831, 76.8734920 11.7714813, 76.8743980 11.7712050))",0.5293304019822794,11.771564308192891,76.87401317912223,010177156025687401
a14e8295631e,Chamarajanagar,Manchagundipura,2025.0,1.0,finger_millet,2025-09-03,1.0,"POLYGON((76.8742293 11.7704340, 76.8743892 11.7711423, 76.8735165 11.7713766, 76.8738277 11.7707225, 76.8742293 11.7704340))",0.49925466954078995,11.770955094570496,76.87400594311764,010177096025687401
9941f17ee632,Chamarajanagar,Manchagundipura,2025.0,2.0,horse_gram,2025-10-07,1.0,"POLYGON((76.8742055 11.7689996, 76.8741452 11.7696164, 76.8734166 11.7697201, 76.8732074 11.7692067, 76.8742055 11.7689996))",0.601781306868876,11.769369391586757,76.87374850113962,010176937025687375
3ecfcefa2134,Chamarajanagar,Manchagundipura,2025.0,2.0,maize,2025-10-01,1.0,"POLYGON((76.8707837 11.7629293, 76.8708836 11.7634010, 76.8704722 11.7634568, 76.8702472 11.7630501, 76.8707837 11.7629293))",0.2680954630297344,11.763197874635745,76.87059620204602,010176320025687060
2f0839229ea1,Chamarajanagar,Manchagundipura,2025.0,2.0,cowpea,2025-10-02,1.0,"POLYGON((76.8708061 11.7627842, 76.8713436 11.7625174, 76.8714321 11.7629543, 76.8709004 11.7632855, 76.8708061 11.7627842))",0.3350930129116002,11.76288901695646,76.87111485252271,010176289025687111
742005e60759,Chamarajanagar,Manchagundipura,2025.0,2.0,maize,2025-10-01,1.0,"POLYGON((76.8750762 11.7649512, 76.8747691 11.7645918, 76.8755087 11.7643325, 76.8757753 11.7646269, 76.8750762 11.7649512))",0.3842448065394288,11.764630556897277,76.87527171945301,010176463025687527
d5c84fdf135b,Chamarajanagar,Manchagundipura,2025.0,1.0,horse_gram,2025-09-11,1.0,"POLYGON((76.8720504 11.7666351, 76.8722284 11.7674176, 76.8715494 11.7675045, 76.8714462 11.7667936, 76.8720504 11.7666351))",0.5980949551465937,11.767092297584663,76.87182560698815,010176709025687183
c22d4aabdd01,Chamarajanagar,Manchagundipura,2025.0,2.0,horse_gram,2025-10-01,1.0,"POLYGON((76.8775174 11.7673585, 76.8773105 11.7669275, 76.8756707 11.7675482, 76.8758433 11.7678837, 76.8775174 11.7673585))",0.8961560266648539,11.767417830599934,76.87661838075198,010176742025687662
45cb579cd01c,Chamarajanagar,Manchagundipura,2025.0,2.0,horse_gram,2025-10-01,1.0,"POLYGON((76.8772599 11.7681200, 76.8773434 11.7683484, 76.8762520 11.7685749, 76.8762420 11.7683780, 76.8772599 11.7681200))",0.283951196797335,11.768352010757985,76.876793570674,010176835025687679
53da2d709bdf,Chamarajanagar,Manchagundipura,2025.0,2.0,horse_gram,2025-10-01,1.0,"POLYGON((76.8778483 11.7697815, 76.8780236 11.7701409, 76.8775117 11.7702863, 76.8773953 11.7698553, 76.8778483 11.7697815))",0.24901990817548653,11.770022604720777,76.87769125337735,010177002025687769
e7defc922428,Chamarajanagar,Manchagundipura,2025.0,1.0,horse_gram,2025-08-08,1.0,"POLYGON((76.8753351 11.7700102, 76.8752720 11.7697785, 76.8740747 11.7700795, 76.8740972 11.7704008, 76.8753351 11.7700102))",0.42353540836204967,11.77007605185545,76.87466746636335,010177008025687467
fe8f2f699fba,Chamarajanagar,Manchagundipura,2025.0,1.0,horse_gram,2025-09-03,1.0,"POLYGON((76.8692759 11.7683606, 76.8692344 11.7680658, 76.8685122 11.7681443, 76.8684569 11.7683530, 76.8692759 11.7683606))",0.23349294267796977,11.768232561066565,76.86889286809753,010176823025686889
96f2ce4a8732,Tumkur,Kethohalli,2025.0,1.0,finger_millet,2025-06-26,0.0,"POLYGON((77.1717336 13.2393979, 77.1716833 13.2392827, 77.1713470 13.2394507, 77.1713990 13.2395349, 77.1717336 13.2393979))",0.04942118556285901,13.239413063565417,77.17154739222528,010323941025717155
70d5c4248903,Tumkur,Kethohalli,2025.0,1.0,finger_millet,2025-06-26,0.0,"POLYGON((77.1721138 13.2387918, 77.1720350 13.2386005, 77.1712608 13.2389605, 77.1712803 13.2392076, 77.1721138 13.2387918))",0.2339047416023999,13.238895205988923,77.17166529711983,010323890025717167
72ad3dccce56,Tumkur,Kethohalli,2025.0,1.0,finger_millet,2025-07-31,1.0,"POLYGON((77.1703375 13.2396123, 77.1700957 13.2397990, 77.1700434 13.2394677, 77.1702523 13.2392954, 77.1703375 13.2396123))",0.10227115262891495,13.239546796114261,77.17018360944118,010323955025717018
eddd5eb24535,Tumkur,Kethohalli,2025.0,1.0,finger_millet,2025-06-26,0.0,"POLYGON((77.1701598 13.2398241, 77.1713021 13.2394168, 77.1714482 13.2397810, 77.1705440 13.2405294, 77.1701598 13.2398241))",0.8392489237511367,13.239918917400878,77.17080312982617,010323992025717080
29c0046c28a2,Tumkur,Kethohalli,2025.0,1.0,horse_gram,2025-07-31,1.0,"POLYGON((77.1692914 13.2404654, 77.1695254 13.2403766, 77.1694319 13.2401619, 77.1692106 13.2403120, 77.1692914 13.2404654))",0.06268496903570248,13.240325149220988,77.16937003968629,010324033025716937
8cd2e2af04a8,Tumkur,Kethohalli,2025.0,1.0,finger_millet,2025-07-24,1.0,"POLYGON((77.1686148 13.2404187, 77.1688760 13.2401877, 77.1687617 13.2399103, 77.1683982 13.2401485, 77.1686148 13.2404187))",0.14898573395581757,13.240164349135963,77.16865489793823,010324016025716865
24918688b291,Tumkur,Kethohalli,2025.0,1.0,finger_millet,2025-07-08,0.0,"POLYGON((77.1696716 13.2412607, 77.1693347 13.2415956, 77.1688784 13.2404974, 77.1691519 13.2403812, 77.1696716 13.2412607))",0.49356302554562825,13.240970003841015,77.16927262466776,010324097025716927
ae42876eeda0,Tumkur,Kethohalli,2025.0,1.0,horse_gram,2025-07-16,1.0,"POLYGON((77.1712293 13.2393509, 77.1705722 13.2396198, 77.1703834 13.2386423, 77.1711140 13.2386289, 77.1712293 13.2393509))",0.7321268422939179,13.239061364532255,77.17080646826007,010323906025717081
bc66f6f6a502,Tumkur,Kethohalli,2025.0,1.0,finger_millet,2025-07-23,1.0,"POLYGON((77.1705913 13.2363346, 77.1705973 13.2366417, 77.1679577 13.2366933, 77.1679054 13.2364191, 77.1705913 13.2363346))",0.9296513213474047,13.236521090084672,77.16928707335485,010323652025716929
57e093b8b176,Tumkur,Kethohalli,2025.0,1.0,finger_millet,2025-06-18,1.0,"POLYGON((77.1705551 13.2360696, 77.1705759 13.2363006, 77.1678826 13.2363897, 77.1678501 13.2362921, 77.1705551 13.2360696))",0.5364329639491888,13.236252455110877,77.16939596463959,010323625025716940
94cbaddf6499,Tumkur,Kethohalli,2025.0,1.0,finger_millet,2025-06-20,1.0,"POLYGON((77.1705262 13.2358049, 77.1705564 13.2360435, 77.1678558 13.2362778, 77.1678253 13.2361756, 77.1705262 13.2358049))",0.5623256092615804,13.236055524939397,77.16936754581974,010323606025716937
7568f810b4dc,Tumkur,Kethohalli,2025.0,1.0,finger_millet,2025-07-15,1.0,"POLYGON((77.1705936 13.2346404, 77.1699760 13.2347680, 77.1696072 13.2335829, 77.1702037 13.2337886, 77.1705936 13.2346404))",0.72302626276463,13.234214685152311,77.17008587925146,010323421025717009
30f9f1017104,Tumkur,Kethohalli,2025.0,1.0,finger_millet,2025-07-23,1.0,"POLYGON((77.1699579 13.2347833, 77.1696475 13.2348486, 77.1693511 13.2336110, 77.1695663 13.2336055, 77.1699579 13.2347833))",0.39498506020225777,13.234253601699837,77.16964168166808,010323425025716964
a549b96f797a,Tumkur,Kethohalli,2025.0,1.0,finger_millet,2025-06-23,1.0,"POLYGON((77.1695948 13.2348688, 77.1693715 13.2349335, 77.1690758 13.2336544, 77.1692958 13.2336100, 77.1695948 13.2348688))",0.3563826129306704,13.234270411020116,77.16933508609866,010323427025716934
abd4aec9f70f,Tumkur,Kethohalli,2025.0,1.0,finger_millet,2025-07-16,1.0,"POLYGON((77.1691027 13.2349498, 77.1693367 13.2348953, 77.1690467 13.2336420, 77.1688267 13.2336936, 77.1691027 13.2349498))",0.3592381356560679,13.234301620051216,77.16907963883402,010323430025716908
20db2f20db49,Tumkur,Kethohalli,2025.0,1.0,finger_millet,2025-06-19,1.0,"POLYGON((77.1690738 13.2349857, 77.1687573 13.2350591, 77.1686695 13.2336897, 77.1687976 13.2336897, 77.1690738 13.2349857))",0.3629840845815027,13.234453099177541,77.16883721306259,010323445025716884
f103960ae98f,Tumkur,Kethohalli,2025.0,1.0,finger_millet,2025-07-16,1.0,"POLYGON((77.1685974 13.2337311, 77.1682990 13.2338607, 77.1682105 13.2342716, 77.1681692 13.2351691, 77.1687228 13.2350382, 77.1685974 13.2337311))",0.7045934985307769,13.234510174254645,77.16843723750405,010323451025716844
a0bed3bc174c,Tumkur,Kethohalli,2025.0,1.0,finger_millet,2025-07-16,1.0,"POLYGON((77.1681434 13.2342784, 77.1679674 13.2342742, 77.1679369 13.2352693, 77.1681169 13.2352099, 77.1681434 13.2342784))",0.20454676782383877,13.234759085098935,77.16804016590646,010323476025716804
8d6ce948a0ac,Tumkur,Kethohalli,2025.0,1.0,finger_millet,2025-07-15,1.0,"POLYGON((77.1671071 13.2349534, 77.1674447 13.2350049, 77.1676432 13.2343000, 77.1679366 13.2342827, 77.1679104 13.2352997, 77.1678470 13.2353157, 77.1677743 13.2352328, 77.1671819 13.2352406, 77.1671071 13.2349534))",0.5576007610799683,13.234859847045275,77.1676486244767,010323486025716765
2fdea7c70c0f,Tumkur,Kethohalli,2025.0,1.0,finger_millet,2025-07-23,1.0,"POLYGON((77.1705822 13.2346720, 77.1705276 13.2357602, 77.1668030 13.2363225, 77.1665596 13.2362194, 77.1663923 13.2361926, 77.1665147 13.2357491, 77.1671973 13.2352696, 77.1678712 13.2353176, 77.1705822 13.2346720))",4.494637250640896,13.235576055072384,77.16862618483673,010323558025716863
a866f5d7ccde,Tumkur,Kethohalli,2025.0,1.0,horse_gram,2025-09-17,0.0,"POLYGON((77.1690611 13.2416729, 77.1692240 13.2414690, 77.1688626 13.2405927, 77.1686326 13.2407301, 77.1690611 13.2416729))",0.29489666398690517,13.241106896697426,77.16893880264679,010324111025716894
e119b8438730,Tumkur,Kethohalli,2025.0,1.0,sorghum,2025-09-17,1.0,"POLYGON((77.1654304 13.2358470, 77.1657425 13.2353486, 77.1662883 13.2355732, 77.1660500 13.2361133, 77.1654304 13.2358470))",0.4434970801319304,13.235726680045053,77.16587553275203,010323573025716588
39de9b76c34d,Tumkur,Kethohalli,2025.0,1.0,sorghum,2025-07-31,1.0,"POLYGON((77.1656815 13.2370111, 77.1655571 13.2368936, 77.1656275 13.2367269, 77.1658102 13.2368532, 77.1656815 13.2370111))",0.04441871416562379,13.236869009945767,77.16567339540052,010323687025716567
83f85f37c14d,Tumkur,Kethohalli,2025.0,1.0,sorghum,2025-08-21,1.0,"POLYGON((77.1654659 13.2376551, 77.1656681 13.2376263, 77.1656889 13.2377902, 77.1654626 13.2378111, 77.1654659 13.2376551))",0.041311274912520436,13.237721992907508,77.16557261698244,010323772025716557
24edd8253ed0,Tumkur,Kethohalli,2025.0,1.0,finger_millet,2025-07-11,0.0,"POLYGON((77.1657817 13.2385855, 77.1656550 13.2380350, 77.1652725 13.2380470, 77.1654059 13.2385235, 77.1657817 13.2385855))",0.22943627741444994,13.238295145353439,77.16553270109185,010323830025716553
b6b4ac569a22,Tumkur,Kethohalli,2025.0,1.0,finger_millet,2025-07-11,0.0,"POLYGON((77.1656416 13.2397464, 77.1660191 13.2396563, 77.1657714 13.2385930, 77.1654300 13.2388114, 77.1656416 13.2397464))",0.4727270267570902,13.239201530272998,77.16571977648267,010323920025716572
f427a2b8ccf4,Tumkur,Kethohalli,2025.0,1.0,finger_millet,2025-07-30,1.0,"POLYGON((77.1658394 13.2384191, 77.1658917 13.2385522, 77.1660262 13.2385023, 77.1659514 13.2383395, 77.1658394 13.2384191))",0.026782822803142075,13.238452833564518,77.16592985986806,010323845025716593
7d2b663310be,Tumkur,Kethohalli,2025.0,1.0,finger_millet,2025-07-16,0.0,"POLYGON((77.1666967 13.2409801, 77.1669354 13.2408782, 77.1668017 13.2403727, 77.1662883 13.2404866, 77.1666967 13.2409801))",0.2600741226231769,13.240653517728395,77.16666230026642,010324065025716666
be4e004c4485,Tumkur,Kethohalli,2025.0,1.0,finger_millet,2025-07-10,0.0,"POLYGON((77.1657516 13.2404210, 77.1658290 13.2403910, 77.1660369 13.2405959, 77.1659447 13.2406932, 77.1657516 13.2404210))",0.039536034430928776,13.240536292597353,77.16589812781886,010324054025716590
902654fe8c06,Tumkur,Kethohalli,2025.0,1.0,finger_millet,2025-07-10,0.0,"POLYGON((77.1657325 13.2403946, 77.1657965 13.2403655, 77.1656366 13.2402004, 77.1656144 13.2402275, 77.1657325 13.2403946))",0.013248954283360075,13.240305819052816,77.16570292226868,010324031025716570
8138ed808c59,Tumkur,Kethohalli,2025.0,1.0,finger_millet,2025-07-16,0.0,"POLYGON((77.1665391 13.2415421, 77.1667507 13.2414915, 77.1668902 13.2418293, 77.1667762 13.2418521, 77.1665391 13.2415421))",0.07145684347467883,13.24166201680304,77.16672956613428,010324166025716673
6b6987626d49,Tumkur,Kethohalli,2025.0,1.0,finger_millet,2025-07-16,0.0,"POLYGON((77.1665080 13.2415127, 77.1667329 13.2414582, 77.1666598 13.2412072, 77.1664020 13.2413391, 77.1665080 13.2415127))",0.07139944899995168,13.24137313433144,77.16657920739861,010324137025716658
9899b65d69c1,Tumkur,Kethohalli,2025.0,1.0,finger_millet,2025-07-31,1.0,"POLYGON((77.1663343 13.2403825, 77.1662679 13.2402666, 77.1664285 13.2401632, 77.1665023 13.2403182, 77.1663343 13.2403825))",0.03370310240529857,13.240280180531911,77.16638629951811,010324028025716639
46f8230cd20d,Tumkur,Kethohalli,2025.0,1.0,finger_millet,2025-08-01,1.0,"POLYGON((77.1666401 13.2408420, 77.1667121 13.2409696, 77.1668667 13.2408900, 77.1668100 13.2407624, 77.1666401 13.2408420))",0.030953483277873204,13.24086551342448,77.16675617816082,010324087025716676
ede54d59ae23,Tumkur,Kethohalli,2025.0,1.0,sorghum,2025-07-31,1.0,"POLYGON((77.1669126 13.2413123, 77.1670628 13.2411818, 77.1669616 13.2409722, 77.1667329 13.2410897, 77.1669126 13.2413123))",0.06991302148056525,13.24113650759463,77.16691115751803,010324114025716691
72bc166319d2,Tumkur,Kethohalli,2025.0,1.0,finger_millet,2025-08-08,1.0,"POLYGON((77.1662508 13.2409817, 77.1663688 13.2410463, 77.1664225 13.2409784, 77.1662994 13.2408636, 77.1662508 13.2409817))",0.01893128347846195,13.240963362856647,77.16633262348228,010324096025716633
58f387f0c0c8,Tumkur,Kethohalli,2025.0,1.0,finger_millet,2025-07-25,1.0,"POLYGON((77.1664744 13.2411854, 77.1665281 13.2411328, 77.1664657 13.2410336, 77.1663748 13.2411067, 77.1664744 13.2411854))",0.013794141802602487,13.241111800358878,77.1664574003995,010324111025716646
e3bbfa7331f4,Tumkur,Neeralapura,2025.0,1.0,finger_millet,2025-07-16,0.0,"POLYGON((77.1516428 13.2310881, 77.1517400 13.2318254, 77.1518919 13.2317977, 77.1518430 13.2309618, 77.1516428 13.2310881))",0.17264271310707016,13.23139710543209,77.1517789170955,010323140025715178
de3a2f8d71dc,Tumkur,Neeralapura,2025.0,1.0,horse_gram,2025-09-24,0.0,"POLYGON((77.1512512 13.2317582, 77.1516264 13.2317686, 77.1515221 13.2322879, 77.1513920 13.2323225, 77.1512512 13.2317582))",0.1642671676332535,13.231990946254376,77.15144426747412,010323199025715144
beae94e3dcd8,Tumkur,Neeralapura,2025.0,1.0,finger_millet,2025-07-18,,"POLYGON((77.1506598 13.2314276, 77.1508207 13.2320839, 77.1512864 13.2318969, 77.1511580 13.2313140, 77.1506598 13.2314276))",0.3838861184399218,13.231680629862778,77.15097582251694,010323168025715098
b3dba518ab6d,Tumkur,Neeralapura,2025.0,1.0,sorghum,2025-09-18,0.0,"POLYGON((77.1511567 13.2312807, 77.1516442 13.2312246, 77.1516572 13.2315052, 77.1512697 13.2315957, 77.1511567 13.2312807))",0.1616708147037697,13.231397473637204,77.1514248210529,010323140025715142
c2084e97053a,Tumkur,Neeralapura,2025.0,1.0,sorghum,2025-09-18,0.0,"POLYGON((77.1512220 13.2315193, 77.1516690 13.2315434, 77.1516445 13.2317624, 77.1512777 13.2317579, 77.1512220 13.2315193))",0.11126873613230552,13.231641961083493,77.1514505583918,010323164025715145
4705ae29e142,Tumkur,Neeralapura,2025.0,1.0,finger_millet,2025-07-18,0.0,"POLYGON((77.1512777 13.2319194, 77.1501471 13.2323009, 77.1502035 13.2324586, 77.1513501 13.2321394, 77.1512777 13.2319194))",0.2846155932558761,13.23219510383087,77.15077519244255,010323220025715078
9b3166679a4d,Tumkur,Neeralapura,2025.0,1.0,finger_millet,2025-07-16,1.0,"POLYGON((77.1506283 13.2333199, 77.1503433 13.2333529, 77.1505438 13.2343737, 77.1508539 13.2343075, 77.1506283 13.2333199))",0.3707198859048292,13.233847358104578,77.1505934727121,010323385025715059
f69ec92c2273,Tumkur,Neeralapura,2025.0,1.0,finger_millet,2025-06-19,1.0,"POLYGON((77.1528887 13.2323297, 77.1527680 13.2318492, 77.1527026 13.2318486, 77.1524274 13.2306289, 77.1524706 13.2306061, 77.1527958 13.2318551, 77.1529551 13.2318401, 77.1529967 13.2323192, 77.1528887 13.2323297))",0.18857709442882636,13.231642739925256,77.15274247290418,010323164025715274
1293e30e189a,Tumkur,Neeralapura,2025.0,1.0,finger_millet,2025-07-23,1.0,"POLYGON((77.1527103 13.2323825, 77.1528522 13.2323313, 77.1527623 13.2318636, 77.1526963 13.2318594, 77.1524136 13.2306361, 77.1523616 13.2306652, 77.1527103 13.2323825))",0.20097436322088177,13.231669937804716,77.15262120960082,010323167025715262
4b2057eeeae0,Tumkur,Neeralapura,2025.0,1.0,finger_millet,2025-06-18,1.0,"POLYGON((77.1526017 13.2323910, 77.1527066 13.2323724, 77.1523482 13.2306834, 77.1522835 13.2307108, 77.1526017 13.2323910))",0.18054824219517704,13.231599778129754,77.15249722918848,010323160025715250
303b3a5b4aa0,Tumkur,Neeralapura,2025.0,1.0,finger_millet,2025-07-15,1.0,"POLYGON((77.1523536 13.2315598, 77.1523925 13.2315539, 77.1522443 13.2307281, 77.1522171 13.2307428, 77.1523536 13.2315598))",0.03425422040107346,13.231166210487904,77.15230540125467,010323117025715231
b22cfcb8b239,Tumkur,Neeralapura,2025.0,1.0,finger_millet,2025-07-23,1.0,"POLYGON((77.1524153 13.2319093, 77.1524552 13.2319054, 77.1525521 13.2324054, 77.1525068 13.2324145, 77.1524153 13.2319093))",0.026380763361579004,13.232164718669226,77.15248345242664,010323216025715248
ad305cb6c82d,Tumkur,Neeralapura,2025.0,1.0,finger_millet,2025-07-16,1.0,"POLYGON((77.1522091 13.2307751, 77.1520988 13.2308146, 77.1523211 13.2324442, 77.1524807 13.2324011, 77.1522091 13.2307751))",0.27543070666759556,13.23165663128231,77.15228474534274,010323166025715228
6df212d7878a,Tumkur,Neeralapura,2025.0,1.0,finger_millet,2025-07-25,1.0,"POLYGON((77.1500010 13.2329315, 77.1501129 13.2329060, 77.1501029 13.2327500, 77.1499738 13.2327673, 77.1500010 13.2329315))",0.023597008896988576,13.232837101768284,77.15004676266544,010323284025715005
b5ba1cafad7c,Tumkur,Neeralapura,2025.0,1.0,finger_millet,2025-08-14,1.0,"POLYGON((77.1509327 13.2326175, 77.1508982 13.2325467, 77.1507781 13.2325891, 77.1508120 13.2326691, 77.1509327 13.2326175))",0.012799209682308613,13.232606223876179,77.15085434425362,010323261025715085
f907a64d3f40,Tumkur,Neeralapura,2025.0,1.0,horse_gram,2025-08-21,1.0,"POLYGON((77.1509917 13.2327948, 77.1508968 13.2326570, 77.1510413 13.2326015, 77.1511127 13.2327158, 77.1509917 13.2327948))",0.026740423624947038,13.232692978593604,77.15100801070136,010323269025715101
ceb39f834a39,Tumkur,Neeralapura,2025.0,1.0,sorghum,2025-07-25,1.0,"POLYGON((77.1504305 13.2328245, 77.1505364 13.2328026, 77.1505676 13.2328936, 77.1504653 13.2329224, 77.1504305 13.2328245))",0.01278692405124731,13.23286083069187,77.15049925441875,010323286025715050
5e009a773c02,Tumkur,Neeralapura,2025.0,1.0,finger_millet,2025-07-25,1.0,"POLYGON((77.1502598 13.2329018, 77.1502836 13.2329638, 77.1504006 13.2329501, 77.1503969 13.2328793, 77.1502598 13.2329018))",0.010410893926232212,13.232922692077866,77.15033596585285,010323292025715034
84c02d84e39f,Tumkur,Neeralapura,2025.0,1.0,finger_millet,2025-07-22,1.0,"POLYGON((77.1520850 13.2308411, 77.1518772 13.2309671, 77.1519566 13.2324883, 77.1522574 13.2324064, 77.1520850 13.2308411))",0.4859437054266598,13.231718939872597,77.15204871023288,010323172025715205
942e66242c83,Tumkur,Neeralapura,2025.0,1.0,horse_gram,2025-09-16,,"POLYGON((77.1498213 13.2339041, 77.1500057 13.2338698, 77.1499879 13.2337618, 77.1498045 13.2337921, 77.1498213 13.2339041))",0.024904429613467484,13.23383213403765,77.14990433191414,010323383025714990
16e30154c395,Tumkur,Neeralapura,2025.0,1.0,sorghum,2025-09-17,0.0,"POLYGON((77.1504154 13.2340023, 77.1503577 13.2336596, 77.1501981 13.2336955, 77.1502300 13.2339932, 77.1504154 13.2340023))",0.06689474638905386,13.233840502519763,77.1503027918178,010323384025715030
785dfc00546e,Tumkur,Neeralapura,2025.0,1.0,finger_millet,2025-07-16,0.0,"POLYGON((77.1501897 13.2336936, 77.1499872 13.2337497, 77.1500486 13.2340510, 77.1502263 13.2339779, 77.1501897 13.2336936))",0.07047537371426847,13.233865804464552,77.15011120237453,010323387025715011
0e4caa881883,Tumkur,Neeralapura,2025.0,1.0,finger_millet,2025-07-16,1.0,"POLYGON((77.1502149 13.2331335, 77.1501730 13.2329145, 77.1497579 13.2330643, 77.1498249 13.2332497, 77.1502149 13.2331335))",0.1061946536888267,13.233087939862425,77.14999616983509,010323309025715000
5fb72db3e571,Tumkur,Neeralapura,2025.0,1.0,sorghum,2025-07-17,1.0,"POLYGON((77.1488144 13.2325800, 77.1488657 13.2329938, 77.1492516 13.2328969, 77.1492191 13.2324677, 77.1488144 13.2325800))",0.20490110890865826,13.232732651163918,77.14903833374647,010323273025714904
354eb2e9141a,Tumkur,Neeralapura,2025.0,1.0,horse_gram,2025-07-16,1.0,"POLYGON((77.1492583 13.2329250, 77.1489174 13.2330226, 77.1489961 13.2333072, 77.1493023 13.2332076, 77.1492583 13.2329250))",0.11719823860695787,13.233113558765513,77.14911688761926,010323311025714912
d8b3b5189755,Tumkur,Neeralapura,2025.0,1.0,finger_millet,2025-07-22,1.0,"POLYGON((77.1481851 13.2320284, 77.1478173 13.2321773, 77.1476718 13.2323091, 77.1481429 13.2336345, 77.1484694 13.2335089, 77.1481851 13.2320284))",0.8139396052973112,13.232800577845175,77.14809938623526,010323280025714810
ce280af459cb,Tumkur,Neeralapura,2025.0,1.0,finger_millet,2025-06-17,1.0,"POLYGON((77.1488677 13.2333509, 77.1485070 13.2334984, 77.1482126 13.2320376, 77.1486927 13.2318616, 77.1488677 13.2333509))",0.7885740646702852,13.232653151828252,77.14856418641337,010323265025714856
58b981f94dbc,Tumkur,Neeralapura,2025.0,1.0,finger_millet,2025-06-24,1.0,"POLYGON((77.1488922 13.2345333, 77.1489204 13.2349002, 77.1486173 13.2349403, 77.1485556 13.2347455, 77.1488922 13.2345333))",0.11442450463311846,13.234770040145218,77.14875986661914,010323477025714876
22b15039149c,Tumkur,Neeralapura,2025.0,1.0,finger_millet,2025-07-23,1.0,"POLYGON((77.1488704 13.2345043, 77.1485653 13.2347220, 77.1484319 13.2344188, 77.1488369 13.2343267, 77.1488704 13.2345043))",0.11775451285762199,13.234498084795304,77.14865707527282,010323450025714866
12904e9b472c,Tumkur,Neeralapura,2025.0,1.0,finger_millet,2025-07-16,1.0,"POLYGON((77.1487826 13.2334364, 77.1481647 13.2336779, 77.1483812 13.2343519, 77.1488583 13.2342403, 77.1487826 13.2334364))",0.5156746933882117,13.233907428648381,77.14854812805433,010323391025714855
44f120fa9d52,Tumkur,Neeralapura,2025.0,1.0,finger_millet,2025-06-18,1.0,"POLYGON((77.1493482 13.2332230, 77.1491460 13.2347520, 77.1489469 13.2347954, 77.1488748 13.2334031, 77.1493482 13.2332230))",0.579854309558079,13.233944551864015,77.14908423278436,010323394025714908
bb04e7c04fdf,Tumkur,Neeralapura,2025.0,1.0,finger_millet,2025-08-01,1.0,"POLYGON((77.1496027 13.2337504, 77.1494421 13.2337089, 77.1494578 13.2335614, 77.1496643 13.2335738, 77.1496027 13.2337504))",0.03689097722569082,13.233646334023167,77.14954564853869,010323365025714955
5277a87131c5,Tumkur,Neeralapura,2025.0,1.0,horse_gram,2025-08-21,1.0,"POLYGON((77.1497733 13.2342863, 77.1498863 13.2342951, 77.1498813 13.2341711, 77.1497680 13.2341603, 77.1497733 13.2342863))",0.016887265558640865,13.234228146135367,77.14982706319738,010323423025714983
bdd34d1bffbd,Tumkur,Neeralapura,2025.0,1.0,sorghum,2025-08-01,1.0,"POLYGON((77.1496687 13.2343901, 77.1496496 13.2341848, 77.1498742 13.2341652, 77.1498380 13.2343819, 77.1496687 13.2343901))",0.04965776126473939,13.234275530980714,77.14975842669008,010323428025714976
90405c2cb313,Tumkur,Neeralapura,2025.0,1.0,finger_millet,2025-07-25,1.0,"POLYGON((77.1494974 13.2343496, 77.1495768 13.2343555, 77.1495852 13.2342762, 77.1495074 13.2342608, 77.1494974 13.2343496))",0.00803438525116139,13.234310465108578,77.14954097197511,010323431025714954
33cbfac64c25,Tumkur,Neeralapura,2025.0,1.0,finger_millet,2025-08-01,1.0,"POLYGON((77.1495453 13.2345369, 77.1495899 13.2345379, 77.1496000 13.2344413, 77.1495420 13.2344459, 77.1495453 13.2345369))",0.005760191023360414,13.234488478884362,77.14956960280605,010323449025714957
6e70a2527f9e,Tumkur,Neeralapura,2025.0,1.0,finger_millet,2025-07-18,1.0,"POLYGON((77.1495309 13.2345611, 77.1494447 13.2345709, 77.1494525 13.2344694, 77.1495430 13.2344818, 77.1495309 13.2345611))",0.009585456417918485,13.234520170137042,77.14949103635975,010323452025714949
fffc4df4736e,Tumkur,Neeralapura,2025.0,1.0,finger_millet,2025-07-31,1.0,"POLYGON((77.1495054 13.2345784, 77.1494937 13.2344537, 77.1493375 13.2344455, 77.1493348 13.2345872, 77.1495054 13.2345784))",0.026080452975412432,13.234517226654617,77.14941613978468,010323452025714942
f8e037454e22,Tumkur,Neeralapura,2025.0,1.0,finger_millet,2025-07-24,1.0,"POLYGON((77.1493083 13.2348137, 77.1495346 13.2347853, 77.1495383 13.2346423, 77.1492932 13.2346459, 77.1493083 13.2348137))",0.043983740821538886,13.23472106363585,77.14941526761233,010323472025714942
95468e54934c,Tumkur,Gunigollahalli,2025.0,1.0,finger_millet,2025-07-17,1.0,"POLYGON((77.1550670 13.2375229, 77.1547535 13.2370330, 77.1550418 13.2369038, 77.1553895 13.2374423, 77.1550670 13.2375229))",0.2297441860429865,13.23722497836196,77.15506563084136,010323722025715507
e40274b28eca,Tumkur,Gunigollahalli,2025.0,1.0,finger_millet,2025-07-16,1.0,"POLYGON((77.1540159 13.2378460, 77.1541329 13.2370575, 77.1543653 13.2371019, 77.1546895 13.2376511, 77.1540159 13.2378460))",0.3723692839435225,13.237473019494344,77.15430064083685,010323747025715430
ec9bf3626be6,Tumkur,Gunigollahalli,2025.0,1.0,horse_gram,2025-06-11,1.0,"POLYGON((77.1495903 13.2376740, 77.1497234 13.2381740, 77.1507362 13.2378878, 77.1506621 13.2376959, 77.1512355 13.2375673, 77.1511902 13.2373476, 77.1509220 13.2373940, 77.1508935 13.2373052, 77.1495903 13.2376740))",0.8415896486604093,13.237715613296656,77.1503300734668,010323772025715033
fd0dfefe9287,Tumkur,Gunigollahalli,2025.0,1.0,finger_millet,2025-07-23,1.0,"POLYGON((77.1495624 13.2376286, 77.1495027 13.2374837, 77.1508804 13.2372308, 77.1508958 13.2372879, 77.1495624 13.2376286))",0.17741631721613402,13.237429767275609,77.15010951255607,010323743025715011
566fc9b79356,Tumkur,Gunigollahalli,2025.0,2.0,sorghum,2025-10-15,0.0,"POLYGON((77.1532578 13.2344025, 77.1535033 13.2349240, 77.1530657 13.2350327, 77.1527496 13.2345229, 77.1532578 13.2344025))",0.3307428738928369,13.234714408996307,77.15314036107941,010323471025715314
9017ec41fb07,Tumkur,Gunigollahalli,2025.0,2.0,sorghum,2025-10-15,0.0,"POLYGON((77.1533044 13.2349912, 77.1531546 13.2344064, 77.1535086 13.2343653, 77.1536454 13.2348564, 77.1533044 13.2349912))",0.23913705407733268,13.234657504812942,77.15339875768316,010323466025715340
99ffb613f215,Tumkur,Gunigollahalli,2025.0,1.0,finger_millet,2025-07-15,1.0,"POLYGON((77.1500003 13.2368522, 77.1499349 13.2366782, 77.1491215 13.2368222, 77.1492322 13.2369961, 77.1500003 13.2368522))",0.179996261876196,13.236836946093662,77.14956899071866,010323684025714957
a399105b6d0b,Tumkur,Gunigollahalli,2025.0,1.0,horse_gram,2025-06-18,1.0,"POLYGON((77.1507201 13.2367076, 77.1500325 13.2368542, 77.1499560 13.2366737, 77.1506467 13.2365049, 77.1507201 13.2367076))",0.1723508112324361,13.236683495897536,77.15034466096692,010323668025715034
bde5714e1596,Tumkur,Gunigollahalli,2025.0,1.0,finger_millet,2025-07-16,1.0,"POLYGON((77.1506990 13.2367667, 77.1507761 13.2369191, 77.1493432 13.2371900, 77.1492724 13.2370581, 77.1506990 13.2367667))",0.2684058405118541,13.236980185516908,77.15003924893668,010323698025715004
d8f863580eca,Tumkur,Gunigollahalli,2025.0,1.0,finger_millet,2025-07-31,1.0,"POLYGON((77.1510115 13.2368731, 77.1509863 13.2367027, 77.1507644 13.2367497, 77.1508345 13.2369273, 77.1510115 13.2368731))",0.04446600360321359,13.236810699274965,77.1508967131196,010323681025715090
fd2d0140d9ca,Tumkur,Gunigollahalli,2025.0,1.0,sorghum,2025-08-01,1.0,"POLYGON((77.1506611 13.2372017, 77.1508532 13.2371831, 77.1508050 13.2370105, 77.1505947 13.2370379, 77.1506611 13.2372017))",0.04213348245102269,13.237106826364053,77.15072868027136,010323711025715073
a256cc2d1425,Tumkur,Gunigollahalli,2025.0,1.0,sorghum,2025-09-18,0.0,"POLYGON((77.1511510 13.2346388, 77.1512247 13.2350715, 77.1527080 13.2347086, 77.1526198 13.2344938, 77.1511510 13.2346388))",0.5972475747409522,13.234742897191586,77.15184766364841,010323474025715185
c290ef55ec2b,Tumkur,Gunigollahalli,2025.0,1.0,finger_millet,2025-07-15,1.0,"POLYGON((77.1521159 13.2373754, 77.1520757 13.2371629, 77.1512100 13.2373437, 77.1512633 13.2375431, 77.1521159 13.2373754))",0.22176597909892648,13.237355266646798,77.15166958739609,010323736025715167
0b3cbb56e97d,Tumkur,Gunigollahalli,2025.0,1.0,finger_millet,2025-06-19,1.0,"POLYGON((77.1523331 13.2365663, 77.1523818 13.2367824, 77.1515714 13.2369811, 77.1515285 13.2367706, 77.1523331 13.2365663))",0.21741585884379425,13.236774667321942,77.1519558068869,010323677025715196
abbc93747dc8,Tumkur,Gunigollahalli,2025.0,1.0,finger_millet,2025-07-16,1.0,"POLYGON((77.1515292 13.2369596, 77.1508918 13.2371417, 77.1508428 13.2369553, 77.1514685 13.2367944, 77.1515292 13.2369596))",0.14424723142459941,13.236964499845845,77.15117821307012,010323696025715118
8cc639600db1,Tumkur,Gunigollahalli,2025.0,1.0,finger_millet,2025-07-23,1.0,"POLYGON((77.1513991 13.2365386, 77.1514614 13.2367608, 77.1508157 13.2369217, 77.1507667 13.2367344, 77.1513991 13.2365386))",0.16870650565679024,13.23673635624436,77.15112010263624,010323674025715112
2083889a9505,Tumkur,Gunigollahalli,2025.0,1.0,finger_millet,2025-07-16,1.0,"POLYGON((77.1507466 13.2366747, 77.1514081 13.2365134, 77.1514795 13.2367677, 77.1520257 13.2366211, 77.1519697 13.2360725, 77.1506638 13.2365014, 77.1507466 13.2366747))",0.5661957014295259,13.236446590878735,77.15149776445838,010323645025715150
e1b465b16f7e,Tumkur,Gunigollahalli,2025.0,1.0,finger_millet,2025-07-23,1.0,"POLYGON((77.1530064 13.2350634, 77.1532156 13.2353427, 77.1526225 13.2355027, 77.1525859 13.2352334, 77.1530064 13.2350634))",0.19085985763997243,13.23528926121194,77.15286948038333,010323529025715287
da080cbc2ea3,Tumkur,Gunigollahalli,2025.0,1.0,finger_millet,2025-07-15,1.0,"POLYGON((77.1532327 13.2353813, 77.1518202 13.2358447, 77.1506524 13.2361055, 77.1506447 13.2359922, 77.1497599 13.2362210, 77.1499346 13.2366397, 77.1506618 13.2364752, 77.1533903 13.2355823, 77.1532327 13.2353813))",1.3441809467555965,13.23606467919907,77.15133506904498,010323606025715134
00994347676a,Tumkur,Gunigollahalli,2025.0,1.0,sorghum,2025-07-24,1.0,"POLYGON((77.1521025 13.2375030, 77.1522668 13.2374795, 77.1522346 13.2373662, 77.1520820 13.2374008, 77.1521025 13.2375030))",0.021359554897840503,13.2374375809507,77.15217313472438,010323744025715217
04962db7ea67,Tumkur,Gunigollahalli,2025.0,1.0,horse_gram,2025-07-16,1.0,"POLYGON((77.1547404 13.2350049, 77.1541933 13.2351838, 77.1540866 13.2348271, 77.1545889 13.2346639, 77.1547404 13.2350049))",0.24580289292892904,13.234922471962157,77.15440311803641,010323492025715440
0d9e463b6949,Tumkur,Gunigollahalli,2025.0,1.0,finger_millet,2025-07-31,1.0,"POLYGON((77.1521377 13.2373293, 77.1523476 13.2372974, 77.1523801 13.2371358, 77.1521233 13.2371818, 77.1521377 13.2373293))",0.04278558739263356,13.237233387678373,77.15224808652859,010323723025715225
13b940014540,Tumkur,Gunigollahalli,2025.0,1.0,finger_millet,2025-08-01,1.0,"POLYGON((77.1519637 13.2373153, 77.1520793 13.2372941, 77.1520576 13.2371910, 77.1519399 13.2372044, 77.1519637 13.2373153))",0.015438128673722034,13.237251264513844,77.15200938793197,010323725025715201
ebc8cda435e2,Tumkur,Gunigollahalli,2025.0,1.0,horse_gram,2025-09-01,1.0,"POLYGON((77.1522393 13.2370885, 77.1523375 13.2368476, 77.1518131 13.2369508, 77.1518219 13.2371580, 77.1522393 13.2370885))",0.12178698656677998,13.237006629275838,77.15205631189458,010323701025715206
32c91eee4c07,Tumkur,Gunigollahalli,2025.0,1.0,finger_millet,2025-07-30,1.0,"POLYGON((77.1526138 13.2365970, 77.1526939 13.2365852, 77.1526758 13.2364935, 77.1525930 13.2365151, 77.1526138 13.2365970))",0.008862671075247084,13.23654714157645,77.15264471493106,010323655025715264
b85a8a321c63,Tumkur,Gunigollahalli,2025.0,1.0,finger_millet,2025-07-23,0.0,"POLYGON((77.1517122 13.2350555, 77.1527999 13.2347429, 77.1529762 13.2350258, 77.1519938 13.2354282, 77.1517122 13.2350555))",0.5046730678769669,13.23507145014205,77.15234316827924,010323507025715234
f391683ad1b3,Tumkur,Gunigollahalli,2025.0,1.0,finger_millet,2025-07-23,0.0,"POLYGON((77.1512452 13.2357109, 77.1511899 13.2351009, 77.1517276 13.2350441, 77.1518014 13.2354733, 77.1512452 13.2357109))",0.35193066276197243,13.235339445735294,77.15147647886029,010323534025715148
c40b6dfa2bd0,Tumkur,Gunigollahalli,2025.0,1.0,finger_millet,2025-08-07,1.0,"POLYGON((77.1524686 13.2366753, 77.1523801 13.2366900, 77.1523751 13.2365944, 77.1524686 13.2365836, 77.1524686 13.2366753))",0.010254683611451708,13.236635447807164,77.15242270163247,010323664025715242
083d175d0ccf,Tumkur,Gunigollahalli,2025.0,1.0,finger_millet,2025-07-31,1.0,"POLYGON((77.1521732 13.2367556, 77.1523318 13.2367409, 77.1523221 13.2365967, 77.1521709 13.2365957, 77.1521732 13.2367556))",0.028276972788773436,13.236672917193829,77.15224822274034,010323667025715225
bf8d5674b18f,Tumkur,Gunigollahalli,2025.0,1.0,sorghum,2025-07-31,1.0,"POLYGON((77.1523737 13.2364171, 77.1525427 13.2363933, 77.1525360 13.2362549, 77.1523429 13.2362948, 77.1523737 13.2364171))",0.029000791695067016,13.236338263683825,77.15244992122,010323634025715245
8a074297a8ec,Tumkur,Gunigollahalli,2025.0,1.0,finger_millet,2025-07-31,1.0,"POLYGON((77.1528706 13.2361273, 77.1526805 13.2361029, 77.1527264 13.2358839, 77.1529598 13.2359488, 77.1528706 13.2361273))",0.05404330668660008,13.236011005928946,77.15280814260896,010323601025715281
0a6813ccba3f,Tumkur,Gunigollahalli,2025.0,1.0,horse_gram,2025-08-21,0.0,"POLYGON((77.1546016 13.2345986, 77.1547317 13.2350187, 77.1538898 13.2353130, 77.1538241 13.2348467, 77.1546016 13.2345986))",0.4618130506862465,13.234948586700217,77.15425901086006,010323495025715426
1d28ae142804,Tumkur,Gunigollahalli,2025.0,1.0,sorghum,2025-09-18,0.0,"POLYGON((77.1537587 13.2348702, 77.1531029 13.2350751, 77.1534443 13.2354485, 77.1540008 13.2352830, 77.1537587 13.2348702))",0.3502656298952268,13.235163235885627,77.15357344543945,010323516025715357
0f75c85923fb,Tumkur,Gunigollahalli,2025.0,1.0,finger_millet,2025-07-16,0.0,"POLYGON((77.1534379 13.2355203, 77.1539918 13.2353095, 77.1541309 13.2357275, 77.1536649 13.2359247, 77.1534379 13.2355203))",0.296015977549126,13.235615874026616,77.15380208583568,010323562025715380
1439890ac579,Tumkur,Gunigollahalli,2025.0,1.0,finger_millet,2025-07-16,1.0,"POLYGON((77.1547954 13.2355245, 77.1546147 13.2351012, 77.1539934 13.2352990, 77.1541108 13.2357706, 77.1547954 13.2355245))",0.38970653792625,13.235428912607173,77.15437701750368,010323543025715438
7a4b6c47c521,Tumkur,Gunigollahalli,2025.0,1.0,finger_millet,2025-07-16,1.0,"POLYGON((77.1535133 13.2357262, 77.1533380 13.2357820, 77.1532857 13.2356361, 77.1534094 13.2355960, 77.1535133 13.2357262))",0.029226331733430373,13.235689019530522,77.15338888323784,010323569025715339
1c44e720fad9,Tumkur,Inapura,2025.0,1.0,finger_millet,2025-07-24,1.0,"POLYGON((77.1604606 13.2383727, 77.1604277 13.2382892, 77.1605823 13.2382748, 77.1605642 13.2383767, 77.1604606 13.2383727))",0.014381766715739621,13.238325156441041,77.16051031549607,010323833025716051
acee3ec7e041,Tumkur,Inapura,2025.0,1.0,finger_millet,2025-07-31,1.0,"POLYGON((77.1605474 13.2387735, 77.1604227 13.2388156, 77.1603221 13.2386518, 77.1605022 13.2386492, 77.1605474 13.2387735))",0.02826214028085319,13.238720508630482,77.16044337303433,010323872025716044
ac4d3075f80c,Tumkur,Inapura,2025.0,1.0,finger_millet,2025-07-17,1.0,"POLYGON((77.1595262 13.2386443, 77.1597615 13.2386968, 77.1598071 13.2385764, 77.1595466 13.2385369, 77.1595262 13.2386443))",0.03565854818532159,13.23861339308073,77.15966363161323,010323861025715966
80b0b0ee0355,Tumkur,Inapura,2025.0,1.0,finger_millet,2025-06-18,1.0,"POLYGON((77.1608220 13.2384044, 77.1605062 13.2384429, 77.1605726 13.2385810, 77.1608368 13.2385447, 77.1608220 13.2384044))",0.05018599952293568,13.238491333506838,77.16068305464225,010323849025716068
8628a56668dd,Tumkur,Inapura,2025.0,1.0,finger_millet,2025-07-15,1.0,"POLYGON((77.1608445 13.2385715, 77.1605766 13.2386136, 77.1606560 13.2387722, 77.1608726 13.2387177, 77.1608445 13.2385715))",0.04735191700841965,13.238667018857148,77.1607338190594,010323867025716073
1067a6ad6737,Tumkur,Inapura,2025.0,1.0,sorghum,2025-09-20,0.0,"POLYGON((77.1592566 13.2330640, 77.1592321 13.2334354, 77.1580241 13.2335924, 77.1580141 13.2332050, 77.1592566 13.2330640))",0.5557400204859548,13.233323972941347,77.15862629968431,010323332025715863
c17b531b5a9c,Tumkur,Inapura,2025.0,1.0,finger_millet,2025-07-16,0.0,"POLYGON((77.1596207 13.2329978, 77.1590967 13.2330598, 77.1590672 13.2327076, 77.1596117 13.2326841, 77.1596207 13.2329978))",0.21410016033337698,13.232861797575982,77.15934365301447,010323286025715934
5b546e2a789c,Tumkur,Inapura,2025.0,1.0,finger_millet,2025-07-16,1.0,"POLYGON((77.1600539 13.2384096, 77.1602524 13.2386769, 77.1593042 13.2384148, 77.1593062 13.2382735, 77.1600539 13.2384096))",0.18413446681812104,13.238454118855552,77.15976145578978,010323845025715976
5fe6f49e11fe,Tumkur,Inapura,2025.0,1.0,horse_gram,2025-09-24,0.0,"POLYGON((77.1590678 13.2330408, 77.1590289 13.2327510, 77.1582910 13.2328111, 77.1582675 13.2331525, 77.1590678 13.2330408))",0.2916480066615876,13.232942024186261,77.1586548503354,010323294025715865
9877978f8cec,Tumkur,Inapura,2025.0,1.0,finger_millet,2025-08-01,1.0,"POLYGON((77.1587718 13.2379514, 77.1585096 13.2378669, 77.1586498 13.2374002, 77.1589287 13.2374782, 77.1587718 13.2379514))",0.16682408647453018,13.237672364885343,77.15871608208545,010323767025715872
5eca14c6010b,Tumkur,Inapura,2025.0,1.0,finger_millet,2025-07-16,1.0,"POLYGON((77.1594819 13.2369723, 77.1596123 13.2370226, 77.1595708 13.2379942, 77.1594363 13.2380261, 77.1594819 13.2369723))",0.16117851717489384,13.237504037355492,77.15952441380477,010323750025715952
6da2615655fd,Tumkur,Inapura,2025.0,1.0,finger_millet,2025-06-11,1.0,"POLYGON((77.1593666 13.2369495, 77.1594735 13.2369762, 77.1594118 13.2380301, 77.1593049 13.2380496, 77.1593666 13.2369495))",0.13828634125042683,13.237499107928539,77.15938894612115,010323750025715939
49a1f51aa1b8,Tumkur,Inapura,2025.0,1.0,finger_millet,2025-07-10,0.0,"POLYGON((77.1597961 13.2324968, 77.1597505 13.2326401, 77.1590786 13.2327017, 77.1590504 13.2325102, 77.1597961 13.2324968))",0.14180159286918184,13.232586650784912,77.1594004830041,010323259025715940
89e61a17f8f9,Tumkur,Inapura,2025.0,1.0,finger_millet,2025-07-17,1.0,"POLYGON((77.1591832 13.2368659, 77.1593408 13.2369129, 77.1592328 13.2385526, 77.1588405 13.2384527, 77.1591832 13.2368659))",0.5512518453977402,13.237810102023147,77.15913323951801,010323781025715913
8ab72e34f54a,Tumkur,Inapura,2025.0,1.0,finger_millet,2025-07-17,1.0,"POLYGON((77.1605052 13.2335245, 77.1604720 13.2328708, 77.1607828 13.2328342, 77.1607660 13.2335255, 77.1605052 13.2335245))",0.23049022631700208,13.233178813606585,77.160632581093,010323318025716063
4e7c0c2aa677,Tumkur,Inapura,2025.0,1.0,horse_gram,2025-08-01,1.0,"POLYGON((77.1589897 13.2348290, 77.1586213 13.2348124, 77.1586166 13.2345575, 77.1591094 13.2345408, 77.1589897 13.2348290))",0.14012243422019233,13.234678774004028,77.15883994107013,010323468025715884
631c106a7c8c,Tumkur,Inapura,2025.0,1.0,finger_millet,2025-07-16,1.0,"POLYGON((77.1591211 13.2351985, 77.1590155 13.2358108, 77.1594142 13.2357912, 77.1594330 13.2352288, 77.1591211 13.2351985))",0.2503784404663821,13.235518490472757,77.15924218783304,010323552025715924
6ca705c9eaa9,Tumkur,Inapura,2025.0,1.0,sorghum,2025-08-29,1.0,"POLYGON((77.1587926 13.2350728, 77.1587574 13.2349371, 77.1589492 13.2349220, 77.1589046 13.2350666, 77.1587926 13.2350728))",0.025450346371758928,13.234993493406886,77.15885141411594,010323499025715885
f2968ab4e56b,Tumkur,Inapura,2025.0,1.0,finger_millet,2025-07-16,,"POLYGON((77.1598329 13.2335200, 77.1599318 13.2327585, 77.1603724 13.2326061, 77.1603493 13.2334243, 77.1598329 13.2335200))",0.4437203235079073,13.233087460786766,77.16012467993274,010323309025716012
2f64f5b33e88,Tumkur,Inapura,2025.0,1.0,horse_gram,2025-09-24,0.0,"POLYGON((77.1598128 13.2335604, 77.1598088 13.2336763, 77.1603459 13.2336805, 77.1604264 13.2335650, 77.1598128 13.2335604))",0.07998348401081755,13.233619279807955,77.16009905241121,010323362025716010
27c1aeb7bada,Tumkur,Inapura,2025.0,1.0,finger_millet,2025-08-01,1.0,"POLYGON((77.1590477 13.2349798, 77.1589716 13.2349831, 77.1589813 13.2349152, 77.1590786 13.2349103, 77.1590477 13.2349798))",0.007035319519731982,13.234945711154253,77.15902028729072,010323495025715902
bbe4e014bc76,Tumkur,Inapura,2025.0,1.0,horse_gram,2025-07-16,1.0,"POLYGON((77.1553526 13.2342807, 77.1550770 13.2343294, 77.1550154 13.2340480, 77.1553003 13.2339752, 77.1553526 13.2342807))",0.10268711118493536,13.234156794018752,77.15518780841629,010323416025715519
0bcd89ab902d,Tumkur,Inapura,2025.0,1.0,finger_millet,2025-07-16,1.0,"POLYGON((77.1558036 13.2341476, 77.1557469 13.2338747, 77.1555481 13.2339234, 77.1556155 13.2342037, 77.1558036 13.2341476))",0.06800937876149082,13.234036474940483,77.15567773308159,010323404025715568
c44e828f35ab,Tumkur,Inapura,2025.0,1.0,arecanut,2025-07-16,1.0,"POLYGON((77.1553138 13.2339779, 77.1553754 13.2342566, 77.1555562 13.2342128, 77.1555223 13.2339269, 77.1553138 13.2339779))",0.06854627644177591,13.234090176284726,77.15544136408947,010323409025715544
0fbc126257cc,Tumkur,Inapura,2025.0,1.0,sorghum,2025-06-19,1.0,"POLYGON((77.1560276 13.2341100, 77.1558214 13.2341580, 77.1557734 13.2338829, 77.1559625 13.2338515, 77.1560276 13.2341100))",0.06587078077951058,13.234003001725691,77.15589589977611,010323400025715590
c4c80b589b54,Tumkur,Inapura,2025.0,1.0,finger_millet,2025-07-16,1.0,"POLYGON((77.1561312 13.2341006, 77.1560520 13.2341126, 77.1559934 13.2338480, 77.1560795 13.2338411, 77.1561312 13.2341006))",0.026578345849058656,13.233974054648963,77.15606353939337,010323397025715606
1a2c92e57278,Tumkur,Inapura,2025.0,1.0,finger_millet,2025-06-19,1.0,"POLYGON((77.1563065 13.2337856, 77.1563672 13.2340317, 77.1561623 13.2340931, 77.1561050 13.2338307, 77.1563065 13.2337856))",0.06565750565950736,13.233936218910591,77.15623445256827,010323394025715623
7d9190122004,Tumkur,Inapura,2025.0,1.0,sorghum,2025-06-19,1.0,"POLYGON((77.1566180 13.2337409, 77.1563135 13.2337700, 77.1563950 13.2340369, 77.1566374 13.2339854, 77.1566180 13.2337409))",0.08621233944969725,13.233879331592364,77.15648738879571,010323388025715649
c553e8f197e6,Tumkur,Inapura,2025.0,1.0,sorghum,2025-07-16,1.0,"POLYGON((77.1566894 13.2343499, 77.1567246 13.2345797, 77.1564141 13.2347530, 77.1563461 13.2344335, 77.1566894 13.2343499))",0.1155199819604012,13.234531698605139,77.1565338671616,010323453025715653
c8fa85e1f0d2,Tumkur,Inapura,2025.0,1.0,horse_gram,2025-09-17,0.0,"POLYGON((77.1555702 13.2356982, 77.1556463 13.2358636, 77.1556048 13.2358783, 77.1555072 13.2357119, 77.1555702 13.2356982))",0.011877871835081523,13.235783183351804,77.15557944717594,010323578025715558
a962672bc20b,Tumkur,Inapura,2025.0,1.0,sorghum,2025-08-05,1.0,"POLYGON((77.1554814 13.2356485, 77.1554321 13.2355657, 77.1554834 13.2355418, 77.1555159 13.2356251, 77.1554814 13.2356485))",0.005430847486419312,13.2355932886195,77.15547684638909,010323559025715548
f981d561538a,Tumkur,Inapura,2025.0,1.0,sorghum,2025-09-17,0.0,"POLYGON((77.1553778 13.2353519, 77.1554697 13.2355190, 77.1554163 13.2355298, 77.1553295 13.2353839, 77.1553778 13.2353519))",0.011813332200469014,13.235444437410372,77.15539799763302,010323544025715540
1cfcf19f1fdc,Tumkur,Inapura,2025.0,1.0,finger_millet,2025-07-23,0.0,"POLYGON((77.1553935 13.2353502, 77.1567206 13.2346296, 77.1567360 13.2351851, 77.1558318 13.2354335, 77.1553935 13.2353502))",0.558574586812608,13.235107896374172,77.15622487226338,010323511025715622
efc581b55da1,Tumkur,Inapura,2025.0,1.0,finger_millet,2025-08-01,1.0,"POLYGON((77.1554847 13.2352122, 77.1554495 13.2351094, 77.1555535 13.2350056, 77.1556665 13.2351130, 77.1554847 13.2352122))",0.026996745721997378,13.235109874467733,77.15554521822055,010323511025715555
9113d8d53434,Tumkur,Inapura,2025.0,1.0,sorghum,2025-08-14,1.0,"POLYGON((77.1560272 13.2352239, 77.1559588 13.2351211, 77.1561144 13.2349938, 77.1562555 13.2351678, 77.1560272 13.2352239))",0.043340024883355276,13.23512322042089,77.15609861566746,010323512025715610
dec13558aab8,Tumkur,Inapura,2025.0,1.0,finger_millet,2025-07-31,1.0,"POLYGON((77.1562542 13.2347745, 77.1561020 13.2348264, 77.1560557 13.2346936, 77.1562200 13.2346368, 77.1562542 13.2347745))",0.028271392868471572,13.23473193727829,77.15615778428891,010323473025715616
b01e3f2bba64,Tumkur,Inapura,2025.0,1.0,other:mane hola,2025-07-24,1.0,"POLYGON((77.1553319 13.2345911, 77.1557768 13.2345043, 77.1557322 13.2341864, 77.1552551 13.2343160, 77.1553319 13.2345911))",0.17165386952500844,13.234396330914393,77.15552789402349,010323440025715553
222c2cd9e15d,Tumkur,Inapura,2025.0,1.0,sorghum,2025-09-18,0.0,"POLYGON((77.1555994 13.2342334, 77.1556286 13.2345235, 77.1567916 13.2342866, 77.1566518 13.2340056, 77.1555994 13.2342334))",0.40257811091447404,13.234263682321371,77.1561728296383,010323426025715617
44c5a33980eb,Tumkur,Inapura,2025.0,1.0,finger_millet,2025-07-15,1.0,"POLYGON((77.1592931 13.2343440, 77.1594102 13.2339997, 77.1567507 13.2344648, 77.1567803 13.2347249, 77.1592931 13.2343440))",0.9143380340047441,13.234374835722996,77.15810276804204,010323437025715810
d136dc18068f,Tumkur,Kowthamaranahalli,2025.0,1.0,finger_millet,2025-07-23,1.0,"POLYGON((77.1452514 13.2670792, 77.1452374 13.2670087, 77.1446040 13.2670776, 77.1446600 13.2671885, 77.1452514 13.2670792))",0.07029731748831464,13.267091821290718,77.1449132963856,010326709025714491
ccc34e2e6f73,Tumkur,Kowthamaranahalli,2025.0,1.0,sorghum,2025-09-17,1.0,"POLYGON((77.1448672 13.2667225, 77.1450127 13.2670048, 77.1452270 13.2670016, 77.1451385 13.2666873, 77.1448672 13.2667225))",0.08943923254862919,13.266847004879308,77.14506044074416,010326685025714506
1f87571b8876,Tumkur,Kowthamaranahalli,2025.0,1.0,finger_millet,2025-07-17,1.0,"POLYGON((77.1452052 13.2653135, 77.1452062 13.2651154, 77.1448226 13.2651307, 77.1447824 13.2653830, 77.1448749 13.2652697, 77.1452052 13.2653135))",0.08288811140023626,13.265212863353385,77.145009059865,010326521025714501
350e36c76062,Tumkur,Kowthamaranahalli,2025.0,1.0,finger_millet,2025-07-17,1.0,"POLYGON((77.1452025 13.2653128, 77.1452159 13.2654078, 77.1449064 13.2653950, 77.1448920 13.2653497, 77.1452025 13.2653128))",0.026255980893206358,13.265365410986613,77.14507228611211,010326537025714507
b355c2708892,Tumkur,Kowthamaranahalli,2025.0,1.0,finger_millet,2025-07-17,1.0,"POLYGON((77.1451988 13.2649790, 77.1452075 13.2651013, 77.1447395 13.2651291, 77.1447633 13.2649630, 77.1451988 13.2649790))",0.07801849590806938,13.265044041003033,77.14496592013367,010326504025714497
50bd6b6954fe,Tumkur,Kowthamaranahalli,2025.0,1.0,finger_millet,2025-07-17,1.0,"POLYGON((77.1448072 13.2648289, 77.1448015 13.2649809, 77.1451931 13.2649620, 77.1452142 13.2648037, 77.1448072 13.2648289))",0.073880404200351,13.264893326283493,77.14500520625501,010326489025714501
faedbd337496,Tumkur,Kowthamaranahalli,2025.0,1.0,sorghum,2025-08-15,1.0,"POLYGON((77.1452548 13.2635562, 77.1453778 13.2635568, 77.1452987 13.2633577, 77.1452327 13.2633672, 77.1452548 13.2635562))",0.022243207002900743,13.263468641962923,77.14529391689669,010326347025714529
3e5fa5e93786,Tumkur,Kowthamaranahalli,2025.0,1.0,horse_gram,2025-09-18,1.0,"POLYGON((77.1452129 13.2647861, 77.1450342 13.2648037, 77.1449849 13.2644144, 77.1451975 13.2642933, 77.1452129 13.2647861))",0.10605941544061816,13.264565638230582,77.1451100982872,010326457025714511
fca1b325a050,Tumkur,Kowthamaranahalli,2025.0,1.0,finger_millet,2025-07-16,1.0,"POLYGON((77.1450436 13.2647819, 77.1450097 13.2644063, 77.1447998 13.2644767, 77.1448263 13.2647838, 77.1450436 13.2647819))",0.08864977997913555,13.26461173392681,77.14492345728465,010326461025714492
bc9e0ee1c716,Tumkur,Kowthamaranahalli,2025.0,1.0,finger_millet,2025-07-16,1.0,"POLYGON((77.1450010 13.2624084, 77.1450382 13.2625302, 77.1464625 13.2622045, 77.1463669 13.2620700, 77.1450010 13.2624084))",0.24049535468038294,13.26229851768107,77.1457388287902,010326230025714574
5b39ccd7e1bf,Tumkur,Kowthamaranahalli,2025.0,1.0,finger_millet,2025-07-07,1.0,"POLYGON((77.1463897 13.2620263, 77.1463129 13.2618250, 77.1449601 13.2621608, 77.1450154 13.2623944, 77.1463897 13.2620263))",0.3831766933357891,13.262105340972239,77.14565668358861,010326211025714566
ba3c84b0069c,Tumkur,Kowthamaranahalli,2025.0,1.0,finger_millet,2025-07-31,1.0,"POLYGON((77.1448639 13.2632305, 77.1448803 13.2631551, 77.1447797 13.2631375, 77.1447663 13.2632116, 77.1448639 13.2632305))",0.009197026087832726,13.263183519352985,77.1448227752527,010326318025714482
a6d2c3e21043,Tumkur,Kowthamaranahalli,2025.0,1.0,finger_millet,2025-07-31,1.0,"POLYGON((77.1448840 13.2631045, 77.1447408 13.2630882, 77.1447200 13.2629616, 77.1448743 13.2630102, 77.1448840 13.2631045))",0.019085475186482823,13.263039947439344,77.14480125837946,010326304025714480
fb86175a67a2,Tumkur,Kowthamaranahalli,2025.0,1.0,finger_millet,2025-06-18,1.0,"POLYGON((77.1463387 13.2628914, 77.1462623 13.2632638, 77.1454332 13.2632843, 77.1453376 13.2631052, 77.1463387 13.2628914))",0.3036763544214133,13.263125667782525,77.14588993118319,010326313025714589
b763f332d991,Tumkur,Kowthamaranahalli,2025.0,1.0,finger_millet,2025-07-10,1.0,"POLYGON((77.1448840 13.2629551, 77.1449098 13.2629149, 77.1447857 13.2628705, 77.1447817 13.2629348, 77.1448840 13.2629551))",0.007656023485722312,13.262916955685151,77.14483761130617,010326292025714484
87a287c9aa07,Tumkur,Kowthamaranahalli,2025.0,1.0,finger_millet,2025-07-16,1.0,"POLYGON((77.1463833 13.2627181, 77.1463609 13.2628650, 77.1452779 13.2630530, 77.1452320 13.2629472, 77.1463833 13.2627181))",0.1719624169552732,13.262891320605403,77.14583401642336,010326289025714583
d4bb6300ea52,Tumkur,Kowthamaranahalli,2025.0,1.0,finger_millet,2025-07-16,1.0,"POLYGON((77.1464316 13.2624809, 77.1463780 13.2626950, 77.1452126 13.2628865, 77.1451455 13.2626649, 77.1464316 13.2624809))",0.3214041013865246,13.262681914075332,77.14577972157748,010326268025714578
01ec39b3e749,Tumkur,Kowthamaranahalli,2025.0,1.0,finger_millet,2025-07-25,1.0,"POLYGON((77.1449145 13.2628705, 77.1450436 13.2628963, 77.1450298 13.2628193, 77.1449162 13.2627870, 77.1449145 13.2628705))",0.011463298232067468,13.262843863708602,77.14497477242897,010326284025714497
20384b5eac5d,Tumkur,Kowthamaranahalli,2025.0,1.0,finger_millet,2025-07-16,1.0,"POLYGON((77.1464541 13.2624284, 77.1464356 13.2622590, 77.1450084 13.2625497, 77.1450469 13.2626186, 77.1464541 13.2624284))",0.21045611656708144,13.262447923265249,77.14582870018364,010326245025714583
37a7c035c556,Tumkur,Kowthamaranahalli,2025.0,1.0,finger_millet,2025-08-01,1.0,"POLYGON((77.1449477 13.2625801, 77.1449537 13.2625396, 77.1448947 13.2624757, 77.1448689 13.2625445, 77.1449477 13.2625801))",0.005461629930478501,13.26253293383339,77.14491236639132,010326253025714491
97578913d6f4,Tumkur,Kowthamaranahalli,2025.0,1.0,finger_millet,2025-06-19,1.0,"POLYGON((77.1463907 13.2620733, 77.1464283 13.2622554, 77.1450302 13.2624992, 77.1449909 13.2624173, 77.1463907 13.2620733))",0.23475735214952934,13.262293595518873,77.14579304447156,010326229025714579
15ea4757ab2a,Tumkur,Kowthamaranahalli,2025.0,1.0,finger_millet,2025-07-16,1.0,"POLYGON((77.1463186 13.2618253, 77.1463776 13.2620289, 77.1449849 13.2623774, 77.1449225 13.2621526, 77.1463186 13.2618253))",0.38248058774067084,13.262098801353819,77.14563975772137,010326210025714564
fb5cdeae93d1,Tumkur,Kowthamaranahalli,2025.0,1.0,finger_millet,2025-07-16,1.0,"POLYGON((77.1463304 13.2617887, 77.1456591 13.2619359, 77.1456380 13.2617512, 77.1462298 13.2616027, 77.1463304 13.2617887))",0.15101636132563173,13.261770210842908,77.14597016400893,010326177025714597
2bf1ca797d23,Tumkur,Kowthamaranahalli,2025.0,1.0,finger_millet,2025-07-31,1.0,"POLYGON((77.1441011 13.2624956, 77.1442677 13.2625517, 77.1442463 13.2623523, 77.1441021 13.2623305, 77.1441011 13.2624956))",0.03345537740632261,13.262435065411886,77.14418149365095,010326244025714418
d84abc05ebca,Tumkur,Kowthamaranahalli,2025.0,1.0,finger_millet,2025-08-01,1.0,"POLYGON((77.1439945 13.2624518, 77.1442024 13.2624633, 77.1442084 13.2622290, 77.1438922 13.2623034, 77.1439945 13.2624518))",0.06189779390617182,13.26235321747551,77.14408050866925,010326235025714408
91b5fd3225e3,Tumkur,Kowthamaranahalli,2025.0,1.0,finger_millet,2025-07-11,1.0,"POLYGON((77.1439831 13.2619764, 77.1438989 13.2619623, 77.1438936 13.2618951, 77.1440146 13.2618981, 77.1439831 13.2619764))",0.009077898916014664,13.261931078380714,77.14394955923244,010326193025714395
5cf1786e02fe,Tumkur,Kowthamaranahalli,2025.0,1.0,finger_millet,2025-08-01,1.0,"POLYGON((77.1442138 13.2616758, 77.1444099 13.2616031, 77.1444012 13.2614549, 77.1441698 13.2615078, 77.1442138 13.2616758))",0.0424690479727572,13.261559462638324,77.1442951134076,010326156025714430
1ebf1852affc,Tumkur,Kowthamaranahalli,2025.0,1.0,sorghum,2025-08-15,1.0,"POLYGON((77.1445279 13.2615848, 77.1446932 13.2615574, 77.1446570 13.2613606, 77.1444729 13.2614210, 77.1445279 13.2615848))",0.0401311019839279,13.261478187865205,77.14458935576667,010326148025714459
f29d8ff21f71,Tumkur,Kowthamaranahalli,2025.0,1.0,finger_millet,2025-06-27,1.0,"POLYGON((77.1433447 13.2618729, 77.1426209 13.2619297, 77.1424137 13.2616138, 77.1433930 13.2614134, 77.1433447 13.2618729))",0.40779282813862255,13.261694177954489,77.14295956666862,010326169025714296
a6f651a0c9b4,Tumkur,Kowthamaranahalli,2025.0,1.0,finger_millet,2025-07-24,1.0,"POLYGON((77.1434185 13.2618808, 77.1433665 13.2613916, 77.1443713 13.2614768, 77.1444149 13.2618560, 77.1434185 13.2618808))",0.5187957341728635,13.261650763278228,77.14387169532041,010326165025714387
ebfaa9cac1b3,Tumkur,Kowthamaranahalli,2025.0,1.0,finger_millet,2025-07-09,1.0,"POLYGON((77.1461141 13.2609256, 77.1462680 13.2615162, 77.1448944 13.2618507, 77.1448065 13.2614670, 77.1461141 13.2609256))",0.845967831536295,13.261424463826406,77.14556931906326,010326142025714557
bfd9033b2b20,Tumkur,Kowthamaranahalli,2025.0,1.0,finger_millet,2025-06-18,1.0,"POLYGON((77.1461047 13.2608884, 77.1455482 13.2611194, 77.1452659 13.2603617, 77.1458871 13.2600931, 77.1461047 13.2608884))",0.6226960874637559,13.260607977286332,77.14569964080472,010326061025714570
8eaed4d15d9c,Tumkur,Kowthamaranahalli,2025.0,1.0,finger_millet,2025-07-15,1.0,"POLYGON((77.1459183 13.2600360, 77.1458754 13.2599231, 77.1451851 13.2601639, 77.1452394 13.2603512, 77.1459183 13.2600360))",0.13932708705664382,13.260129532407083,77.14552805512174,010326013025714553
8520d048379a,Tumkur,Kowthamaranahalli,2025.0,1.0,finger_millet,2025-07-24,1.0,"POLYGON((77.1441655 13.2612914, 77.1441313 13.2611782, 77.1438725 13.2612385, 77.1438812 13.2613759, 77.1441655 13.2612914))",0.042635368858345,13.261272892334159,77.14400978995211,010326127025714401
6601ed252a9e,Tumkur,Kowthamaranahalli,2025.0,1.0,finger_millet,2025-07-24,1.0,"POLYGON((77.1431764 13.2612790, 77.1431878 13.2613994, 77.1437464 13.2614914, 77.1437806 13.2613857, 77.1431764 13.2612790))",0.08011742902112219,13.261387646333077,77.14346997858202,010326139025714347
61f5c64d99ff,Tumkur,Kowthamaranahalli,2025.0,1.0,finger_millet,2025-07-24,1.0,"POLYGON((77.1441963 13.2612872, 77.1441682 13.2611684, 77.1444418 13.2610910, 77.1445205 13.2611814, 77.1441963 13.2612872))",0.043319336836614125,13.261184450792273,77.1443298854811,010326118025714433
c0062f132baf,Tumkur,Kowthamaranahalli,2025.0,1.0,finger_millet,2025-06-19,1.0,"POLYGON((77.1449413 13.2593915, 77.1450929 13.2599746, 77.1446074 13.2601065, 77.1444920 13.2595197, 77.1449413 13.2593915))",0.3483448576222461,13.259751590303924,77.14478463448675,010325975025714478
246f28c20783,Tumkur,Kowthamaranahalli,2025.0,1.0,finger_millet,2025-07-16,1.0,"POLYGON((77.1458161 13.2597664, 77.1458610 13.2599097, 77.1446339 13.2603281, 77.1446081 13.2601303, 77.1458161 13.2597664))",0.2653071930880079,13.260042616261007,77.14520282699117,010326004025714520
c4463aaa72c6,Tumkur,Kowthamaranahalli,2025.0,1.0,finger_millet,2025-06-20,1.0,"POLYGON((77.1451710 13.2601691, 77.1452253 13.2603493, 77.1446433 13.2605460, 77.1446349 13.2603467, 77.1451710 13.2601691))",0.1341375806084055,13.260354393370804,77.14491791551453,010326035025714492
7b67ecfce670,Tumkur,Kowthamaranahalli,2025.0,1.0,finger_millet,2025-07-09,1.0,"POLYGON((77.1452126 13.2603936, 77.1455130 13.2611599, 77.1448153 13.2614360, 77.1446376 13.2606221, 77.1452126 13.2603936))",0.6745965861437869,13.26091554075405,77.14504847302001,010326092025714505
bda4a850be7d,Tumkur,Kothigegollahalli,2025.0,1.0,finger_millet,2025-07-24,1.0,"POLYGON((77.1427808 13.2432499, 77.1425612 13.2433132, 77.1423372 13.2426984, 77.1426212 13.2427369, 77.1426407 13.2428632, 77.1427808 13.2432499))",0.16689007987829982,13.242995945999603,77.14256533086346,010324300025714257
41848255115d,Tumkur,Kothigegollahalli,2025.0,1.0,sorghum,2025-09-18,1.0,"POLYGON((77.1416834 13.2435919, 77.1430661 13.2431598, 77.1431526 13.2434421, 77.1417783 13.2440792, 77.1416834 13.2435919))",0.6936146783341652,13.24359121623114,77.14236337031835,010324359025714236
6d887565e390,Tumkur,Kothigegollahalli,2025.0,1.0,finger_millet,2025-06-11,1.0,"POLYGON((77.1427694 13.2409200, 77.1420087 13.2418342, 77.1421666 13.2421967, 77.1427513 13.2420714, 77.1429105 13.2424343, 77.1431345 13.2423495, 77.1427694 13.2409200))",0.9778635834546041,13.241755231262564,77.14260837930941,010324176025714261
a3fca3092375,Tumkur,Kothigegollahalli,2025.0,1.0,finger_millet,2025-06-27,1.0,"POLYGON((77.1409210 13.2428974, 77.1415145 13.2427020, 77.1417813 13.2435022, 77.1408798 13.2436344, 77.1409210 13.2428974))",0.7105112160113486,13.243206544824387,77.14128806417375,010324321025714129
521abdd4abe2,Tumkur,Kothigegollahalli,2025.0,1.0,horse_gram,2025-09-19,1.0,"POLYGON((77.1416942 13.2431474, 77.1420730 13.2429702, 77.1420167 13.2428273, 77.1416288 13.2429637, 77.1416942 13.2431474))",0.08646828398623757,13.242980438593378,77.14184568839585,010324298025714185
dfa5319041a0,Tumkur,Kothigegollahalli,2025.0,1.0,finger_millet,2025-07-18,1.0,"POLYGON((77.1417706 13.2432969, 77.1416955 13.2431647, 77.1420885 13.2429973, 77.1421602 13.2430838, 77.1417706 13.2432969))",0.06799406409104351,13.243141342431523,77.14191837546288,010324314025714192
a059759a2e5e,Tumkur,Kothigegollahalli,2025.0,1.0,finger_millet,2025-07-16,1.0,"POLYGON((77.1411071 13.2415554, 77.1411470 13.2417000, 77.1417968 13.2414556, 77.1418045 13.2413498, 77.1411071 13.2415554))",0.10535070408188489,13.241522456234415,77.14144021044196,010324152025714144
91b08dde9d2f,Tumkur,Kothigegollahalli,2025.0,1.0,finger_millet,2025-07-31,1.0,"POLYGON((77.1410199 13.2411543, 77.1409136 13.2409517, 77.1411711 13.2409089, 77.1411587 13.2410783, 77.1410199 13.2411543))",0.047506813224372266,13.241016996873947,77.14105815119743,010324102025714106
c24648c2964d,Tumkur,Kothigegollahalli,2025.0,1.0,finger_millet,2025-06-19,1.0,"POLYGON((77.1417089 13.2410591, 77.1418447 13.2413172, 77.1411138 13.2415052, 77.1410179 13.2412239, 77.1417089 13.2410591))",0.2542610957275403,13.241278405607082,77.14141931203613,010324128025714142
fd165bae81a0,Tumkur,Kothigegollahalli,2025.0,1.0,finger_millet,2025-08-01,1.0,"POLYGON((77.1406870 13.2415453, 77.1407802 13.2414908, 77.1407252 13.2414233, 77.1406558 13.2414732, 77.1406870 13.2415453))",0.009499360816649736,13.24148404650626,77.14071364501841,010324148025714071
c6f0c4bac212,Tumkur,Kothigegollahalli,2025.0,1.0,finger_millet,2025-07-25,1.0,"POLYGON((77.1402149 13.2413649, 77.1401787 13.2412496, 77.1400476 13.2413166, 77.1401023 13.2414536, 77.1402149 13.2413649))",0.022656568577057334,13.241346834964741,77.1401334170962,010324135025714013
7472570dec85,Tumkur,Kothigegollahalli,2025.0,1.0,finger_millet,2025-07-22,1.0,"POLYGON((77.1398398 13.2418345, 77.1401110 13.2422144, 77.1403886 13.2420669, 77.1401770 13.2416700, 77.1398398 13.2418345))",0.188189053334265,13.241941149108891,77.14012493594218,010324194025714012
bb5cbd85a6b7,Tumkur,Kothigegollahalli,2025.0,1.0,finger_millet,2025-06-27,1.0,"POLYGON((77.1407091 13.2436089, 77.1404640 13.2437124, 77.1396349 13.2421680, 77.1399876 13.2422212, 77.1407091 13.2436089))",0.5483718692723726,13.242918165311124,77.14019109514716,010324292025714019
311ada1df4de,Tumkur,Kothigegollahalli,2025.0,1.0,finger_millet,2025-06-28,1.0,"POLYGON((77.1405981 13.2419308, 77.1410860 13.2427640, 77.1408811 13.2428677, 77.1404191 13.2420375, 77.1405981 13.2419308))",0.25117801049323857,13.242406491721432,77.14075012939387,010324241025714075
06c7bd40701e,Tumkur,Kothigegollahalli,2025.0,1.0,finger_millet,2025-08-01,1.0,"POLYGON((77.1396973 13.2414719, 77.1397764 13.2415845, 77.1398994 13.2414774, 77.1398290 13.2413557, 77.1396973 13.2414719))",0.02788463687426206,13.241471598319484,77.13980015711118,010324147025713980
4952224de083,Tumkur,Kothigegollahalli,2025.0,1.0,horse_gram,2025-08-14,1.0,"POLYGON((77.1390985 13.2430352, 77.1390800 13.2429219, 77.1390190 13.2429660, 77.1390723 13.2430326, 77.1390985 13.2430352))",0.005586336795034711,13.24298069428855,77.13906538286456,010324298025713907
aa5d125498a2,Tumkur,Kothigegollahalli,2025.0,1.0,sorghum,2025-07-25,1.0,"POLYGON((77.1388933 13.2438429, 77.1389633 13.2436784, 77.1388621 13.2436324, 77.1388416 13.2437685, 77.1388933 13.2438429))",0.01703068613078876,13.243726943988845,77.13889403358493,010324373025713889
79c31c8f0ed4,Tumkur,Kothigegollahalli,2025.0,1.0,finger_millet,2025-07-09,1.0,"POLYGON((77.1399252 13.2419807, 77.1397720 13.2420672, 77.1394512 13.2416086, 77.1395896 13.2414699, 77.1399252 13.2419807))",0.12897361277245578,13.241777060819,77.13968302945732,010324178025713968
59f76e48a0d4,Tumkur,Kothigegollahalli,2025.0,1.0,finger_millet,2025-07-15,1.0,"POLYGON((77.1397482 13.2420551, 77.1395883 13.2421436, 77.1393318 13.2417327, 77.1394696 13.2416308, 77.1397482 13.2420551))",0.10497901852191976,13.241892418458882,77.13953650507057,010324189025713954
9fab0d69ee2d,Tumkur,Kothigegollahalli,2025.0,1.0,finger_millet,2025-07-15,1.0,"POLYGON((77.1397482 13.2420551, 77.1395883 13.2421436, 77.1393318 13.2417327, 77.1394696 13.2416308, 77.1397482 13.2420551))",0.10497901852191976,13.241892418458882,77.13953650507057,010324189025713954
9b41db677c3d,Tumkur,Kothigegollahalli,2025.0,1.0,finger_millet,2025-07-15,1.0,"POLYGON((77.1395699 13.2421586, 77.1393985 13.2422229, 77.1391679 13.2419050, 77.1393110 13.2417584, 77.1395699 13.2421586))",0.09855142995100659,13.24200587105921,77.13936186630939,010324201025713936
a263e69db2a4,Tumkur,Kothigegollahalli,2025.0,1.0,finger_millet,2025-07-22,1.0,"POLYGON((77.1393794 13.2422437, 77.1389744 13.2424644, 77.1389861 13.2420257, 77.1391420 13.2419314, 77.1393794 13.2422437))",0.14746239469018987,13.242193314226439,77.13912945884348,010324219025713913
fcdb11e38367,Tumkur,Kothigegollahalli,2025.0,1.0,finger_millet,2025-07-15,1.0,"POLYGON((77.1396201 13.2440182, 77.1393382 13.2432359, 77.1388192 13.2435319, 77.1390163 13.2441954, 77.1396201 13.2440182))",0.554183057654845,13.243745910041573,77.1392086487646,010324375025713921
8bede05bc5a2,Tumkur,Kothigegollahalli,2025.0,1.0,sorghum,2025-08-04,1.0,"POLYGON((77.1396952 13.2459724, 77.1401147 13.2458582, 77.1401878 13.2456493, 77.1395829 13.2440949, 77.1390703 13.2442123, 77.1396952 13.2459724))",1.207726962644445,13.24503013979471,77.1396486727912,010324503025713965
83f524b04da9,Tumkur,Kothigegollahalli,2025.0,1.0,finger_millet,2025-07-31,1.0,"POLYGON((77.1409730 13.2471822, 77.1411527 13.2470911, 77.1410189 13.2468069, 77.1408000 13.2469590, 77.1409730 13.2471822))",0.0829401191780882,13.247002814753348,77.14098435442087,010324700025714098
21542d0c8436,Tumkur,Kothigegollahalli,2025.0,1.0,finger_millet,2025-07-25,1.0,"POLYGON((77.1412721 13.2463125, 77.1413666 13.2463072, 77.1413415 13.2461901, 77.1412670 13.2461809, 77.1412721 13.2463125))",0.01255195920132508,13.246250344511,77.14131126766496,010324625025714131
1358919cb9f5,Tumkur,Kothigegollahalli,2025.0,1.0,finger_millet,2025-07-31,1.0,"POLYGON((77.1411899 13.2467073, 77.1414270 13.2466669, 77.1413887 13.2465001, 77.1412104 13.2464867, 77.1411899 13.2467073))",0.04834670680710198,13.246595295493766,77.14129974870008,010324660025714130
04376cad3271,Tumkur,Kothigegollahalli,2025.0,1.0,sorghum,2025-07-17,1.0,"POLYGON((77.1402947 13.2486583, 77.1399316 13.2481371, 77.1410608 13.2476645, 77.1413016 13.2481485, 77.1402947 13.2486583))",0.820805734463148,13.248155009301747,77.1406323648851,010324816025714063
7cb16cac8f0b,Tumkur,Kothigegollahalli,2025.0,1.0,finger_millet,2025-07-11,1.0,"POLYGON((77.1408553 13.2463862, 77.1400335 13.2466290, 77.1402277 13.2470696, 77.1408677 13.2467243, 77.1408553 13.2463862))",0.3773424915056582,13.246706075232781,77.14046959280856,010324671025714047
1adc42d9bc12,Tumkur,Kothigegollahalli,2025.0,1.0,horse_gram,2025-09-18,0.0,"POLYGON((77.1400396 13.2471306, 77.1400698 13.2475963, 77.1408918 13.2473173, 77.1406427 13.2468996, 77.1400396 13.2471306))",0.4198320217328489,13.247245510566596,77.14041808386416,010324725025714042
2955dcefbccc,Tumkur,Kothigegollahalli,2025.0,1.0,finger_millet,2025-07-24,1.0,"POLYGON((77.1401683 13.2465602, 77.1402236 13.2462658, 77.1412687 13.2459261, 77.1410793 13.2463167, 77.1401683 13.2465602))",0.3585982435749475,13.246259448646255,77.14070113927151,010324626025714070
acb7a7f2ef5a,Tumkur,Kothigegollahalli,2025.0,1.0,sorghum,2025-09-18,1.0,"POLYGON((77.1420308 13.2452942, 77.1422102 13.2459812, 77.1417441 13.2460582, 77.1417391 13.2453634, 77.1420308 13.2452942))",0.3217008144085753,13.245700029982547,77.14193565573966,010324570025714194
dd90695da6b3,Tumkur,Kothigegollahalli,2025.0,1.0,finger_millet,2025-06-26,1.0,"POLYGON((77.1417347 13.2476567, 77.1418491 13.2478858, 77.1413445 13.2481351, 77.1412308 13.2478623, 77.1417347 13.2476567))",0.18269543384617995,13.247888426689682,77.1415340571147,010324789025714153
213a2249b880,Tumkur,Kothigegollahalli,2025.0,1.0,finger_millet,2025-07-15,1.0,"POLYGON((77.1417626 13.2475967, 77.1412151 13.2478382, 77.1411138 13.2476433, 77.1416362 13.2474312, 77.1417626 13.2475967))",0.14639572171678047,13.2476298567376,77.14142885575662,010324763025714143
29ac7a04fcbe,Tumkur,Kothigegollahalli,2025.0,1.0,finger_millet,2025-06-25,1.0,"POLYGON((77.1428934 13.2479971, 77.1422822 13.2481231, 77.1421233 13.2477576, 77.1428297 13.2476600, 77.1428934 13.2479971))",0.292226476106372,13.247881911085129,77.14252442997953,010324788025714252
eda593834ff9,Tumkur,Kothigegollahalli,2025.0,1.0,horse_gram,2025-07-16,1.0,"POLYGON((77.1428334 13.2472700, 77.1428428 13.2476006, 77.1421518 13.2477031, 77.1419731 13.2474243, 77.1422262 13.2474593, 77.1428334 13.2472700))",0.2561955252389974,13.24751044161451,77.14247095897937,010324751025714247
483f86689820,Tumkur,Kothigegollahalli,2025.0,1.0,sorghum,2025-06-10,1.0,"POLYGON((77.1423188 13.2465256, 77.1424026 13.2469795, 77.1418528 13.2470889, 77.1418229 13.2466571, 77.1423188 13.2465256))",0.28564189959851743,13.24681550344369,77.14210302180297,010324682025714210
78f8383aca89,Tumkur,Byrasandra,2025.0,1.0,finger_millet,2025-07-15,1.0,"POLYGON((77.1609860 13.2636413, 77.1603828 13.2636727, 77.1586075 13.2639523, 77.1585723 13.2641285, 77.1598645 13.2639373, 77.1609343 13.2638061, 77.1609860 13.2636413))",0.514439852446935,13.26386421009736,77.15978815445072,010326386025715979
c657477b604c,Tumkur,Byrasandra,2025.0,1.0,finger_millet,2025-07-22,1.0,"POLYGON((77.1609903 13.2636276, 77.1603868 13.2636625, 77.1586226 13.2639223, 77.1586719 13.2637086, 77.1610228 13.2634684, 77.1609903 13.2636276))",0.45705851088514354,13.263682044557807,77.15974136426166,010326368025715974
b4696d62dea2,Tumkur,Byrasandra,2025.0,1.0,sorghum,2025-07-16,1.0,"POLYGON((77.1611653 13.2631740, 77.1611194 13.2634220, 77.1605136 13.2634393, 77.1606299 13.2632412, 77.1611653 13.2631740))",0.14838367573462682,13.26332122977535,77.1608680437847,010326332025716087
bfed03a42ccb,Tumkur,Byrasandra,2025.0,1.0,finger_millet,2025-07-16,1.0,"POLYGON((77.1605169 13.2629260, 77.1601511 13.2627961, 77.1601709 13.2632386, 77.1605286 13.2632148, 77.1605169 13.2629260))",0.15748175256026833,13.263041921987272,77.16032922857089,010326304025716033
bca686f10747,Tumkur,Byrasandra,2025.0,1.0,sorghum,2025-06-20,1.0,"POLYGON((77.1619492 13.2619415, 77.1611067 13.2616386, 77.1612025 13.2610799, 77.1618996 13.2616230, 77.1619492 13.2619415))",0.41622863563124063,13.261551872363995,77.16149366798345,010326155025716149
78373b0d9b61,Tumkur,Byrasandra,2025.0,1.0,finger_millet,2025-07-16,1.0,"POLYGON((77.1606752 13.2631988, 77.1608951 13.2631743, 77.1609950 13.2627978, 77.1607747 13.2627824, 77.1606752 13.2631988))",0.10401274393756396,13.262986815843043,77.16083353718332,010326299025716083
83a3c09b4863,Tumkur,Byrasandra,2025.0,1.0,finger_millet,2025-07-15,1.0,"POLYGON((77.1609243 13.2631708, 77.1609645 13.2628027, 77.1614171 13.2628405, 77.1611958 13.2630817, 77.1609243 13.2631708))",0.12814300654730415,13.262957878915149,77.1611184624222,010326296025716112
9c1451736604,Tumkur,Byrasandra,2025.0,1.0,sorghum,2025-09-18,1.0,"POLYGON((77.1610215 13.2620723, 77.1612411 13.2617346, 77.1618915 13.2619561, 77.1618902 13.2622760, 77.1610215 13.2620723))",0.3273400954029658,13.262012849295978,77.16149482006841,010326201025716149
2588b76a9538,Tumkur,Byrasandra,2025.0,1.0,finger_millet,2025-07-25,1.0,"POLYGON((77.1605699 13.2627400, 77.1607399 13.2627593, 77.1607801 13.2626202, 77.1605736 13.2625945, 77.1605699 13.2627400))",0.03268368282786318,13.26267613550038,77.1606659742811,010326268025716067
eb94ad9cc495,Tumkur,Byrasandra,2025.0,1.0,sorghum,2025-08-15,1.0,"POLYGON((77.1605162 13.2624391, 77.1607630 13.2624819, 77.1608592 13.2622828, 77.1605471 13.2621931, 77.1605162 13.2624391))",0.0795572492874648,13.262343585012463,77.16066969300309,010326234025716067
59822aad7c29,Tumkur,Byrasandra,2025.0,1.0,horse_gram,2025-07-31,1.0,"POLYGON((77.1609142 13.2617238, 77.1610533 13.2617277, 77.1610621 13.2615570, 77.1608756 13.2615071, 77.1609142 13.2617238))",0.037290237134171574,13.26162407219463,77.16097326706416,010326162025716097
360d946341b5,Tumkur,Byrasandra,2025.0,1.0,sorghum,2025-06-20,1.0,"POLYGON((77.1619492 13.2619415, 77.1611067 13.2616386, 77.1612025 13.2610799, 77.1618996 13.2616230, 77.1619492 13.2619415))",0.41622863563124063,13.261551872363995,77.16149366798345,010326155025716149
60153ac4f81d,Tumkur,Siddapura,2025.0,1.0,finger_millet,2025-07-17,1.0,"POLYGON((77.1682967 13.2289399, 77.1685545 13.2272192, 77.1686628 13.2272421, 77.1684261 13.2289686, 77.1682967 13.2289399))",0.2531136795977923,13.228118218519398,77.16848130553463,010322812025716848
fa25140f6904,Tumkur,Siddapura,2025.0,1.0,finger_millet,2025-07-15,1.0,"POLYGON((77.1688408 13.2271337, 77.1685612 13.2289869, 77.1686836 13.2289553, 77.1689853 13.2272385, 77.1688408 13.2271337))",0.2981398800646864,13.228031067776056,77.16877464191064,010322803025716877
8c135d80b0ed,Tumkur,Siddapura,2025.0,1.0,finger_millet,2025-07-16,1.0,"POLYGON((77.1684405 13.2275900, 77.1683205 13.2267744, 77.1676231 13.2265283, 77.1674514 13.2274474, 77.1684405 13.2275900))",0.8823843872521145,13.227106423663257,77.16794439333962,010322711025716794
c4369f07e54a,Tumkur,Siddapura,2025.0,1.0,finger_millet,2025-07-25,1.0,"POLYGON((77.1678715 13.2226231, 77.1680264 13.2226466, 77.1679838 13.2223669, 77.1678387 13.2223303, 77.1678715 13.2226231))",0.05010479144057651,13.22249346069232,77.16792968264446,010322249025716793
42f69fc2dd12,Tumkur,Siddapura,2025.0,1.0,finger_millet,2025-07-16,1.0,"POLYGON((77.1680207 13.2261523, 77.1680110 13.2262496, 77.1678350 13.2261321, 77.1678843 13.2260485, 77.1680207 13.2261523))",0.020837368755413466,13.226146149041403,77.16793550021892,010322615025716794
6652d5374d33,Tumkur,Siddapura,2025.0,1.0,finger_millet,2025-06-12,1.0,"POLYGON((77.1681240 13.2215268, 77.1679285 13.2215793, 77.1681059 13.2230970, 77.1682098 13.2230954, 77.1681240 13.2215268))",0.28108933546981146,13.222243460315196,77.168085404895,010322224025716809
397050232a2b,Tumkur,Siddapura,2025.0,1.0,finger_millet,2025-06-10,1.0,"POLYGON((77.1677190 13.2229645, 77.1676794 13.2228199, 77.1676040 13.2227941, 77.1677384 13.2227602, 77.1677924 13.2229785, 77.1677190 13.2229645))",0.019290695626333697,13.222862649882213,77.16772295578087,010322286025716772
60fcb4a636f2,Tumkur,Siddapura,2025.0,1.0,finger_millet,2025-06-10,1.0,"POLYGON((77.1674273 13.2222194, 77.1676134 13.2221707, 77.1676777 13.2224772, 77.1675248 13.2225373, 77.1674273 13.2222194))",0.0686742401413224,13.222347146732067,77.16755877002984,010322235025716756
b8e1b1b4880b,Tumkur,Siddapura,2025.0,1.0,horse_gram,2025-09-17,1.0,"POLYGON((77.1689203 13.2263377, 77.1686940 13.2262881, 77.1687560 13.2260629, 77.1689702 13.2261105, 77.1689203 13.2263377))",0.06296339973755835,13.22620079569428,77.16883479699369,010322620025716883
3628a1563d9a,Tumkur,Siddapura,2025.0,1.0,finger_millet,2025-07-16,1.0,"POLYGON((77.1675456 13.2216727, 77.1672811 13.2217520, 77.1674283 13.2221733, 77.1675869 13.2221178, 77.1675456 13.2216727))",0.11744870647026409,13.221911334995692,77.16745623681855,010322191025716746
56d844a72613,Tumkur,Siddapura,2025.0,1.0,finger_millet,2025-08-01,1.0,"POLYGON((77.1677069 13.2224922, 77.1678283 13.2224628, 77.1677971 13.2221988, 77.1676442 13.2222435, 77.1677069 13.2224922))",0.044210925344440696,13.222344166010561,77.16774347195911,010322234025716774
e781682b068a,Tumkur,Siddapura,2025.0,1.0,finger_millet,2025-07-16,1.0,"POLYGON((77.1675386 13.2216948, 77.1672875 13.2217582, 77.1676137 13.2227641, 77.1677247 13.2229495, 77.1677857 13.2229772, 77.1675386 13.2216948))",0.2692535684112751,13.222239296628183,77.16754614311809,010322224025716755
ecc813e4e7be,Tumkur,Siddapura,2025.0,1.0,finger_millet,2025-08-01,1.0,"POLYGON((77.1674226 13.2226410, 77.1675443 13.2226260, 77.1674675 13.2223819, 77.1673210 13.2223835, 77.1674226 13.2226410))",0.04119801740748843,13.222505110251856,77.1674371083427,010322251025716744
b73f0cc0a163,Tumkur,Siddapura,2025.0,1.0,finger_millet,2025-07-10,1.0,"POLYGON((77.1673217 13.2227644, 77.1674303 13.2227240, 77.1673696 13.2225448, 77.1672325 13.2225800, 77.1673217 13.2227644))",0.030167999566472144,13.222650622115058,77.16733662686309,010322265025716734
77810d1ce21d,Tumkur,Siddapura,2025.0,1.0,finger_millet,2025-07-25,1.0,"POLYGON((77.1671668 13.2227647, 77.1671379 13.2225311, 77.1669669 13.2225725, 77.1670716 13.2227928, 77.1671668 13.2227647))",0.038985061973102406,13.222654839022622,77.16708241752106,010322265025716708
a366f440cb5d,Tumkur,Siddapura,2025.0,1.0,horse_gram,2025-09-18,1.0,"POLYGON((77.1680670 13.2258533, 77.1679537 13.2260475, 77.1682303 13.2263896, 77.1683795 13.2259372, 77.1680670 13.2258533))",0.14759382533147355,13.226073847028323,77.16817229011586,010322607025716817
2c99c0745642,Tumkur,Siddapura,2025.0,1.0,horse_gram,2025-09-18,1.0,"POLYGON((77.1686772 13.2262887, 77.1684167 13.2261787, 77.1684888 13.2259656, 77.1687349 13.2260351, 77.1686772 13.2262887))",0.07780806949222374,13.226119876759098,77.16858178476313,010322612025716858
4eca3d37e725,Tumkur,Siddapura,2025.0,1.0,finger_millet,2025-07-15,1.0,"POLYGON((77.1664329 13.2219661, 77.1664607 13.2221058, 77.1669629 13.2219236, 77.1669706 13.2218283, 77.1664329 13.2219661))",0.07514424371628757,13.221961492160489,77.16668684231874,010322196025716669
55cf963b47c7,Tumkur,Siddapura,2025.0,1.0,finger_millet,2025-06-11,1.0,"POLYGON((77.1667356 13.2220307, 77.1664543 13.2221309, 77.1665901 13.2224814, 77.1668684 13.2223901, 77.1667356 13.2220307))",0.13441454816006343,13.222257528493708,77.16666232264441,010322226025716666
b26f8321a617,Tumkur,Siddapura,2025.0,1.0,finger_millet,2025-07-18,1.0,"POLYGON((77.1667849 13.2228558, 77.1667215 13.2226649, 77.1668989 13.2225921, 77.1669512 13.2228258, 77.1667849 13.2228558))",0.04727791831765364,13.222731742469977,77.16684099181334,010322273025716684
42d7aa3d0616,Tumkur,Siddapura,2025.0,1.0,finger_millet,2025-07-24,1.0,"POLYGON((77.1669582 13.2229054, 77.1669257 13.2226681, 77.1667178 13.2226779, 77.1668359 13.2229909, 77.1669582 13.2229054))",0.05873898784504732,13.222803613155728,77.1668524709073,010322280025716685
159aba3309c6,Tumkur,Siddapura,2025.0,1.0,finger_millet,2025-08-01,1.0,"POLYGON((77.1665814 13.2238905, 77.1662340 13.2238859, 77.1660919 13.2235344, 77.1665220 13.2235099, 77.1665814 13.2238905))",0.1717155481217559,13.22369801552218,77.16635774818039,010322370025716636
06743e7efb23,Tumkur,Siddapura,2025.0,3.0,finger_millet,2025-05-24,1.0,"POLYGON((77.1664124 13.2219834, 77.1661723 13.2220356, 77.1664845 13.2230526, 77.1667618 13.2229854, 77.1664124 13.2219834))",0.3365753625985709,13.222527016198114,77.16646179081168,010322253025716646
fe3085c2005a,Tumkur,Siddapura,2025.0,1.0,finger_millet,2025-07-15,1.0,"POLYGON((77.1682967 13.2257241, 77.1680905 13.2256578, 77.1680553 13.2257153, 77.1682618 13.2257845, 77.1682967 13.2257241))",0.017410843432926093,13.225720682091632,77.16817670037314,010322572025716818
b51e3c1c2be2,Tumkur,Siddapura,2025.0,1.0,finger_millet,2025-07-15,1.0,"POLYGON((77.1679989 13.2258246, 77.1680663 13.2257156, 77.1682943 13.2258393, 77.1682722 13.2258915, 77.1679989 13.2258246))",0.02932120963239341,13.225812042238081,77.16814193143203,010322581025716814
fae562d4743a,Tumkur,Siddapura,2025.0,1.0,finger_millet,2025-07-15,1.0,"POLYGON((77.1682936 13.2257208, 77.1682078 13.2256898, 77.1680894 13.2256467, 77.1681149 13.2255945, 77.1682242 13.2256258, 77.1683265 13.2256611, 77.1682936 13.2257208))",0.016806304436840454,13.22565596229803,77.16820908234831,010322566025716821
d3b9824879e5,Tumkur,Siddapura,2025.0,1.0,horse_gram,2025-08-13,1.0,"POLYGON((77.1663527 13.2247387, 77.1662280 13.2247596, 77.1661965 13.2246261, 77.1663349 13.2246245, 77.1663527 13.2247387))",0.01986407904627965,13.22468663280086,77.16627610540783,010322469025716628
e4365554d2b0,Tumkur,Siddapura,2025.0,1.0,finger_millet,2025-07-31,1.0,"POLYGON((77.1664124 13.2248321, 77.1665086 13.2248099, 77.1664892 13.2243458, 77.1663520 13.2244006, 77.1664124 13.2248321))",0.06444777402522722,13.224583336129637,77.16643975225794,010322458025716644
80c57e8abe12,Tumkur,Siddapura,2025.0,1.0,finger_millet,2025-07-24,1.0,"POLYGON((77.1666421 13.2240661, 77.1665951 13.2246855, 77.1667547 13.2246607, 77.1667255 13.2242622, 77.1666421 13.2240661))",0.07503982340772934,13.224439734071503,77.16667352913763,010322444025716667
47c579a1506e,Tumkur,Siddapura,2025.0,1.0,finger_millet,2025-08-01,1.0,"POLYGON((77.1674310 13.2256817, 77.1676378 13.2256520, 77.1675896 13.2253151, 77.1673414 13.2252913, 77.1674310 13.2256817))",0.09935264444922906,13.225480914524901,77.1674963555374,010322548025716750
dae5b6caa86e,Tumkur,Siddapura,2025.0,1.0,finger_millet,2025-07-25,1.0,"POLYGON((77.1675584 13.2245547, 77.1677498 13.2245690, 77.1677451 13.2241428, 77.1675138 13.2241783, 77.1675584 13.2245547))",0.10196164843305744,13.224354305534053,77.16764345365607,010322435025716764
a9181c4cb517,Tumkur,Siddapura,2025.0,1.0,finger_millet,2025-07-10,1.0,"POLYGON((77.1684311 13.2240354, 77.1682497 13.2239505, 77.1683778 13.2238131, 77.1685243 13.2238908, 77.1684311 13.2240354))",0.03847471019594231,13.22392418348155,77.16839337936395,010322392025716839
e30d5b5c3681,Tumkur,Siddapura,2025.0,1.0,finger_millet,2025-06-10,1.0,"POLYGON((77.1671711 13.2239375, 77.1672637 13.2248141, 77.1670565 13.2248073, 77.1669663 13.2239459, 77.1671711 13.2239375))",0.21462459587853755,13.224376456786693,77.16711471286158,010322438025716711
1ece50fdb6b4,Tumkur,Siddapura,2025.0,1.0,finger_millet,2025-08-19,1.0,"POLYGON((77.1674568 13.2257760, 77.1670746 13.2257505, 77.1669327 13.2248712, 77.1672858 13.2248331, 77.1674568 13.2257760))",0.4025488675669152,13.225311420787811,77.16719026833498,010322531025716719
d1dd4eb6afe6,Tumkur,Siddapura,2025.0,1.0,sorghum,2025-09-18,1.0,"POLYGON((77.1685940 13.2258435, 77.1687171 13.2256203, 77.1684033 13.2255403, 77.1682832 13.2257623, 77.1685940 13.2258435))",0.09504138542502742,13.225691545818615,77.16849968739832,010322569025716850
448a49f79951,Tumkur,Siddapura,2025.0,1.0,finger_millet,2025-07-16,1.0,"POLYGON((77.1683205 13.2249603, 77.1688770 13.2249949, 77.1688827 13.2248585, 77.1693025 13.2248628, 77.1693816 13.2244943, 77.1683386 13.2245207, 77.1683205 13.2249603))",0.505203621594898,13.224718959686804,77.16880804428622,010322472025716881
b5d85239afdf,Tumkur,Siddapura,2025.0,1.0,finger_millet,2025-07-17,1.0,"POLYGON((77.1697454 13.2257678, 77.1697491 13.2251630, 77.1681538 13.2249685, 77.1681585 13.2254721, 77.1697454 13.2257678))",1.0564339771841258,13.225346400847386,77.16897621403167,010322535025716898
dd28418cc4db,Tumkur,Siddapura,2025.0,1.0,finger_millet,2025-07-16,1.0,"POLYGON((77.1678216 13.2245984, 77.1693816 13.2244959, 77.1692086 13.2248337, 77.1680874 13.2249453, 77.1678216 13.2245984))",0.5559513727559002,13.224710258106647,77.16860928881755,010322471025716861
0df6f12a7106,Tumkur,Siddapura,2025.0,1.0,horse_gram,2025-06-10,1.0,"POLYGON((77.1678018 13.2242589, 77.1677213 13.2236607, 77.1682531 13.2236385, 77.1682826 13.2234795, 77.1687727 13.2235027, 77.1678018 13.2242589))",0.3952343674298976,13.223794630134266,77.1681249927698,010322379025716812
aec7c82dca7e,Gadag,Yarebeleri,2025.0,2.0,chickpea,2025-11-13,0.0,"POLYGON((75.7207520 15.5353973, 75.7208791 15.5352788, 75.7163891 15.5351751, 75.7163401 15.5353728, 75.7207520 15.5353973))",0.8413484768131674,15.535303006927972,75.71840873552254,010553530025571841
943e965381f9,Gadag,Yarebeleri,2025.0,2.0,chickpea,2025-11-13,0.0,"POLYGON((75.7164176 15.5351253, 75.7165245 15.5349325, 75.7183857 15.5349945, 75.7183300 15.5351586, 75.7164176 15.5351253))",0.4039433057865834,15.535052364698586,75.71738813711237,010553505025571739
f8f46b4db480,Gadag,Yarebeleri,2025.0,2.0,other:jower,2025-11-16,0.0,"POLYGON((75.7164960 15.5345326, 75.7164595 15.5348892, 75.7183806 15.5349196, 75.7184064 15.5345843, 75.7164960 15.5345326))",0.7875415863118939,15.534731315749625,75.71742570977393,010553473025571743
ba442b4ccc4d,Gadag,Yarebeleri,2025.0,2.0,chickpea,2025-11-18,0.0,"POLYGON((75.7155040 15.5355071, 75.7112972 15.5362000, 75.7113050 15.5357526, 75.7156045 15.5350384, 75.7155040 15.5355071))",2.265217497806501,15.535622960949404,75.71343247249216,010553562025571343
ba325aac6053,Gadag,Yarebeleri,2025.0,2.0,chickpea,2025-11-13,0.0,"POLYGON((75.7153179 15.5360757, 75.7116322 15.5367589, 75.7117267 15.5370984, 75.7151452 15.5365828, 75.7153179 15.5360757))",1.7555019697390049,15.536611704330081,75.71354279035027,010553661025571354
69810cb851f1,Gadag,Yarebeleri,2025.0,2.0,chickpea,2025-11-13,0.0,"POLYGON((75.7145987 15.5372741, 75.7129039 15.5374873, 75.7128854 15.5379327, 75.7140023 15.5377780, 75.7145987 15.5372741))",0.7243122374976816,15.537602033597524,75.71360369898211,010553760025571360
991f20e5e93d,Gadag,Yarebeleri,2025.0,2.0,onion,2025-11-13,0.0,"POLYGON((75.7117200 15.5371665, 75.7152532 15.5366319, 75.7150064 15.5371352, 75.7117797 15.5375496, 75.7117200 15.5371665))",1.7238134781821464,15.537110561009497,75.71349101787372,010553711025571349
c33b03fffa01,Gadag,Yarebeleri,2025.0,2.0,onion,2025-11-13,0.0,"POLYGON((75.7116845 15.5371381, 75.7152096 15.5366326, 75.7149963 15.5371520, 75.7117472 15.5375942, 75.7116845 15.5371381))",1.9170048033446787,15.537123908864782,75.71342451779518,010553712025571342
a0d78d955549,Gadag,Yarebeleri,2025.0,1.0,onion,2025-09-13,0.0,"POLYGON((75.7106941 15.5369285, 75.7108570 15.5383204, 75.7117596 15.5382351, 75.7116117 15.5367414, 75.7106941 15.5369285))",1.5823192322282118,15.537552178806283,75.71123539018937,010553755025571124
9029335864aa,Gadag,Yarebeleri,2025.0,2.0,chickpea,2025-11-13,0.0,"POLYGON((75.7059519 15.5283962, 75.7086291 15.5286143, 75.7085906 15.5288084, 75.7059747 15.5285839, 75.7059519 15.5283962))",0.6012918954561349,15.528601469282206,75.70729994534396,010552860025570730
443c2191c6cd,Gadag,Yarebeleri,2025.0,2.0,chickpea,2025-11-13,0.0,"POLYGON((75.7085503 15.5290817, 75.7059761 15.5288088, 75.7060086 15.5292148, 75.7085979 15.5293944, 75.7085503 15.5290817))",1.0896434225418976,15.529120209581947,75.70722602577148,010552912025570723
869e6838a3c1,Chamarajanagar,Linganapura,2025.0,1.0,maize,2025-08-29,1.0,"POLYGON((76.8724544 11.7858343, 76.8723048 11.7852543, 76.8728208 11.7849113, 76.8729596 11.7858215, 76.8724544 11.7858343))",0.48930913162035833,11.785440750526838,76.87265072848193,010178544025687265
203709734dbd,Chamarajanagar,Linganapura,2025.0,1.0,maize,2025-09-09,1.0,"POLYGON((76.8790378 11.7826923, 76.8794278 11.7832384, 76.8773947 11.7838007, 76.8772116 11.7830812, 76.8790378 11.7826923))",1.6355494433599331,11.783217066977302,76.87824317793147,010178322025687824
8fbeefee0b87,Chamarajanagar,Linganapura,2025.0,1.0,finger_millet,2025-09-11,1.0,"POLYGON((76.8804738 11.7822712, 76.8806763 11.7827967, 76.8795505 11.7831006, 76.8792668 11.7828190, 76.8804738 11.7822712))",0.6919073534660108,11.78272603250361,76.88003092631594,010178273025688003
6148c4d9dca5,Chamarajanagar,Linganapura,2025.0,1.0,horse_gram,2025-09-02,1.0,"POLYGON((76.8795153 11.7817221, 76.8798492 11.7825466, 76.8794529 11.7826723, 76.8791079 11.7817687, 76.8795153 11.7817221))",0.45359423603733956,11.782181349809372,76.87947971597386,010178218025687948
5e35da86ae58,Chamarajanagar,Linganapura,2025.0,1.0,maize,2025-09-19,1.0,"POLYGON((76.8847962 11.7862560, 76.8844033 11.7856219, 76.8837143 11.7859902, 76.8842333 11.7865648, 76.8847962 11.7862560))",0.6418759361319473,11.786098748899423,76.88427885260441,010178610025688428
2ec18d887dc2,Chamarajanagar,Linganapura,2025.0,1.0,maize,2025-09-02,1.0,"POLYGON((76.8852757 11.7876233, 76.8845984 11.7873440, 76.8855248 11.7866095, 76.8856341 11.7871261, 76.8852757 11.7876233))",0.5998872913706619,11.787174789641302,76.88521597673353,010178717025688522
c22317fb3d5a,Chamarajanagar,Linganapura,2025.0,1.0,maize,2025-09-20,1.0,"POLYGON((76.8833555 11.7871438, 76.8837173 11.7875518, 76.8830313 11.7882669, 76.8828261 11.7875449, 76.8833555 11.7871438))",0.6043547017770037,11.787653093909643,76.8832304774314,010178765025688323
8f30b189e4ca,Chamarajanagar,Linganapura,2025.0,1.0,horse_gram,2025-08-30,1.0,"POLYGON((76.8813791 11.7848270, 76.8817888 11.7854417, 76.8808567 11.7860328, 76.8804768 11.7854703, 76.8813791 11.7848270))",0.9441268935521272,11.785438404696,76.88113169276885,010178544025688113
f6b11c72eac7,Chamarajanagar,Linganapura,2025.0,1.0,horse_gram,2025-09-19,1.0,"POLYGON((76.8800866 11.7865629, 76.8803565 11.7864388, 76.8800916 11.7857227, 76.8797436 11.7858874, 76.8800866 11.7865629))",0.31191874100218897,11.786137935438033,76.8800631707902,010178614025688006
16f528a94e81,Chamarajanagar,Linganapura,2025.0,1.0,maize,2025-09-19,1.0,"POLYGON((76.8772009 11.7868399, 76.8770550 11.7864611, 76.8780287 11.7861208, 76.8782292 11.7864933, 76.8772009 11.7868399))",0.5247280060045398,11.786479498940661,76.87763154109845,010178648025687763
68dbd2e6d51e,Chamarajanagar,Linganapura,2025.0,1.0,maize,2025-09-18,1.0,"POLYGON((76.8780340 11.7860502, 76.8779713 11.7857492, 76.8758577 11.7863436, 76.8759724 11.7868199, 76.8780340 11.7860502))",1.0503812281370195,11.786266729322888,76.8768787490122,010178627025687688
52c29368551b,Chamarajanagar,Linganapura,2025.0,1.0,maize,2025-09-27,1.0,"POLYGON((76.8776642 11.7851247, 76.8778406 11.7853843, 76.8757381 11.7859796, 76.8756670 11.7856833, 76.8776642 11.7851247))",0.7726618286685591,11.785545284143568,76.87672410666487,010178555025687672
7c8a96c5dc73,Chamarajanagar,Linganapura,2025.0,1.0,maize,2025-09-13,1.0,"POLYGON((76.8779438 11.7857049, 76.8778560 11.7854611, 76.8757746 11.7860647, 76.8758276 11.7863128, 76.8779438 11.7857049))",0.6735013614228352,11.785885089380042,76.87685440094367,010178589025687685
a0a929c41fb2,Chamarajanagar,Linganapura,2025.0,1.0,horse_gram,2025-09-19,1.0,"POLYGON((76.8802747 11.7870631, 76.8799146 11.7866830, 76.8789929 11.7869511, 76.8793201 11.7874307, 76.8802747 11.7870631))",0.617444401129621,11.78703961993344,76.87961564134329,010178704025687962
7173050b3149,Chamarajanagar,Linganapura,2025.0,1.0,maize,2025-08-30,1.0,"POLYGON((76.8723843 11.7860660, 76.8715957 11.7861858, 76.8717714 11.7866420, 76.8724228 11.7865189, 76.8723843 11.7860660))",0.4100459663258802,11.7863468138298,76.87203858441221,010178635025687204
a937156ed4ca,Chamarajanagar,Linganapura,2025.0,1.0,horse_gram,2025-09-02,1.0,"POLYGON((76.8699820 11.7853019, 76.8698405 11.7849983, 76.8692059 11.7849904, 76.8695371 11.7856803, 76.8699820 11.7853019))",0.3758668586134394,11.78525440782081,76.86960606614565,010178525025686961
1be097255012,Chamarajanagar,Linganapura,2025.0,1.0,horse_gram,2025-09-03,1.0,"POLYGON((76.8681692 11.7851742, 76.8679271 11.7843826, 76.8683422 11.7842021, 76.8686067 11.7849727, 76.8681692 11.7851742))",0.4595575549327852,11.7846869939704,76.86826214431416,010178469025686826
51aab169ba3f,Chamarajanagar,Linganapura,2025.0,1.0,horse_gram,2025-09-02,1.0,"POLYGON((76.8696535 11.7847285, 76.8694272 11.7838899, 76.8690030 11.7840048, 76.8690879 11.7847715, 76.8696535 11.7847285))",0.4934075633975171,11.784364669623546,76.86930082229024,010178436025686930
80e8d7d4212f,Chamarajanagar,Linganapura,2025.0,2.0,horse_gram,2025-10-01,1.0,"POLYGON((76.8698630 11.7830655, 76.8701151 11.7846639, 76.8697098 11.7847137, 76.8693765 11.7830215, 76.8698630 11.7830655))",0.8850979268316845,11.78384636973093,76.8697604659239,010178385025686976
cf72f36113d4,Chamarajanagar,Linganapura,2025.0,2.0,maize,2025-10-01,1.0,"POLYGON((76.8708698 11.7898325, 76.8708611 11.7907294, 76.8700410 11.7908899, 76.8699592 11.7905085, 76.8704769 11.7904423, 76.8704454 11.7898853, 76.8708698 11.7898325))",0.6538238079782615,11.79042162935901,76.87052207569018,010179042025687052
80ef3f5a16de,Chamarajanagar,Linganapura,2025.0,1.0,maize,2025-09-18,1.0,"POLYGON((76.8712987 11.7895725, 76.8714435 11.7902076, 76.8710110 11.7902135, 76.8709832 11.7895899, 76.8712987 11.7895725))",0.28481857664309174,11.789911970227148,76.87118704005165,010178991025687119
36fbd37fbb51,Tumkur,Banavara,2025.0,1.0,finger_millet,2025-07-17,0.0,"POLYGON((77.0810645 13.2306155, 77.0811567 13.2309706, 77.0806883 13.2311074, 77.0805911 13.2308845, 77.0810645 13.2306155))",0.18609103612902858,13.230885683840537,77.08088991973864,010323089025708089
cb8cb66171b1,Tumkur,Banavara,2025.0,1.0,horse_gram,2025-07-15,1.0,"POLYGON((77.0797496 13.2325793, 77.0798059 13.2327445, 77.0796101 13.2328000, 77.0795635 13.2326234, 77.0797496 13.2325793))",0.04215947166261176,13.23268791433895,77.07968175434698,010323269025707968
a20353d991b0,Tumkur,Banavara,2025.0,1.0,horse_gram,2025-07-23,1.0,"POLYGON((77.0795246 13.2325115, 77.0792302 13.2325872, 77.0793207 13.2328780, 77.0795900 13.2327915, 77.0795246 13.2325115))",0.10394833546672458,13.232690683923252,77.07941452556652,010323269025707941
0eab45bd65de,Tumkur,Banavara,2025.0,1.0,finger_millet,2025-07-16,1.0,"POLYGON((77.0797787 13.2321032, 77.0794602 13.2321782, 77.0795802 13.2325947, 77.0797573 13.2325558, 77.0798096 13.2327314, 77.0799333 13.2327210, 77.0797787 13.2321032))",0.19558258269525358,13.232391171804144,77.07970117397066,010323239025707970
b9cd0056566d,Tumkur,Banavara,2025.0,1.0,horse_gram,2025-09-18,0.0,"POLYGON((77.0805465 13.2309308, 77.0806997 13.2311789, 77.0798330 13.2314057, 77.0797667 13.2311567, 77.0805465 13.2309308))",0.2749527917417002,13.231168426098897,77.08021798144152,010323117025708022
79a816da1430,Tumkur,Banavara,2025.0,1.0,sorghum,2025-09-17,0.0,"POLYGON((77.0811326 13.2309961, 77.0812308 13.2313835, 77.0808781 13.2315216, 77.0806930 13.2311397, 77.0811326 13.2309961))",0.20647250004178042,13.231254543064873,77.08097935830685,010323125025708098
e7920ed81fb9,Tumkur,Banavara,2025.0,1.0,finger_millet,2025-07-16,1.0,"POLYGON((77.0796912 13.2316156, 77.0800034 13.2327285, 77.0805928 13.2325673, 77.0806642 13.2316201, 77.0796912 13.2316156))",0.9754645214715741,13.232094591638617,77.08022050248451,010323209025708022
4e20bf604dd6,Tumkur,Banavara,2025.0,1.0,sorghum,2025-06-19,1.0,"POLYGON((77.0796661 13.2316058, 77.0797797 13.2320826, 77.0794408 13.2321603, 77.0793224 13.2317334, 77.0796661 13.2316058))",0.19906742933777544,13.231892862472177,77.07955461931455,010323189025707955
50037f892d09,Tumkur,Banavara,2025.0,1.0,horse_gram,2025-07-16,1.0,"POLYGON((77.0793808 13.2319739, 77.0790549 13.2320813, 77.0791350 13.2322905, 77.0794508 13.2322135, 77.0793808 13.2319739))",0.0945639682372639,13.232137867912888,77.07925798304773,010323214025707926
ce6a4f651154,Tumkur,Banavara,2025.0,1.0,finger_millet,2025-07-17,1.0,"POLYGON((77.0787816 13.2315036, 77.0788812 13.2319044, 77.0797170 13.2315937, 77.0796453 13.2312004, 77.0787816 13.2315036))",0.43577206276321157,13.231550632930453,77.07925316995323,010323155025707925
4bc20d0fb096,Tumkur,Banavara,2025.0,1.0,finger_millet,2025-07-18,1.0,"POLYGON((77.0787893 13.2327292, 77.0785395 13.2327954, 77.0782851 13.2320614, 77.0785416 13.2319537, 77.0787893 13.2327292))",0.2550937926203195,13.232380000024182,77.07853833349223,010323238025707854
baa64438e08f,Tumkur,Banavara,2025.0,1.0,finger_millet,2025-07-18,1.0,"POLYGON((77.0787732 13.2319664, 77.0790428 13.2329792, 77.0792775 13.2328809, 77.0789660 13.2318763, 77.0787732 13.2319664))",0.2911028756179543,13.232441078838946,77.0790194907563,010323244025707902
ab9648e3d645,Tumkur,Banavara,2025.0,1.0,finger_millet,2025-06-25,1.0,"POLYGON((77.0785902 13.2330728, 77.0785466 13.2328610, 77.0787813 13.2327810, 77.0788832 13.2329824, 77.0785902 13.2330728))",0.07274434327435705,13.232927697153864,77.07870238904113,010323293025707870
c888a167f0a7,Tumkur,Banavara,2025.0,1.0,finger_millet,2025-08-13,1.0,"POLYGON((77.0779246 13.2321332, 77.0781406 13.2331933, 77.0783313 13.2331479, 77.0780886 13.2320921, 77.0779246 13.2321332))",0.23671578781368016,13.232654690834902,77.07812415549907,010323265025707812
757bd1040ffa,Tumkur,Banavara,2025.0,1.0,finger_millet,2025-07-24,1.0,"POLYGON((77.0783142 13.2329302, 77.0784906 13.2328483, 77.0783122 13.2321998, 77.0780997 13.2322109, 77.0783142 13.2329302))",0.17030672179031858,13.232543349814533,77.07830116696083,010323254025707830
50286c890073,Tumkur,Banavara,2025.0,1.0,finger_millet,2025-06-11,1.0,"POLYGON((77.0778995 13.2332686, 77.0776568 13.2324354, 77.0778636 13.2323493, 77.0777832 13.2321573, 77.0779102 13.2321335, 77.0781486 13.2331691, 77.0778995 13.2332686))",0.3306360362994854,13.232740891762521,77.07790816996231,010323274025707791
7f39c6c49a6d,Tumkur,Banavara,2025.0,1.0,sorghum,2025-09-18,1.0,"POLYGON((77.0766174 13.2334478, 77.0765487 13.2329641, 77.0757658 13.2331120, 77.0758003 13.2335967, 77.0766174 13.2334478))",0.47327896841797135,13.233281713594028,77.07618395953872,010323328025707618
927857592780,Tumkur,Banavara,2025.0,1.0,horse_gram,2025-08-13,0.0,"POLYGON((77.0757561 13.2335751, 77.0752485 13.2336871, 77.0750691 13.2328972, 77.0755824 13.2329191, 77.0757561 13.2335751))",0.4516933926473226,13.233273424626237,77.07540703916574,010323327025707541
f2839b14199c,Tumkur,Banavara,2025.0,1.0,finger_millet,2025-07-16,1.0,"POLYGON((77.0777540 13.2328124, 77.0772380 13.2330115, 77.0773014 13.2333395, 77.0778291 13.2332451, 77.0777540 13.2328124))",0.2500282632371221,13.233098386797115,77.07754228924898,010323310025707754
92eb1ac5af3a,Tumkur,Banavara,2025.0,1.0,finger_millet,2025-06-11,1.0,"POLYGON((77.0786063 13.2348966, 77.0789174 13.2359531, 77.0793103 13.2360216, 77.0789513 13.2348995, 77.0786063 13.2348966))",0.46721991343332037,13.235449901824728,77.0789502559048,010323545025707895
249709bed1d4,Tumkur,Banavara,2025.0,1.0,horse_gram,2025-08-22,1.0,"POLYGON((77.0771606 13.2329289, 77.0765755 13.2329449, 77.0766486 13.2334485, 77.0772574 13.2333529, 77.0771606 13.2329289))",0.3374190915444292,13.233171983719386,77.07690280448581,010323317025707690
91a2327457f1,Tumkur,Banavara,2025.0,1.0,finger_millet,2025-07-16,1.0,"POLYGON((77.0765973 13.2330301, 77.0771582 13.2329645, 77.0770663 13.2324850, 77.0765239 13.2325346, 77.0765973 13.2330301))",0.3279302256725501,13.23275521387556,77.07683537971896,010323276025707684
8e0ef59c0e76,Tumkur,Banavara,2025.0,1.0,finger_millet,2025-07-08,1.0,"POLYGON((77.0767773 13.2351420, 77.0773366 13.2357452, 77.0788644 13.2359482, 77.0785892 13.2348930, 77.0767773 13.2351420))",1.6704788880318497,13.235410037073816,77.0779559841511,010323541025707796
67cfd207ae4f,Tumkur,Banavara,2025.0,1.0,finger_millet,2025-07-11,1.0,"POLYGON((77.0782271 13.2340572, 77.0762811 13.2345033, 77.0761396 13.2335735, 77.0778583 13.2332925, 77.0782271 13.2340572))",1.9713035525495608,13.233870731347421,77.07710914246536,010323387025707711
3fbae96a75bb,Tumkur,Banavara,2025.0,1.0,finger_millet,2025-07-16,1.0,"POLYGON((77.0763009 13.2345020, 77.0768078 13.2351146, 77.0783069 13.2342771, 77.0779582 13.2342187, 77.0763009 13.2345020))",0.9216936177867739,13.234593282999983,77.07718728706331,010323459025707719
6918ea139d4b,Chamarajanagar,Linganapura,2025.0,1.0,horse_gram,2025-09-18,1.0,"POLYGON((76.8727947 11.7884113, 76.8729388 11.7885987, 76.8720007 11.7889141, 76.8717476 11.7886992, 76.8727947 11.7884113))",0.31282196224640146,11.78866060919812,76.87235021867117,010178866025687235
3b6466f42256,Gadag,Yarebeleri,2025.0,2.0,chickpea,2025-11-13,0.0,"POLYGON((75.7178090 15.5406942, 75.7177775 15.5434392, 75.7183411 15.5434596, 75.7182968 15.5407886, 75.7178090 15.5406942))",1.6878578474081951,15.542127872122064,75.71805482125966,010554213025571805
da6c1dbb2048,Gadag,Yarebeleri,2025.0,2.0,onion,2025-10-12,0.0,"POLYGON((75.7171525 15.5427095, 75.7143731 15.5425303, 75.7144086 15.5427586, 75.7171374 15.5429709, 75.7171525 15.5427095))",0.7973184610199869,15.54274438818518,75.71580224204546,010554274025571580
260e5af8d1b2,Gadag,Yarebeleri,2025.0,2.0,chickpea,2025-11-13,0.0,"POLYGON((75.7153045 15.5422367, 75.7143519 15.5421956, 75.7143674 15.5424779, 75.7153135 15.5425335, 75.7153045 15.5422367))",0.32531679923565143,15.542360960866931,75.71483838388815,010554236025571484
bda85cce0700,Gadag,Yarebeleri,2025.0,2.0,wheat,2025-11-13,0.0,"POLYGON((75.7161698 15.5420280, 75.7161712 15.5422780, 75.7171941 15.5423504, 75.7172025 15.5420981, 75.7161698 15.5420280))",0.30640676069483186,15.542188474918795,75.71668537948881,010554219025571669
40657a83c1b5,Gadag,Yarebeleri,2025.0,2.0,wheat,2025-11-13,0.0,"POLYGON((75.7157799 15.5417305, 75.7172162 15.5418284, 75.7171984 15.5420890, 75.7157883 15.5419853, 75.7157799 15.5417305))",0.43562858507220736,15.541908162108042,75.71649923006088,010554191025571650
b9f8ca915366,Gadag,Yarebeleri,2025.0,2.0,chickpea,2025-11-16,0.0,"POLYGON((75.7172072 15.5414482, 75.7172263 15.5412392, 75.7143053 15.5411109, 75.7142970 15.5413532, 75.7172072 15.5414482))",0.7819450007489751,15.541286436674595,75.71572363321893,010554129025571572
606c3804c319,Gadag,Yarebeleri,2025.0,2.0,other:bangal gram,2025-11-13,0.0,"POLYGON((75.7172293 15.5409449, 75.7143110 15.5408383, 75.7143063 15.5410851, 75.7172209 15.5412217, 75.7172293 15.5409449))",0.9064195051805193,15.541023656570063,75.71579489432055,010554102025571579
2c0708e49b5f,Gadag,Yarebeleri,2025.0,2.0,onion,2025-11-13,0.0,"POLYGON((75.7172316 15.5409275, 75.7172393 15.5406526, 75.7142802 15.5405692, 75.7142899 15.5408131, 75.7172316 15.5409275))",0.9074500001955006,15.54074147149747,75.71579022298633,010554074025571579
661eb7de1db1,Gadag,Yarebeleri,2025.0,2.0,onion,2025-11-08,0.0,"POLYGON((75.7130752 15.5503639, 75.7130011 15.5507421, 75.7148414 15.5508562, 75.7145642 15.5506485, 75.7141454 15.5503012, 75.7130752 15.5503639))",0.7902009996432413,15.550584128791808,75.71381558547537,010555058025571382
ae908d389420,Gadag,Yarebeleri,2025.0,2.0,chickpea,2025-11-18,0.0,"POLYGON((75.7146446 15.5562996, 75.7156116 15.5561805, 75.7152790 15.5540939, 75.7143959 15.5542903, 75.7146446 15.5562996))",2.300827401879887,15.555228629898151,75.71498799206444,010555523025571499
cc65705617a7,Gadag,Yarebeleri,2025.0,2.0,chickpea,2025-11-18,0.0,"POLYGON((75.7144140 15.5542464, 75.7145501 15.5554469, 75.7136311 15.5554928, 75.7134330 15.5542738, 75.7144140 15.5542464))",1.3701366276854008,15.55485875692422,75.7140048076826,010555486025571400
1b06b2315151,Chamarajanagar,Linganapura,2025.0,1.0,maize,2025-09-18,1.0,"POLYGON((76.8716457 11.7865094, 76.8714013 11.7858966, 76.8711143 11.7859412, 76.8712869 11.7866387, 76.8716457 11.7865094))",0.2767199659214769,11.786262517538148,76.87136445166448,010178626025687136
d2578a437ff1,Chamarajanagar,Linganapura,2025.0,2.0,sorghum,2025-10-17,1.0,"POLYGON((76.8721067 11.7872055, 76.8720051 11.7866098, 76.8724393 11.7865573, 76.8724453 11.7871044, 76.8721067 11.7872055))",0.2710280145358264,11.786858990584584,76.87224431329042,010178686025687224
ad0232b4e432,Chamarajanagar,Linganapura,2025.0,1.0,horse_gram,2025-09-27,1.0,"POLYGON((76.8745723 11.7857663, 76.8748938 11.7856898, 76.8749616 11.7860046, 76.8746310 11.7860909, 76.8745723 11.7857663))",0.13179353926669188,11.785888923695905,76.87476421891854,010178589025687476
d058a5d623f6,Chamarajanagar,Linganapura,2025.0,2.0,horse_gram,2025-10-16,1.0,"POLYGON((76.8754232 11.7843462, 76.8755164 11.7845818, 76.8741991 11.7847777, 76.8741616 11.7846287, 76.8749773 11.7843665, 76.8754232 11.7843462))",0.3781383539436044,11.784554106995763,76.87487263030151,010178455025687487
e007ab87040b,Chamarajanagar,Linganapura,2025.0,2.0,horse_gram,2025-10-01,1.0,"POLYGON((76.8741951 11.7844128, 76.8739188 11.7834324, 76.8754065 11.7833257, 76.8755423 11.7840261, 76.8741951 11.7844128))",1.4965189668847143,11.783803009669661,76.87472380146534,010178380025687472
24da0fc652dc,Chamarajanagar,Manchagundipura,2025.0,1.0,horse_gram,2025-09-20,1.0,"POLYGON((76.8727672 11.7673168, 76.8730042 11.7674291, 76.8728798 11.7668996, 76.8726783 11.7669006, 76.8727672 11.7673168))",0.11778419403776781,11.767139510193248,76.87283708615786,010176714025687284
04f861f68640,Chamarajanagar,Manchagundipura,2025.0,1.0,horse_gram,2025-09-27,1.0,"POLYGON((76.8713490 11.7707117, 76.8713764 11.7703316, 76.8719535 11.7702443, 76.8720611 11.7706398, 76.8713490 11.7707117))",0.30505504559033125,11.770487888420302,76.87169005990502,010177049025687169
c9f6d7466c27,Chamarajanagar,Manchagundipura,2025.0,2.0,horse_gram,2025-10-01,1.0,"POLYGON((76.8734367 11.7696482, 76.8741847 11.7695698, 76.8742062 11.7689448, 76.8732335 11.7692639, 76.8734367 11.7696482))",0.5449360740703357,11.769338138541936,76.87378876271833,010176934025687379
b22c51e5d9b8,Chamarajanagar,Manchagundipura,2025.0,2.0,horse_gram,2025-10-01,1.0,"POLYGON((76.8734642 11.7700756, 76.8739477 11.7700595, 76.8739825 11.7696741, 76.8733620 11.7697667, 76.8734642 11.7700756))",0.23310169790326973,11.769885650929437,76.87369663841747,010176989025687370
98629007292b,Chamarajanagar,Manchagundipura,2025.0,1.0,horse_gram,2025-09-11,1.0,"POLYGON((76.8742115 11.7699538, 76.8743795 11.7695940, 76.8751745 11.7694083, 76.8752247 11.7697093, 76.8742115 11.7699538))",0.3446506825267442,11.769673335374252,76.87474476647012,010176967025687474
c3d0ed457d2d,Chamarajanagar,Manchagundipura,2025.0,1.0,horse_gram,2025-09-03,1.0,"POLYGON((76.8749636 11.7716405, 76.8748315 11.7711000, 76.8753760 11.7709746, 76.8754366 11.7715759, 76.8749636 11.7716405))",0.36108138266155293,11.771314694073357,76.87515406930284,010177131025687515
bf4571c1ab26,Gadag,Yarebeleri,2025.0,2.0,chickpea,2025-11-26,0.0,"POLYGON((75.7022525 15.5252040, 75.7024463 15.5263666, 75.7028899 15.5265743, 75.7033934 15.5261627, 75.7022525 15.5252040))",0.846708060603125,15.526002954754626,75.70274013786157,010552600025570274
c4df0244eb10,Gadag,Yarebeleri,2025.0,2.0,onion,2025-10-11,0.0,"POLYGON((75.7024346 15.5273431, 75.7031504 15.5295359, 75.7007783 15.5296519, 75.7008785 15.5285558, 75.7024346 15.5273431))",4.072878067312587,15.528768300892782,75.70194643519984,010552877025570195
39ef9671e8da,Gadag,Yarebeleri,2025.0,2.0,chickpea,2025-11-13,0.0,"POLYGON((75.7027980 15.5276878, 75.7029807 15.5283452, 75.7044603 15.5282066, 75.7043607 15.5276226, 75.7027980 15.5276878))",1.1368708570676604,15.527964382787804,75.70363355321186,010552796025570363
0ba303399835,Gadag,Yarebeleri,2025.0,2.0,onion,2025-10-13,0.0,"POLYGON((75.7027219 15.5274662, 75.7035960 15.5273060, 75.7035041 15.5263081, 75.7026823 15.5270359, 75.7027219 15.5274662))",0.7526938341497578,15.526999647277375,75.70318222890859,010552700025570318
01eda43e9e7d,Chamarajanagar,Manchagundipura,2025.0,1.0,maize,2025-09-13,1.0,"POLYGON((76.8742746 11.7678400, 76.8743410 11.7687246, 76.8736966 11.7689054, 76.8736228 11.7680097, 76.8742746 11.7678400))",0.7099860552500071,11.76836940631591,76.87398288341218,010176837025687398
1291949fcd98,Chamarajanagar,Manchagundipura,2025.0,1.0,horse_gram,2025-09-17,1.0,"POLYGON((76.8730609 11.7674133, 76.8732567 11.7674291, 76.8730639 11.7663830, 76.8728155 11.7664276, 76.8730609 11.7674133))",0.275726299610085,11.766888493553544,76.87304492448212,010176689025687304
b31df44df9de,Chamarajanagar,Manchagundipura,2025.0,1.0,horse_gram,2025-09-18,1.0,"POLYGON((76.8734585 11.7662842, 76.8734729 11.7672679, 76.8732919 11.7672919, 76.8731014 11.7663643, 76.8734585 11.7662842))",0.3162675428621491,11.766749168631906,76.87332604122925,010176675025687333
ca7d15fbe3b0,Chamarajanagar,Manchagundipura,2025.0,2.0,horse_gram,2025-10-16,1.0,"POLYGON((76.8749096 11.7661378, 76.8754256 11.7658851, 76.8752486 11.7655046, 76.8745773 11.7658608, 76.8749096 11.7661378))",0.3285617025492306,11.765837978719796,76.87503680167916,010176584025687504
1c10269b5d04,Chamarajanagar,Manchagundipura,2025.0,2.0,horse_gram,2025-10-01,1.0,"POLYGON((76.8764421 11.7671858, 76.8762483 11.7668491, 76.8770446 11.7665717, 76.8772217 11.7668980, 76.8764421 11.7671858))",0.37789642448256217,11.766876809973722,76.87673628662739,010176688025687674
406329fd6cc3,Chamarajanagar,Manchagundipura,2025.0,1.0,horse_gram,2025-09-19,1.0,"POLYGON((76.8754202 11.7675193, 76.8763476 11.7671714, 76.8753337 11.7662346, 76.8749840 11.7663646, 76.8754202 11.7675193))",1.0134281071847298,11.766901484105256,76.8755760644753,010176690025687558
d711fc8bf689,Chamarajanagar,Manchagundipura,2025.0,1.0,finger_millet,2025-09-18,1.0,"POLYGON((76.8744623 11.7678410, 76.8753200 11.7676545, 76.8746340 11.7661083, 76.8742464 11.7662235, 76.8744623 11.7678410))",1.268811937801635,11.767053613648741,76.87469466711741,010176705025687469
0e6190e08f67,Chamarajanagar,Manchagundipura,2025.0,1.0,maize,2025-09-04,1.0,"POLYGON((76.8746199 11.7703493, 76.8748868 11.7716533, 76.8745599 11.7716891, 76.8743322 11.7703979, 76.8746199 11.7703493))",0.4930581653921825,11.771034976208412,76.87460246199753,010177103025687460
093fe81268ec,Chamarajanagar,Manchagundipura,2025.0,1.0,horse_gram,2025-09-18,1.0,"POLYGON((76.8798536 11.7705607, 76.8795327 11.7696873, 76.8787337 11.7698300, 76.8789544 11.7707392, 76.8798536 11.7705607))",0.9643698307184363,11.770213735368097,76.87927012619782,010177021025687927
7cb8e304de62,Chamarajanagar,Manchagundipura,2025.0,1.0,horse_gram,2025-09-18,1.0,"POLYGON((76.8786992 11.7698954, 76.8786529 11.7696000, 76.8779241 11.7697526, 76.8781111 11.7701169, 76.8786992 11.7698954))",0.2880516475166098,11.769841466253805,76.87832880906677,010176984025687833
d040c910b43f,Chamarajanagar,Manchagundipura,2025.0,2.0,horse_gram,2025-10-01,1.0,"POLYGON((76.8774781 11.7702978, 76.8773293 11.7698891, 76.8764991 11.7700280, 76.8765756 11.7705055, 76.8774781 11.7702978))",0.48611965595773454,11.770185435100382,76.87696301616022,010177019025687696
4b0daa769465,Chamarajanagar,Manchagundipura,2025.0,1.0,finger_millet,2025-09-04,1.0,"POLYGON((76.8764787 11.7704294, 76.8763680 11.7698950, 76.8758091 11.7699581, 76.8759741 11.7706227, 76.8764787 11.7704294))",0.4054290103645631,11.770226548275337,76.87614694363727,010177023025687615
103225298cca,Chamarajanagar,Manchagundipura,2025.0,1.0,horse_gram,2025-09-03,1.0,"POLYGON((76.8766587 11.7712870, 76.8765762 11.7710133, 76.8755211 11.7712624, 76.8755396 11.7715358, 76.8766587 11.7712870))",0.3735275820428724,11.771274846130908,76.87607891865073,010177127025687608
0f0937c7b2ce,Chamarajanagar,Manchagundipura,2025.0,1.0,finger_millet,2025-09-04,1.0,"POLYGON((76.8753434 11.7701081, 76.8754940 11.7707793, 76.8758873 11.7706431, 76.8757340 11.7699600, 76.8753434 11.7701081))",0.3458172164732837,11.770372400625542,76.87561524433218,010177037025687562
3365ce7fb357,Chamarajanagar,Manchagundipura,2025.0,1.0,horse_gram,2025-09-02,1.0,"POLYGON((76.8753890 11.7704721, 76.8752854 11.7701005, 76.8749736 11.7702246, 76.8750849 11.7705039, 76.8753890 11.7704721))",0.1308600960506353,11.770320491910077,76.87518880211549,010177032025687519
7cd4f61c0b97,Chamarajanagar,Manchagundipura,2025.0,1.0,horse_gram,2025-08-30,1.0,"POLYGON((76.8721248 11.7728740, 76.8719152 11.7721362, 76.8715210 11.7722300, 76.8717493 11.7729557, 76.8721248 11.7728740))",0.36256613687288086,11.772545583881376,76.87182688962973,010177255025687183
30e6a1bfb82c,Chamarajanagar,Manchagundipura,2025.0,1.0,horse_gram,2025-09-19,1.0,"POLYGON((76.8722160 11.7728448, 76.8719454 11.7721040, 76.8723457 11.7720219, 76.8726813 11.7723613, 76.8722160 11.7728448))",0.38497618899957287,11.772366557686057,76.87229197116062,010177237025687229
b86862906eb6,Chamarajanagar,Manchagundipura,2025.0,1.0,horse_gram,2025-09-26,1.0,"POLYGON((76.8722907 11.7719658, 76.8721952 11.7716766, 76.8709875 11.7720006, 76.8710449 11.7723180, 76.8722907 11.7719658))",0.4794760407206634,11.771992672050974,76.87162422397229,010177199025687162
c294c867ea53,Chamarajanagar,Manchagundipura,2025.0,1.0,maize,2025-09-03,1.0,"POLYGON((76.8720064 11.7707081, 76.8721104 11.7710497, 76.8712769 11.7712575, 76.8712055 11.7708226, 76.8720064 11.7707081))",0.3994111391439182,11.770964376240306,76.8716356643087,010177096025687164
b7dffbeba664,Chamarajanagar,Manchagundipura,2025.0,1.0,maize,2025-09-11,1.0,"POLYGON((76.8721707 11.7713737, 76.8721010 11.7711055, 76.8711089 11.7713609, 76.8711327 11.7716392, 76.8721707 11.7713737))",0.3489032085383195,11.771370737000604,76.87162897664616,010177137025687163
703c9cb03a4d,Chamarajanagar,Manchagundipura,2025.0,1.0,maize,2025-09-26,1.0,"POLYGON((76.8710311 11.7713980, 76.8710485 11.7716770, 76.8721814 11.7714187, 76.8722529 11.7716392, 76.8706878 11.7720203, 76.8706482 11.7715027, 76.8710311 11.7713980))",0.5887372102046027,11.771686304080763,76.87131005579495,010177169025687131
abb462e97fbd,Chamarajanagar,Manchagundipura,2025.0,1.0,maize,2025-09-26,1.0,"POLYGON((76.8711518 11.7712982, 76.8711260 11.7711446, 76.8703347 11.7712956, 76.8703891 11.7714617, 76.8711518 11.7712982))",0.15725501151955404,11.771301014044122,76.87074326769043,010177130025687074
ee3ad8727cef,Tumkur,Byrasandra,2025.0,1.0,finger_millet,2025-08-05,1.0,"POLYGON((77.1597458 13.2653347, 77.1597974 13.2651669, 77.1598916 13.2651549, 77.1598933 13.2652694, 77.1597458 13.2653347))",0.01928050727450773,13.265236865656776,77.15982848255553,010326524025715983
34335d1e7212,Tumkur,Byrasandra,2025.0,1.0,finger_millet,2025-07-09,1.0,"POLYGON((77.1595704 13.2652883, 77.1591262 13.2653311, 77.1589240 13.2649339, 77.1597702 13.2647685, 77.1595704 13.2652883))",0.3545808369544866,13.265055546747535,77.15935443109684,010326506025715935
0cb31661ab3f,Tumkur,Byrasandra,2025.0,1.0,sorghum,2025-08-01,1.0,"POLYGON((77.1596090 13.2655670, 77.1596861 13.2653542, 77.1599996 13.2651555, 77.1600069 13.2654313, 77.1596090 13.2655670))",0.09711268225556195,13.265376458587749,77.15983793856698,010326538025715984
bdf9530e34b2,Tumkur,Byrasandra,2025.0,1.0,sorghum,2025-08-07,1.0,"POLYGON((77.1606547 13.2663894, 77.1608086 13.2663166, 77.1607717 13.2661759, 77.1605752 13.2662543, 77.1606547 13.2663894))",0.03420167066014567,13.266282042059814,77.16070036231295,010326628025716070
dbb44060c6df,Tumkur,Byrasandra,2025.0,1.0,horse_gram,2025-09-18,0.0,"POLYGON((77.1607382 13.2660748, 77.1608029 13.2659890, 77.1610480 13.2660213, 77.1613715 13.2658676, 77.1613836 13.2657651, 77.1608904 13.2659426, 77.1607382 13.2660748))",0.06453424178730717,13.265908342702824,77.16114086077754,010326591025716114
c437ca068e2e,Tumkur,Byrasandra,2025.0,1.0,finger_millet,2025-07-16,1.0,"POLYGON((77.1618684 13.2658108, 77.1618282 13.2661870, 77.1617272 13.2661769, 77.1617564 13.2657468, 77.1618684 13.2658108))",0.05295901482778047,13.265975207937784,77.16179440526136,010326598025716179
f764a00471e2,Tumkur,Byrasandra,2025.0,1.0,finger_millet,2025-07-23,1.0,"POLYGON((77.1617222 13.2661541, 77.1616076 13.2661508, 77.1617219 13.2658147, 77.1617353 13.2658698, 77.1617222 13.2661541))",0.026026122326989747,13.266030092316623,77.16168832977753,010326603025716169
a98dce1e594e,Tumkur,Byrasandra,2025.0,1.0,finger_millet,2025-07-31,1.0,"POLYGON((77.1619019 13.2661211, 77.1619998 13.2661228, 77.1620052 13.2659495, 77.1619029 13.2659491, 77.1619019 13.2661211))",0.02070221106313719,13.266034999298984,77.16195254796462,010326603025716195
5ea416159fb1,Tumkur,Byrasandra,2025.0,1.0,finger_millet,2025-07-25,1.0,"POLYGON((77.1619301 13.2660549, 77.1619713 13.2659168, 77.1618798 13.2658650, 77.1618573 13.2660258, 77.1619301 13.2660549))",0.016252690388801755,13.265962102026705,77.16190976779053,010326596025716191
322382b2c552,Tumkur,Byrasandra,2025.0,1.0,finger_millet,2025-07-31,1.0,"POLYGON((77.1634341 13.2654959, 77.1632712 13.2655553, 77.1631958 13.2654094, 77.1633711 13.2653190, 77.1634341 13.2654959))",0.038913689101394096,13.265442336748166,77.16331918664224,010326544025716332
8cf7c6ec36d5,Tumkur,Byrasandra,2025.0,1.0,horse_gram,2025-07-25,1.0,"POLYGON((77.1637577 13.2660415, 77.1633369 13.2661146, 77.1633232 13.2658095, 77.1637852 13.2657050, 77.1637577 13.2660415))",0.16890318665556112,13.265914652512706,77.16355343825036,010326591025716355
f24ca60b4d82,Tumkur,Byrasandra,2025.0,1.0,finger_millet,2025-07-18,1.0,"POLYGON((77.1632531 13.2665300, 77.1632648 13.2663110, 77.1628957 13.2663704, 77.1630023 13.2665705, 77.1632531 13.2665300))",0.08063768192024197,13.266438828986434,77.16310245176987,010326644025716310
c1ceaf98db97,Tumkur,Byrasandra,2025.0,1.0,finger_millet,2025-08-01,1.0,"POLYGON((77.1626878 13.2668234, 77.1626281 13.2664980, 77.1628504 13.2664504, 77.1629466 13.2668080, 77.1626878 13.2668234))",0.10136409614838403,13.26664803325173,77.16278113541712,010326665025716278
120ccf3c06d1,Tumkur,Byrasandra,2025.0,1.0,finger_millet,2025-07-16,1.0,"POLYGON((77.1650924 13.2656874, 77.1652403 13.2661090, 77.1666032 13.2657592, 77.1665740 13.2653768, 77.1650924 13.2656874))",0.7200683573097928,13.26573499224291,77.16585821020439,010326573025716586
36c275c7696b,Tumkur,Byrasandra,2025.0,1.0,finger_millet,2025-07-24,1.0,"POLYGON((77.1670662 13.2661577, 77.1670964 13.2670485, 77.1667892 13.2670867, 77.1667128 13.2662934, 77.1670662 13.2661577))",0.3387324383299644,13.26663490639669,77.16691820153018,010326663025716692
cdfa999e679a,Tumkur,Byrasandra,2025.0,1.0,finger_millet,2025-07-16,1.0,"POLYGON((77.1662967 13.2660529, 77.1663021 13.2661309, 77.1671366 13.2660255, 77.1671198 13.2659312, 77.1662967 13.2660529))",0.08704957023930128,13.266033281350296,77.16672790685581,010326603025716673
a5896ad13d59,Tumkur,Byrasandra,2025.0,1.0,finger_millet,2025-07-17,1.0,"POLYGON((77.1671376 13.2660699, 77.1663095 13.2661505, 77.1663202 13.2662020, 77.1671443 13.2661417, 77.1671376 13.2660699))",0.06177980514936125,13.266139112009107,77.16674982292606,010326614025716675
a265098b4017,Tumkur,Byrasandra,2025.0,1.0,finger_millet,2025-08-01,1.0,"POLYGON((77.1628840 13.2671226, 77.1630630 13.2671099, 77.1630620 13.2669546, 77.1628461 13.2669546, 77.1628840 13.2671226))",0.0384037371198001,13.26703305368487,77.16296204827324,010326703025716296
57145b8cb2fc,Tumkur,Byrasandra,2025.0,1.0,sorghum,2025-09-18,1.0,"POLYGON((77.1652453 13.2666605, 77.1654146 13.2666478, 77.1654196 13.2667108, 77.1652517 13.2667265, 77.1652453 13.2666605))",0.01311873732338593,13.266686424344206,77.16533214594718,010326669025716533
4484763e4afe,Tumkur,Byrasandra,2025.0,1.0,sorghum,2025-09-18,1.0,"POLYGON((77.1652406 13.2665989, 77.1652453 13.2666521, 77.1654193 13.2666436, 77.1654103 13.2665829, 77.1652406 13.2665989))",0.011823412377663363,13.266619298223043,77.16533082964139,010326662025716533
913c0908b286,Tumkur,Byrasandra,2025.0,1.0,finger_millet,2025-07-16,1.0,"POLYGON((77.1653258 13.2669673, 77.1653063 13.2667408, 77.1648493 13.2667562, 77.1648993 13.2670407, 77.1653258 13.2669673))",0.1370671910948158,13.26687604186816,77.16508634485746,010326688025716509
0fc786be25c4,Tumkur,Byrasandra,2025.0,1.0,finger_millet,2025-07-23,1.0,"POLYGON((77.1661489 13.2671135, 77.1664359 13.2671308, 77.1662025 13.2658682, 77.1659873 13.2660650, 77.1661489 13.2671135))",0.36888323976229415,13.266555613676468,77.16619989367148,010326656025716620
12410abfda28,Tumkur,Byrasandra,2025.0,1.0,sorghum,2025-09-18,1.0,"POLYGON((77.1660074 13.2662696, 77.1656047 13.2663678, 77.1655474 13.2660278, 77.1658823 13.2659903, 77.1660074 13.2662696))",0.14425087136716516,13.266170386542681,77.16575758640776,010326617025716576
ea848ba81f33,Tumkur,Byrasandra,2025.0,1.0,finger_millet,2025-07-24,1.0,"POLYGON((77.1632243 13.2671037, 77.1632142 13.2669637, 77.1630305 13.2669546, 77.1630459 13.2671096, 77.1632243 13.2671037))",0.03196898010435566,13.267032591733594,77.16312714826623,010326703025716313
7ff72cd3a689,Tumkur,Byrasandra,2025.0,1.0,finger_millet,2025-07-25,1.0,"POLYGON((77.1636584 13.2673445, 77.1636514 13.2672466, 77.1634734 13.2672346, 77.1634730 13.2673491, 77.1636584 13.2673445))",0.02311005374016139,13.26729403506812,77.16356167607745,010326729025716356
efacd10ac3e0,Tumkur,Byrasandra,2025.0,1.0,finger_millet,2025-08-01,1.0,"POLYGON((77.1636819 13.2676392, 77.1639143 13.2675938, 77.1638821 13.2674170, 77.1636551 13.2674786, 77.1636819 13.2676392))",0.048312690573274725,13.26753186471419,77.1637852710178,010326753025716379
37deb1e2c8a2,Tumkur,Byrasandra,2025.0,1.0,sorghum,2025-08-07,1.0,"POLYGON((77.1636051 13.2677756, 77.1636303 13.2678719, 77.1638328 13.2678520, 77.1638341 13.2677453, 77.1636051 13.2677756))",0.026590882338922074,13.267809951485845,77.16372673937771,010326781025716373
43d0496f8aa0,Tumkur,Byrasandra,2025.0,1.0,horse_gram,2025-07-25,1.0,"POLYGON((77.1640048 13.2679747, 77.1642180 13.2679792, 77.1642287 13.2678131, 77.1638988 13.2678644, 77.1640048 13.2679747))",0.04629537536109153,13.26790162424888,77.16409294617715,010326790025716409
8d3f7cfafb5d,Raichur,Uppar Nandihal,2025.0,1.0,pigeon_pea,2025-06-01,1.0,"POLYGON((76.3646381 16.0290038, 76.3645851 16.0288076, 76.3651236 16.0286207, 76.3651967 16.0288511, 76.3650190 16.0289184, 76.3648604 16.0289687, 76.3646381 16.0290038))",0.16060618563004683,16.028825687949723,76.36489496670059,010602883025636489
f3ff874bfa3e,Raichur,Uppar Nandihal,2025.0,1.0,pigeon_pea,2025-06-01,1.0,"POLYGON((76.3646783 16.0291536, 76.3650807 16.0302193, 76.3648597 16.0302947, 76.3641680 16.0291846, 76.3646103 16.0290363, 76.3646783 16.0291536))",0.5416178480899752,16.029616041408246,76.36465137421979,010602962025636465
c3701da78faa,Raichur,Uppar Nandihal,2025.0,1.0,pigeon_pea,2025-06-01,0.0,"POLYGON((76.3647380 16.0310964, 76.3645187 16.0305164, 76.3648721 16.0303221, 76.3658481 16.0299808, 76.3664258 16.0297752, 76.3667151 16.0306195, 76.3657579 16.0309279, 76.3648007 16.0312543, 76.3647380 16.0310964))",2.0737655490380233,16.03052198626546,76.36562178431264,010603052025636562
926d5d9810a1,Raichur,Uppar Nandihal,2025.0,1.0,pigeon_pea,2025-06-01,0.0,"POLYGON((76.3674460 16.0344670, 76.3676469 16.0344241, 76.3677816 16.0351028, 76.3679932 16.0355610, 76.3674216 16.0357556, 76.3672469 16.0351150, 76.3672056 16.0349014, 76.3675681 16.0347979, 76.3675332 16.0346861, 76.3674715 16.0345988, 76.3674460 16.0344670))",0.6355652721605592,16.035181154044484,76.36757241949829,010603518025636757
0394f39726ba,Raichur,Uppar Nandihal,2025.0,1.0,cotton,2025-06-01,0.0,"POLYGON((76.3670809 16.0345321, 76.3673498 16.0344647, 76.3674299 16.0347512, 76.3674326 16.0347780, 76.3671691 16.0348659, 76.3670809 16.0345321))",0.11055458611972603,16.03466063355637,76.36725778684743,010603466025636726
04178c8afc30,Raichur,Uppar Nandihal,2025.0,1.0,pigeon_pea,2025-06-01,0.0,"POLYGON((76.3657603 16.0340607, 76.3659071 16.0347796, 76.3652362 16.0348959, 76.3637825 16.0351066, 76.3637577 16.0351092, 76.3637483 16.0350209, 76.3637191 16.0348492, 76.3636205 16.0343355, 76.3640842 16.0342717, 76.3645013 16.0342141, 76.3649761 16.0341535, 76.3652533 16.0341142, 76.3657207 16.0340497, 76.3657603 16.0340607))",1.9781972051565342,16.034572127589804,76.36475533834016,010603457025636476
6b87f31c56a5,Raichur,Uppar Nandihal,2025.0,1.0,pigeon_pea,2025-06-01,0.0,"POLYGON((76.3660114 16.0339988, 76.3660694 16.0345485, 76.3661036 16.0347486, 76.3659034 16.0347754, 76.3658655 16.0344196, 76.3657854 16.0340452, 76.3660114 16.0339988))",0.17835177349389178,16.03438131015642,76.36595219633104,010603438025636595
07264ed5fd83,Raichur,Uppar Nandihal,2025.0,1.0,pigeon_pea,2025-06-01,0.0,"POLYGON((76.3663081 16.0339392, 76.3664134 16.0346165, 76.3661110 16.0346755, 76.3660278 16.0340020, 76.3663081 16.0339392))",0.23958448995083145,16.034312296057877,76.36621593075338,010603431025636622
5f142fde5b13,Raichur,Uppar Nandihal,2025.0,1.0,pigeon_pea,2025-06-01,0.0,"POLYGON((76.3668851 16.0338457, 76.3670591 16.0345492, 76.3664784 16.0346636, 76.3663557 16.0339337, 76.3668851 16.0338457))",0.4883346832921308,16.034254127481077,76.36669475421425,010603425025636669
0354efefa5ed,Raichur,Uppar Nandihal,2025.0,1.0,pigeon_pea,2025-06-01,0.0,"POLYGON((76.3682520 16.0336949, 76.3683627 16.0342949, 76.3693216 16.0341496, 76.3692082 16.0335725, 76.3682520 16.0336949))",0.6844596389381206,16.03392875683782,76.36878322874095,010603393025636878
cb278878f6d9,Raichur,Uppar Nandihal,2025.0,1.0,pigeon_pea,2025-06-01,1.0,"POLYGON((76.3669384 16.0338876, 76.3678048 16.0337681, 76.3682239 16.0337017, 76.3682504 16.0337004, 76.3682899 16.0339414, 76.3683392 16.0342869, 76.3677458 16.0343781, 76.3671027 16.0345327, 76.3670263 16.0343197, 76.3669123 16.0338960, 76.3669384 16.0338876))",0.9552731469965309,16.034096774712406,76.36763389317606,010603410025636763
fb87b352cf2f,Raichur,Uppar Nandihal,2025.0,1.0,pigeon_pea,2025-06-01,1.0,"POLYGON((76.3662451 16.0336946, 76.3662964 16.0339385, 76.3656483 16.0340468, 76.3644909 16.0342021, 76.3636246 16.0343239, 76.3635937 16.0342031, 76.3635625 16.0340081, 76.3639223 16.0339356, 76.3644886 16.0338135, 76.3650512 16.0336940, 76.3655973 16.0335799, 76.3660208 16.0334839, 76.3661968 16.0334439, 76.3662451 16.0336946))",1.3242586019384952,16.033916120932183,76.36502060659102,010603392025636502
63a887f94d2e,Raichur,Uppar Nandihal,2025.0,1.0,pigeon_pea,2025-06-01,0.0,"POLYGON((76.3662669 16.0334268, 76.3662940 16.0336843, 76.3663359 16.0339279, 76.3668751 16.0338264, 76.3667453 16.0333147, 76.3662669 16.0334268))",0.3198293864084455,16.033628633324167,76.36655658458673,010603363025636656
04407f6fca17,Raichur,Uppar Nandihal,2025.0,1.0,pigeon_pea,2025-06-01,0.0,"POLYGON((76.3651202 16.0336614, 76.3649050 16.0329844, 76.3634589 16.0332880, 76.3635930 16.0339885, 76.3651202 16.0336614))",1.276511136488265,16.033483988579285,76.36426902565903,010603348025636427
5ec0d38002c4,Raichur,Uppar Nandihal,2025.0,1.0,other:masari hola,2025-06-01,0.0,"POLYGON((76.3655742 16.0335802, 76.3667255 16.0332921, 76.3665009 16.0324940, 76.3653905 16.0328752, 76.3655742 16.0335802))",1.0863956777660275,16.033057561135056,76.36606019596672,010603306025636606
feb2a2d6896f,Raichur,Uppar Nandihal,2025.0,1.0,cotton,2025-06-01,1.0,"POLYGON((76.3652647 16.0319893, 76.3660318 16.0317409, 76.3663339 16.0325220, 76.3657549 16.0327244, 76.3654169 16.0328500, 76.3652631 16.0324576, 76.3651149 16.0320441, 76.3652647 16.0319893))",0.977083448360564,16.032288982081813,76.36571996712684,010603229025636572
9d1561be0e3f,Raichur,Uppar Nandihal,2025.0,1.0,pigeon_pea,2025-06-01,1.0,"POLYGON((76.3651182 16.0320148, 76.3648319 16.0312630, 76.3659329 16.0309086, 76.3662189 16.0316304, 76.3656956 16.0318163, 76.3651182 16.0320148))",1.0867069004637673,16.03145654581974,76.36552268509848,010603146025636552
ac907e025bc5,Raichur,Uppar Nandihal,2025.0,1.0,sunflower,2025-06-01,0.0,"POLYGON((76.3748151 16.0316420, 76.3746213 16.0316881, 76.3745261 16.0312353, 76.3743681 16.0304246, 76.3747242 16.0303234, 76.3749076 16.0312405, 76.3749123 16.0313007, 76.3749948 16.0312927, 76.3750689 16.0315898, 76.3749465 16.0316139, 76.3748151 16.0316420))",0.5993636819299766,16.03103260962597,76.37468888746633,010603103025637469
ceb3936d4121,Raichur,Uppar Nandihal,2025.0,1.0,sunflower,2025-06-01,0.0,"POLYGON((76.3748288 16.0316481, 76.3750752 16.0318140, 76.3751182 16.0322626, 76.3750343 16.0322893, 76.3751088 16.0327456, 76.3743930 16.0328214, 76.3742360 16.0317944, 76.3748288 16.0316481))",0.9743771613428122,16.03223511635813,76.37469353960873,010603224025637469
ce499cbfb4b8,Raichur,Uppar Nandihal,2025.0,1.0,sunflower,2025-06-01,0.0,"POLYGON((76.3740748 16.0311193, 76.3739819 16.0305100, 76.3735564 16.0306247, 76.3735554 16.0307868, 76.3740748 16.0311193))",0.20965018459119905,16.030773309653664,76.37383714597097,010603077025637384
e6a46d2c7e71,Raichur,Uppar Nandihal,2025.0,1.0,pigeon_pea,2025-06-01,0.0,"POLYGON((76.3398186 16.0392846, 76.3396074 16.0381378, 76.3393687 16.0382049, 76.3396060 16.0393095, 76.3398186 16.0392846))",0.3126681970152518,16.03872027327329,76.33959802002083,010603872025633960
c58de9ea8ce2,Raichur,Uppar Nandihal,2025.0,1.0,pigeon_pea,2025-06-01,0.0,"POLYGON((76.3400821 16.0399748, 76.3404617 16.0399307, 76.3403463 16.0392950, 76.3395900 16.0393584, 76.3385358 16.0391500, 76.3386529 16.0396123, 76.3386170 16.0401459, 76.3400821 16.0399748))",1.5882657665950493,16.039665154566286,76.33944212492949,010603967025633944
cd480c4fe8d5,Raichur,Uppar Nandihal,2025.0,1.0,pigeon_pea,2025-06-01,1.0,"POLYGON((76.3401703 16.0406177, 76.3401824 16.0404782, 76.3402867 16.0404459, 76.3403091 16.0399961, 76.3386405 16.0401698, 76.3385979 16.0408181, 76.3392637 16.0408213, 76.3392537 16.0406406, 76.3398538 16.0406312, 76.3401703 16.0406177))",1.204313162582098,16.040396816744295,76.33942016085258,010604040025633942
27e04b8b8010,Raichur,Uppar Nandihal,2025.0,1.0,pigeon_pea,2025-06-01,0.0,"POLYGON((76.3401569 16.0406934, 76.3401338 16.0406415, 76.3392667 16.0406705, 76.3392667 16.0408226, 76.3398431 16.0408014, 76.3400563 16.0407685, 76.3401569 16.0406934))",0.14744465944535654,16.040728814482012,76.33968239901614,010604073025633968
2e3cde18038a,Raichur,Uppar Nandihal,2025.0,1.0,pigeon_pea,2025-06-01,0.0,"POLYGON((76.3411282 16.0374402, 76.3410239 16.0362428, 76.3409837 16.0361861, 76.3400845 16.0362586, 76.3400671 16.0375321, 76.3408653 16.0374612, 76.3411282 16.0374402))",1.495471157063787,16.036867095435724,76.34057427827274,010603687025634057
1558d17b554d,Raichur,Uppar Nandihal,2025.0,1.0,pigeon_pea,2025-06-01,1.0,"POLYGON((76.3411336 16.0375018, 76.3412097 16.0390246, 76.3408177 16.0390030, 76.3406025 16.0388964, 76.3403473 16.0383573, 76.3400627 16.0379094, 76.3400637 16.0375353, 76.3407483 16.0375018, 76.3411336 16.0375018))",1.5396433553772715,16.038168642816387,76.3407144902058,010603817025634071
139acebfeb73,Raichur,Uppar Nandihal,2025.0,1.0,onion,2025-06-01,1.0,"POLYGON((76.3414182 16.0373806, 76.3413133 16.0364365, 76.3415399 16.0365741, 76.3415905 16.0374222, 76.3416241 16.0377905, 76.3417223 16.0389576, 76.3415201 16.0389479, 76.3414534 16.0384240, 76.3414283 16.0381272, 76.3414199 16.0376191, 76.3414182 16.0373806))",0.5853808873409997,16.037758536242276,76.34152167308896,010603776025634152
eda68f58d952,Raichur,Uppar Nandihal,2025.0,1.0,cotton,2025-06-01,1.0,"POLYGON((76.3449061 16.0345582, 76.3458331 16.0341905, 76.3455106 16.0329116, 76.3452246 16.0315401, 76.3450972 16.0314722, 76.3444397 16.0316861, 76.3446110 16.0323554, 76.3446952 16.0336379, 76.3446999 16.0338863, 76.3448263 16.0343842, 76.3449061 16.0345582))",3.0033261865253715,16.033061559622453,76.34509459611247,010603306025634509
677124d465eb,Raichur,Uppar Nandihal,2025.0,1.0,sunflower,2025-09-01,0.0,"POLYGON((76.3496932 16.0331562, 76.3497663 16.0336882, 76.3504881 16.0336237, 76.3503812 16.0330228, 76.3496932 16.0331562))",0.48295132878225266,16.03337315212263,76.35008988362964,010603337025635009
f65ca5673dcf,Raichur,Uppar Nandihal,2025.0,1.0,pigeon_pea,2025-06-01,1.0,"POLYGON((76.3496405 16.0323473, 76.3496737 16.0325787, 76.3495889 16.0326090, 76.3496650 16.0331307, 76.3503661 16.0330437, 76.3503929 16.0330344, 76.3502420 16.0323051, 76.3501377 16.0322984, 76.3501216 16.0322056, 76.3500130 16.0322239, 76.3499885 16.0321556, 76.3496405 16.0323473))",0.6733858663111278,16.03268591169992,76.34997256833077,010603269025634997
a5a4662c96ba,Raichur,Uppar Nandihal,2025.0,1.0,pigeon_pea,2025-06-01,0.0,"POLYGON((76.3590028 16.0321031, 76.3589589 16.0317718, 76.3596780 16.0316591, 76.3600472 16.0335751, 76.3602242 16.0343127, 76.3595459 16.0344844, 76.3593022 16.0333846, 76.3590648 16.0324308, 76.3590028 16.0321031))",2.319211530815262,16.033038094079355,76.35958279103222,010603304025635958
4ba9ca14e70b,Raichur,Uppar Nandihal,2025.0,1.0,pigeon_pea,2025-06-01,1.0,"POLYGON((76.3590088 16.0322781, 76.3593099 16.0338612, 76.3587607 16.0340491, 76.3586578 16.0329206, 76.3585344 16.0317902, 76.3589414 16.0317477, 76.3590088 16.0322781))",1.2321870262850514,16.032929740902212,76.35889049156837,010603293025635889
586dbae002ba,Raichur,Uppar Nandihal,2025.0,1.0,pigeon_pea,2025-06-01,1.0,"POLYGON((76.3579825 16.0325884, 76.3581586 16.0338251, 76.3585377 16.0337558, 76.3583929 16.0328980, 76.3581599 16.0317854, 76.3578581 16.0317821, 76.3579825 16.0325884))",0.8373903246842382,16.03283090568374,76.35819144786458,010603283025635819
3d6abb88ef15,Raichur,Uppar Nandihal,2025.0,1.0,cotton,2025-06-01,1.0,"POLYGON((76.3579614 16.0326535, 76.3578390 16.0317995, 76.3575081 16.0318070, 76.3576798 16.0327157, 76.3578618 16.0337968, 76.3581301 16.0337552, 76.3579614 16.0326535))",0.6911217690914299,16.03275865528912,76.35783057006714,010603276025635783
dac38f65e2ce,Raichur,Uppar Nandihal,2025.0,1.0,pigeon_pea,2025-06-01,1.0,"POLYGON((76.3593917 16.0304313, 76.3586373 16.0305783, 76.3577971 16.0307271, 76.3576915 16.0301210, 76.3583262 16.0299708, 76.3589629 16.0298023, 76.3590772 16.0297701, 76.3592526 16.0301494, 76.3593917 16.0304313))",1.1927063698706293,16.030269205103473,76.35851005273736,010603027025635851
adde029b0538,Raichur,Uppar Nandihal,2025.0,1.0,cotton,2025-06-01,1.0,"POLYGON((76.3596200 16.0304365, 76.3594437 16.0304710, 76.3590440 16.0296409, 76.3592868 16.0294221, 76.3593686 16.0295622, 76.3597263 16.0295999, 76.3597759 16.0295906, 76.3600281 16.0303566, 76.3596200 16.0304365))",0.7051378059950643,16.02997144097956,76.35954236643627,010602997025635954
b3db8c3d45d4,Raichur,Uppar Nandihal,2025.0,1.0,pigeon_pea,2025-06-01,1.0,"POLYGON((76.3596546 16.0309511, 76.3594061 16.0304497, 76.3578015 16.0307346, 76.3579708 16.0316794, 76.3586678 16.0316355, 76.3599315 16.0315411, 76.3596546 16.0309511))",2.244831934797311,16.03111315878191,76.35881060664383,010603111025635881
723e6b7ee494,Raichur,Uppar Nandihal,2025.0,1.0,cotton,2025-06-01,0.0,"POLYGON((76.3600981 16.0315192, 76.3599660 16.0315508, 76.3598178 16.0312611, 76.3597065 16.0309936, 76.3601618 16.0308744, 76.3605568 16.0307913, 76.3606916 16.0313832, 76.3605045 16.0314383, 76.3600981 16.0315192))",0.5923555690686654,16.03117173192424,76.36022588953693,010603117025636023
653213dbd534,Raichur,Uppar Nandihal,2025.0,1.0,pigeon_pea,2025-06-01,0.0,"POLYGON((76.3623948 16.0324743, 76.3619317 16.0325481, 76.3616682 16.0326477, 76.3613782 16.0313094, 76.3628880 16.0309569, 76.3631783 16.0323248, 76.3623948 16.0324743))",2.5010442071643664,16.031799627679355,76.3622816430197,010603180025636228
9862e16552fe,Raichur,Uppar Nandihal,2025.0,1.0,pigeon_pea,2025-06-01,0.0,"POLYGON((76.3621262 16.0299834, 76.3610459 16.0302957, 76.3608434 16.0296025, 76.3611978 16.0294424, 76.3615921 16.0293206, 76.3621262 16.0299834))",0.8747648601933019,16.029811534605756,76.36141644413183,010602981025636142
f587db6835c2,Raichur,Uppar Nandihal,2025.0,1.0,cotton,2025-06-01,1.0,"POLYGON((76.3623512 16.0301877, 76.3626419 16.0305605, 76.3635967 16.0301842, 76.3642213 16.0299531, 76.3645425 16.0298581, 76.3642036 16.0293599, 76.3637144 16.0296106, 76.3628504 16.0299844, 76.3623512 16.0301877))",1.175043035558746,16.029977148245692,76.36347136773962,010602998025636347
1cc79d5b85c7,Raichur,Uppar Nandihal,2025.0,1.0,pigeon_pea,2025-06-01,1.0,"POLYGON((76.3623304 16.0301716, 76.3628930 16.0299512, 76.3642123 16.0293550, 76.3635897 16.0284135, 76.3615013 16.0291698, 76.3620417 16.0298071, 76.3623304 16.0301716))",2.976178163732845,16.029283489276963,76.36289063815457,010602928025636289
397c905f2073,Raichur,Uppar Nandihal,2025.0,1.0,pigeon_pea,2025-06-01,1.0,"POLYGON((76.3629061 16.0309044, 76.3644802 16.0304606, 76.3648336 16.0302892, 76.3645586 16.0298684, 76.3642468 16.0299573, 76.3635072 16.0302009, 76.3626533 16.0305651, 76.3629061 16.0309044))",1.1978649945907514,16.030393666306775,76.3637770460934,010603039025636378
e328a2ca970e,Gadag,Yarebeleri,2025.0,2.0,chickpea,2025-11-12,0.0,"POLYGON((75.7029629 15.5367673, 75.7031145 15.5367795, 75.7030625 15.5377334, 75.7029163 15.5377276, 75.7029629 15.5367673))",0.16949901329358558,15.537248919144453,75.70301415691216,010553725025570301
a8d0c3c59cfe,Gadag,Yarebeleri,2025.0,2.0,chickpea,2025-11-16,0.0,"POLYGON((75.7020996 15.5366513, 75.7021492 15.5387061, 75.7025573 15.5387354, 75.7025851 15.5367388, 75.7020996 15.5366513))",1.0724879044102773,15.537678630869685,75.70234676213694,010553768025570235
257b8ad42e0e,Gadag,Yarebeleri,2025.0,2.0,chickpea,2025-11-17,0.0,"POLYGON((75.7015159 15.5365182, 75.7016581 15.5365412, 75.7016638 15.5376814, 75.7015159 15.5376827, 75.7015159 15.5365182))",0.19813741915668295,15.53710967480255,75.70158815245544,010553711025570159
69abbd02112a,Gadag,Yarebeleri,2025.0,2.0,chickpea,2025-11-08,0.0,"POLYGON((75.7011702 15.5372376, 75.7011592 15.5386531, 75.7015193 15.5386725, 75.7014884 15.5372657, 75.7011702 15.5372376))",0.5672546974831754,15.537971751224324,75.70133413077295,010553797025570133
6b9f26f51871,Gadag,Yarebeleri,2025.0,2.0,chickpea,2025-11-08,0.0,"POLYGON((75.7021241 15.5386999, 75.7016748 15.5386657, 75.7016748 15.5365651, 75.7021103 15.5366277, 75.7021241 15.5386999))",1.094237455868885,15.537644976515,75.70189550625686,010553764025570190
876a0df3c2f5,Gadag,Yarebeleri,2025.0,2.0,chickpea,2025-11-08,0.0,"POLYGON((75.7006375 15.5402491, 75.7028617 15.5400776, 75.7028761 15.5395950, 75.7006643 15.5397630, 75.7006375 15.5402491))",1.2699196820857963,15.53992147780468,75.70175888906674,010553992025570176
1357451b4223,Gadag,Yarebeleri,2025.0,2.0,onion,2025-10-09,0.0,"POLYGON((75.7027420 15.5419201, 75.7027125 15.5414323, 75.7004913 15.5417428, 75.7005540 15.5423029, 75.7027420 15.5419201))",1.3887446789359832,15.541853210055006,75.70159807063457,010554185025570160
fc3e773986ee,Gadag,Yarebeleri,2025.0,2.0,onion,2025-10-08,0.0,"POLYGON((75.7040895 15.5418765, 75.7040700 15.5416743, 75.7006475 15.5423197, 75.7007163 15.5424786, 75.7040895 15.5418765))",0.760207308454426,15.542077569562684,75.70243215082428,010554208025570243
8368b67b7277,Gadag,Yarebeleri,2025.0,2.0,other:cotten,2025-11-09,0.0,"POLYGON((75.7023484 15.5432025, 75.7024195 15.5437713, 75.7034525 15.5435546, 75.7033794 15.5429857, 75.7023484 15.5432025))",0.7146702347578421,15.543378587091196,75.70289999167363,010554338025570290
95e3e1375a76,Gadag,Yarebeleri,2025.0,2.0,wheat,2025-11-23,0.0,"POLYGON((75.7041498 15.5421255, 75.7066952 15.5419153, 75.7060022 15.5427858, 75.7042209 15.5429189, 75.7041498 15.5421255))",2.071026975561893,15.542411780444816,75.70527982667078,010554241025570528
ff1429c172a8,Gadag,Yarebeleri,2025.0,2.0,chickpea,2025-11-15,0.0,"POLYGON((75.7080119 15.5436250, 75.7084970 15.5429221, 75.7080414 15.5410208, 75.7074131 15.5412036, 75.7080119 15.5436250))",1.7038208047889705,15.542197528048263,75.70797836058159,010554220025570798
50dedacb5f3f,Gadag,Yarebeleri,2025.0,2.0,chickpea,2025-11-28,1.0,"POLYGON((75.7041046 15.5417608, 75.7041133 15.5421391, 75.7066564 15.5419246, 75.7072823 15.5409617, 75.7041046 15.5417608))",2.0892387857755477,15.541656409660826,75.70572546197849,010554166025570573
474738ad0f61,Tumkur,Haralur,2025.0,1.0,sorghum,2025-08-08,1.0,"POLYGON((77.1675433 13.2530089, 77.1676231 13.2530330, 77.1676211 13.2529096, 77.1675611 13.2529061, 77.1675433 13.2530089))",0.009601898439718906,13.252967382889866,77.16758777070697,010325297025716759
8ce6eeee8093,Tumkur,Haralur,2025.0,1.0,sorghum,2025-09-26,1.0,"POLYGON((77.1684237 13.2515997, 77.1683855 13.2512312, 77.1676744 13.2512988, 77.1677672 13.2517074, 77.1684237 13.2515997))",0.32518650192037557,13.2514579264555,77.16805556862857,010325146025716806
d4576bef8911,Tumkur,Haralur,2025.0,1.0,sorghum,2025-08-21,1.0,"POLYGON((77.1677331 13.2524554, 77.1675228 13.2524619, 77.1675057 13.2522671, 77.1677434 13.2522488, 77.1677331 13.2524554))",0.053906397313085164,13.252356167608317,77.16762718099692,010325236025716763
60bfa6a470f4,Tumkur,Haralur,2025.0,1.0,finger_millet,2025-07-29,1.0,"POLYGON((77.1641852 13.2498227, 77.1639240 13.2499245, 77.1640112 13.2501513, 77.1642385 13.2500939, 77.1641852 13.2498227))",0.07957164032740918,13.249993705897896,77.16409116711789,010324999025716409
745ee25d0f02,Tumkur,Haralur,2025.0,1.0,finger_millet,2025-07-18,1.0,"POLYGON((77.1646975 13.2513135, 77.1642606 13.2513543, 77.1640715 13.2507254, 77.1646405 13.2505887, 77.1646975 13.2513135))",0.42092866722173405,13.250978434791223,77.1644189084564,010325098025716442
a5b0849a1fc2,Tumkur,Haralur,2025.0,1.0,finger_millet,2025-07-17,1.0,"POLYGON((77.1648078 13.2513086, 77.1647250 13.2507551, 77.1649861 13.2506879, 77.1651524 13.2512104, 77.1648078 13.2513086))",0.2076041928158017,13.251003196220653,77.16492038081297,010325100025716492
8e17c0b10950,Tumkur,Haralur,2025.0,1.0,finger_millet,2025-07-31,1.0,"POLYGON((77.1642981 13.2505550, 77.1645188 13.2505446, 77.1644755 13.2503468, 77.1642398 13.2503113, 77.1642981 13.2505550))",0.05958710623895379,13.250438851201741,77.1643790299029,010325044025716438
5294ee094a21,Tumkur,Haralur,2025.0,1.0,finger_millet,2025-07-31,1.0,"POLYGON((77.1642546 13.2507257, 77.1644349 13.2506415, 77.1643193 13.2503498, 77.1641644 13.2504992, 77.1642546 13.2507257))",0.066453991586103,13.250551578025041,77.16429677332299,010325055025716430
e5d4f47acd12,Tumkur,Haralur,2025.0,1.0,finger_millet,2025-07-17,1.0,"POLYGON((77.1623073 13.2518317, 77.1624045 13.2518467, 77.1625758 13.2523412, 77.1623720 13.2523963, 77.1623073 13.2518317))",0.09834145270248125,13.252138951874466,77.16242137020654,010325214025716242
381dbabc2d40,Tumkur,Haralur,2025.0,1.0,sorghum,2025-09-18,1.0,"POLYGON((77.1626999 13.2523017, 77.1626084 13.2523402, 77.1623981 13.2518001, 77.1625252 13.2517544, 77.1626999 13.2523017))",0.08090724869156295,13.252035216688968,77.16255288315007,010325204025716255
a72dbf95be86,Tumkur,Haralur,2025.0,1.0,finger_millet,2025-07-17,1.0,"POLYGON((77.1618010 13.2516761, 77.1618640 13.2517694, 77.1627200 13.2515625, 77.1627093 13.2514613, 77.1618010 13.2516761))",0.11210003763449003,13.251617620097372,77.16227017048547,010325162025716227
f2de3d2236aa,Tumkur,Haralur,2025.0,1.0,finger_millet,2025-07-18,1.0,"POLYGON((77.1620427 13.2517456, 77.1620454 13.2518180, 77.1622865 13.2518330, 77.1627545 13.2516405, 77.1626540 13.2515834, 77.1620427 13.2517456))",0.09376203531497995,13.251719047250385,77.16237502718428,010325172025716238
1d33c3589f15,Tumkur,Haralur,2025.0,1.0,finger_millet,2025-08-01,1.0,"POLYGON((77.1626177 13.2509656, 77.1628410 13.2509349, 77.1628320 13.2507189, 77.1625343 13.2507590, 77.1626177 13.2509656))",0.06791877505853122,13.25083958630838,77.16270509123092,010325084025716271
97b7b9e14f8b,Tumkur,Haralur,2025.0,1.0,horse_gram,2025-07-31,1.0,"POLYGON((77.1616907 13.2514773, 77.1616669 13.2512975, 77.1625564 13.2510455, 77.1626084 13.2512613, 77.1616907 13.2514773))",0.22472442378202423,13.25126671624505,77.16214632514443,010325127025716215
cd4b6a235ffa,Tumkur,Haralur,2025.0,1.0,sorghum,2025-09-18,1.0,"POLYGON((77.1617236 13.2516685, 77.1617004 13.2514636, 77.1627130 13.2512942, 77.1627089 13.2514391, 77.1617236 13.2516685))",0.21164515278938306,13.25147218364356,77.16218063261219,010325147025716218
4146edb37912,Tumkur,Haralur,2025.0,1.0,finger_millet,2025-07-16,1.0,"POLYGON((77.1628903 13.2509917, 77.1630476 13.2511852, 77.1628796 13.2512557, 77.1627659 13.2510168, 77.1628903 13.2509917))",0.04562636566229589,13.251120210458955,77.16289901445424,010325112025716290
e841913507d7,Tumkur,Haralur,2025.0,1.0,finger_millet,2025-07-15,1.0,"POLYGON((77.1627086 13.2512822, 77.1626358 13.2510247, 77.1627636 13.2510152, 77.1628893 13.2512518, 77.1627086 13.2512822))",0.048017548101375394,13.25115133098164,77.16275177238356,010325115025716275
64d4cbb06e2b,Tumkur,Haralur,2025.0,1.0,horse_gram,2025-09-17,1.0,"POLYGON((77.1629567 13.2510279, 77.1628591 13.2509375, 77.1631036 13.2503974, 77.1633181 13.2509183, 77.1629567 13.2510279))",0.17167588535047354,13.250782880791773,77.16308620323105,010325078025716309
b709f6a26aae,Tumkur,Haralur,2025.0,1.0,sorghum,2025-08-14,1.0,"POLYGON((77.1639019 13.2502098, 77.1636423 13.2503109, 77.1637869 13.2507936, 77.1640232 13.2507166, 77.1639019 13.2502098))",0.16116146247332214,13.250503015527674,77.16383796331,010325050025716384
549373d4a03b,Tumkur,Haralur,2025.0,1.0,finger_millet,2025-07-16,1.0,"POLYGON((77.1636018 13.2502861, 77.1637034 13.2508109, 77.1634227 13.2508925, 77.1632544 13.2503677, 77.1636018 13.2502861))",0.21060999864109817,13.250580812053705,77.16349252949364,010325058025716349
ae83d24809a6,Tumkur,Haralur,2025.0,1.0,finger_millet,2025-07-17,1.0,"POLYGON((77.1651494 13.2483107, 77.1650502 13.2483137, 77.1650207 13.2484795, 77.1651457 13.2484664, 77.1651494 13.2483107))",0.021438523698276556,13.24839557350768,77.16509070154119,010324840025716509
b1d2bf105325,Tumkur,Haralur,2025.0,1.0,finger_millet,2025-07-17,1.0,"POLYGON((77.1649452 13.2488316, 77.1647722 13.2488094, 77.1647384 13.2490085, 77.1649157 13.2490202, 77.1649452 13.2488316))",0.04133277802655032,13.24891757782612,77.16484204201244,010324892025716484
a6b5fde3bed3,Tumkur,Haralur,2025.0,1.0,finger_millet,2025-08-03,1.0,"POLYGON((77.1652855 13.2488306, 77.1651068 13.2488211, 77.1651373 13.2491136, 77.1653164 13.2491005, 77.1652855 13.2488306))",0.06032042142930985,13.248966826864132,77.16521037045187,010324897025716521
be712a0c72e4,Tumkur,Haralur,2025.0,1.0,finger_millet,2025-08-07,1.0,"POLYGON((77.1651967 13.2492412, 77.1650280 13.2493185, 77.1649499 13.2490966, 77.1651756 13.2490848, 77.1651967 13.2492412))",0.04731982934935858,13.249183720236273,77.16508033130658,010324918025716508
f0cfac1a109e,Tumkur,Haralur,2025.0,1.0,finger_millet,2025-08-01,1.0,"POLYGON((77.1648651 13.2491883, 77.1649358 13.2491632, 77.1649781 13.2493136, 77.1649154 13.2493577, 77.1648651 13.2491883))",0.014701144134796758,13.249255594811018,77.16492277702622,010324926025716492
40967f79ee77,Tumkur,Haralur,2025.0,1.0,finger_millet,2025-08-06,1.0,"POLYGON((77.1650324 13.2496099, 77.1650006 13.2494941, 77.1648916 13.2495277, 77.1649000 13.2496387, 77.1650324 13.2496099))",0.0171515955057471,13.24956904182178,77.16495735561939,010324957025716496
537b5ce044a8,Tumkur,Haralur,2025.0,1.0,finger_millet,2025-07-24,1.0,"POLYGON((77.1650736 13.2497300, 77.1649637 13.2497320, 77.1649603 13.2498407, 77.1651038 13.2498475, 77.1650736 13.2497300))",0.017131507870873187,13.249789985922405,77.1650264122079,010324979025716503
6f6b31c8e137,Tumkur,Haralur,2025.0,1.0,finger_millet,2025-08-01,1.0,"POLYGON((77.1651665 13.2500789, 77.1652192 13.2502391, 77.1650582 13.2502995, 77.1650170 13.2501050, 77.1651665 13.2500789))",0.03542135037877482,13.250183043309647,77.16511358333881,010325018025716511
960d972cd7d9,Tumkur,Haralur,2025.0,1.0,horse_gram,2025-08-10,1.0,"POLYGON((77.1651833 13.2507750, 77.1653445 13.2507466, 77.1653026 13.2505968, 77.1651558 13.2506379, 77.1651833 13.2507750))",0.027920147976413102,13.25068962173396,77.16524811743396,010325069025716525
ba5b3004ba8c,Tumkur,Haralur,2025.0,1.0,finger_millet,2025-08-07,1.0,"POLYGON((77.1653251 13.2510087, 77.1652708 13.2508670, 77.1653834 13.2508550, 77.1654099 13.2510054, 77.1653251 13.2510087))",0.017648325101254102,13.250930338698492,77.16534666630899,010325093025716535
2d861c4791c3,Tumkur,Haralur,2025.0,1.0,horse_gram,2025-08-21,1.0,"POLYGON((77.1653848 13.2508210, 77.1655420 13.2507620, 77.1655849 13.2509082, 77.1654129 13.2509049, 77.1653848 13.2508210))",0.023878067250116597,13.250847510516701,77.16548843847329,010325085025716549
3ebb8639155d,Tumkur,Haralur,2025.0,1.0,sorghum,2025-08-06,1.0,"POLYGON((77.1657321 13.2509754, 77.1658166 13.2508713, 77.1658914 13.2509943, 77.1657804 13.2511141, 77.1657321 13.2509754))",0.02357540150942355,13.250990539708432,77.16580687711492,010325099025716581
a435900fffe2,Tumkur,Haralur,2025.0,1.0,sorghum,2025-08-07,1.0,"POLYGON((77.1658595 13.2513422, 77.1661623 13.2513324, 77.1661673 13.2510723, 77.1658123 13.2511082, 77.1658595 13.2513422))",0.09793266594346048,13.251210216562752,77.16600253254181,010325121025716600
2b27e52f7afa,Tumkur,Haralur,2025.0,1.0,finger_millet,2025-07-15,1.0,"POLYGON((77.1640272 13.2507770, 77.1642468 13.2513778, 77.1632762 13.2514346, 77.1629788 13.2510436, 77.1640272 13.2507770))",0.6498783817907566,13.251146199289447,77.16365950752929,010325115025716366
9337eabc05b2,Tumkur,Haralur,2025.0,1.0,finger_millet,2025-06-10,1.0,"POLYGON((77.1639518 13.2522886, 77.1640705 13.2519600, 77.1648902 13.2521499, 77.1649244 13.2525813, 77.1639518 13.2522886))",0.4202769791971181,13.252253765997063,77.16447037956213,010325225025716447
fc72891f5998,Tumkur,Haralur,2025.0,1.0,horse_gram,2025-08-22,1.0,"POLYGON((77.1655333 13.2513588, 77.1648058 13.2513210, 77.1647602 13.2520001, 77.1656483 13.2518644, 77.1655333 13.2513588))",0.5753504778180952,13.251647599350424,77.16516892866181,010325165025716517
1f284c6f3398,Tumkur,Haralur,2025.0,1.0,sorghum,2025-09-17,1.0,"POLYGON((77.1646069 13.2524648, 77.1649821 13.2518167, 77.1657351 13.2522690, 77.1658367 13.2527905, 77.1646069 13.2524648))",0.7584233523144253,13.25233948394587,77.1652449292791,010325234025716524
3889b7b9047e,Tumkur,Haralur,2025.0,1.0,sorghum,2025-09-17,1.0,"POLYGON((77.1654679 13.2511539, 77.1653067 13.2511983, 77.1652715 13.2511085, 77.1654498 13.2510746, 77.1654679 13.2511539))",0.01844837958812803,13.251133810549264,77.16537155054912,010325113025716537
0fb390558e4f,Raichur,Killar Hatti,2025.0,1.0,pigeon_pea,2025-06-01,1.0,"POLYGON((76.3781196 16.0358017, 76.3785293 16.0357140, 76.3787733 16.0365045, 76.3789453 16.0370088, 76.3789393 16.0376013, 76.3784676 16.0379348, 76.3782905 16.0374170, 76.3781769 16.0367797, 76.3780639 16.0363086, 76.3779784 16.0358574, 76.3781196 16.0358017))",1.536130579656243,16.036779016307435,76.37849307862544,010603678025637849
15e029384c30,Raichur,Killar Hatti,2025.0,1.0,pigeon_pea,2025-06-01,0.0,"POLYGON((76.3779693 16.0353889, 76.3783737 16.0352732, 76.3785125 16.0356867, 76.3777058 16.0358677, 76.3776096 16.0354869, 76.3779693 16.0353889))",0.395250750564413,16.035578835761587,76.37805763582928,010603558025637806
058682b24eb7,Raichur,Killar Hatti,2025.0,1.0,sunflower,2025-06-01,0.0,"POLYGON((76.3782325 16.0348485, 76.3783395 16.0352452, 76.3775811 16.0354865, 76.3776793 16.0358713, 76.3758306 16.0362554, 76.3757880 16.0358877, 76.3767060 16.0357260, 76.3767144 16.0356995, 76.3766628 16.0353705, 76.3767624 16.0352942, 76.3771908 16.0352091, 76.3772254 16.0351985, 76.3772237 16.0351740, 76.3775137 16.0351350, 76.3775372 16.0350863, 76.3782325 16.0348485))",1.568425491349513,16.03559579488853,76.37711063041257,010603560025637711
45d586b99098,Raichur,Killar Hatti,2025.0,1.0,pigeon_pea,2025-06-01,1.0,"POLYGON((76.3781591 16.0347573, 76.3782158 16.0348373, 76.3775033 16.0350606, 76.3774993 16.0351208, 76.3772156 16.0351456, 76.3772981 16.0349765, 76.3774510 16.0349049, 76.3774165 16.0348269, 76.3770785 16.0348582, 76.3770658 16.0347100, 76.3773414 16.0346732, 76.3776052 16.0346143, 76.3778315 16.0345089, 76.3779100 16.0344992, 76.3780455 16.0346394, 76.3781591 16.0347573))",0.4334857983818166,16.034805505035305,76.37764283287329,010603481025637764
902142a3e479,Raichur,Killar Hatti,2025.0,1.0,pigeon_pea,2025-06-01,0.0,"POLYGON((76.3790322 16.0414116, 76.3790228 16.0415860, 76.3785142 16.0415131, 76.3785390 16.0413407, 76.3782939 16.0412647, 76.3779402 16.0415244, 76.3779368 16.0410868, 76.3776733 16.0409348, 76.3775442 16.0406045, 76.3774698 16.0398118, 76.3790422 16.0397857, 76.3790322 16.0414116))",2.705960305464967,16.040568387307864,76.37834407557781,010604057025637834
67bfa41f440b,Raichur,Killar Hatti,2025.0,1.0,sorghum,2025-06-01,0.0,"POLYGON((76.3796813 16.0460442, 76.3790593 16.0465768, 76.3790513 16.0457990, 76.3790660 16.0449235, 76.3790603 16.0444634, 76.3800098 16.0443951, 76.3813952 16.0440757, 76.3809738 16.0447121, 76.3805697 16.0452895, 76.3796813 16.0460442))",3.2603574823983705,16.0451049367704,76.37989869347052,010604510025637990
776375e3f750,Raichur,Killar Hatti,2025.0,1.0,pearl_millet,2025-06-01,1.0,"POLYGON((76.3772388 16.0472241, 76.3771097 16.0466902, 76.3768599 16.0457107, 76.3767590 16.0452844, 76.3767107 16.0443116, 76.3766544 16.0435393, 76.3765763 16.0424659, 76.3765642 16.0420719, 76.3767235 16.0420912, 76.3768170 16.0427775, 76.3769099 16.0434494, 76.3771161 16.0449338, 76.3771949 16.0456633, 76.3774078 16.0472618, 76.3772713 16.0473163, 76.3772388 16.0472241))",1.7050805573304317,16.04474876902084,76.37693423360784,010604475025637693
4ea709a1975e,Raichur,Killar Hatti,2025.0,1.0,pearl_millet,2025-06-01,0.0,"POLYGON((76.3766715 16.0448072, 76.3765991 16.0434916, 76.3758417 16.0436356, 76.3758812 16.0448168, 76.3766715 16.0448072))",1.14789897117565,16.04419068386068,76.3762556129861,010604419025637626
7dc43a59f7e0,Raichur,Killar Hatti,2025.0,1.0,pigeon_pea,2025-06-01,0.0,"POLYGON((76.3768415 16.0458302, 76.3767117 16.0452892, 76.3766916 16.0448085, 76.3760948 16.0448542, 76.3762762 16.0459295, 76.3768415 16.0458302))",0.7044112933957808,16.045354377635448,76.37646098212011,010604535025637646
afe74b809337,Raichur,Killar Hatti,2025.0,1.0,pigeon_pea,2025-06-01,0.0,"POLYGON((76.3772076 16.0473101, 76.3768214 16.0458070, 76.3762594 16.0459456, 76.3765723 16.0474841, 76.3772076 16.0473101))",1.1416083258822158,16.04665313100982,76.37671840341358,010604665025637672
a6eb9ecba9b4,Raichur,Killar Hatti,2025.0,1.0,pearl_millet,2025-06-01,0.0,"POLYGON((76.3741190 16.0466013, 76.3741137 16.0452473, 76.3737958 16.0452686, 76.3737462 16.0452750, 76.3737660 16.0458663, 76.3738032 16.0464675, 76.3741190 16.0466013))",0.519190408840143,16.045880223529664,76.37394679735628,010604588025637395
ece02fb9ce18,Raichur,Killar Hatti,2025.0,1.0,pearl_millet,2025-06-01,0.0,"POLYGON((76.3747199 16.0469296, 76.3746702 16.0463664, 76.3746169 16.0451977, 76.3741606 16.0452393, 76.3741445 16.0466248, 76.3747199 16.0469296))",0.9278125304856901,16.046025380480767,76.37441558572338,010604603025637442
e1efa87484f7,Raichur,Killar Hatti,2025.0,1.0,sunflower,2025-06-01,1.0,"POLYGON((76.3614215 16.0502564, 76.3616223 16.0506453, 76.3624179 16.0504546, 76.3636058 16.0501456, 76.3639702 16.0501059, 76.3645492 16.0499468, 76.3642599 16.0495392, 76.3634549 16.0497589, 76.3626948 16.0499129, 76.3619378 16.0501179, 76.3614215 16.0502564))",1.5602017638761707,16.050091375894418,76.36297564285618,010605009025636298
01d6fffb3ad8,Raichur,Killar Hatti,2025.0,1.0,pigeon_pea,2025-06-01,0.0,"POLYGON((76.3611975 16.0497412, 76.3622550 16.0495279, 76.3635820 16.0492215, 76.3640011 16.0491558, 76.3637919 16.0487987, 76.3629889 16.0488719, 76.3619049 16.0490124, 76.3610433 16.0493326, 76.3611975 16.0497412))",1.6338525511062025,16.049226355258547,76.36244313559295,010604923025636244
7905a1c0ce39,Raichur,Killar Hatti,2025.0,1.0,pigeon_pea,2025-06-01,,"POLYGON((76.3611965 16.0497705, 76.3614154 16.0502496, 76.3632474 16.0497422, 76.3642066 16.0495137, 76.3640014 16.0491677, 76.3630318 16.0494254, 76.3611965 16.0497705))",1.411247162390331,16.049702127833612,76.36262132535634,010604970025636262
8886941165e1,Raichur,Killar Hatti,2025.0,1.0,sunflower,2025-06-01,1.0,"POLYGON((76.3537778 16.0461953, 76.3547890 16.0459594, 76.3552986 16.0469644, 76.3539364 16.0471916, 76.3533011 16.0472776, 76.3530553 16.0464508, 76.3532290 16.0463332, 76.3537778 16.0461953))",2.293157965766245,16.046651710496317,76.35413619063138,010604665025635414
6e15ca0cb412,Raichur,Killar Hatti,2025.0,1.0,pigeon_pea,2025-06-01,1.0,"POLYGON((76.3512894 16.0435383, 76.3518587 16.0447150, 76.3523345 16.0445633, 76.3517876 16.0434387, 76.3514805 16.0427511, 76.3509756 16.0427376, 76.3512894 16.0435383))",1.2031771091065198,16.043706340800764,76.35164993333204,010604371025635165
224ad6f0811e,Raichur,Killar Hatti,2025.0,1.0,pigeon_pea,2025-06-01,1.0,"POLYGON((76.3513136 16.0435995, 76.3523247 16.0459958, 76.3502940 16.0466135, 76.3498551 16.0444821, 76.3495990 16.0428317, 76.3507251 16.0423390, 76.3513136 16.0435995))",7.884150271740978,16.044603913027828,76.35078837788052,010604460025635079
4900960ec9ed,Raichur,Killar Hatti,2025.0,1.0,sunflower,2025-06-01,1.0,"POLYGON((76.3529457 16.0446071, 76.3541926 16.0445819, 76.3544367 16.0451748, 76.3547817 16.0458950, 76.3537869 16.0461376, 76.3536846 16.0454168, 76.3531774 16.0449316, 76.3528223 16.0446164, 76.3529457 16.0446071))",1.7711212115697617,16.045266121216837,76.35393955673938,010604527025635394
dcdc9aebeb2d,Raichur,Killar Hatti,2025.0,1.0,pigeon_pea,2025-06-01,0.0,"POLYGON((76.3528199 16.0473295, 76.3527043 16.0468043, 76.3523774 16.0460261, 76.3512348 16.0464427, 76.3514839 16.0476481, 76.3528199 16.0473295))",2.037733750942215,16.046867499416607,76.35200955487568,010604687025635201
31e7e48f0130,Raichur,Killar Hatti,2025.0,1.0,sunflower,2025-06-01,1.0,"POLYGON((76.3526674 16.0483280, 76.3527442 16.0486141, 76.3518604 16.0488703, 76.3518419 16.0486054, 76.3523043 16.0484375, 76.3526674 16.0483280))",0.29962884198880024,16.048599856693826,76.35228805282733,010604860025635229
b7d20669c515,Raichur,Killar Hatti,2025.0,1.0,sunflower,2025-06-01,0.0,"POLYGON((76.3525695 16.0478669, 76.3526744 16.0482919, 76.3511872 16.0488439, 76.3510219 16.0484575, 76.3513350 16.0483158, 76.3521249 16.0480174, 76.3525695 16.0478669))",0.8480385645612171,16.048355528577833,76.35186313538041,010604836025635186
a17bff6840b9,Raichur,Killar Hatti,2025.0,1.0,sunflower,2025-06-01,0.0,"POLYGON((76.3525289 16.0477155, 76.3525665 16.0478621, 76.3509280 16.0484504, 76.3505230 16.0480174, 76.3512143 16.0478318, 76.3524454 16.0474519, 76.3525289 16.0477155))",1.048700575542786,16.047955119465062,76.35158412360826,010604796025635158
40ab8887c210,Raichur,Killar Hatti,2025.0,1.0,sunflower,2025-06-01,0.0,"POLYGON((76.3525651 16.0477187, 76.3526704 16.0481202, 76.3538556 16.0478547, 76.3537785 16.0472521, 76.3525031 16.0474497, 76.3525651 16.0477187))",0.9618764823636017,16.047668630452534,76.35318680903835,010604767025635319
b7deba0d386e,Raichur,Killar Hatti,2025.0,1.0,sunflower,2025-06-01,0.0,"POLYGON((76.3551156 16.0497973, 76.3556017 16.0502571, 76.3546029 16.0504890, 76.3543525 16.0498433, 76.3543552 16.0497148, 76.3549037 16.0496010, 76.3551156 16.0497973))",0.7724499063209513,16.050050079586768,76.35487673409145,010605005025635488
b1b317bd61bb,Raichur,Killar Hatti,2025.0,1.0,sunflower,2025-06-01,0.0,"POLYGON((76.3548061 16.0495505, 76.3543649 16.0496816, 76.3541342 16.0492250, 76.3542073 16.0490871, 76.3544722 16.0492705, 76.3548061 16.0495505))",0.2135682190477465,16.049415232252993,76.3544203020098,010604942025635442
79639df52f47,Raichur,Killar Hatti,2025.0,1.0,sunflower,2025-06-01,0.0,"POLYGON((76.3547863 16.0493430, 76.3543213 16.0494966, 76.3543786 16.0496874, 76.3548474 16.0495720, 76.3555156 16.0494457, 76.3553851 16.0491477, 76.3552068 16.0491980, 76.3547863 16.0493430))",0.3438679297970131,16.04942728926989,76.35494570206676,010604943025635495
79c46240ca8e,Raichur,Killar Hatti,2025.0,1.0,sorghum,2025-06-01,0.0,"POLYGON((76.3547696 16.0493185, 76.3552608 16.0491471, 76.3552430 16.0491029, 76.3553593 16.0490610, 76.3552121 16.0487092, 76.3543649 16.0488145, 76.3544045 16.0490317, 76.3547696 16.0493185))",0.4746034708847197,16.0489876863061,76.35486806849664,010604899025635487
09ef798ea4af,Raichur,Killar Hatti,2025.0,1.0,pearl_millet,2025-06-01,1.0,"POLYGON((76.3564212 16.0532007, 76.3564711 16.0536115, 76.3572966 16.0534501, 76.3572124 16.0530586, 76.3564212 16.0532007))",0.3956113977860868,16.05333213999111,76.35684845234954,010605333025635685
0ee41e147b2d,Raichur,Killar Hatti,2025.0,1.0,sunflower,2025-06-01,0.0,"POLYGON((76.3563913 16.0532201, 76.3564580 16.0536296, 76.3551558 16.0538970, 76.3551062 16.0534575, 76.3563913 16.0532201))",0.6669779998807464,16.05355288324745,76.35577133044255,010605355025635577
c36213efff04,Raichur,Killar Hatti,2025.0,1.0,sunflower,2025-06-01,1.0,"POLYGON((76.3541088 16.0530496, 76.3542932 16.0529810, 76.3543626 16.0529652, 76.3544061 16.0531630, 76.3545208 16.0538338, 76.3545899 16.0540459, 76.3540953 16.0541715, 76.3539917 16.0536373, 76.3538888 16.0531382, 76.3541088 16.0530496))",0.6333566682558763,16.053575909592574,76.35423171314267,010605358025635423
da4e5e7fe78b,Raichur,Killar Hatti,2025.0,1.0,pigeon_pea,2025-06-01,0.0,"POLYGON((76.3540467 16.0530548, 76.3542137 16.0529874, 76.3538214 16.0516754, 76.3536139 16.0517589, 76.3537728 16.0525009, 76.3538858 16.0531163, 76.3540467 16.0530548))",0.45647302250706295,16.052434283497732,76.35389873861716,010605243025635390
664b97d19024,Raichur,Killar Hatti,2025.0,1.0,pearl_millet,2025-06-01,,"POLYGON((76.3544001 16.0529481, 76.3543039 16.0529639, 76.3542214 16.0529900, 76.3540404 16.0523588, 76.3538285 16.0516761, 76.3539961 16.0516074, 76.3542060 16.0523166, 76.3544001 16.0529481))",0.2882017609966752,16.052304885605405,76.3541126439398,010605230025635411
6036970ff90e,Raichur,Killar Hatti,2025.0,1.0,pearl_millet,2025-06-01,1.0,"POLYGON((76.3546499 16.0524149, 76.3548138 16.0523598, 76.3549862 16.0528389, 76.3547971 16.0528698, 76.3546499 16.0524149))",0.10565080017737402,16.052624055747476,76.35481379685027,010605262025635481
4cb2fd33b24d,Raichur,Killar Hatti,2025.0,1.0,pearl_millet,2025-06-01,1.0,"POLYGON((76.3545892 16.0521951, 76.3543609 16.0514631, 76.3545111 16.0514154, 76.3547424 16.0521490, 76.3547904 16.0522721, 76.3546207 16.0523105, 76.3545892 16.0521951))",0.1690156740197771,16.051868888863858,76.35457113477943,010605187025635457
faa8db51283d,Raichur,Killar Hatti,2025.0,1.0,pearl_millet,2025-06-01,0.0,"POLYGON((76.3544420 16.0523346, 76.3541735 16.0515678, 76.3543609 16.0514927, 76.3545828 16.0522061, 76.3547853 16.0528801, 76.3545959 16.0529056, 76.3544420 16.0523346))",0.3110434983832914,16.052199452239197,76.35448300571903,010605220025635448
464809ebbcf5,Raichur,Killar Hatti,2025.0,1.0,pearl_millet,2025-06-01,0.0,"POLYGON((76.3544078 16.0522725, 76.3545912 16.0529004, 76.3544061 16.0529410, 76.3542647 16.0524387, 76.3540092 16.0516448, 76.3541503 16.0515810, 76.3542211 16.0517663, 76.3543374 16.0521075, 76.3544078 16.0522725))",0.2872364217884848,16.052285735883995,76.35430482160899,010605229025635430
7b3682fc5482,Raichur,Killar Hatti,2025.0,1.0,pigeon_pea,2025-06-01,0.0,"POLYGON((76.3553151 16.0518948, 76.3551585 16.0512208, 76.3556058 16.0511315, 76.3556316 16.0511309, 76.3557647 16.0518491, 76.3559846 16.0528734, 76.3555498 16.0529655, 76.3553151 16.0518948))",0.9592085002871776,16.052036188967662,76.35557680947517,010605204025635558
8c3661699751,Raichur,Killar Hatti,2025.0,1.0,pigeon_pea,2025-06-01,1.0,"POLYGON((76.3552725 16.0519596, 76.3555025 16.0529597, 76.3550804 16.0530451, 76.3549345 16.0525383, 76.3547414 16.0519680, 76.3545761 16.0514544, 76.3548433 16.0513638, 76.3548879 16.0512907, 76.3551096 16.0512362, 76.3552725 16.0519596))",1.0062511746683527,16.052128600818428,76.35506038291085,010605213025635506
86d2b30f3958,Raichur,Killar Hatti,2025.0,1.0,pigeon_pea,2025-06-01,0.0,"POLYGON((76.3561164 16.0518894, 76.3559477 16.0511260, 76.3557781 16.0510938, 76.3556426 16.0511157, 76.3558143 16.0519725, 76.3558914 16.0519925, 76.3560641 16.0519364, 76.3561164 16.0518894))",0.313438764469141,16.05153738783918,76.3558797093028,010605154025635588
b0c8ea3fa7b5,Raichur,Killar Hatti,2025.0,1.0,pigeon_pea,2025-06-01,0.0,"POLYGON((76.3566123 16.0516641, 76.3567494 16.0516593, 76.3569338 16.0527007, 76.3566304 16.0527651, 76.3565600 16.0524580, 76.3563306 16.0514437, 76.3562954 16.0512056, 76.3563950 16.0512288, 76.3566069 16.0513841, 76.3564386 16.0514550, 76.3564704 16.0517167, 76.3566123 16.0516641))",0.5061795574437415,16.052072694763964,76.35663194801563,010605207025635663
60f8eec5942f,Raichur,Killar Hatti,2025.0,1.0,pearl_millet,2025-06-01,0.0,"POLYGON((76.3567816 16.0516941, 76.3567568 16.0515378, 76.3569734 16.0515278, 76.3572996 16.0517205, 76.3572624 16.0520621, 76.3572013 16.0521020, 76.3571544 16.0522306, 76.3570773 16.0526771, 76.3569492 16.0526994, 76.3567816 16.0516941))",0.4485020191403047,16.052013690445506,76.35702066737514,010605201025635702
aaa4b6adfc8a,Tumkur,Honnudike,2025.0,1.0,finger_millet,2025-07-17,1.0,"POLYGON((77.1235839 13.2074263, 77.1237770 13.2074864, 77.1236731 13.2078340, 77.1235152 13.2077939, 77.1235839 13.2074263))",0.08039364310729895,13.207628705126092,77.12363844017383,010320763025712364
ebe2fa8721ad,Tumkur,Honnudike,2025.0,1.0,finger_millet,2025-07-31,1.0,"POLYGON((77.1240466 13.2078177, 77.1236734 13.2077795, 77.1237837 13.2074541, 77.1241083 13.2075670, 77.1240466 13.2078177))",0.12820856601579234,13.207654537781597,77.12389439840426,010320765025712389
a66a3ded72a7,Tumkur,Honnudike,2025.0,1.0,finger_millet,2025-07-09,1.0,"POLYGON((77.1199958 13.2066913, 77.1200950 13.2063110, 77.1204346 13.2063756, 77.1203247 13.2068832, 77.1199958 13.2066913))",0.19390198972399458,13.206570140722633,77.12021962312936,010320657025712022
3565521588c0,Tumkur,Honnudike,2025.0,1.0,horse_gram,2025-08-14,1.0,"POLYGON((77.1197232 13.2062232, 77.1196642 13.2064814, 77.1199891 13.2066652, 77.1201319 13.2063228, 77.1197232 13.2062232))",0.14912655900684443,13.206423835902415,77.11988870785751,010320642025711989
ac444ca0d64e,Tumkur,Honnudike,2025.0,1.0,horse_gram,2025-08-20,1.0,"POLYGON((77.1201852 13.2071159, 77.1198955 13.2070516, 77.1199827 13.2067438, 77.1202761 13.2068946, 77.1201852 13.2071159))",0.10389399508736487,13.20694673430973,77.12007865258113,010320695025712008
48da814cbf91,Tumkur,Honnudike,2025.0,1.0,sorghum,2025-09-17,1.0,"POLYGON((77.1203837 13.2068329, 77.1205144 13.2068362, 77.1205423 13.2063730, 77.1204481 13.2063636, 77.1203837 13.2068329))",0.06320419513360519,13.20661376649918,77.12047072326446,010320661025712047
7b014fbfce89,Tumkur,Honnudike,2025.0,1.0,sorghum,2025-08-15,1.0,"POLYGON((77.1204819 13.2071672, 77.1203411 13.2071780, 77.1203538 13.2070272, 77.1204923 13.2070043, 77.1204819 13.2071672))",0.02601261541216934,13.207094341033343,77.12041819400275,010320709025712042
a16f627f814e,Tumkur,Honnudike,2025.0,1.0,finger_millet,2025-07-25,1.0,"POLYGON((77.1207485 13.2070513, 77.1206975 13.2072442, 77.1210824 13.2072782, 77.1211263 13.2070709, 77.1207485 13.2070513))",0.09296672076079278,13.207161743246377,77.12091572775476,010320716025712092
d9219a595f1b,Tumkur,Honnudike,2025.0,1.0,horse_gram,2025-08-20,1.0,"POLYGON((77.1208443 13.2063636, 77.1207840 13.2070066, 77.1211417 13.2070317, 77.1211645 13.2063583, 77.1208443 13.2063636))",0.26785787116911186,13.20669646430957,77.12098450692339,010320670025712098
0bebe4858aea,Tumkur,Honnudike,2025.0,1.0,finger_millet,2025-08-06,1.0,"POLYGON((77.1211075 13.2073007, 77.1209818 13.2078494, 77.1200169 13.2077309, 77.1201195 13.2071819, 77.1211075 13.2073007))",0.658490490340001,13.207514686135324,77.12055701060414,010320751025712056
73268235a77b,Tumkur,Honnudike,2025.0,1.0,horse_gram_mixed,2025-08-21,1.0,"POLYGON((77.1207089 13.2078504, 77.1206234 13.2083641, 77.1199669 13.2082548, 77.1200045 13.2077361, 77.1207089 13.2078504))",0.4291659688633541,13.208048380681992,77.12032660831146,010320805025712033
51e32cbe713a,Tumkur,Honnudike,2025.0,1.0,finger_millet,2025-07-17,1.0,"POLYGON((77.1214395 13.2089135, 77.1216279 13.2089451, 77.1216074 13.2094736, 77.1214250 13.2093985, 77.1214395 13.2089135))",0.11370448531897487,13.209182029144523,77.12152635813204,010320918025712153
3f9b25086e0f,Tumkur,Honnudike,2025.0,1.0,horse_gram,2025-09-17,1.0,"POLYGON((77.1214100 13.2094824, 77.1216125 13.2094902, 77.1215877 13.2098147, 77.1213972 13.2098023, 77.1214100 13.2094824))",0.07607743679016644,13.209645785934894,77.12150218250522,010320965025712150
7ed88cff67d9,Tumkur,Honnudike,2025.0,1.0,horse_gram,2025-08-13,1.0,"POLYGON((77.1194593 13.2085528, 77.1196749 13.2085975, 77.1197282 13.2083204, 77.1194603 13.2083132, 77.1194593 13.2085528))",0.07568382241002071,13.208442061238353,77.11958446832378,010320844025711958
159b9b8500ec,Tumkur,Honnudike,2025.0,1.0,horse_gram,2025-09-16,1.0,"POLYGON((77.1210013 13.2088720, 77.1210398 13.2097269, 77.1211857 13.2097654, 77.1212075 13.2089073, 77.1210013 13.2088720))",0.18029032827426836,13.209293397078593,77.1211085797844,010320929025712111
cf8f8b78241b,Tumkur,Honnudike,2025.0,1.0,finger_millet,2025-07-25,1.0,"POLYGON((77.1213999 13.2089056, 77.1212105 13.2089647, 77.1211914 13.2101074, 77.1213774 13.2100307, 77.1213999 13.2089056))",0.2534367510973052,13.209500361903379,77.12129456521807,010320950025712129
9c922915b3df,Tumkur,Honnudike,2025.0,1.0,finger_millet,2025-08-06,1.0,"POLYGON((77.1203173 13.2084611, 77.1199522 13.2083928, 77.1199415 13.2086357, 77.1202707 13.2086892, 77.1203173 13.2084611))",0.10006945786475463,13.208542439148156,77.12011964787433,010320854025712012
26e6ecc9e20d,Tumkur,Honnudike,2025.0,1.0,finger_millet,2025-08-05,1.0,"POLYGON((77.1205929 13.2087029, 77.1203086 13.2086536, 77.1202875 13.2083889, 77.1206532 13.2084908, 77.1205929 13.2087029))",0.09465370462406873,13.20855304547867,77.12045721844864,010320855025712046
c0ec76952865,Tumkur,Honnudike,2025.0,1.0,sorghum,2025-08-14,1.0,"POLYGON((77.1209201 13.2085606, 77.1211015 13.2085861, 77.1210603 13.2087352, 77.1209138 13.2087104, 77.1209201 13.2085606))",0.030087864977528335,13.20864556003554,77.1209997432643,010320865025712100
ac74f64bb891,Tumkur,Honnudike,2025.0,2.0,sorghum,2025-10-15,1.0,"POLYGON((77.1213627 13.2079058, 77.1211015 13.2078654, 77.1210643 13.2084464, 77.1213181 13.2084940, 77.1213627 13.2079058))",0.18254541467082142,13.208176668537519,77.12121204041726,010320818025712121
d0faa4668e10,Tumkur,Honnudike,2025.0,1.0,finger_millet,2025-08-15,1.0,"POLYGON((77.1208678 13.2082518, 77.1210442 13.2082793, 77.1210593 13.2080074, 77.1208859 13.2079649, 77.1208678 13.2082518))",0.05923732165366067,13.208125958409934,77.12096347280229,010320813025712096
433c1e465d34,Tumkur,Honnudike,2025.0,1.0,horse_gram,2025-08-01,1.0,"POLYGON((77.1210807 13.2076816, 77.1213074 13.2077358, 77.1213590 13.2074730, 77.1211173 13.2074361, 77.1210807 13.2076816))",0.07371923904424448,13.207580872050386,77.12121777330418,010320758025712122
41f00847fabf,Tumkur,Honnudike,2025.0,1.0,horse_gram,2025-07-16,1.0,"POLYGON((77.1211947 13.2061605, 77.1214639 13.2061507, 77.1213939 13.2073255, 77.1211438 13.2072824, 77.1211947 13.2061605))",0.3585354632126553,13.206723862293384,77.12130039959243,010320672025712130
55f242236f79,Tumkur,Honnudike,2025.0,1.0,finger_millet,2025-08-01,1.0,"POLYGON((77.1214170 13.2072961, 77.1214455 13.2070151, 77.1216755 13.2069841, 77.1216688 13.2073532, 77.1214170 13.2072961))",0.09412542322040945,13.207165390077481,77.12155689007382,010320717025712156
73c8624578ed,Tumkur,Honnudike,2025.0,1.0,finger_millet,2025-08-02,1.0,"POLYGON((77.1219337 13.2073131, 77.1218767 13.2072981, 77.1218602 13.2074185, 77.1219223 13.2074319, 77.1219337 13.2073131))",0.00876814023776441,13.207366153322372,77.1218979999791,010320737025712190
e70c0611774d,Tumkur,Honnudike,2025.0,1.0,finger_millet,2025-07-16,1.0,"POLYGON((77.1217365 13.2061093, 77.1216869 13.2073973, 77.1218582 13.2074130, 77.1219943 13.2060355, 77.1217365 13.2061093))",0.33946316896962775,13.206696684739804,77.12182297243561,010320670025712182
9841436335c2,Tumkur,Honnudike,2025.0,1.0,finger_millet,2025-08-19,1.0,"POLYGON((77.1241830 13.2080697, 77.1239718 13.2081990, 77.1214743 13.2073976, 77.1214757 13.2077178, 77.1241830 13.2080697))",0.22430875471671366,13.207517581925137,77.1212840107447,010320752025712128
babf88d9635d,Tumkur,Honnudike,2025.0,1.0,finger_millet,2025-07-10,1.0,"POLYGON((77.1223987 13.2074763, 77.1226575 13.2075360, 77.1227125 13.2072090, 77.1224379 13.2071554, 77.1223987 13.2074763))",0.10673928038991976,13.20734285145452,77.12255250664758,010320734025712255
d94ed99714ed,Tumkur,Honnudike,2025.0,1.0,finger_millet,2025-07-25,1.0,"POLYGON((77.1230860 13.2076085, 77.1232795 13.2076509, 77.1233184 13.2072569, 77.1231132 13.2072331, 77.1230860 13.2076085))",0.09319277727696422,13.207435902722489,77.12320025806738,010320744025712320
e11c3e999c4c,Tumkur,Honnudike,2025.0,1.0,finger_millet,2025-07-25,1.0,"POLYGON((77.1231464 13.2078422, 77.1230800 13.2080096, 77.1233790 13.2080609, 77.1234072 13.2078918, 77.1231464 13.2078422))",0.05930646446007248,13.207952849238902,77.1232519292706,010320795025712325
bb3c458e68d1,Tumkur,Honnudike,2025.0,1.0,finger_millet,2025-07-25,1.0,"POLYGON((77.1226626 13.2086931, 77.1229566 13.2087617, 77.1230092 13.2084927, 77.1227098 13.2084242, 77.1226626 13.2086931))",0.0997377435729535,13.20859256396627,77.12283472975614,010320859025712283
d0a24c83540c,Tumkur,Honnudike,2025.0,1.0,sorghum,2025-08-06,1.0,"POLYGON((77.1231296 13.2086406, 77.1233026 13.2086824, 77.1233344 13.2085342, 77.1231611 13.2085077, 77.1231296 13.2086406))",0.030455008645982634,13.20859171432599,77.12323340376943,010320859025712323
d6f910326f31,Tumkur,Honnudike,2025.0,1.0,finger_millet,2025-07-26,1.0,"POLYGON((77.1235289 13.2083968, 77.1236788 13.2084317, 77.1237626 13.2082724, 77.1235655 13.2082185, 77.1235289 13.2083968))",0.038288358932179224,13.208325693697484,77.12363482470901,010320833025712363
c60ce664172d,Tumkur,Honnudike,2025.0,1.0,finger_millet,2025-07-18,1.0,"POLYGON((77.1232161 13.2083021, 77.1234810 13.2083768, 77.1235416 13.2081324, 77.1232761 13.2081010, 77.1232161 13.2083021))",0.07463435717671796,13.2082296423987,77.12338260000446,010320823025712338
1e3da8e1b351,Tumkur,Honnudike,2025.0,1.0,finger_millet,2025-07-23,0.0,"POLYGON((77.1218498 13.2082724, 77.1218488 13.2086840, 77.1213989 13.2085541, 77.1214458 13.2081353, 77.1218498 13.2082724))",0.21627198251273275,13.208414501331681,77.12163382973876,010320841025712163
8523083a481a,Tumkur,Honnudike,2025.0,1.0,finger_millet,2025-07-24,1.0,"POLYGON((77.1214522 13.2077550, 77.1214448 13.2081467, 77.1221855 13.2082975, 77.1222401 13.2078794, 77.1214522 13.2077550))",0.3759489600907408,13.208018681066125,77.12183622113396,010320802025712184
c519a86205d9,Tumkur,Honnudike,2025.0,2.0,sorghum,2025-10-16,1.0,"POLYGON((77.1224024 13.2087617, 77.1218545 13.2086543, 77.1218800 13.2082440, 77.1224476 13.2083589, 77.1224024 13.2087617))",0.27642372847936275,13.20850341596354,77.1221458481085,010320850025712215
f160aa90d7b7,Tumkur,Honnudike,2025.0,1.0,horse_gram,2025-09-25,1.0,"POLYGON((77.1238615 13.2082959, 77.1241197 13.2087480, 77.1236895 13.2089938, 77.1234270 13.2088368, 77.1238615 13.2082959))",0.28048549045156335,13.208692496179792,77.12378654039416,010320869025712379
d0085a72102d,Tumkur,Honnudike,2025.0,1.0,sorghum,2025-09-17,1.0,"POLYGON((77.1214696 13.2073898, 77.1214985 13.2073741, 77.1242353 13.2080661, 77.1243088 13.2080227, 77.1238649 13.2078921, 77.1214696 13.2073898))",0.11781262905727685,13.207868816683106,77.12358089778887,010320787025712358
c38e72cc1043,Raichur,Kannapurahatti,2025.0,1.0,pigeon_pea,2025-06-01,0.0,"POLYGON((76.4076480 16.0378198, 76.4080295 16.0375275, 76.4083266 16.0381572, 76.4069634 16.0387388, 76.4067944 16.0383702, 76.4075994 16.0379010, 76.4076480 16.0378198))",0.9149069566881515,16.038177665594024,76.40759473224756,010603818025640759
14637412e618,Raichur,Kannapurahatti,2025.0,1.0,pigeon_pea,2025-06-01,0.0,"POLYGON((76.4088282 16.0371296, 76.4091608 16.0378192, 76.4083564 16.0381527, 76.4080463 16.0374231, 76.4083534 16.0370706, 76.4085609 16.0371702, 76.4086501 16.0373181, 76.4088282 16.0371296))",0.8483786115725055,16.037604857298607,76.40857027882511,010603760025640857
9109b2d91055,Raichur,Kannapurahatti,2025.0,1.0,sunflower,2025-06-01,0.0,"POLYGON((76.4089586 16.0373287, 76.4099413 16.0369540, 76.4099708 16.0358201, 76.4087199 16.0367536, 76.4089586 16.0373287))",1.2099716892568932,16.036670145380963,76.40943599252552,010603667025640944
031b995cc0f7,Raichur,Kannapurahatti,2025.0,1.0,sunflower,2025-06-01,0.0,"POLYGON((76.4089525 16.0373297, 76.4099684 16.0369591, 76.4099580 16.0371857, 76.4100117 16.0374657, 76.4091755 16.0378188, 76.4089525 16.0373297))",0.593457025075425,16.03739153785038,76.40951069982385,010603739025640951
004609ff12b5,Raichur,Kannapurahatti,2025.0,1.0,pigeon_pea,2025-06-01,0.0,"POLYGON((76.4031040 16.0360253, 76.4031831 16.0370516, 76.4030363 16.0370497, 76.4030286 16.0372015, 76.4031995 16.0372372, 76.4032029 16.0374086, 76.4030286 16.0373983, 76.4030001 16.0377795, 76.4028247 16.0380090, 76.4024499 16.0378807, 76.4024358 16.0368831, 76.4024821 16.0365328, 76.4028260 16.0365596, 76.4026349 16.0360021, 76.4031040 16.0360253))",1.3067577877740897,16.03702638231618,76.40280219261886,010603703025640280
c06bd5a54edf,Raichur,Kannapurahatti,2025.0,1.0,pigeon_pea,2025-06-01,0.0,"POLYGON((76.4038543 16.0360488, 76.4039318 16.0366076, 76.4037410 16.0366508, 76.4036854 16.0367980, 76.4031905 16.0367739, 76.4031496 16.0360379, 76.4038543 16.0360488))",0.6032220536395531,16.036399537301065,76.4035176417217,010603640025640352
f3a0952aa474,Raichur,Kannapurahatti,2025.0,1.0,pigeon_pea,2025-06-01,0.0,"POLYGON((76.4039271 16.0359902, 76.4039462 16.0366095, 76.4041142 16.0366269, 76.4042174 16.0367639, 76.4043422 16.0367345, 76.4043938 16.0365444, 76.4045329 16.0365953, 76.4046878 16.0367101, 76.4047871 16.0366711, 76.4046161 16.0360098, 76.4039271 16.0359902))",0.5897811599676679,16.036341553682774,76.40431915704333,010603634025640432
95ec146c130d,Raichur,Kannapurahatti,2025.0,1.0,pigeon_pea,2025-06-01,0.0,"POLYGON((76.4043931 16.0353129, 76.4046067 16.0359815, 76.4039160 16.0359686, 76.4036837 16.0353544, 76.4043931 16.0353129))",0.5349752643875859,16.035651389272335,76.40415377592052,010603565025640415
e756796c2522,Raichur,Kannapurahatti,2025.0,1.0,pigeon_pea,2025-06-01,0.0,"POLYGON((76.4039040 16.0359718, 76.4031301 16.0340207, 76.4030027 16.0341309, 76.4028361 16.0350038, 76.4026400 16.0359886, 76.4039040 16.0359718))",1.5785762117905986,16.03528257550674,76.40320361392978,010603528025640320
7e9ec0509a7a,Raichur,Kannapurahatti,2025.0,1.0,pigeon_pea,2025-06-01,1.0,"POLYGON((76.4014611 16.0315540, 76.4017223 16.0321269, 76.4018286 16.0320448, 76.4015282 16.0314074, 76.4008399 16.0298674, 76.4007038 16.0298648, 76.4014611 16.0315540))",0.355684333987043,16.030984985788415,76.40127377580706,010603098025640127
a25973cb0d76,Raichur,Kannapurahatti,2025.0,1.0,sunflower,2025-06-01,1.0,"POLYGON((76.4016714 16.0285662, 76.4026594 16.0280716, 76.4025028 16.0274093, 76.4017200 16.0278405, 76.4008560 16.0282936, 76.3998116 16.0287653, 76.4002401 16.0292996, 76.4009840 16.0289313, 76.4016714 16.0285662))",2.1595012559104774,16.0283958960531,76.40130323885633,010602840025640130
67e2f66f0768,Raichur,Kannapurahatti,2025.0,1.0,cotton,2025-06-01,1.0,"POLYGON((76.4016147 16.0286213, 76.4026852 16.0280951, 76.4027563 16.0284228, 76.4025994 16.0285233, 76.4017746 16.0289713, 76.4012419 16.0292577, 76.4010102 16.0289400, 76.4016147 16.0286213))",0.7869080139749854,16.028688375478048,76.4019002775651,010602869025640190
9cf9faa245f2,Raichur,Kannapurahatti,2025.0,1.0,cotton,2025-06-01,1.0,"POLYGON((76.4021126 16.0292819, 76.4028784 16.0289068, 76.4030121 16.0293447, 76.4023469 16.0297488, 76.4021126 16.0292819))",0.46779294429385193,16.029321655590383,76.40257690372451,010602932025640258
dbac45c8db0f,Raichur,Kannapurahatti,2025.0,1.0,pigeon_pea,2025-06-01,0.0,"POLYGON((76.4013887 16.0297408, 76.4016080 16.0295916, 76.4028207 16.0287882, 76.4028512 16.0287728, 76.4030235 16.0293386, 76.4023308 16.0297485, 76.4016653 16.0301671, 76.4014380 16.0298748, 76.4011979 16.0298626, 76.4013887 16.0297408))",1.0912120660679565,16.029497746191186,76.40222069490962,010602950025640222
55146df12f0c,Raichur,Kannapurahatti,2025.0,1.0,pigeon_pea,2025-06-01,1.0,"POLYGON((76.4020318 16.0319201, 76.4026366 16.0314789, 76.4028656 16.0315202, 76.4034718 16.0328961, 76.4031633 16.0330576, 76.4028277 16.0331890, 76.4027999 16.0331381, 76.4025877 16.0331861, 76.4020318 16.0319201))",1.6976086004157462,16.03236373538182,76.40274245894642,010603236025640274
1d6598ab8fe0,Raichur,Kannapurahatti,2025.0,1.0,cotton,2025-06-01,1.0,"POLYGON((76.4022236 16.0317615, 76.4026061 16.0314638, 76.4021434 16.0308135, 76.4014357 16.0298871, 76.4012003 16.0298751, 76.4013176 16.0301333, 76.4017364 16.0310597, 76.4020948 16.0318495, 76.4022236 16.0317615))",1.0342433720837119,16.030924864790865,76.40192482257785,010603092025640192
380e7c9323d4,Raichur,Kannapurahatti,2025.0,1.0,pigeon_pea,2025-06-01,1.0,"POLYGON((76.4019983 16.0334987, 76.4021967 16.0340719, 76.3992550 16.0339389, 76.3994481 16.0337961, 76.3999920 16.0334143, 76.4005787 16.0330086, 76.4014437 16.0323909, 76.4020056 16.0319797, 76.4025897 16.0332425, 76.4019983 16.0334987))",3.9571708774193977,16.033283483925903,76.40125077868095,010603328025640125
16bd085cfbc9,Raichur,Kannapurahatti,2025.0,1.0,cotton,2025-06-01,1.0,"POLYGON((76.4035301 16.0329003, 76.4037866 16.0333724, 76.4047422 16.0329438, 76.4045893 16.0325243, 76.4041048 16.0327012, 76.4035301 16.0329003))",0.6256327196029817,16.032939804614003,76.40414631054243,010603294025640415
3ca1f59694fe,Raichur,Kannapurahatti,2025.0,1.0,cotton,2025-06-01,1.0,"POLYGON((76.4032988 16.0324398, 76.4035254 16.0329019, 76.4045487 16.0325120, 76.4043536 16.0320499, 76.4032988 16.0324398))",0.6652713984723251,16.032475633834018,76.40392927444108,010603248025640393
78e19c7c2a73,Chamarajanagar,Uganedahundi,2025.0,1.0,horse_gram,2025-09-19,1.0,"POLYGON((76.8551722 11.8568476, 76.8558572 11.8565877, 76.8555078 11.8556788, 76.8548748 11.8557923, 76.8551722 11.8568476))",0.8523452947581747,11.856239889380467,76.85535002885284,010185624025685535
270f1b4bf14d,Chamarajanagar,Uganedahundi,2025.0,1.0,horse_gram,2025-09-01,1.0,"POLYGON((76.8544115 11.8545461, 76.8547518 11.8545176, 76.8547079 11.8542226, 76.8544376 11.8541826, 76.8544115 11.8545461))",0.1210273133691145,11.854373572449648,76.85457195731841,010185437025685457
0b1bad6f5d44,Chamarajanagar,Uganedahundi,2025.0,2.0,maize,2025-10-10,1.0,"POLYGON((76.8531418 11.8481610, 76.8528474 11.8474004, 76.8540239 11.8470277, 76.8540661 11.8479067, 76.8531418 11.8481610))",1.1010226432100099,11.847605736479194,76.85352067671177,010184761025685352
2eda7698eb92,Chamarajanagar,Uganedahundi,2025.0,2.0,horse_gram,2025-10-01,1.0,"POLYGON((76.8527224 11.8474424, 76.8530811 11.8482500, 76.8515070 11.8485666, 76.8513863 11.8481345, 76.8527224 11.8474424))",1.2321959100381674,11.848073904416639,76.85225429010805,010184807025685225
7d8fc1a3c086,Chamarajanagar,Uganedahundi,2025.0,2.0,horse_gram,2025-10-01,1.0,"POLYGON((76.8550425 11.8504800, 76.8548889 11.8500353, 76.8560989 11.8499090, 76.8560942 11.8503467, 76.8550425 11.8504800))",0.612667517201501,11.850188351860984,76.85552503522335,010185019025685553
947a4a4d1c4c,Chamarajanagar,Uganedahundi,2025.0,2.0,horse_gram,2025-10-01,1.0,"POLYGON((76.8522922 11.8517672, 76.8520776 11.8514155, 76.8524893 11.8513525, 76.8526204 11.8516327, 76.8522922 11.8517672))",0.16140029158337424,11.851541324780753,76.8523604007219,010185154025685236
678b375c1efa,Chamarajanagar,Uganedahundi,2025.0,1.0,horse_gram,2025-09-26,1.0,"POLYGON((76.8521132 11.8523762, 76.8524598 11.8524953, 76.8522362 11.8518410, 76.8519485 11.8519329, 76.8521132 11.8523762))",0.20650220096042632,11.852159522300695,76.8521988179655,010185216025685220
495597cd082b,Chamarajanagar,Uganedahundi,2025.0,1.0,horse_gram,2025-09-18,1.0,"POLYGON((76.8522607 11.8517790, 76.8522453 11.8517062, 76.8519009 11.8518000, 76.8518966 11.8519129, 76.8522607 11.8517790))",0.040383931743410637,11.85180337970999,76.85206538352674,010185180025685207
379684d0ed42,Chamarajanagar,Uganedahundi,2025.0,1.0,horse_gram,2025-09-18,1.0,"POLYGON((76.8529279 11.8524999, 76.8531539 11.8524107, 76.8528860 11.8516012, 76.8526771 11.8516829, 76.8529279 11.8524999))",0.23972059597638737,11.85205406891256,76.8529129049918,010185205025685291
f32096b5eb44,Chamarajanagar,Uganedahundi,2025.0,1.0,horse_gram,2025-09-19,1.0,"POLYGON((76.8419000 11.8476062, 76.8411751 11.8465962, 76.8406424 11.8466940, 76.8409344 11.8480590, 76.8419000 11.8476062))",1.2403905757455709,11.847308851688224,76.8411826332517,010184731025684118
20d730fb613d,Chamarajanagar,Uganedahundi,2025.0,1.0,maize,2025-09-26,1.0,"POLYGON((76.8414745 11.8514030, 76.8419858 11.8511795, 76.8419063 11.8509246, 76.8413823 11.8511175, 76.8414745 11.8514030))",0.19003799840565475,11.851158060865908,76.8416821608378,010185116025684168
4522fcdf8384,Chamarajanagar,Uganedahundi,2025.0,2.0,horse_gram,2025-10-01,1.0,"POLYGON((76.8433011 11.8426411, 76.8444672 11.8422464, 76.8433524 11.8413460, 76.8424750 11.8416456, 76.8433011 11.8426411))",1.5727960190912247,11.841991843838972,76.84342177929048,010184199025684342
e21e88b5fb70,Chamarajanagar,Uganedahundi,2025.0,2.0,horse_gram,2025-10-01,1.0,"POLYGON((76.8446432 11.8497630, 76.8455565 11.8490224, 76.8451770 11.8486080, 76.8441768 11.8489210, 76.8446432 11.8497630))",0.9924531261657972,11.849110849336247,76.84484976644555,010184911025684485
5936f52dc791,Chamarajanagar,Uganedahundi,2025.0,2.0,horse_gram,2025-10-01,1.0,"POLYGON((76.8463353 11.8513856, 76.8471249 11.8512944, 76.8462505 11.8498775, 76.8453989 11.8502726, 76.8463353 11.8513856))",1.5156511808420539,11.850674117222725,76.8462689536062,010185067025684627
202abd535a0d,Chamarajanagar,Uganedahundi,2025.0,1.0,horse_gram,2025-09-29,1.0,"POLYGON((76.8434681 11.8513633, 76.8441480 11.8509292, 76.8439904 11.8501866, 76.8433276 11.8502686, 76.8434681 11.8513633))",0.7893023793464466,11.850702503061987,76.84371500106722,010185070025684372
c353a0e2e245,Tumkur,Gandhamachanahalli,2025.0,2.0,sorghum,2025-10-22,1.0,"POLYGON((77.1212799 13.2248131, 77.1215635 13.2248131, 77.1217446 13.2251842, 77.1215280 13.2252192, 77.1212799 13.2248131))",0.1209433525130145,13.225001616587793,77.12152364915882,010322500025712152
1ba0f9ba2153,Tumkur,Gandhamachanahalli,2025.0,1.0,finger_millet,2025-07-16,1.0,"POLYGON((77.1212909 13.2238800, 77.1210200 13.2239933, 77.1216343 13.2244150, 77.1217198 13.2243281, 77.1212909 13.2238800))",0.15538196600482473,13.224128594085512,77.12138301562806,010322413025712138
28fee853b161,Tumkur,Gandhamachanahalli,2025.0,2.0,horse_gram,2025-10-15,1.0,"POLYGON((77.1212276 13.2244985, 77.1211317 13.2247756, 77.1215709 13.2247861, 77.1215877 13.2246630, 77.1212276 13.2244985))",0.10171641319282541,13.224676323056789,77.12135218373909,010322468025712135
36d583c3d1ba,Tumkur,Gandhamachanahalli,2025.0,1.0,finger_millet,2025-08-05,1.0,"POLYGON((77.1212581 13.2244003, 77.1212567 13.2242622, 77.1214271 13.2243549, 77.1213996 13.2244469, 77.1212581 13.2244003))",0.022584920389136915,13.224362497468606,77.12133202713481,010322436025712133
da9860359460,Tumkur,Gandhamachanahalli,2025.0,1.0,finger_millet,2025-07-17,1.0,"POLYGON((77.1207629 13.2243618, 77.1208641 13.2244522, 77.1209547 13.2243791, 77.1208336 13.2242498, 77.1207629 13.2243618))",0.02293496170456199,13.224357672704368,77.12085452525814,010322436025712085
3bd2b7fb236e,Tumkur,Gandhamachanahalli,2025.0,1.0,finger_millet,2025-08-01,1.0,"POLYGON((77.1209077 13.2239534, 77.1209540 13.2240706, 77.1208450 13.2241046, 77.1208286 13.2240044, 77.1209077 13.2239534))",0.013841840456735713,13.224034500568795,77.12088638301339,010322403025712089
9780a8dfa2a2,Tumkur,Gandhamachanahalli,2025.0,1.0,finger_millet,2025-07-16,1.0,"POLYGON((77.1212353 13.2237668, 77.1212795 13.2238741, 77.1210016 13.2239786, 77.1209634 13.2238709, 77.1212353 13.2237668))",0.04058199370214701,13.223872624449358,77.12112037850136,010322387025712112
836af18952cf,Tumkur,Gandhamachanahalli,2025.0,1.0,finger_millet,2025-07-17,1.0,"POLYGON((77.1206016 13.2239982, 77.1205802 13.2238595, 77.1207119 13.2238268, 77.1207253 13.2239499, 77.1206016 13.2239982))",0.020879054602021413,13.223908533785755,77.1206532640056,010322391025712065
e7fbf18b97c4,Tumkur,Gandhamachanahalli,2025.0,1.0,finger_millet,2025-07-16,1.0,"POLYGON((77.1207485 13.2238366, 77.1208470 13.2237397, 77.1207810 13.2236166, 77.1206147 13.2237468, 77.1207485 13.2238366))",0.03048341950996494,13.223732485019061,77.12074291816674,010322373025712074
7c7bebbe5b0f,Tumkur,Gandhamachanahalli,2025.0,1.0,finger_millet,2025-07-16,1.0,"POLYGON((77.1210925 13.2234694, 77.1207743 13.2235706, 77.1209627 13.2238519, 77.1212011 13.2237609, 77.1210925 13.2234694))",0.11260971617778794,13.22365743894943,77.12100322295863,010322366025712100
5372c32a2501,Tumkur,Gandhamachanahalli,2025.0,1.0,finger_millet,2025-07-17,1.0,"POLYGON((77.1207102 13.2234528, 77.1207917 13.2235592, 77.1210770 13.2234404, 77.1210291 13.2233389, 77.1207102 13.2234528))",0.04665125381896519,13.223448430988855,77.12089809910667,010322345025712090
8a767663c03c,Tumkur,Gandhamachanahalli,2025.0,1.0,sorghum,2025-09-04,1.0,"POLYGON((77.1205550 13.2232762, 77.1206821 13.2232442, 77.1206586 13.2231362, 77.1205245 13.2231698, 77.1205550 13.2232762))",0.017838609110263613,13.223206120160366,77.12060491218554,010322321025712060
aa2463c8fde6,Tumkur,Gandhamachanahalli,2025.0,1.0,finger_millet,2025-08-01,1.0,"POLYGON((77.1206781 13.2231251, 77.1206603 13.2230255, 77.1205386 13.2230428, 77.1205517 13.2231603, 77.1206781 13.2231251))",0.01661744246757998,13.223089289233847,77.12060564618126,010322309025712061
1e774daa2714,Tumkur,Gandhamachanahalli,2025.0,1.0,horse_gram,2025-08-20,1.0,"POLYGON((77.1207129 13.2232475, 77.1207233 13.2234381, 77.1210274 13.2233128, 77.1209724 13.2232050, 77.1207129 13.2232475))",0.053652553483386524,13.223306502531043,77.12084929622047,010322331025712085
36f0232fd1f6,Tumkur,Gandhamachanahalli,2025.0,1.0,finger_millet,2025-07-16,1.0,"POLYGON((77.1209111 13.2230836, 77.1209811 13.2231786, 77.1207022 13.2232439, 77.1207096 13.2231306, 77.1209111 13.2230836))",0.03207957606040121,13.223161995320751,77.12082680359731,010322316025712083
12cc0dc9fe5b,Tumkur,Gandhamachanahalli,2025.0,1.0,finger_millet,2025-07-17,1.0,"POLYGON((77.1207243 13.2226867, 77.1206117 13.2226809, 77.1207035 13.2229965, 77.1208557 13.2229710, 77.1207243 13.2226867))",0.04890976504346881,13.222843265453637,77.12072630262136,010322284025712073
1f6e9b8414c7,Tumkur,Gandhamachanahalli,2025.0,1.0,horse_gram,2025-08-01,1.0,"POLYGON((77.1204628 13.2229629, 77.1206606 13.2229374, 77.1206395 13.2227820, 77.1204216 13.2227990, 77.1204628 13.2229629))",0.04054776864561379,13.222869292732934,77.12054477342011,010322287025712054
b2836b3083ed,Tumkur,Gandhamachanahalli,2025.0,1.0,sorghum,2025-09-24,1.0,"POLYGON((77.1215944 13.2219700, 77.1214495 13.2219857, 77.1214666 13.2220790, 77.1216155 13.2220836, 77.1215944 13.2219700))",0.01833366031009467,13.222029487589161,77.1215338954998,010322203025712153
23a898f8d1fc,Tumkur,Gandhamachanahalli,2025.0,1.0,finger_millet,2025-07-25,1.0,"POLYGON((77.1211179 13.2222324, 77.1211166 13.2221743, 77.1212148 13.2221668, 77.1212239 13.2222318, 77.1211179 13.2222324))",0.007551912137969598,13.222201640744768,77.12116932705761,010322220025712117
57d9b74b5693,Tumkur,Gandhamachanahalli,2025.0,1.0,finger_millet,2025-08-01,1.0,"POLYGON((77.1211233 13.2225771, 77.1211327 13.2223969, 77.1212755 13.2223884, 77.1212862 13.2225983, 77.1211233 13.2225771))",0.035721879512533465,13.222492382765221,77.12120632909401,010322249025712121
a2c7121eb740,Tumkur,Gandhamachanahalli,2025.0,1.0,finger_millet,2025-07-16,1.0,"POLYGON((77.1215907 13.2227951, 77.1215618 13.2223124, 77.1211032 13.2222915, 77.1211045 13.2227328, 77.1215907 13.2227951))",0.2607733544512365,13.222535363392916,77.12134346005561,010322254025712134
fa1b57aabf88,Tumkur,Gandhamachanahalli,2025.0,1.0,finger_millet,2025-08-03,1.0,"POLYGON((77.1213714 13.2230663, 77.1213060 13.2227984, 77.1210676 13.2227706, 77.1210878 13.2230644, 77.1213714 13.2230663))",0.08708118332020806,13.222929247451239,77.12120666932098,010322293025712121
efa25612c8e7,Tumkur,Gandhamachanahalli,2025.0,1.0,finger_millet,2025-07-17,,"POLYGON((77.1216319 13.2238859, 77.1212842 13.2238484, 77.1211414 13.2235001, 77.1214572 13.2234691, 77.1216319 13.2238859))",0.15144538140875746,13.223676235684952,77.1213837832164,010322368025712138
0852d364eb25,Tumkur,Gandhamachanahalli,2025.0,1.0,finger_millet,2025-07-16,1.0,"POLYGON((77.1210894 13.2233895, 77.1209610 13.2230774, 77.1214076 13.2230846, 77.1214445 13.2234505, 77.1210894 13.2233895))",0.1594195299271149,13.223243491433621,77.12123000881371,010322324025712123
4ebe90d20847,Tumkur,Gandhamachanahalli,2025.0,1.0,finger_millet,2025-07-16,1.0,"POLYGON((77.1226870 13.2256320, 77.1228054 13.2256085, 77.1220239 13.2246229, 77.1220775 13.2244558, 77.1223652 13.2246842, 77.1226917 13.2252159, 77.1228205 13.2254525, 77.1226260 13.2255305, 77.1226049 13.2254261, 77.1226870 13.2256320))",0.24076903422490245,13.224918885780866,77.12238795341645,010322492025712239
96995492f8b5,Tumkur,Gandhamachanahalli,2025.0,1.0,finger_millet,2025-07-25,1.0,"POLYGON((77.1217657 13.2238856, 77.1217369 13.2237240, 77.1215840 13.2237191, 77.1216621 13.2239110, 77.1217657 13.2238856))",0.02781813160282843,13.223805587482305,77.12168376391392,010322381025712168
3c7092877427,Tumkur,Gandhamachanahalli,2025.0,1.0,finger_millet,2025-08-06,1.0,"POLYGON((77.1224450 13.2246248, 77.1227246 13.2246503, 77.1226535 13.2240915, 77.1223293 13.2241255, 77.1224450 13.2246248))",0.1918799225118011,13.22436495601344,77.1225394526276,010322436025712254
dfb6938096b8,Tumkur,Gandhamachanahalli,2025.0,1.0,sorghum,2025-09-26,1.0,"POLYGON((77.1230816 13.2240386, 77.1232355 13.2240191, 77.1233200 13.2242913, 77.1231390 13.2243144, 77.1230816 13.2240386))",0.05680149040560702,13.224169552775566,77.12319500144024,010322417025712320
f329128ab0af,Tumkur,Gandhamachanahalli,2025.0,1.0,finger_millet,2025-07-16,1.0,"POLYGON((77.1230602 13.2242423, 77.1226998 13.2242488, 77.1226763 13.2240194, 77.1230119 13.2239916, 77.1230602 13.2242423))",0.10084439819618116,13.224126638814125,77.1228649163202,010322413025712286
a752645a29df,Tumkur,Gandhamachanahalli,2025.0,1.0,finger_millet,2025-07-25,1.0,"POLYGON((77.1226867 13.2240207, 77.1226535 13.2237893, 77.1229140 13.2237726, 77.1230149 13.2239636, 77.1226867 13.2240207))",0.07745165346422923,13.223891620924608,77.12281517908276,010322389025712282
d96391f50826,Tumkur,Gandhamachanahalli,2025.0,1.0,horse_gram,2025-08-22,1.0,"POLYGON((77.1232607 13.2237808, 77.1232671 13.2239113, 77.1234236 13.2239117, 77.1233901 13.2237749, 77.1232607 13.2237808))",0.022967709473900227,13.223846707303966,77.1233362692845,010322385025712334
a36476cf1f46,Tumkur,Gandhamachanahalli,2025.0,1.0,finger_millet,2025-07-16,1.0,"POLYGON((77.1225533 13.2227553, 77.1226478 13.2232628, 77.1231738 13.2231430, 77.1230803 13.2225102, 77.1225533 13.2227553))",0.3803291742270639,13.222912822424794,77.12287259414873,010322291025712287
50f0141245b9,Tumkur,Gandhamachanahalli,2025.0,1.0,finger_millet,2025-07-16,1.0,"POLYGON((77.1237133 13.2234959, 77.1235517 13.2235014, 77.1235628 13.2236016, 77.1237207 13.2236130, 77.1237133 13.2234959))",0.020773954831664106,13.223552721339276,77.12363918139664,010322355025712364
8eca70acb8d5,Tumkur,Gandhamachanahalli,2025.0,1.0,finger_millet,2025-07-19,1.0,"POLYGON((77.1228825 13.2241653, 77.1227732 13.2241614, 77.1227719 13.2240709, 77.1228882 13.2240713, 77.1228825 13.2241653))",0.012470516375194612,13.224116747278076,77.12282932308638,010322412025712283
a31c31becddc,Tumkur,Gandhamachanahalli,2025.0,1.0,finger_millet,2025-08-02,1.0,"POLYGON((77.1230347 13.2243445, 77.1230179 13.2240266, 77.1227799 13.2240184, 77.1227859 13.2243608, 77.1230347 13.2243445))",0.09634771677140114,13.224188882100915,77.1229031741017,010322419025712290
ae6e44cfbb42,Tumkur,Gandhamachanahalli,2025.0,1.0,finger_millet,2025-08-05,1.0,"POLYGON((77.1232553 13.2240452, 77.1233287 13.2240569, 77.1233338 13.2239783, 77.1232526 13.2239783, 77.1232553 13.2240452))",0.006748326177032291,13.224014140252429,77.1232937190592,010322401025712329
c3da4bbb6698,Tumkur,Gandhamachanahalli,2025.0,1.0,sorghum,2025-08-08,1.0,"POLYGON((77.1232516 13.2237769, 77.1232764 13.2236731, 77.1232091 13.2237005, 77.1232017 13.2237870, 77.1232516 13.2237769))",0.006327164437106889,13.223732086829916,77.12323568786012,010322373025712324
7c8db4e80854,Tumkur,Gandhamachanahalli,2025.0,1.0,finger_millet,2025-07-18,1.0,"POLYGON((77.1235423 13.2235053, 77.1234686 13.2234955, 77.1234883 13.2234198, 77.1235383 13.2234254, 77.1235423 13.2235053))",0.005842404140813126,13.223464024636321,77.12350920579728,010322346025712351
e57e44659427,Tumkur,Gandhamachanahalli,2025.0,1.0,horse_gram,2025-07-17,1.0,"POLYGON((77.1237126 13.2236179, 77.1237230 13.2234932, 77.1238638 13.2235331, 77.1238387 13.2236293, 77.1237126 13.2236179))",0.018211283220529135,13.223566623578519,77.12378226537471,010322357025712378
4731e70ea5aa,Raichur,Kannapurahatti,2025.0,1.0,pigeon_pea,2025-06-01,0.0,"POLYGON((76.4200428 16.0274786, 76.4203462 16.0272402, 76.4198185 16.0264581, 76.4199137 16.0253425, 76.4190477 16.0263650, 76.4189595 16.0282079, 76.4200428 16.0274786))",2.32458718806771,16.02692352180398,76.41952605940638,010602692025641953
2fb7361c42c3,Raichur,Kannapurahatti,2025.0,1.0,pigeon_pea,2025-06-01,0.0,"POLYGON((76.4189344 16.0278837, 76.4190078 16.0265444, 76.4190199 16.0263952, 76.4189290 16.0265364, 76.4181358 16.0277986, 76.4189344 16.0278837))",0.7059944813257538,16.027359982319904,76.41869540627174,010602736025641870
dea26b325d61,Raichur,Kannapurahatti,2025.0,1.0,pigeon_pea,2025-06-01,0.0,"POLYGON((76.4186548 16.0285453, 76.4189082 16.0283890, 76.4189066 16.0278876, 76.4181069 16.0278034, 76.4176127 16.0285517, 76.4178890 16.0290418, 76.4179239 16.0290902, 76.4181277 16.0289738, 76.4184623 16.0286938, 76.4186548 16.0285453))",1.2065277236765466,16.028364994177142,76.41826748736852,010602836025641827
69946df53eff,Raichur,Kannapurahatti,2025.0,1.0,pearl_millet,2025-06-01,0.0,"POLYGON((76.4179316 16.0302145, 76.4177318 16.0294382, 76.4172027 16.0295796, 76.4174290 16.0299937, 76.4174800 16.0302976, 76.4179316 16.0302145))",0.43689515047760624,16.029865056548683,76.4175987712559,010602987025641760
87cdb6fcd37d,Raichur,Kannapurahatti,2025.0,1.0,pigeon_pea,2025-06-01,0.0,"POLYGON((76.4144095 16.0303823, 76.4148276 16.0312637, 76.4144155 16.0317403, 76.4142117 16.0322191, 76.4136843 16.0308035, 76.4144095 16.0303823))",1.2367593431884445,16.0311750804826,76.4142552278979,010603118025641426
64db986e6b8d,Raichur,Kannapurahatti,2025.0,1.0,pigeon_pea,2025-06-01,1.0,"POLYGON((76.4144038 16.0303430, 76.4137433 16.0290869, 76.4131914 16.0296973, 76.4136481 16.0307813, 76.4144038 16.0303430))",1.2514477270872932,16.029981192603632,76.41376422722519,010602998025641376
427403b3426c,Raichur,Kannapurahatti,2025.0,1.0,pigeon_pea,2025-06-01,0.0,"POLYGON((76.3989962 16.0428781, 76.3987799 16.0425945, 76.3992443 16.0422397, 76.3995621 16.0425745, 76.3995913 16.0426087, 76.3990800 16.0429883, 76.3989962 16.0428781))",0.36120768336152054,16.042609723921434,76.39917740280774,010604261025639918
9363f598b9ee,Raichur,Kannapurahatti,2025.0,1.0,pigeon_pea,2025-06-01,0.0,"POLYGON((76.3983803 16.0437339, 76.3990569 16.0430011, 76.3987176 16.0425507, 76.3978234 16.0430736, 76.3983803 16.0437339))",0.8487717727399114,16.043110083281466,76.3984656455856,010604311025639847
8a8cbe472906,Raichur,Kannapurahatti,2025.0,1.0,pigeon_pea,2025-06-01,0.0,"POLYGON((76.4020040 16.0409322, 76.4016184 16.0400683, 76.4000533 16.0405565, 76.3999809 16.0405980, 76.4009042 16.0416394, 76.4014595 16.0413053, 76.4020043 16.0409605, 76.4020040 16.0409322))",2.0629225176589583,16.040809680475267,76.4010774142605,010604081025640108
7ed3bd4de5ef,Raichur,Kannapurahatti,2025.0,1.0,pigeon_pea,2025-06-01,0.0,"POLYGON((76.4093334 16.0385258, 76.4101307 16.0383080, 76.4100060 16.0375205, 76.4069962 16.0387588, 76.4071146 16.0390459, 76.4077207 16.0389189, 76.4093334 16.0385258))",2.117696431531507,16.038345334227824,76.40877487329901,010603835025640877
e0a5e591cbba,Raichur,Kannapurahatti,2025.0,1.0,pearl_millet,2025-06-01,0.0,"POLYGON((76.4162005 16.0298581, 76.4159293 16.0291630, 76.4152326 16.0294330, 76.4154261 16.0298274, 76.4154116 16.0300021, 76.4155783 16.0304787, 76.4158328 16.0302319, 76.4158217 16.0301523, 76.4158317 16.0300904, 76.4159095 16.0300691, 76.4159960 16.0300740, 76.4162005 16.0298581))",0.8122174043286319,16.02974746926297,76.41572232208453,010602975025641572
36be0e2195f9,Raichur,Kannapurahatti,2025.0,1.0,cotton,2025-06-01,0.0,"POLYGON((76.4162361 16.0302360, 76.4162813 16.0303501, 76.4164309 16.0303076, 76.4167749 16.0312273, 76.4167853 16.0312508, 76.4159860 16.0316523, 76.4156970 16.0308564, 76.4162361 16.0302360))",1.0516538921746836,16.0309695402533,76.41622479017887,010603097025641622
91752a0ef279,Raichur,Kannapurahatti,2025.0,1.0,sunflower,2025-06-01,0.0,"POLYGON((76.4165231 16.0272308, 76.4164943 16.0269598, 76.4165482 16.0268190, 76.4166411 16.0264916, 76.4166907 16.0261967, 76.4167068 16.0261664, 76.4176791 16.0265941, 76.4177220 16.0266092, 76.4165231 16.0272308))",0.7219354314788501,16.026677615953908,76.41696177292745,010602668025641696
4f766d571ea7,Chamarajanagar,Uganedahundi,2025.0,1.0,horse_gram,2025-09-27,1.0,"POLYGON((76.8555896 11.8610826, 76.8555229 11.8607246, 76.8548343 11.8608467, 76.8548517 11.8611791, 76.8555896 11.8610826))",0.3021380960684922,11.860959237823039,76.85520545124633,010186096025685521
1131c63f8a71,Chamarajanagar,Uganedahundi,2025.0,1.0,horse_gram,2025-09-27,1.0,"POLYGON((76.8529279 11.8629854, 76.8528105 11.8622609, 76.8513357 11.8626891, 76.8514865 11.8632075, 76.8529279 11.8629854))",1.1440946651211787,11.862774809881305,76.85217662174497,010186277025685218
103e5e41c586,Chamarajanagar,Uganedahundi,2025.0,1.0,horse_gram,2025-09-19,1.0,"POLYGON((76.8546505 11.8513016, 76.8550998 11.8510502, 76.8546898 11.8501810, 76.8538160 11.8504675, 76.8546505 11.8513016))",0.8802604114944499,11.850715642979932,76.85452996261456,010185072025685453
77be21b7d3ac,Chamarajanagar,Uganedahundi,2025.0,1.0,horse_gram,2025-09-27,1.0,"POLYGON((76.8562431 11.8497338, 76.8560010 11.8484160, 76.8549338 11.8498946, 76.8551343 11.8499671, 76.8562431 11.8497338))",1.1392687508182375,11.849382886779681,76.85570655569938,010184938025685571
1aa409023cc4,Chamarajanagar,Uganedahundi,2025.0,1.0,horse_gram,2025-09-27,1.0,"POLYGON((76.8503043 11.8462126, 76.8500304 11.8453384, 76.8513776 11.8450129, 76.8516518 11.8458323, 76.8503043 11.8462126))",1.490893713017513,11.845601679113717,76.85083463124603,010184560025685083
bb613f73df28,Chamarajanagar,Uganedahundi,2025.0,1.0,horse_gram,2025-09-27,1.0,"POLYGON((76.8478337 11.8572886, 76.8477267 11.8568410, 76.8467997 11.8567140, 76.8467608 11.8572886, 76.8478337 11.8572886))",0.6130084363364644,11.857038232640477,76.84725836566055,010185704025684726
7892bf99dad2,Chamarajanagar,Uganedahundi,2025.0,1.0,horse_gram,2025-09-20,1.0,"POLYGON((76.8445376 11.8517570, 76.8443535 11.8511431, 76.8445798 11.8509685, 76.8450512 11.8517223, 76.8445376 11.8517570))",0.34610571256896167,11.85142513608655,76.84465364903703,010185143025684465
cbd58222d0f9,Chamarajanagar,Uganedahundi,2025.0,1.0,horse_gram,2025-09-27,1.0,"POLYGON((76.8391832 11.8492829, 76.8391675 11.8488052, 76.8385724 11.8488888, 76.8386173 11.8493167, 76.8391832 11.8492829))",0.3188301248983311,11.849070818361263,76.83888992823198,010184907025683889
3606f6a530f7,Chamarajanagar,Uganedahundi,2025.0,1.0,horse_gram,2025-09-26,1.0,"POLYGON((76.8411443 11.8492518, 76.8410373 11.8489535, 76.8392909 11.8491930, 76.8393110 11.8495999, 76.8411443 11.8492518))",0.7827265798348298,11.849257607320304,76.84015738755569,010184926025684016
319d71e1fc66,Chamarajanagar,Uganedahundi,2025.0,1.0,horse_gram,2025-09-27,1.0,"POLYGON((76.8413498 11.8514328, 76.8411044 11.8507963, 76.8396318 11.8510801, 76.8397961 11.8517265, 76.8413498 11.8514328))",1.240566062272276,11.851261542804107,76.84047246764733,010185126025684047
342c8d81402f,Chamarajanagar,Uganedahundi,2025.0,1.0,horse_gram,2025-09-27,1.0,"POLYGON((76.8417585 11.8504462, 76.8415349 11.8498995, 76.8406249 11.8502184, 76.8407429 11.8507159, 76.8417585 11.8504462))",0.6660479196685699,11.85032018740544,76.84117789236686,010185032025684118
cfcbe7a4e3af,Chamarajanagar,Uganedahundi,2025.0,1.0,horse_gram,2025-09-26,1.0,"POLYGON((76.8414993 11.8498178, 76.8412442 11.8493768, 76.8393824 11.8497827, 76.8394062 11.8502585, 76.8414993 11.8498178))",1.163121101059403,11.849812250867648,76.84038932874869,010184981025684039
3d8fc623c084,Chamarajanagar,Uganedahundi,2025.0,1.0,horse_gram,2025-09-26,1.0,"POLYGON((76.8414708 11.8491071, 76.8427124 11.8488308, 76.8420237 11.8477561, 76.8410189 11.8481978, 76.8414708 11.8491071))",1.5888024916969345,11.848475602850842,76.84183070932548,010184848025684183
ab94351fe90b,Chamarajanagar,Uganedahundi,2025.0,1.0,horse_gram,2025-09-20,1.0,"POLYGON((76.8425927 11.8525823, 76.8425139 11.8520035, 76.8416586 11.8522161, 76.8417571 11.8528376, 76.8425927 11.8525823))",0.6361965163973516,11.852410583239937,76.84212502113601,010185241025684213
f55e81a9df03,Chamarajanagar,Uganedahundi,2025.0,1.0,horse_gram,2025-09-20,1.0,"POLYGON((76.8421028 11.8507822, 76.8419369 11.8499979, 76.8431338 11.8498916, 76.8432337 11.8505817, 76.8421028 11.8507822))",1.058143790475002,11.850312560281107,76.842588114413,010185031025684259
e3dfad366cd5,Chamarajanagar,Uganedahundi,2025.0,1.0,horse_gram,2025-09-26,1.0,"POLYGON((76.8430081 11.8518758, 76.8424555 11.8508691, 76.8432149 11.8506663, 76.8433913 11.8515821, 76.8430081 11.8518758))",0.7705574770298437,11.851211915680139,76.84299103981402,010185121025684299
a624ace78833,Raichur,Kannapurahatti,2025.0,1.0,pigeon_pea,2025-06-01,1.0,"POLYGON((76.3990183 16.0421415, 76.3991310 16.0422655, 76.3977949 16.0430778, 76.3976658 16.0429251, 76.3990183 16.0421415))",0.33417783016996094,16.042614692773455,76.39838205535784,010604261025639838
e8df7884a585,Raichur,Kannapurahatti,2025.0,1.0,pigeon_pea,2025-06-01,1.0,"POLYGON((76.3984021 16.0412518, 76.3968451 16.0419826, 76.3973721 16.0425945, 76.3977081 16.0423851, 76.3983226 16.0420219, 76.3987169 16.0418093, 76.3986780 16.0417000, 76.3984021 16.0412518))",1.3705590455870593,16.041913006383908,76.39780714229705,010604191025639781
e917fc96fd93,Raichur,Kannapurahatti,2025.0,1.0,pigeon_pea,2025-06-01,0.0,"POLYGON((76.3979287 16.0402416, 76.3978693 16.0401630, 76.3977600 16.0401695, 76.3977114 16.0402868, 76.3977825 16.0404285, 76.3979863 16.0407891, 76.3980514 16.0407411, 76.3979967 16.0406122, 76.3979552 16.0404988, 76.3979213 16.0403992, 76.3979287 16.0402416))",0.10068477963614285,16.040428538460915,76.39787473757843,010604043025639787
6755b4fb02e0,Raichur,Kannapurahatti,2025.0,1.0,pigeon_pea,2025-06-01,0.0,"POLYGON((76.3990612 16.0401801, 76.3997019 16.0400151, 76.3994679 16.0393568, 76.3992212 16.0394052, 76.3988047 16.0395041, 76.3990612 16.0401801))",0.5623755114246768,16.039761660301963,76.399256358153,010603976025639926
19478cb2021f,Raichur,Kannapurahatti,2025.0,1.0,pearl_millet,2025-06-01,0.0,"POLYGON((76.3991477 16.0405887, 76.3989838 16.0402468, 76.3997184 16.0400461, 76.3999148 16.0405503, 76.3996094 16.0406995, 76.3992674 16.0408384, 76.3991477 16.0405887))",0.5223953036558668,16.040424078445984,76.399460483588,010604042025639946
126ee7824afe,Raichur,Kannapurahatti,2025.0,1.0,pigeon_pea,2025-06-01,0.0,"POLYGON((76.3981624 16.0409006, 76.3980272 16.0403232, 76.3979314 16.0397445, 76.3987491 16.0395257, 76.3990009 16.0401843, 76.3989281 16.0402394, 76.3987699 16.0403164, 76.3987233 16.0407359, 76.3983830 16.0408610, 76.3982063 16.0409170, 76.3981624 16.0409006))",1.151610089874613,16.040181356148132,76.3984356671603,010604018025639844
21c8a6c8e99b,Raichur,Kannapurahatti,2025.0,1.0,other:reshme,2025-06-01,1.0,"POLYGON((76.3981627 16.0411719, 76.3982351 16.0412815, 76.3974915 16.0416269, 76.3970466 16.0410179, 76.3967565 16.0405929, 76.3970539 16.0405877, 76.3971984 16.0405255, 76.3972494 16.0403457, 76.3974123 16.0403048, 76.3975062 16.0404650, 76.3976061 16.0405619, 76.3978103 16.0405561, 76.3979495 16.0407569, 76.3981627 16.0411719))",1.1648990117723301,16.040971572654204,76.39752608440499,010604097025639753
ed2b00d5f42a,Raichur,Kannapurahatti,2025.0,1.0,pigeon_pea,2025-06-01,0.0,"POLYGON((76.3982653 16.0409312, 76.3981030 16.0409960, 76.3982703 16.0412898, 76.3992393 16.0408529, 76.3990924 16.0406245, 76.3982653 16.0409312))",0.3798709881911986,16.040948179437244,76.39865695908465,010604095025639866
6a5f29f4bfd4,Raichur,Kannapurahatti,2025.0,1.0,pigeon_pea,2025-06-01,0.0,"POLYGON((76.4000171 16.0421080, 76.3998039 16.0418250, 76.3992597 16.0422185, 76.3995953 16.0425935, 76.3999128 16.0423187, 76.4000684 16.0421879, 76.4000171 16.0421080))",0.36458891638862045,16.04220672697185,76.39967603971517,010604221025639968
13d3fd785c22,Raichur,Kannapurahatti,2025.0,1.0,pigeon_pea,2025-06-01,0.0,"POLYGON((76.4031348 16.0406241, 76.4034785 16.0412573, 76.4023322 16.0418099, 76.4012928 16.0422800, 76.4010293 16.0417909, 76.4018970 16.0412763, 76.4031348 16.0406241))",1.880498246975441,16.04146287189737,76.40227523532646,010604146025640228
3597da5bbfb6,Chamarajanagar,Uganedahundi,2025.0,1.0,horse_gram,2025-09-26,1.0,"POLYGON((76.8556600 11.8617182, 76.8555574 11.8611558, 76.8548554 11.8612427, 76.8550398 11.8616175, 76.8556600 11.8617182))",0.37198958956342143,11.861425526215848,76.85529787778295,010186143025685530
ca95bd6dbcc8,Chamarajanagar,Uganedahundi,2025.0,1.0,horse_gram,2025-09-27,1.0,"POLYGON((76.8558116 11.8629512, 76.8557526 11.8625119, 76.8552426 11.8625477, 76.8552698 11.8630270, 76.8558116 11.8629512))",0.29389448683908087,11.862762398307726,76.85551592241347,010186276025685552
a251b93b1ca1,Chamarajanagar,Uganedahundi,2025.0,1.0,horse_gram,2025-09-27,1.0,"POLYGON((76.8552165 11.8625280, 76.8551169 11.8617805, 76.8556507 11.8617825, 76.8557113 11.8624256, 76.8552165 11.8625280))",0.43560855403296994,11.8621268043557,76.85541690487808,010186213025685542
9da47e65dc52,Chamarajanagar,Uganedahundi,2025.0,1.0,horse_gram,2025-09-27,1.0,"POLYGON((76.8538955 11.8638559, 76.8547759 11.8638536, 76.8547330 11.8630106, 76.8538076 11.8631153, 76.8538955 11.8638559))",0.8653470730513447,11.863454401739302,76.85431212268516,010186345025685431
f5a6a070851b,Chamarajanagar,Uganedahundi,2025.0,1.0,horse_gram,2025-09-23,1.0,"POLYGON((76.8559068 11.8635353, 76.8558032 11.8630064, 76.8548504 11.8631504, 76.8548614 11.8637190, 76.8559068 11.8635353))",0.6718000438539364,11.86335772987086,76.85535224199378,010186336025685535
56c43a8aff49,Chamarajanagar,Uganedahundi,2025.0,1.0,horse_gram,2025-09-17,1.0,"POLYGON((76.8442928 11.8572476, 76.8441054 11.8566330, 76.8427861 11.8569900, 76.8427915 11.8575274, 76.8442928 11.8572476))",1.0156094155469262,11.857099794114289,76.84351813304409,010185710025684352
6fe94dd1e754,Chamarajanagar,Uganedahundi,2025.0,1.0,horse_gram,2025-09-24,1.0,"POLYGON((76.8433742 11.8582615, 76.8450435 11.8581489, 76.8445872 11.8574343, 76.8432102 11.8577614, 76.8433742 11.8582615))",1.1965404714835006,11.857899949100258,76.84410666083438,010185790025684411
7aaa7b49a7de,Chamarajanagar,Uganedahundi,2025.0,2.0,horse_gram,2025-10-10,1.0,"POLYGON((76.8462093 11.8580803, 76.8463223 11.8580416, 76.8462649 11.8578677, 76.8461322 11.8578815, 76.8462093 11.8580803))",0.029713510227429754,11.857966839044979,76.84623021854242,010185797025684623
b0cc0601444e,Chamarajanagar,Uganedahundi,2025.0,1.0,horse_gram,2025-09-20,1.0,"POLYGON((76.8452413 11.8577273, 76.8451468 11.8580360, 76.8459662 11.8577844, 76.8458220 11.8574060, 76.8455521 11.8572210, 76.8451525 11.8572991, 76.8452413 11.8577273))",0.5224812409332329,11.85760681219307,76.84551201033328,010185761025684551
b69c84792706,Tumkur,Holakallu,2025.0,1.0,unknown,2025-07-31,1.0,"POLYGON((77.1148137 13.2514238, 77.1150930 13.2514254, 77.1149991 13.2502245, 77.1148043 13.2501742, 77.1148137 13.2514238))",0.3463828107127921,13.250849310829558,77.11492820459128,010325085025711493
2ce9810e6196,Tumkur,Holakallu,2025.0,1.0,finger_millet,2025-08-07,1.0,"POLYGON((77.1153793 13.2500215, 77.1153854 13.2497653, 77.1151027 13.2497411, 77.1151376 13.2499647, 77.1153793 13.2500215))",0.07465218072473959,13.249870389970813,77.11525465556619,010324987025711525
93c981d7d755,Tumkur,Holakallu,2025.0,1.0,finger_millet,2025-07-15,1.0,"POLYGON((77.1139028 13.2513285, 77.1141680 13.2513680, 77.1140808 13.2525229, 77.1137385 13.2524831, 77.1139028 13.2513285))",0.42625079863894855,13.25194970062318,77.11396969550323,010325195025711397
ee8782370501,Tumkur,Holakallu,2025.0,1.0,finger_millet,2025-06-18,1.0,"POLYGON((77.1135538 13.2519084, 77.1133938 13.2524812, 77.1137355 13.2524838, 77.1137761 13.2519032, 77.1138042 13.2518226, 77.1135990 13.2517939, 77.1135538 13.2519084))",0.22016269472758226,13.25217326149457,77.11361913121392,010325217025711362
70c84f47cdb0,Tumkur,Holakallu,2025.0,1.0,finger_millet,2025-07-16,1.0,"POLYGON((77.1136473 13.2515801, 77.1138662 13.2515808, 77.1139943 13.2507776, 77.1136899 13.2506474, 77.1137972 13.2508253, 77.1136473 13.2515801))",0.21432719238966227,13.251149913481028,77.11382585264691,010325115025711383
b50fd0007ed9,Tumkur,Holakallu,2025.0,1.0,finger_millet,2025-08-03,1.0,"POLYGON((77.1126582 13.2531440, 77.1129778 13.2531707, 77.1129939 13.2528463, 77.1126834 13.2527246, 77.1126582 13.2531440))",0.14217890852307796,13.252970183990818,77.11282153015372,010325297025711282
f2d8f076b6c3,Tumkur,Holakallu,2025.0,1.0,finger_millet,2025-07-22,1.0,"POLYGON((77.1128946 13.2523056, 77.1133895 13.2523441, 77.1134384 13.2520523, 77.1130485 13.2519942, 77.1128946 13.2523056))",0.16570316401328947,13.252179051962626,77.11318728858295,010325218025711319
4fd794a0cc28,Tumkur,Holakallu,2025.0,1.0,finger_millet,2025-07-24,,"POLYGON((77.1122271 13.2517462, 77.1122137 13.2523235, 77.1123927 13.2523731, 77.1124698 13.2517368, 77.1122271 13.2517462))",0.15442129866547694,13.252030969674827,77.11232874704879,010325203025711233
1bf130e52fd6,Tumkur,Holakallu,2025.0,1.0,finger_millet,2025-07-18,1.0,"POLYGON((77.1118432 13.2517576, 77.1119669 13.2522357, 77.1121426 13.2522844, 77.1121339 13.2517567, 77.1118432 13.2517576))",0.13861381855164645,13.251986709963804,77.11202112969958,010325199025711202
cc91cc86e985,Tumkur,Holakallu,2025.0,1.0,finger_millet,2025-07-18,1.0,"POLYGON((77.1130908 13.2513579, 77.1129395 13.2516689, 77.1117818 13.2517619, 77.1117198 13.2514525, 77.1130908 13.2513579))",0.4648800308770351,13.251556242858355,77.11237874590694,010325156025711238
2b82560931d2,Tumkur,Holakallu,2025.0,1.0,finger_millet,2025-07-16,1.0,"POLYGON((77.1114492 13.2504173, 77.1116863 13.2509124, 77.1133704 13.2507567, 77.1135568 13.2503556, 77.1114492 13.2504173))",1.0210862159375955,13.25060469814978,77.11247364471333,010325060025711247
82fb32ce033f,Tumkur,Holakallu,2025.0,1.0,finger_millet,2025-07-16,1.0,"POLYGON((77.1115196 13.2500159, 77.1115750 13.2503511, 77.1135984 13.2502793, 77.1137201 13.2499738, 77.1115196 13.2500159))",0.8082427655059246,13.250153250801542,77.11258450567188,010325015025711258
b6d2ec4ab327,Tumkur,Holakallu,2025.0,1.0,finger_millet,2025-07-15,1.0,"POLYGON((77.1136792 13.2493586, 77.1135658 13.2496449, 77.1113993 13.2497036, 77.1113822 13.2494598, 77.1136792 13.2493586))",0.7039879377135257,13.249539548507968,77.1125335100617,010324954025711253
62998f06e2fd,Tumkur,Holakallu,2025.0,1.0,horse_gram,2025-09-18,1.0,"POLYGON((77.1127350 13.2490591, 77.1127474 13.2493799, 77.1136745 13.2493361, 77.1136507 13.2490342, 77.1127350 13.2490591))",0.34443076555383023,13.249202841078928,77.1131973645709,010324920025711320
f02831cc1039,Tumkur,Holakallu,2025.0,1.0,finger_millet,2025-07-16,1.0,"POLYGON((77.1127079 13.2490767, 77.1126452 13.2493759, 77.1114509 13.2494239, 77.1113979 13.2491573, 77.1127079 13.2490767))",0.424098380559265,13.24925577745454,77.11206036601665,010324926025711206
84c4f501c462,Tumkur,Holakallu,2025.0,1.0,finger_millet,2025-07-15,1.0,"POLYGON((77.1137103 13.2496700, 77.1136701 13.2492049, 77.1143913 13.2493048, 77.1141532 13.2497428, 77.1137103 13.2496700))",0.32509568997460264,13.249463041020427,77.11398662070914,010324946025711399
5e4c5a037f12,Tumkur,Holakallu,2025.0,1.0,finger_millet,2025-07-16,1.0,"POLYGON((77.1136879 13.2489706, 77.1137003 13.2491951, 77.1143993 13.2492728, 77.1145469 13.2490561, 77.1136879 13.2489706))",0.21251921203010207,13.24912022416855,77.11408726900909,010324912025711409
837d80a6b672,Tumkur,Holakallu,2025.0,1.0,finger_millet,2025-06-17,1.0,"POLYGON((77.1145308 13.2487728, 77.1145988 13.2485574, 77.1148402 13.2486080, 77.1147303 13.2487836, 77.1145308 13.2487728))",0.054904317344417655,13.248675892917385,77.11467391385284,010324868025711467
c95774163f3a,Tumkur,Holakallu,2025.0,1.0,finger_millet,2025-07-16,1.0,"POLYGON((77.1144473 13.2473976, 77.1148396 13.2474550, 77.1148070 13.2479570, 77.1144013 13.2478675, 77.1144473 13.2473976))",0.23574935547747228,13.24767124321085,77.11462566434523,010324767025711463
56575a38e75e,Tumkur,Holakallu,2025.0,1.0,finger_millet,2025-06-18,1.0,"POLYGON((77.1145046 13.2467863, 77.1144758 13.2470895, 77.1148043 13.2471394, 77.1148426 13.2468428, 77.1145046 13.2467863))",0.12189602863067857,13.246963696751262,77.11465645419355,010324696025711466
3afb44cfd75f,Tumkur,Holakallu,2025.0,1.0,finger_millet,2025-08-02,1.0,"POLYGON((77.1126854 13.2521023, 77.1124688 13.2519773, 77.1125855 13.2518157, 77.1128192 13.2519038, 77.1126854 13.2521023))",0.06453581781675394,13.251951877984537,77.11264295137985,010325195025711264
71ddfe450b1a,Tumkur,Holakallu,2025.0,1.0,finger_millet,2025-08-01,1.0,"POLYGON((77.1125500 13.2513856, 77.1126821 13.2510204, 77.1121064 13.2510227, 77.1121258 13.2513579, 77.1125500 13.2513856))",0.21059286727050966,13.251188221492876,77.11237144056673,010325119025711237
904d7b00314e,Tumkur,Holakallu,2025.0,1.0,finger_millet,2025-07-30,1.0,"POLYGON((77.1120678 13.2498873, 77.1123414 13.2498867, 77.1123495 13.2497610, 77.1120564 13.2497698, 77.1120678 13.2498873))",0.0412742566656629,13.249825498348558,77.11220529198832,010324983025711221
b9583666d71e,Tumkur,Holakallu,2025.0,1.0,horse_gram,2025-08-07,1.0,"POLYGON((77.1122529 13.2487043, 77.1122586 13.2482967, 77.1118050 13.2483039, 77.1118385 13.2488032, 77.1122529 13.2487043))",0.23669368441828856,13.248524794135669,77.11203097615551,010324852025711203
16cc1a5a251e,Tumkur,Holakallu,2025.0,1.0,horse_gram,2025-07-19,1.0,"POLYGON((77.1120819 13.2490822, 77.1120749 13.2487937, 77.1117651 13.2488322, 77.1118372 13.2490881, 77.1120819 13.2490822))",0.09147327492096424,13.248943243979687,77.1119412321558,010324894025711194
53fb6f07f72f,Tumkur,Holakallu,2025.0,1.0,horse_gram,2025-08-15,1.0,"POLYGON((77.1128121 13.2490418, 77.1123763 13.2490362, 77.1123568 13.2487578, 77.1128024 13.2487356, 77.1128121 13.2490418))",0.15446667267521044,13.248892178563775,77.1125903464859,010324889025711259
8a3eb6d4b23c,Tumkur,Holakallu,2025.0,1.0,finger_millet,2025-09-10,1.0,"POLYGON((77.1135206 13.2490042, 77.1135591 13.2486893, 77.1131920 13.2486877, 77.1132279 13.2490111, 77.1135206 13.2490042))",0.12615928620450892,13.248842067642789,77.11337414364861,010324884025711337
0c1d5410abf1,Tumkur,Holakallu,2025.0,1.0,finger_millet,2025-07-25,1.0,"POLYGON((77.1145147 13.2490352, 77.1145904 13.2488100, 77.1142169 13.2487758, 77.1141465 13.2489908, 77.1145147 13.2490352))",0.10124333371579103,13.248903031896425,77.1143686306408,010324890025711437
54ab651f0071,Tumkur,Holakallu,2025.0,1.0,finger_millet,2025-07-31,1.0,"POLYGON((77.1146176 13.2484941, 77.1143625 13.2484690, 77.1143806 13.2482053, 77.1146028 13.2482693, 77.1146176 13.2484941))",0.06995666355588222,13.248361526739618,77.11448719027325,010324836025711449
86cbe9b91dab,Tumkur,Holakallu,2025.0,1.0,finger_millet,2025-07-25,1.0,"POLYGON((77.1146474 13.2481635, 77.1146927 13.2479978, 77.1145448 13.2479661, 77.1145174 13.2481492, 77.1146474 13.2481635))",0.03004804232217196,13.248066828619756,77.11460011528396,010324807025711460
6f52a7c8ca69,Tumkur,Holakallu,2025.0,1.0,finger_millet,2025-07-17,1.0,"POLYGON((77.1146867 13.2474038, 77.1147172 13.2470827, 77.1144758 13.2470500, 77.1144412 13.2473741, 77.1146867 13.2474038))",0.09529910453482092,13.247228017685693,77.1145799624694,010324723025711458
98a4c6a79e38,Tumkur,Holakallu,2025.0,1.0,finger_millet,2025-07-17,1.0,"POLYGON((77.1142019 13.2471969, 77.1143983 13.2472050, 77.1144319 13.2470109, 77.1141948 13.2469231, 77.1142019 13.2471969))",0.06153186499974854,13.247078764088243,77.11430155653099,010324708025711430
e68561d2eb77,Raichur,Mudhagalla,2025.0,1.0,pigeon_pea,2025-06-01,1.0,"POLYGON((76.4581848 16.0767681, 76.4571586 16.0769153, 76.4573466 16.0777755, 76.4583763 16.0776431, 76.4583441 16.0773573, 76.4582951 16.0771002, 76.4582281 16.0767745, 76.4581848 16.0767681))",1.1171507020463627,16.07727090350293,76.45778216707441,010607727025645778
e0a39a721fcf,Raichur,Mudhagalla,2025.0,1.0,pigeon_pea,2025-06-01,0.0,"POLYGON((76.4558020 16.0779511, 76.4556082 16.0771463, 76.4570935 16.0769272, 76.4572655 16.0777761, 76.4558020 16.0779511))",1.4844789905776938,16.077447961679972,76.45644795024316,010607745025645645
3749a90579eb,Raichur,Mudhagalla,2025.0,1.0,pigeon_pea,2025-06-01,1.0,"POLYGON((76.4553692 16.0763013, 76.4550735 16.0752626, 76.4534568 16.0754971, 76.4536214 16.0765145, 76.4553692 16.0763013))",2.106448135818331,16.075899459473256,76.45438672615697,010607590025645439
d4a44ab27ec3,Raichur,Mudhagalla,2025.0,1.0,pigeon_pea,2025-06-01,1.0,"POLYGON((76.4553662 16.0763644, 76.4557370 16.0781386, 76.4550641 16.0782239, 76.4546963 16.0764578, 76.4553662 16.0763644))",1.4447062793009233,16.077296444835348,76.4552161966195,010607730025645522
e0563d539cf3,Raichur,Mudhagalla,2025.0,1.0,chickpea,2025-09-04,0.0,"POLYGON((76.4554211 16.0763883, 76.4555841 16.0770861, 76.4582117 16.0767162, 76.4580682 16.0761827, 76.4580561 16.0757884, 76.4566365 16.0761044, 76.4553940 16.0761444, 76.4554211 16.0763883))",2.7822741240589948,16.076466145748086,76.45679513976062,010607647025645680
6a3ff414fee5,Raichur,Mudhagalla,2025.0,2.0,chickpea_mixed,2025-10-03,0.0,"POLYGON((76.4540455 16.0698028, 76.4538571 16.0685843, 76.4547338 16.0682721, 76.4556833 16.0693417, 76.4540455 16.0698028))",1.9615395636006736,16.06905308434417,76.45461402390055,010606905025645461
8087b5d77604,Raichur,Mudhagalla,2025.0,2.0,chickpea,2025-10-05,0.0,"POLYGON((76.4541079 16.0702773, 76.4541749 16.0705219, 76.4560495 16.0699880, 76.4555646 16.0694619, 76.4540190 16.0698318, 76.4541079 16.0702773))",1.4060485345582554,16.069966731897743,76.4549389652974,010606997025645494
e94bd7054bc9,Raichur,Mudhagalla,2025.0,1.0,sunflower,2025-06-01,1.0,"POLYGON((76.4540445 16.0703440, 76.4537719 16.0686400, 76.4522716 16.0692142, 76.4526400 16.0705428, 76.4540445 16.0703440))",2.7514489854079174,16.069663799421566,76.4532053937406,010606966025645321
56f6a55969af,Raichur,Mudhagalla,2025.0,2.0,chickpea,2025-10-05,0.0,"POLYGON((76.4545870 16.0705000, 76.4546825 16.0715821, 76.4539184 16.0717184, 76.4537937 16.0710808, 76.4536851 16.0704255, 76.4540827 16.0703405, 76.4541313 16.0705628, 76.4545870 16.0705000))",1.1845883094978307,16.07104134951592,76.45419358068756,010607104025645419
8b9a953be050,Raichur,Mudhagalla,2025.0,1.0,pigeon_pea,2025-06-01,0.0,"POLYGON((76.4548938 16.0726137, 76.4548123 16.0715532, 76.4568799 16.0710406, 76.4570720 16.0712091, 76.4571575 16.0721798, 76.4548938 16.0726137))",3.0197728271491466,16.07183750494251,76.45599275259407,010607184025645599
04a8d148d12c,Raichur,Mudhagalla,2025.0,1.0,pigeon_pea,2025-06-01,0.0,"POLYGON((76.4548311 16.0727304, 76.4548394 16.0734552, 76.4572135 16.0727803, 76.4571468 16.0721730, 76.4548311 16.0727304))",1.8747994212684382,16.072794015765872,76.4559782382644,010607279025645598
31b8d8774343,Raichur,Mudhagalla,2025.0,1.0,pigeon_pea,2025-06-01,0.0,"POLYGON((76.4550238 16.0746054, 76.4551466 16.0752185, 76.4534497 16.0754250, 76.4533535 16.0747935, 76.4550238 16.0746054))",1.2646773733841266,16.075011887784093,76.45424019552948,010607501025645424
275b0827d854,Raichur,Mudhagalla,2025.0,1.0,sunflower,2025-06-01,0.0,"POLYGON((76.4625417 16.0808792, 76.4622896 16.0809153, 76.4623728 16.0812754, 76.4625055 16.0820132, 76.4634299 16.0817709, 76.4644538 16.0815348, 76.4641970 16.0805696, 76.4625417 16.0808792))",2.430809133178152,16.081263165205407,76.46334754773677,010608126025646335
027efb44e072,Raichur,Mudhagalla,2025.0,1.0,pigeon_pea,2025-06-01,0.0,"POLYGON((76.4620945 16.0791862, 76.4622004 16.0796044, 76.4636663 16.0793051, 76.4643921 16.0791279, 76.4641823 16.0785616, 76.4634376 16.0787220, 76.4620392 16.0790361, 76.4620945 16.0791862))",1.5851949738611435,16.079085479135387,76.4632127963282,010607909025646321
466969669c6b,Raichur,Mudhagalla,2025.0,1.0,pigeon_pea,2025-06-01,0.0,"POLYGON((76.4620472 16.0791750, 76.4624955 16.0808634, 76.4612244 16.0809433, 76.4610142 16.0798653, 76.4609291 16.0792197, 76.4620472 16.0791750))",2.4637876525325826,16.080068688625634,76.46167005760398,010608007025646167
ca383517f570,Raichur,Mudhagalla,2025.0,1.0,pigeon_pea,2025-06-01,0.0,"POLYGON((76.4618655 16.0784111, 76.4619956 16.0790951, 76.4609180 16.0791791, 76.4608620 16.0784920, 76.4618655 16.0784111))",0.8527888663905953,16.07879835115501,76.46141115226865,010607880025646141
914eb267c9eb,Raichur,Mudhagalla,2025.0,1.0,pigeon_pea,2025-06-01,1.0,"POLYGON((76.4617113 16.0778193, 76.4616425 16.0774221, 76.4585204 16.0780393, 76.4586817 16.0788177, 76.4608023 16.0785661, 76.4608151 16.0784636, 76.4618531 16.0783934, 76.4617113 16.0778193))",3.3583562997393543,16.078161420918555,76.46021491609058,010607816025646021
389261042150,Raichur,Mudhagalla,2025.0,1.0,pigeon_pea,2025-06-01,1.0,"POLYGON((76.4615487 16.0769369, 76.4620593 16.0789768, 76.4636297 16.0786096, 76.4632827 16.0764607, 76.4632669 16.0760970, 76.4613780 16.0758406, 76.4613109 16.0758422, 76.4615487 16.0769369))",5.9266526499925485,16.077346660795023,76.46251141387653,010607735025646251
99cf687fffd3,Raichur,Mudhagalla,2025.0,1.0,pearl_millet,2025-06-01,1.0,"POLYGON((76.4614967 16.0767610, 76.4616127 16.0773634, 76.4585188 16.0779540, 76.4583766 16.0773683, 76.4614967 16.0767610))",2.274557922337449,16.077360274730193,76.46000599014658,010607736025646001
f5e1c4c12f62,Raichur,Mudhagalla,2025.0,1.0,pigeon_pea,2025-06-01,0.0,"POLYGON((76.4613019 16.0758821, 76.4612375 16.0755964, 76.4581225 16.0761569, 76.4582318 16.0766528, 76.4613334 16.0761199, 76.4613019 16.0758821))",1.9438367443911273,16.076128548691976,76.45974664932177,010607613025645975
3f9dc3411f92,Raichur,Mudhagalla,2025.0,1.0,sunflower,2025-06-01,1.0,"POLYGON((76.4611467 16.0748316, 76.4609891 16.0736337, 76.4623597 16.0735954, 76.4624093 16.0747394, 76.4623684 16.0759533, 76.4613126 16.0758029, 76.4611467 16.0748316))",3.3273989127107098,16.07469725043171,76.46176953816429,010607470025646177
c9ea3b3b1b41,Raichur,Mudhagalla,2025.0,2.0,chickpea,2025-10-05,0.0,"POLYGON((76.4611353 16.0748219, 76.4603108 16.0749743, 76.4581513 16.0753338, 76.4580551 16.0745787, 76.4590391 16.0743299, 76.4591048 16.0744092, 76.4604902 16.0741395, 76.4610303 16.0740445, 76.4611353 16.0748219))",2.8126791757853375,16.074693566529806,76.45958935786847,010607469025645959
19a181c8d396,Chitradurga,Kanivehalli,2025.0,1.0,finger_millet,2025-08-21,0.0,"POLYGON((76.0722183 13.8873303, 76.0722243 13.8880665, 76.0714378 13.8881411, 76.0713057 13.8874019, 76.0722183 13.8873303))",0.754932009919424,13.88772604316387,76.0717943725149,010388773025607179
b70471d99007,Chitradurga,Kanivehalli,2025.0,1.0,finger_millet,2025-08-14,0.0,"POLYGON((76.0722337 13.8873013, 76.0716604 13.8865440, 76.0711746 13.8864945, 76.0712785 13.8873661, 76.0722337 13.8873013))",0.7043494302870231,13.886975041421026,76.07159894997099,010388698025607160
c6044a123803,Chitradurga,Select Village,2025.0,1.0,finger_millet,2025-08-29,0.0,"POLYGON((76.0700420 13.8897548, 76.0701486 13.8902638, 76.0705755 13.8902254, 76.0704598 13.8897333, 76.0700420 13.8897548))",0.25656221609800406,13.889995642536547,76.07030562777588,010389000025607031
7e4c22db8fbc,Chitradurga,Select Village,2025.0,1.0,finger_millet,2025-08-30,0.0,"POLYGON((76.0741200 13.8850598, 76.0746232 13.8849872, 76.0747493 13.8855125, 76.0742316 13.8856154, 76.0741200 13.8850598))",0.3421190401058619,13.88529587316044,76.0744293312045,010388530025607443
525e6fe4a4e5,Chitradurga,Kanivehalli,2025.0,1.0,finger_millet,2025-08-14,0.0,"POLYGON((76.0701517 13.8890726, 76.0701547 13.8897144, 76.0704494 13.8896819, 76.0703626 13.8890830, 76.0701517 13.8890726))",0.18798581154209526,13.889405740248714,76.07027952537807,010388941025607028
ee92a2a77621,Chitradurga,Kanivehalli,2025.0,1.0,maize,2025-06-10,0.0,"POLYGON((76.0695897 13.8856561, 76.0701728 13.8856255, 76.0703035 13.8863308, 76.0697477 13.8863431, 76.0695897 13.8856561))",0.477450688009837,13.885985688207262,76.0699539474398,010388599025606995
702a0f931545,Chitradurga,Kanivehalli,2025.0,1.0,finger_millet,2025-08-30,0.0,"POLYGON((76.0728845 13.8876281, 76.0725170 13.8876512, 76.0724051 13.8873411, 76.0726696 13.8872701, 76.0728845 13.8876281))",0.13534028888331834,13.887478466876154,76.07262688084379,010388748025607263
52bf54f91b54,Chitradurga,Kanivehalli,2025.0,1.0,finger_millet,2025-08-29,0.0,"POLYGON((76.0669739 13.8843177, 76.0669095 13.8853332, 76.0673588 13.8853332, 76.0673280 13.8843528, 76.0669739 13.8843177))",0.4793154614085122,13.884853743642713,76.06714091437152,010388485025606714
839c4bd93386,Chitradurga,Kanivehalli,2025.0,1.0,finger_millet,2025-08-22,0.0,"POLYGON((76.0666886 13.8854071, 76.0666601 13.8858618, 76.0684283 13.8861996, 76.0682245 13.8852834, 76.0666886 13.8854071))",1.3419597571462165,13.885699858342655,76.06759157927613,010388570025606759
e6ea904baea9,Chitradurga,Kanivehalli,2025.0,1.0,finger_millet,2025-08-20,0.0,"POLYGON((76.0633845 13.8830773, 76.0637291 13.8830659, 76.0637704 13.8834161, 76.0634304 13.8834340, 76.0633845 13.8830773))",0.14535166653079656,13.883248010695487,76.06357799606646,010388325025606358
cd9bcfb850b3,Chitradurga,Kanivehalli,2025.0,1.0,finger_millet,2025-08-27,0.0,"POLYGON((76.0652211 13.8827977, 76.0655785 13.8827886, 76.0656932 13.8835359, 76.0651396 13.8833836, 76.0652211 13.8827977))",0.3613815954773874,13.883151123831531,76.06541614541446,010388315025606542
53c8923178ca,Chitradurga,Kanivehalli,2025.0,1.0,finger_millet,2025-08-13,0.0,"POLYGON((76.0642163 13.8853892, 76.0652741 13.8856131, 76.0656865 13.8836114, 76.0642488 13.8833354, 76.0642163 13.8853892))",3.0897398025126206,13.884436406694988,76.06486320786962,010388444025606486
c44c9b832d17,Chitradurga,Kanivehalli,2025.0,1.0,finger_millet,2025-09-10,0.0,"POLYGON((76.0657367 13.8835138, 76.0655440 13.8842611, 76.0659631 13.8843626, 76.0661240 13.8836911, 76.0657367 13.8835138))",0.37123265176306103,13.883957574186114,76.06583771855225,010388396025606584
b27b4b5f6003,Chitradurga,Kanivehalli,2025.0,1.0,finger_millet,2025-09-10,0.0,"POLYGON((76.0673136 13.8839919, 76.0663359 13.8836902, 76.0662403 13.8840111, 76.0671278 13.8842825, 76.0673136 13.8839919))",0.38892846195385844,13.883991249138582,76.06675497283706,010388399025606675
8a7ba5e84a75,Chitradurga,Kanivehalli,2025.0,1.0,finger_millet,2025-08-20,0.0,"POLYGON((76.0692652 13.8851578, 76.0688270 13.8852411, 76.0688377 13.8855239, 76.0694030 13.8854204, 76.0692652 13.8851578))",0.1718174543712939,13.885341408627129,76.06908528673888,010388534025606909
e962884e1203,Chitradurga,Kanivehalli,2025.0,1.0,finger_millet,2025-08-28,0.0,"POLYGON((76.0766768 13.8915035, 76.0766845 13.8919120, 76.0773470 13.8919589, 76.0773594 13.8915582, 76.0766768 13.8915035))",0.3252666908306625,13.891732069143453,76.07701608038622,010389173025607702
45fb49091edd,Chitradurga,Kanivehalli,2025.0,1.0,finger_millet,2025-08-13,0.0,"POLYGON((76.0763844 13.8911078, 76.0762899 13.8912532, 76.0774979 13.8912737, 76.0775120 13.8910759, 76.0763844 13.8911078))",0.23919642658231488,13.891178693771682,76.07695065043427,010389118025607695
c64c46cf4a37,Chitradurga,Kanivehalli,2025.0,1.0,other:raggi,2025-08-13,,"POLYGON((76.0753927 13.8912340, 76.0748854 13.8910303, 76.0748127 13.8921372, 76.0752827 13.8920692, 76.0753927 13.8912340))",0.5744076108850568,13.89160588890143,76.07508331249628,010389161025607508
79395b41a6ef,Tumkur,Holakallu,2025.0,1.0,finger_millet,2025-07-17,1.0,"POLYGON((77.1198751 13.2454375, 77.1196974 13.2454009, 77.1197581 13.2451216, 77.1199113 13.2452035, 77.1198751 13.2454375))",0.05432440276802982,13.245291831949578,77.1198073543224,010324529025711981
e25e2dd139f3,Tumkur,Holakallu,2025.0,1.0,finger_millet,2025-07-23,1.0,"POLYGON((77.1194888 13.2453830, 77.1196457 13.2454147, 77.1197178 13.2451614, 77.1195539 13.2451327, 77.1194888 13.2453830))",0.05087830431645284,13.24527219440035,77.11960199119177,010324527025711960
c8e186f52969,Tumkur,Holakallu,2025.0,1.0,finger_millet,2025-07-16,1.0,"POLYGON((77.1191019 13.2456741, 77.1193178 13.2459035, 77.1196142 13.2462263, 77.1194737 13.2465403, 77.1190443 13.2464175, 77.1191019 13.2456741))",0.3393667188977524,13.24618298020589,77.11928700971572,010324618025711929
d22e0483154d,Tumkur,Holakallu,2025.0,1.0,finger_millet,2025-07-22,1.0,"POLYGON((77.1186449 13.2464844, 77.1182832 13.2463614, 77.1183874 13.2455762, 77.1187076 13.2456464, 77.1186449 13.2464844))",0.34125657457060504,13.246026562311712,77.11850626404977,010324603025711851
13473aee5d5f,Tumkur,Holakallu,2025.0,1.0,finger_millet,2025-08-04,1.0,"POLYGON((77.1198352 13.2456483, 77.1197084 13.2456327, 77.1197356 13.2454917, 77.1198580 13.2455214, 77.1198352 13.2456483))",0.020672067236351427,13.245573453829609,77.119783150775,010324557025711978
e5bb48ede959,Tumkur,Holakallu,2025.0,1.0,finger_millet,2025-07-25,1.0,"POLYGON((77.1196125 13.2456036, 77.1196330 13.2454365, 77.1194758 13.2454052, 77.1194499 13.2455615, 77.1196125 13.2456036))",0.03200426934447624,13.245502444695239,77.1195434878401,010324550025711954
e9bb6a17d0bc,Tumkur,Holakallu,2025.0,1.0,finger_millet,2025-07-24,1.0,"POLYGON((77.1190835 13.2457110, 77.1187472 13.2456571, 77.1187153 13.2458229, 77.1190654 13.2458503, 77.1190835 13.2457110))",0.06394672775151973,13.245760075699321,77.11889763329114,010324576025711890
ea0e9479edf5,Tumkur,Holakallu,2025.0,1.0,finger_millet,2025-08-01,1.0,"POLYGON((77.1180337 13.2454930, 77.1178158 13.2455005, 77.1178517 13.2457253, 77.1180133 13.2456904, 77.1180337 13.2454930))",0.048206041969004035,13.24559747800407,77.1179259194303,010324560025711793
e43313e6485b,Raichur,Mudhagalla,2025.0,1.0,pigeon_pea,2025-06-01,1.0,"POLYGON((76.4608979 16.0203721, 76.4607722 16.0200527, 76.4600942 16.0202145, 76.4600724 16.0202867, 76.4599635 16.0203269, 76.4599926 16.0205200, 76.4605529 16.0204368, 76.4608979 16.0203721))",0.3120451978019712,16.020300390452146,76.46043405177016,010602030025646043
9dda898794bf,Raichur,Mudhagalla,2025.0,1.0,pigeon_pea,2025-06-01,0.0,"POLYGON((76.4610796 16.0206176, 76.4609291 16.0203643, 76.4604553 16.0204591, 76.4599890 16.0205300, 76.4600748 16.0208577, 76.4607591 16.0207439, 76.4610239 16.0206956, 76.4610283 16.0206447, 76.4610796 16.0206176))",0.3950584450709152,16.020612958789762,76.46052421788096,010602061025646052
48ace3b05fda,Raichur,Mudhagalla,2025.0,1.0,pigeon_pea,2025-06-01,0.0,"POLYGON((76.4611312 16.0207204, 76.4612315 16.0210166, 76.4603219 16.0211703, 76.4602441 16.0210672, 76.4601254 16.0210830, 76.4600962 16.0208815, 76.4611312 16.0207204))",0.3806918915405892,16.020947128729514,76.46067060953844,010602095025646067
e09feb56933f,Raichur,Mudhagalla,2025.0,1.0,pigeon_pea,2025-06-01,0.0,"POLYGON((76.4613415 16.0212795, 76.4613757 16.0213959, 76.4603450 16.0214919, 76.4603272 16.0213759, 76.4603172 16.0213443, 76.4601764 16.0213843, 76.4601392 16.0212041, 76.4612546 16.0210436, 76.4613415 16.0212795))",0.4345425010682571,16.02127829813629,76.46078810961136,010602128025646079
3d7e2584143a,Raichur,Mudhagalla,2025.0,1.0,pigeon_pea,2025-06-01,0.0,"POLYGON((76.4616868 16.0225080, 76.4617025 16.0219598, 76.4614092 16.0214629, 76.4603655 16.0216247, 76.4603678 16.0218267, 76.4601734 16.0218957, 76.4604858 16.0229075, 76.4613183 16.0226572, 76.4616868 16.0225080))",1.8720494944377333,16.02214671854476,76.46096212879785,010602215025646096
c43fe5df3d26,Raichur,Mudhagalla,2025.0,1.0,pigeon_pea,2025-06-01,0.0,"POLYGON((76.4631181 16.0227287, 76.4634768 16.0227161, 76.4635164 16.0234963, 76.4621495 16.0244634, 76.4618427 16.0241318, 76.4621686 16.0238920, 76.4620593 16.0231138, 76.4631181 16.0227287))",1.9419113789533926,16.023483238778155,76.462719734929,010602348025646272
d1dedd9b33b6,Raichur,Mudhagalla,2025.0,1.0,pigeon_pea,2025-06-01,0.0,"POLYGON((76.4637621 16.0209911, 76.4642416 16.0209267, 76.4644146 16.0220906, 76.4634939 16.0220823, 76.4633994 16.0214516, 76.4633893 16.0210549, 76.4637621 16.0209911))",1.1812704958759368,16.021541171287478,76.46388735032238,010602154025646389
685671d7eb47,Raichur,Mudhagalla,2025.0,1.0,pigeon_pea,2025-06-01,1.0,"POLYGON((76.4633062 16.0205899, 76.4633588 16.0210356, 76.4642255 16.0208906, 76.4641568 16.0204613, 76.4640485 16.0195783, 76.4639693 16.0190924, 76.4632136 16.0191884, 76.4631630 16.0199064, 76.4633062 16.0205899))",1.880552255259856,16.02006537683749,76.46366895143746,010602007025646367
c7d57949ac9a,Raichur,Mudhagalla,2025.0,1.0,pigeon_pea,2025-06-01,0.0,"POLYGON((76.4618819 16.0204078, 76.4622343 16.0203240, 76.4623590 16.0209044, 76.4625092 16.0216124, 76.4626849 16.0225434, 76.4627624 16.0228228, 76.4623315 16.0229517, 76.4621971 16.0222376, 76.4621330 16.0216330, 76.4619751 16.0212073, 76.4617267 16.0204642, 76.4618819 16.0204078))",1.317349947113505,16.021593939611993,76.46227586220621,010602159025646228
a17b3da7e1cf,Raichur,Mudhagalla,2025.0,1.0,pigeon_pea,2025-06-01,0.0,"POLYGON((76.4613961 16.0193338, 76.4620187 16.0192629, 76.4621699 16.0201281, 76.4616100 16.0201816, 76.4613961 16.0193338))",0.6126164585178151,16.019718676575508,76.46179762525848,010601972025646180
c3ab75bcfd75,Raichur,Mudhagalla,2025.0,1.0,pigeon_pea,2025-06-01,0.0,"POLYGON((76.4613921 16.0192964, 76.4619644 16.0192003, 76.4617572 16.0184685, 76.4616000 16.0173625, 76.4609921 16.0173158, 76.4611805 16.0181859, 76.4612804 16.0187859, 76.4613921 16.0192964))",1.271137427545109,16.018293047173348,76.46146961280924,010601829025646147
5a6c420453d0,Raichur,Mudhagalla,2025.0,1.0,pigeon_pea,2025-06-01,0.0,"POLYGON((76.4610018 16.0203814, 76.4615658 16.0202741, 76.4619550 16.0213801, 76.4621676 16.0223800, 76.4617998 16.0224854, 76.4617388 16.0221738, 76.4616868 16.0219076, 76.4614715 16.0214023, 76.4612942 16.0209624, 76.4611668 16.0206511, 76.4610957 16.0205248, 76.4610018 16.0203814))",1.1707806114192625,16.02129460103935,76.46165615127961,010602129025646166
af05752a7370,Raichur,Mudhagalla,2025.0,1.0,pigeon_pea,2025-06-01,0.0,"POLYGON((76.4609374 16.0203585, 76.4616023 16.0202457, 76.4614062 16.0195365, 76.4612345 16.0187814, 76.4611275 16.0179677, 76.4610105 16.0172442, 76.4601643 16.0171849, 76.4603423 16.0184537, 76.4605854 16.0197069, 76.4609374 16.0203585))",3.049410869330647,16.018741379887075,76.46084456016506,010601874025646084
4c40f548ed6e,Raichur,Mudhagalla,2025.0,1.0,pigeon_pea,2025-06-01,0.0,"POLYGON((76.4601834 16.0193434, 76.4602840 16.0201184, 76.4607363 16.0200279, 76.4606789 16.0196289, 76.4605837 16.0191040, 76.4605143 16.0180560, 76.4604148 16.0179419, 76.4603490 16.0179364, 76.4602377 16.0179129, 76.4601834 16.0193434))",0.9641721172989998,16.01911471328503,76.4604121394494,010601911025646041
0d6863e1d038,Raichur,Mudhagalla,2025.0,1.0,pigeon_pea,2025-06-01,0.0,"POLYGON((76.4598793 16.0193660, 76.4599031 16.0198436, 76.4599303 16.0201362, 76.4601559 16.0201181, 76.4602042 16.0201339, 76.4602324 16.0201278, 76.4601378 16.0193988, 76.4601268 16.0191230, 76.4600852 16.0185465, 76.4600567 16.0180128, 76.4599299 16.0179503, 76.4598357 16.0179638, 76.4598793 16.0193660))",0.6470294662500207,16.01910978570982,76.46000273584542,010601911025646000
ad957dc03d13,Raichur,Mudhagalla,2025.0,1.0,pigeon_pea,2025-06-01,1.0,"POLYGON((76.4595417 16.0193840, 76.4596175 16.0201494, 76.4599125 16.0201317, 76.4599011 16.0195526, 76.4598632 16.0190502, 76.4598381 16.0187608, 76.4598384 16.0186119, 76.4598270 16.0183789, 76.4598213 16.0183170, 76.4595514 16.0183254, 76.4595169 16.0187782, 76.4595417 16.0193840))",0.6933191097610893,16.019241196980257,76.45971236748115,010601924025645971
446dccb76826,Raichur,Mudhagalla,2025.0,1.0,pigeon_pea,2025-06-01,0.0,"POLYGON((76.4591052 16.0193934, 76.4591783 16.0199915, 76.4592208 16.0201790, 76.4596128 16.0201839, 76.4595511 16.0195126, 76.4595085 16.0189338, 76.4595219 16.0185745, 76.4595357 16.0180566, 76.4595186 16.0180080, 76.4593529 16.0180025, 76.4592617 16.0180708, 76.4591601 16.0186406, 76.4591223 16.0188955, 76.4591052 16.0193934))",0.9775642894318085,16.01916932123407,76.45935112894057,010601917025645935
8a0d55a149f1,Raichur,Mudhagalla,2025.0,1.0,pigeon_pea,2025-06-01,0.0,"POLYGON((76.4590884 16.0194784, 76.4589871 16.0186970, 76.4583907 16.0188233, 76.4583639 16.0189068, 76.4580651 16.0189548, 76.4582398 16.0196434, 76.4587571 16.0195342, 76.4590884 16.0194784))",0.8081517252052317,16.019178880732,76.4586031164777,010601918025645860
065223f90a50,Raichur,Mudhagalla,2025.0,1.0,pigeon_pea,2025-06-01,1.0,"POLYGON((76.4584396 16.0202831, 76.4582180 16.0196380, 76.4590633 16.0195239, 76.4591923 16.0201861, 76.4584396 16.0202831))",0.6398074027669621,16.019901312074097,76.45872707571965,010601990025645873
6b73a31e0a4b,Raichur,Bommanhal,2025.0,1.0,sunflower,2025-06-01,1.0,"POLYGON((76.3285014 16.0662701, 76.3281349 16.0650526, 76.3278335 16.0635290, 76.3272555 16.0636047, 76.3275032 16.0645148, 76.3277443 16.0655977, 76.3279029 16.0663774, 76.3285014 16.0662701))",1.8088621566799739,16.06495730977093,76.32786885298225,010606496025632787
e3dcf80ea50b,Raichur,Bommanhal,2025.0,1.0,sunflower,2025-06-01,1.0,"POLYGON((76.3292175 16.0661970, 76.3287481 16.0648628, 76.3283314 16.0634851, 76.3278865 16.0635586, 76.3281815 16.0649762, 76.3285483 16.0662830, 76.3292175 16.0661970))",1.8898818017019074,16.064972068810743,76.32850136673386,010606497025632850
575099d469ef,Raichur,Bommanhal,2025.0,1.0,sunflower,2025-06-01,1.0,"POLYGON((76.3310344 16.0633250, 76.3309066 16.0630528, 76.3300121 16.0632416, 76.3301140 16.0637497, 76.3310344 16.0633250))",0.46044642637696487,16.06335889240075,76.33047767367962,010606336025633048
959c0f72ed1d,Raichur,Bommanhal,2025.0,1.0,sunflower,2025-06-01,1.0,"POLYGON((76.3313418 16.0639974, 76.3314917 16.0643441, 76.3303326 16.0647484, 76.3302669 16.0643931, 76.3313418 16.0639974))",0.5147678885059772,16.064370966178124,76.33086402400373,010606437025633086
faa56d5d0b38,Raichur,Bommanhal,2025.0,1.0,sunflower,2025-06-01,1.0,"POLYGON((76.3316137 16.0645641, 76.3313958 16.0640522, 76.3322846 16.0638627, 76.3325790 16.0638122, 76.3327510 16.0643299, 76.3316137 16.0645641))",0.7676392864641951,16.06418575581264,76.33208365389298,010606419025633208
5b0f7ae3b3cf,Raichur,Bommanhal,2025.0,1.0,sunflower,2025-06-01,1.0,"POLYGON((76.3314800 16.0645735, 76.3314176 16.0643934, 76.3303377 16.0647620, 76.3303860 16.0649756, 76.3307051 16.0648596, 76.3309824 16.0647581, 76.3314800 16.0645735))",0.279578186749233,16.06468110147861,76.33089358065516,010606468025633089
3d1d4574a748,Raichur,Bommanhal,2025.0,1.0,sunflower,2025-06-01,1.0,"POLYGON((76.3316372 16.0650764, 76.3315866 16.0648873, 76.3304627 16.0652739, 76.3304969 16.0654373, 76.3316372 16.0650764))",0.25473438810487214,16.06516373476522,76.3310613614382,010606516025633106
2cacbb0c39e3,Raichur,Bommanhal,2025.0,1.0,sunflower,2025-06-01,1.0,"POLYGON((76.3317264 16.0657891, 76.3312178 16.0660655, 76.3306364 16.0660500, 76.3305975 16.0658693, 76.3310833 16.0657230, 76.3317492 16.0655313, 76.3318307 16.0657285, 76.3317264 16.0657891))",0.41081367079459424,16.065837448140055,76.33122100190405,010606584025633122
5336f0510636,Chitradurga,Kanivehalli,2025.0,1.0,finger_millet,2025-08-15,0.0,"POLYGON((76.0694935 13.8856717, 76.0682543 13.8858465, 76.0683331 13.8860444, 76.0695428 13.8858979, 76.0694935 13.8856717))",0.32254305424876806,13.885863084028749,76.06891710136244,010388586025606892
05adcbb9120a,Chitradurga,Kanivehalli,2025.0,1.0,finger_millet,2025-08-29,0.0,"POLYGON((76.0695405 13.8858976, 76.0683211 13.8860782, 76.0683536 13.8862784, 76.0695787 13.8861954, 76.0695405 13.8858976))",0.36922440652473026,13.886107972227807,76.06898801047456,010388611025606899
e52c1cfa9d6e,Chitradurga,Kanivehalli,2025.0,1.0,finger_millet,2025-08-20,1.0,"POLYGON((76.0739735 13.8852645, 76.0735554 13.8853111, 76.0734749 13.8849833, 76.0738803 13.8849983, 76.0739735 13.8852645))",0.14775582149071653,13.88514137363841,76.07371457622598,010388514025607371
e9b4b9d6aad1,Chitradurga,Kanivehalli,2025.0,1.0,finger_millet,2025-08-13,0.0,"POLYGON((76.0726699 13.8831290, 76.0727383 13.8836931, 76.0718482 13.8837745, 76.0717871 13.8833090, 76.0726699 13.8831290))",0.5553714190710147,13.883474092127944,76.07227490543434,010388347025607227
bcbdb5b1d135,Chitradurga,Kanivehalli,2025.0,1.0,finger_millet,2025-07-24,0.0,"POLYGON((76.0782114 13.8915188, 76.0791136 13.8915556, 76.0791860 13.8910488, 76.0784655 13.8909255, 76.0782114 13.8915188))",0.5488959315791196,13.891269521609289,76.07872909798644,010389127025607873
e4fb8b42b139,Chitradurga,Kanivehalli,2025.0,1.0,finger_millet,2025-06-20,0.0,"POLYGON((76.0816228 13.8896324, 76.0821271 13.8895286, 76.0819215 13.8882192, 76.0813180 13.8882745, 76.0816228 13.8896324))",0.9069077507523611,13.88889639992705,76.08174188189886,010388890025608174
8e0b1facb20f,Tumkur,Banavara,2025.0,1.0,horse_gram,2025-06-10,1.0,"POLYGON((77.0757497 13.2335882, 77.0748666 13.2337223, 77.0747197 13.2329628, 77.0755650 13.2329057, 77.0757497 13.2335882))",0.7655310565521192,13.233299310862321,77.0752190269677,010323330025707522
8b81b2c35b05,Tumkur,Banavara,2025.0,1.0,horse_gram,2025-09-16,1.0,"POLYGON((77.0745300 13.2308424, 77.0745306 13.2306753, 77.0744586 13.2306681, 77.0744793 13.2308456, 77.0745300 13.2308424))",0.012645601002091222,13.230752946400086,77.07449905772474,010323075025707450
96e77e21db6c,Tumkur,Banavara,2025.0,1.0,horse_gram,2025-06-04,1.0,"POLYGON((77.0745997 13.2334886, 77.0737857 13.2336766, 77.0737448 13.2335350, 77.0745397 13.2332451, 77.0745997 13.2334886))",0.20006560796760553,13.233475885112068,77.07420214758656,010323348025707420
805dc7ea6331,Tumkur,Banavara,2025.0,1.0,finger_millet,2025-08-21,1.0,"POLYGON((77.0745048 13.2330330, 77.0743251 13.2331091, 77.0744019 13.2332830, 77.0745501 13.2332288, 77.0745048 13.2330330))",0.04108225579404852,13.233160012130611,77.07444503485807,010323316025707445
62563af94bae,Tumkur,Banavara,2025.0,1.0,finger_millet,2025-08-05,1.0,"POLYGON((77.0744418 13.2305326, 77.0744552 13.2306436, 77.0745625 13.2306227, 77.0745625 13.2305428, 77.0744418 13.2305326))",0.013083032568497821,13.230584802753913,77.0745023076777,010323058025707450
eef8ab1aa079,Tumkur,Banavara,2025.0,1.0,finger_millet,2025-06-11,1.0,"POLYGON((77.0736422 13.2313486, 77.0735640 13.2311397, 77.0738024 13.2310473, 77.0738346 13.2311828, 77.0744405 13.2310160, 77.0743865 13.2312996, 77.0736422 13.2313486))",0.2188118224923356,13.231204976839933,77.07401184636294,010323120025707401
373c9dd4c7c2,Tumkur,Banavara,2025.0,1.0,finger_millet,2025-07-09,1.0,"POLYGON((77.0733330 13.2315823, 77.0733887 13.2316981, 77.0735010 13.2316492, 77.0734796 13.2315434, 77.0733330 13.2315823))",0.01921064035968966,13.231616936773085,77.07342300422408,010323162025707342
bf140b41c408,Tumkur,Banavara,2025.0,1.0,horse_gram,2025-06-03,1.0,"POLYGON((77.0730501 13.2313143, 77.0729974 13.2312007, 77.0744388 13.2306328, 77.0744733 13.2308502, 77.0730501 13.2313143))",0.3109384953777414,13.230976041422398,77.0738038708128,010323098025707380
cfedfb8a210d,Tumkur,Banavara,2025.0,1.0,finger_millet,2025-06-10,1.0,"POLYGON((77.0736794 13.2314432, 77.0736482 13.2313571, 77.0744076 13.2313049, 77.0743925 13.2313953, 77.0736794 13.2314432))",0.07836944603181475,13.231374588605236,77.0740326367847,010323137025707403
61a85ce50e82,Tumkur,Banavara,2025.0,1.0,finger_millet,2025-07-23,1.0,"POLYGON((77.0738128 13.2310421, 77.0738514 13.2311707, 77.0738896 13.2311629, 77.0738588 13.2310297, 77.0738128 13.2310421))",0.007019283513353553,13.231099164883947,77.07385262888118,010323110025707385
92ac09ff4005,Tumkur,Banavara,2025.0,1.0,finger_millet,2025-07-16,,"POLYGON((77.0730390 13.2309811, 77.0730628 13.2311374, 77.0737723 13.2308819, 77.0737173 13.2307327, 77.0730390 13.2309811))",0.1388853304411697,13.230933305085687,77.07339940880514,010323093025707340
0b73d9fe2ef7,Tumkur,Banavara,2025.0,1.0,horse_gram,2025-09-17,1.0,"POLYGON((77.0744143 13.2308567, 77.0743969 13.2306423, 77.0730900 13.2312082, 77.0732606 13.2312448, 77.0744143 13.2308567))",0.23875008293556765,13.230957056922533,77.07386402314268,010323096025707386
768a2b2127bf,Tumkur,Banavara,2025.0,1.0,finger_millet,2025-08-19,1.0,"POLYGON((77.0729931 13.2313577, 77.0730075 13.2314582, 77.0732787 13.2314188, 77.0732499 13.2312559, 77.0729931 13.2313577))",0.04349450902975964,13.231369986762042,77.07314291474357,010323137025707314
f636505d0a3b,Raichur,Bandisunkapur,2025.0,1.0,sunflower,2025-06-01,1.0,"POLYGON((76.3556396 16.0686036, 76.3556329 16.0683369, 76.3556242 16.0679180, 76.3558274 16.0678913, 76.3558505 16.0685940, 76.3556396 16.0686036))",0.17068189550415255,16.068253775720795,76.35573574944492,010606825025635574
663a8ec057f2,Raichur,Bandisunkapur,2025.0,1.0,sunflower,2025-06-01,1.0,"POLYGON((76.3556279 16.0686017, 76.3556265 16.0683739, 76.3556131 16.0679264, 76.3554381 16.0679322, 76.3554150 16.0681993, 76.3553469 16.0686745, 76.3554847 16.0686600, 76.3556239 16.0686368, 76.3556279 16.0686017))",0.1929237478028655,16.06832240597234,76.35550772151238,010606832025635551
e8bc2f8eb5e5,Raichur,Bandisunkapur,2025.0,1.0,sunflower,2025-06-01,0.0,"POLYGON((76.3554961 16.0687502, 76.3554837 16.0694149, 76.3552400 16.0693994, 76.3552849 16.0689461, 76.3553194 16.0687841, 76.3554961 16.0687502))",0.16358984388552264,16.069103179412025,76.35538182249303,010606910025635538
2986722e9130,Raichur,Bandisunkapur,2025.0,1.0,sunflower,2025-06-01,1.0,"POLYGON((76.3556336 16.0686823, 76.3556557 16.0689671, 76.3556453 16.0693408, 76.3556487 16.0694390, 76.3555001 16.0694155, 76.3554857 16.0690267, 76.3554576 16.0687464, 76.3556336 16.0686823))",0.1394715425104102,16.069055783776413,76.35556709274967,010606906025635557
9872cd1fb5db,Raichur,Bandisunkapur,2025.0,1.0,pigeon_pea,2025-06-01,1.0,"POLYGON((76.3562036 16.0686140, 76.3562344 16.0686700, 76.3561999 16.0690766, 76.3561670 16.0695763, 76.3560570 16.0695479, 76.3559531 16.0695019, 76.3559444 16.0689606, 76.3559578 16.0686272, 76.3562036 16.0686140))",0.2741743065759456,16.069063119270183,76.35607755659932,010606906025635608
d49a94f6e420,Raichur,Bandisunkapur,2025.0,1.0,sunflower,2025-06-01,1.0,"POLYGON((76.3564084 16.0685969, 76.3563390 16.0695814, 76.3561841 16.0695669, 76.3562066 16.0692229, 76.3562388 16.0686284, 76.3564084 16.0685969))",0.18258363069609737,16.069087177438067,76.35629420565226,010606909025635629
ec90f75745a7,Raichur,Bandisunkapur,2025.0,1.0,sunflower,2025-06-01,1.0,"POLYGON((76.3565740 16.0686397, 76.3565539 16.0689648, 76.3565154 16.0693936, 76.3565144 16.0695885, 76.3563745 16.0695605, 76.3563900 16.0692686, 76.3564118 16.0690499, 76.3564386 16.0686719, 76.3564443 16.0686384, 76.3565740 16.0686397))",0.149522244594733,16.06910828730188,76.35647372746263,010606911025635647
07895fd11d81,Raichur,Bandisunkapur,2025.0,1.0,sunflower,2025-06-01,1.0,"POLYGON((76.3567775 16.0685637, 76.3567058 16.0696430, 76.3565372 16.0696185, 76.3565781 16.0685460, 76.3567775 16.0685637))",0.23564953976305977,16.069078038935142,76.35665055985682,010606908025635665
2f854624f5cb,Raichur,Bandisunkapur,2025.0,1.0,pigeon_pea,2025-06-01,1.0,"POLYGON((76.3568808 16.0685676, 76.3568694 16.0687599, 76.3568305 16.0696949, 76.3567511 16.0696330, 76.3567910 16.0685601, 76.3568808 16.0685676))",0.1101227186577444,16.069107018472522,76.3568132779647,010606911025635681
9fcd0334e2ca,Raichur,Bandisunkapur,2025.0,1.0,sunflower,2025-06-01,1.0,"POLYGON((76.3567755 16.0678311, 76.3569003 16.0678381, 76.3569358 16.0670095, 76.3567588 16.0670176, 76.3567534 16.0672450, 76.3567675 16.0675031, 76.3567755 16.0678311))",0.1498544701485156,16.067398001920747,76.35684127213197,010606740025635684
053e58ba8dab,Raichur,Bandisunkapur,2025.0,1.0,sunflower,2025-06-01,1.0,"POLYGON((76.3567762 16.0678407, 76.3565663 16.0678536, 76.3565395 16.0670395, 76.3567537 16.0670214, 76.3567548 16.0674467, 76.3567762 16.0678407))",0.20014924553663987,16.067437380496383,76.35665636026646,010606744025635666
0d5c78fbd28f,Raichur,Bandisunkapur,2025.0,1.0,sunflower,2025-06-01,1.0,"POLYGON((76.3563745 16.0678375, 76.3565492 16.0678243, 76.3565197 16.0670553, 76.3562998 16.0670623, 76.3563745 16.0678375))",0.18082163127406647,16.067430281829918,76.35643465516111,010606743025635643
4722a4e5544a,Raichur,Bandisunkapur,2025.0,1.0,sunflower,2025-06-01,1.0,"POLYGON((76.3556701 16.0678804, 76.3556711 16.0675359, 76.3556537 16.0670733, 76.3554133 16.0670894, 76.3554321 16.0675308, 76.3554271 16.0678771, 76.3554867 16.0678949, 76.3555776 16.0678894, 76.3556701 16.0678804))",0.22939934664467465,16.067485127053086,76.3555461368788,010606749025635555
4e47fb0188de,Raichur,Bandisunkapur,2025.0,1.0,sunflower,2025-06-01,1.0,"POLYGON((76.3558958 16.0678794, 76.3559018 16.0670720, 76.3556862 16.0670910, 76.3556802 16.0675388, 76.3556896 16.0678858, 76.3558958 16.0678794))",0.20353416716334616,16.067479555981034,76.35579163227806,010606748025635579
98280ddb2bc8,Raichur,Bandisunkapur,2025.0,1.0,sunflower,2025-06-01,1.0,"POLYGON((76.3559109 16.0678530, 76.3559176 16.0670710, 76.3561321 16.0670778, 76.3561114 16.0678649, 76.3559109 16.0678530))",0.19273151155403856,16.067462276483337,76.35601818540535,010606746025635602
7b7b61ca1310,Raichur,Bandisunkapur,2025.0,1.0,cotton,2025-06-01,1.0,"POLYGON((76.3561288 16.0678623, 76.3563511 16.0678636, 76.3562911 16.0670449, 76.3561171 16.0670575, 76.3561288 16.0678623))",0.19048831166766544,16.067473333351824,76.35622302389511,010606747025635622
c21b89a2286d,Raichur,Bandisunkapur,2025.0,1.0,cotton,2025-06-01,1.0,"POLYGON((76.3562619 16.0685885, 76.3561402 16.0686072, 76.3561875 16.0678855, 76.3564842 16.0678349, 76.3565294 16.0685044, 76.3562619 16.0685885))",0.28519706711085585,16.068227648500795,76.35633374696668,010606823025635633
ee7f4ddf70a0,Tumkur,Banavara,2025.0,1.0,horse_gram,2025-07-09,1.0,"POLYGON((77.0738712 13.2310229, 77.0739858 13.2311342, 77.0744438 13.2310082, 77.0744669 13.2308642, 77.0738712 13.2310229))",0.08836988705068316,13.231004995998559,77.0741895106964,010323100025707419
0e5be571ccda,Tumkur,Banavara,2025.0,1.0,finger_millet,2025-07-16,1.0,"POLYGON((77.0732599 13.2324566, 77.0731959 13.2320640, 77.0734071 13.2319870, 77.0735161 13.2323917, 77.0732599 13.2324566))",0.11898873714698238,13.232230105735798,77.07334717769315,010323223025707335
3b9bf8bafab1,Tumkur,Banavara,2025.0,1.0,finger_millet,2025-07-15,1.0,"POLYGON((77.0725505 13.2326587, 77.0729341 13.2325634, 77.0727835 13.2316064, 77.0724322 13.2316776, 77.0725505 13.2326587))",0.44006545084158133,13.232134188882718,77.07267559437935,010323213025707268
245e7c01ba5f,Tumkur,Honnenahalli,2025.0,1.0,finger_millet,2025-08-03,1.0,"POLYGON((77.1141512 13.2668299, 77.1142532 13.2659449, 77.1126935 13.2659168, 77.1125664 13.2665525, 77.1141512 13.2668299))",1.453202169166335,13.26631760561579,77.11345760811004,010326632025711346
6d17b98e5789,Tumkur,Honnenahalli,2025.0,1.0,finger_millet,2025-07-24,0.0,"POLYGON((77.1147608 13.2640411, 77.1147360 13.2642953, 77.1140973 13.2643374, 77.1141207 13.2641126, 77.1147608 13.2640411))",0.18183907744924077,13.264196053744609,77.11443523316936,010326420025711444
0e444a520142,Tumkur,Honnenahalli,2025.0,1.0,finger_millet,2025-07-24,1.0,"POLYGON((77.1147396 13.2643201, 77.1147115 13.2647544, 77.1129603 13.2648592, 77.1131374 13.2644663, 77.1147396 13.2643201))",0.8154766470355451,13.264601992041335,77.11390447456057,010326460025711390
21993bffb466,Raichur,Bhogapur,2025.0,1.0,paddy,2025-06-01,1.0,"POLYGON((76.3456155 16.1020232, 76.3457698 16.1023018, 76.3451438 16.1025515, 76.3449215 16.1020145, 76.3452025 16.1017722, 76.3454620 16.1016337, 76.3456155 16.1020232))",0.518314192609493,16.102115131019644,76.3453273094068,010610212025634533
8099f7d5e132,Raichur,Bhogapur,2025.0,1.0,pigeon_pea,2025-06-01,0.0,"POLYGON((76.3377523 16.1081070, 76.3374737 16.1100622, 76.3360468 16.1099289, 76.3361178 16.1089213, 76.3361738 16.1080774, 76.3368229 16.1080410, 76.3377738 16.1080200, 76.3377523 16.1081070))",3.4938204833989084,16.109003627920867,76.33687965100641,010610900025633688
fdf1a32d1d0b,Raichur,Bhogapur,2025.0,1.0,paddy,2025-06-01,1.0,"POLYGON((76.3426762 16.1035294, 76.3436186 16.1031554, 76.3439214 16.1029200, 76.3442349 16.1035523, 76.3437618 16.1037555, 76.3433018 16.1039540, 76.3427979 16.1041920, 76.3425602 16.1042906, 76.3424807 16.1042861, 76.3425219 16.1039659, 76.3425947 16.1037555, 76.3426762 16.1035294))",1.2667254511343893,16.103621020180455,76.34332356791934,010610362025634332
552bb9e7bfbc,Raichur,Bhogapur,2025.0,1.0,paddy,2025-06-01,1.0,"POLYGON((76.3439311 16.1028504, 76.3443130 16.1025334, 76.3449121 16.1020728, 76.3453694 16.1032041, 76.3445869 16.1035784, 76.3443368 16.1037095, 76.3439311 16.1028504))",1.5153073298330844,16.1029376156935,76.34465380703732,010610294025634465
a94ebe023cdc,Raichur,Bhogapur,2025.0,1.0,paddy,2025-06-01,1.0,"POLYGON((76.3477938 16.1014611, 76.3478465 16.1019449, 76.3477244 16.1019481, 76.3473737 16.1019520, 76.3469654 16.1019517, 76.3469885 16.1014272, 76.3473908 16.1014269, 76.3477915 16.1014250, 76.3477938 16.1014611))",0.5214212803785626,16.101692594441378,76.34739734789643,010610169025634740
b50177c423f7,Raichur,Bhogapur,2025.0,1.0,pigeon_pea,2025-06-01,0.0,"POLYGON((76.3478525 16.1014308, 76.3496637 16.1015087, 76.3496402 16.1019011, 76.3486605 16.1019246, 76.3479065 16.1019098, 76.3478535 16.1016582, 76.3478525 16.1014308))",0.9386405658699614,16.10168996685864,76.34873031455605,010610169025634873
19a8484e0bfd,Raichur,Bhogapur,2025.0,1.0,pigeon_pea,2025-06-01,0.0,"POLYGON((76.3473959 16.1005076, 76.3471722 16.1005385, 76.3472198 16.1004103, 76.3471350 16.1002360, 76.3470646 16.1001191, 76.3474230 16.1000569, 76.3478518 16.0999867, 76.3485851 16.0998685, 76.3493777 16.0997380, 76.3495614 16.0997116, 76.3495899 16.0999567, 76.3496439 16.1001700, 76.3496650 16.1002918, 76.3490816 16.1003436, 76.3485489 16.1003987, 76.3478703 16.1004644, 76.3474927 16.1005002, 76.3473959 16.1005076))",1.485672744413745,16.100150133124018,76.34844641472995,010610015025634845
4620bb344236,Raichur,Bhogapur,2025.0,1.0,pigeon_pea,2025-06-01,0.0,"POLYGON((76.3473563 16.1005211, 76.3481278 16.1004657, 76.3496496 16.1003301, 76.3497223 16.1008574, 76.3486310 16.1008674, 76.3470596 16.1008990, 76.3471229 16.1006938, 76.3471823 16.1005466, 76.3473563 16.1005211))",1.3239398297826135,16.100654748837787,76.34848796628008,010610065025634849
7207c783e003,Raichur,Bhogapur,2025.0,1.0,pigeon_pea,2025-06-01,0.0,"POLYGON((76.3472809 16.0999239, 76.3469885 16.0999738, 76.3470596 16.1001056, 76.3472225 16.1000837, 76.3495537 16.0996958, 76.3495306 16.0994900, 76.3472809 16.0999239))",0.5261389906636025,16.099804425404212,76.34836197311415,010609980025634836
bf87575cba5d,Raichur,Bhogapur,2025.0,1.0,pigeon_pea,2025-06-01,0.0,"POLYGON((76.3472312 16.0999065, 76.3469882 16.0999600, 76.3469503 16.0999094, 76.3468296 16.0992903, 76.3471397 16.0992059, 76.3477261 16.0990806, 76.3475467 16.0998537, 76.3472312 16.0999065))",0.6329345280069969,16.099516255665524,76.34726949024918,010609952025634727
12505798eb36,Tumkur,Honnenahalli,2025.0,2.0,horse_gram,2025-10-15,0.0,"POLYGON((77.1143541 13.2656130, 77.1143886 13.2653458, 77.1128007 13.2653402, 77.1128628 13.2657429, 77.1143541 13.2656130))",0.6188994010355562,13.265510979417009,77.11354820459317,010326551025711355
0039fa6a5278,Tumkur,Honnenahalli,2025.0,1.0,finger_millet,2025-07-16,0.0,"POLYGON((77.1132145 13.2642131, 77.1132302 13.2644281, 77.1140734 13.2643374, 77.1140909 13.2641347, 77.1132145 13.2642131))",0.21505819166209758,13.264278187200178,77.1136468841814,010326428025711365
63e6141f262c,Tumkur,Honnenahalli,2025.0,1.0,finger_millet,2025-07-24,0.0,"POLYGON((77.1130777 13.2643863, 77.1130780 13.2643338, 77.1127749 13.2643488, 77.1127887 13.2644138, 77.1130777 13.2643863))",0.02100464068496515,13.264370876310146,77.11292421097693,010326437025711292
c5ec8104747e,Tumkur,Honnenahalli,2025.0,1.0,finger_millet,2025-06-11,1.0,"POLYGON((77.1146806 13.2666811, 77.1146233 13.2668589, 77.1153887 13.2669125, 77.1154561 13.2668459, 77.1154685 13.2666778, 77.1146806 13.2666811))",0.20025818813436086,13.2667839975392,77.11507010456303,010326678025711507
9a92c4081cca,Tumkur,Honnenahalli,2025.0,1.0,finger_millet,2025-07-15,1.0,"POLYGON((77.1129010 13.2639644, 77.1129164 13.2640359, 77.1127085 13.2640444, 77.1126918 13.2639735, 77.1129010 13.2639644))",0.017944184235470693,13.264004491498966,77.1128045624758,010326400025711280
a463e72c046f,Tumkur,Honnenahalli,2025.0,1.0,finger_millet,2025-07-09,1.0,"POLYGON((77.1126827 13.2639755, 77.1125077 13.2639709, 77.1126063 13.2642760, 77.1127826 13.2642597, 77.1126827 13.2639755))",0.06272305609376341,13.264121742281704,77.11264420227407,010326412025711264
b7018095e7ac,Tumkur,Honnenahalli,2025.0,1.0,sorghum,2025-06-11,1.0,"POLYGON((77.1144443 13.2639651, 77.1144550 13.2640613, 77.1127890 13.2642623, 77.1127582 13.2642078, 77.1129469 13.2641795, 77.1129479 13.2641423, 77.1144443 13.2639651))",0.19135852586923838,13.264111455065612,77.11363873453253,010326411025711364
770bb9848ae6,Tumkur,Honnenahalli,2025.0,1.0,horse_gram,2025-06-11,1.0,"POLYGON((77.1127823 13.2642623, 77.1127612 13.2641977, 77.1129486 13.2641768, 77.1129727 13.2642333, 77.1127823 13.2642623))",0.01437883736891846,13.264217961153692,77.11286433695642,010326422025711286
5110b7366303,Tumkur,Honnenahalli,2025.0,1.0,finger_millet,2025-07-16,0.0,"POLYGON((77.1129647 13.2632122, 77.1130036 13.2634064, 77.1128326 13.2634641, 77.1128125 13.2633176, 77.1129647 13.2632122))",0.03586497065587408,13.263348833269768,77.11290763426777,010326335025711291
b5c75c0309f1,Tumkur,Virupasandra,2025.0,1.0,finger_millet,2025-08-01,1.0,"POLYGON((77.0931157 13.2219129, 77.0930889 13.2217131, 77.0931787 13.2216867, 77.0932377 13.2218907, 77.0931157 13.2219129))",0.02687892480740089,13.221805469735422,77.09315672693033,010322181025709316
4dd2ccf402ec,Tumkur,Virupasandra,2025.0,2.0,other:harse gram,2025-10-15,1.0,"POLYGON((77.0923402 13.2225931, 77.0925947 13.2225617, 77.0925517 13.2223411, 77.0923080 13.2223036, 77.0923402 13.2225931))",0.07600026323826475,13.222451581371967,77.0924432772012,010322245025709244
739850fce2e0,Tumkur,Virupasandra,2025.0,2.0,sorghum,2025-10-09,1.0,"POLYGON((77.0927382 13.2198814, 77.0926986 13.2196014, 77.0928438 13.2195802, 77.0929055 13.2198560, 77.0927382 13.2198814))",0.053448178257171866,13.219733048203334,77.0927970488419,010321973025709280
5260e3f5aa38,Tumkur,Virupasandra,2025.0,1.0,finger_millet,2025-07-30,1.0,"POLYGON((77.0918178 13.2195684, 77.0919667 13.2195413, 77.0919560 13.2194353, 77.0918218 13.2194117, 77.0918178 13.2195684))",0.022280418743293343,13.219490484773678,77.09188608297734,010321949025709189
f19f8f9f0704,Tumkur,Honnenahalli,2025.0,1.0,sorghum,2025-08-12,1.0,"POLYGON((77.1147832 13.2641605, 77.1154102 13.2642555, 77.1153421 13.2645609, 77.1147792 13.2644670, 77.1147832 13.2641605))",0.22214733524942606,13.264358508902038,77.11508046933638,010326436025711508
199c0036dc7e,Tumkur,Honnenahalli,2025.0,1.0,finger_millet,2025-06-11,1.0,"POLYGON((77.1154273 13.2642375, 77.1147859 13.2641481, 77.1147839 13.2644758, 77.1153338 13.2645936, 77.1154273 13.2642375))",0.2498597725639902,13.264360753528262,77.1150895658556,010326436025711509
f729ea5ab2f8,Tumkur,Honnenahalli,2025.0,1.0,finger_millet,2025-07-15,0.0,"POLYGON((77.1128547 13.2634742, 77.1129047 13.2636687, 77.1129583 13.2638296, 77.1132594 13.2637327, 77.1131689 13.2633502, 77.1128547 13.2634742))",0.15024510491965345,13.26359495422336,77.11305977899102,010326359025711306
b51b430dbee7,Tumkur,Honnenahalli,2025.0,1.0,finger_millet,2025-06-11,1.0,"POLYGON((77.1147168 13.2634801, 77.1132889 13.2637275, 77.1131850 13.2633424, 77.1145586 13.2630817, 77.1147168 13.2634801))",0.6973745819048486,13.263407833630328,77.11394421813256,010326341025711394
88d9ace1bfa5,Tumkur,Virupasandra,2025.0,1.0,finger_millet,2025-06-11,1.0,"POLYGON((77.0943458 13.2188608, 77.0938855 13.2189711, 77.0940558 13.2196040, 77.0945134 13.2194294, 77.0943458 13.2188608))",0.3592519201793349,13.219219051688414,77.09419674370818,010321922025709420
d9bfb71cb069,Tumkur,Virupasandra,2025.0,1.0,coconut_mixed,2025-07-09,1.0,"POLYGON((77.0948360 13.2210013, 77.0944611 13.2210049, 77.0941953 13.2201448, 77.0946898 13.2200606, 77.0948360 13.2210013))",0.47980892095495936,13.220529316730353,77.09454290326498,010322053025709454
9eddf1964c0c,Tumkur,Virupasandra,2025.0,1.0,arecanut,2025-06-12,1.0,"POLYGON((77.0935073 13.2209716, 77.0932940 13.2210160, 77.0933165 13.2217024, 77.0934597 13.2216971, 77.0935073 13.2209716))",0.1503764298486064,13.221323708734559,77.0933953998767,010322132025709340
7f9ef6fd0083,Tumkur,Virupasandra,2025.0,1.0,finger_millet,2025-07-16,1.0,"POLYGON((77.0934942 13.2209637, 77.0932971 13.2210160, 77.0933095 13.2212412, 77.0935019 13.2212630, 77.0934942 13.2209637))",0.06139832606423188,13.22111977886885,77.09340517465361,010322112025709341
1a6ca163d8b4,Tumkur,Virupasandra,2025.0,1.0,sorghum,2025-09-15,0.0,"POLYGON((77.0936411 13.2216997, 77.0936441 13.2219112, 77.0933376 13.2219302, 77.0933313 13.2217242, 77.0936411 13.2216997))",0.07718620541843124,13.221816106187275,77.09348914759633,010322182025709349
60868ee4e568,Tumkur,Virupasandra,2025.0,1.0,finger_millet,2025-07-16,0.0,"POLYGON((77.0936508 13.2216847, 77.0934784 13.2216994, 77.0935123 13.2209843, 77.0937245 13.2209285, 77.0938734 13.2208818, 77.0939140 13.2210907, 77.0937772 13.2211025, 77.0936551 13.2215101, 77.0936508 13.2216847))",0.22146180308370217,13.221246588589603,77.09364129364558,010322125025709364
922f2ec20d93,Tumkur,Virupasandra,2025.0,2.0,horse_gram,2025-10-14,0.0,"POLYGON((77.0934637 13.2216710, 77.0933229 13.2216919, 77.0933105 13.2210231, 77.0935093 13.2209928, 77.0934637 13.2216710))",0.13654128601695464,13.221325549383023,77.09340206648406,010322133025709340
14e8b3491a59,Tumkur,Virupasandra,2025.0,1.0,finger_millet,2025-07-23,0.0,"POLYGON((77.0932937 13.2210078, 77.0930526 13.2198064, 77.0936250 13.2196931, 77.0938476 13.2208368, 77.0932937 13.2210078))",0.830674325023119,13.220335448314671,77.09345211167945,010322034025709345
f74f45920707,Tumkur,Virupasandra,2025.0,1.0,sorghum,2025-06-17,1.0,"POLYGON((77.0935103 13.2209663, 77.0938392 13.2208867, 77.0939103 13.2210793, 77.0937708 13.2210822, 77.0936521 13.2216766, 77.0934704 13.2216811, 77.0935103 13.2209663))",0.23020272870502476,13.221252882630136,77.09363393659913,010322125025709363
a04134509a4b,Tumkur,Virupasandra,2025.0,1.0,finger_millet,2025-06-10,1.0,"POLYGON((77.0951397 13.2210574, 77.0952718 13.2224322, 77.0950744 13.2224655, 77.0949178 13.2210613, 77.0951397 13.2210574))",0.35238017747767647,13.221742403170214,77.09509931555802,010322174025709510
d7c09019e6c7,Tumkur,Virupasandra,2025.0,1.0,horse_gram,2025-09-26,0.0,"POLYGON((77.0918584 13.2198736, 77.0919848 13.2209402, 77.0926537 13.2208590, 77.0925876 13.2197995, 77.0918584 13.2198736))",0.8994392741261117,13.220360669081225,77.092269680531,010322036025709227
b8b44ae93cf3,Tumkur,Virupasandra,2025.0,1.0,finger_millet,2025-07-16,0.0,"POLYGON((77.0913048 13.2199128, 77.0917773 13.2199164, 77.0920280 13.2209334, 77.0915020 13.2209931, 77.0913048 13.2199128))",0.6348784484473141,13.220450653476586,77.09165314774656,010322045025709165
3a34c9b9671d,Tumkur,Virupasandra,2025.0,1.0,finger_millet,2025-06-17,1.0,"POLYGON((77.0934955 13.2193772, 77.0930231 13.2194698, 77.0930738 13.2197926, 77.0935670 13.2196494, 77.0934955 13.2193772))",0.18074431919011844,13.219575209271493,77.09328430016674,010321958025709328
085cd2ee5c8a,Tumkur,Virupasandra,2025.0,1.0,horse_gram,2025-09-17,0.0,"POLYGON((77.0929293 13.2187818, 77.0932129 13.2187280, 77.0933430 13.2190064, 77.0929279 13.2190782, 77.0929293 13.2187818))",0.1251571504671809,13.218907406027778,77.09310582018065,010321891025709311
a4b411090f6e,Tumkur,Virupasandra,2025.0,1.0,horse_gram,2025-07-09,1.0,"POLYGON((77.0929943 13.2194793, 77.0931358 13.2201775, 77.0926855 13.2202134, 77.0925940 13.2196608, 77.0929943 13.2194793))",0.33387930128139276,13.219883214670535,77.09286146017666,010321988025709286
331add82d449,Tumkur,Honnenahalli,2025.0,1.0,finger_millet,2025-07-10,1.0,"POLYGON((77.1113151 13.2634041, 77.1113902 13.2634070, 77.1114030 13.2633284, 77.1113262 13.2633179, 77.1113151 13.2634041))",0.007592223176203632,13.263364061167447,77.1113581108672,010326336025711136
3b688c176b87,Tumkur,Honnenahalli,2025.0,1.0,finger_millet,2025-07-10,1.0,"POLYGON((77.1114663 13.2636218, 77.1117275 13.2636766, 77.1117181 13.2634308, 77.1114720 13.2634256, 77.1114663 13.2636218))",0.06706803444478718,13.263540308243192,77.11160059686173,010326354025711160
347690414a8f,Tumkur,Honnenahalli,2025.0,1.0,finger_millet,2025-07-23,1.0,"POLYGON((77.1105242 13.2613286, 77.1110479 13.2613958, 77.1111019 13.2608123, 77.1105437 13.2607343, 77.1105242 13.2613286))",0.3848583564891438,13.261064548490685,77.1108041535776,010326106025711080
5e9b9d24c9f9,Tumkur,Honnenahalli,2025.0,1.0,finger_millet,2025-07-17,1.0,"POLYGON((77.1111287 13.2606590, 77.1113249 13.2599851, 77.1106915 13.2599022, 77.1105876 13.2605787, 77.1111287 13.2606590))",0.4897045185056076,13.260272701442561,77.11093580115632,010326027025711094
fd7878e0010e,Raichur,Bandisunkapur,2025.0,1.0,pearl_millet,2025-06-01,1.0,"POLYGON((76.3555139 16.0772288, 76.3554147 16.0764772, 76.3542613 16.0766676, 76.3544440 16.0776486, 76.3548752 16.0774205, 76.3549399 16.0773976, 76.3550700 16.0776231, 76.3550844 16.0776502, 76.3553245 16.0774913, 76.3555266 16.0773483, 76.3555139 16.0772288))",1.286132649783582,16.07704036476333,76.35491656131717,010607704025635492
6d0e02d97761,Raichur,Bandisunkapur,2025.0,1.0,sunflower,2025-06-01,1.0,"POLYGON((76.3555424 16.0773299, 76.3557221 16.0772265, 76.3564101 16.0770606, 76.3568366 16.0769907, 76.3568064 16.0762433, 76.3560778 16.0763660, 76.3554562 16.0764923, 76.3555015 16.0769334, 76.3555424 16.0773299))",1.2124428182602889,16.07674325143268,76.356147933829,010607674025635615
c828ba0b2c80,Raichur,Bandisunkapur,2025.0,1.0,maize,2025-06-01,1.0,"POLYGON((76.3555166 16.0773763, 76.3557312 16.0772375, 76.3563987 16.0770935, 76.3564292 16.0775651, 76.3564419 16.0783750, 76.3564523 16.0786469, 76.3560188 16.0786544, 76.3555830 16.0786659, 76.3555115 16.0781138, 76.3554495 16.0774640, 76.3555166 16.0773763))",1.590521152013284,16.077918669361203,76.3559819652505,010607792025635598
09e79f84ac0b,Raichur,Bandisunkapur,2025.0,1.0,paddy,2025-06-01,1.0,"POLYGON((76.3594769 16.0797848, 76.3597397 16.0797851, 76.3598644 16.0787726, 76.3591778 16.0787632, 76.3587232 16.0787594, 76.3588428 16.0794759, 76.3588891 16.0797623, 76.3594769 16.0797848))",1.1902675006723928,16.079246411362444,76.35930524935442,010607925025635931
bc50ecf095ab,Raichur,Bandisunkapur,2025.0,1.0,cotton,2025-06-01,1.0,"POLYGON((76.3586112 16.0782178, 76.3586578 16.0785612, 76.3582829 16.0784926, 76.3575557 16.0783602, 76.3564718 16.0781663, 76.3564476 16.0775799, 76.3569874 16.0776695, 76.3577827 16.0778190, 76.3585622 16.0779727, 76.3586112 16.0782178))",1.4834939027046552,16.078067377636884,76.35753261670078,010607807025635753
4bbd085f35f7,Raichur,Bandisunkapur,2025.0,1.0,cotton,2025-06-01,1.0,"POLYGON((76.3575229 16.0770951, 76.3568664 16.0769653, 76.3568949 16.0762874, 76.3569499 16.0760996, 76.3578055 16.0761586, 76.3581730 16.0762439, 76.3584328 16.0772198, 76.3581012 16.0772198, 76.3575229 16.0770951))",1.5933011659977534,16.0766542176955,76.35761330214515,010607665025635761
69454249d9d9,Raichur,Bandisunkapur,2025.0,1.0,pigeon_pea,2025-06-01,1.0,"POLYGON((76.3575004 16.0771267, 76.3578659 16.0772062, 76.3584489 16.0773238, 76.3585498 16.0779514, 76.3576167 16.0777694, 76.3575004 16.0771267))",0.6803596834509683,16.07754271366097,76.35802756507363,010607754025635803
a0e43c495a69,Raichur,Bandisunkapur,2025.0,1.0,pigeon_pea,2025-06-01,0.0,"POLYGON((76.3602017 16.0741283, 76.3602953 16.0740867, 76.3606114 16.0740229, 76.3612706 16.0739044, 76.3613500 16.0743483, 76.3607154 16.0744749, 76.3602842 16.0745777, 76.3598376 16.0746689, 76.3597464 16.0743483, 76.3602017 16.0741283))",0.8172417341146452,16.07428387805026,76.36056972764686,010607428025636057
dd8bed7f96a3,Raichur,Bandisunkapur,2025.0,1.0,pigeon_pea,2025-06-01,1.0,"POLYGON((76.3601994 16.0736096, 76.3602899 16.0740722, 76.3606476 16.0739984, 76.3612813 16.0738721, 76.3612290 16.0735780, 76.3611951 16.0734060, 76.3610158 16.0734382, 76.3605447 16.0735368, 76.3601994 16.0736096))",0.5692820385667162,16.073737936881685,76.36074259512468,010607374025636074
244794246a57,Raichur,Bandisunkapur,2025.0,1.0,pigeon_pea_mixed,2025-06-01,1.0,"POLYGON((76.3600730 16.0731473, 76.3599660 16.0726311, 76.3605927 16.0725222, 76.3610141 16.0724443, 76.3611335 16.0730500, 76.3611858 16.0733840, 76.3605212 16.0735216, 76.3601772 16.0735912, 76.3600730 16.0731473))",1.207433743623548,16.073011598962538,76.36058347708568,010607301025636058
c6b636003847,Raichur,Bandisunkapur,2025.0,1.0,cotton_mixed,2025-06-01,1.0,"POLYGON((76.3590021 16.0731859, 76.3591614 16.0737922, 76.3582098 16.0740426, 76.3579695 16.0732172, 76.3581472 16.0730970, 76.3588895 16.0728560, 76.3590021 16.0731859))",1.1042675912680955,16.073461733698775,76.3585653483963,010607346025635857
fe00ba9b8bf1,Raichur,Bandisunkapur,2025.0,1.0,cotton,2025-06-01,1.0,"POLYGON((76.3596012 16.0737278, 76.3601695 16.0736237, 76.3602674 16.0740854, 76.3597347 16.0743357, 76.3596938 16.0741724, 76.3596478 16.0740023, 76.3595771 16.0737346, 76.3596012 16.0737278))",0.3811675427463651,16.073946375385315,76.35992378451854,010607395025635992
1698912206d1,Raichur,Bandisunkapur,2025.0,1.0,cotton,2025-06-01,1.0,"POLYGON((76.3593149 16.0727255, 76.3594138 16.0730944, 76.3595721 16.0737020, 76.3601447 16.0735947, 76.3601085 16.0732967, 76.3599962 16.0729163, 76.3599342 16.0726234, 76.3597233 16.0726511, 76.3593149 16.0727255))",0.7278516386458066,16.073155796267585,76.35974470603647,010607316025635974
f0fd8f7a594c,Raichur,Bandisunkapur,2025.0,1.0,cotton,2025-06-01,1.0,"POLYGON((76.3595520 16.0737484, 76.3592174 16.0738264, 76.3594403 16.0747977, 76.3596254 16.0747314, 76.3598095 16.0746772, 76.3597360 16.0743731, 76.3596421 16.0740123, 76.3595892 16.0738154, 76.3595798 16.0737755, 76.3595520 16.0737484))",0.43562150076664113,16.074265660373257,76.35951050034244,010607427025635951
69330f66ebe2,Raichur,Bandisunkapur,2025.0,1.0,sunflower,2025-06-01,1.0,"POLYGON((76.3593042 16.0727378, 76.3593759 16.0729897, 76.3595416 16.0737243, 76.3592204 16.0737919, 76.3591034 16.0734385, 76.3589260 16.0728434, 76.3591181 16.0727835, 76.3593042 16.0727378))",0.43940960137130597,16.073257435362997,76.35924518690581,010607326025635925
01ff2bf5af2e,Raichur,Bandisunkapur,2025.0,1.0,pigeon_pea,2025-06-01,1.0,"POLYGON((76.3588485 16.0728087, 76.3596586 16.0726389, 76.3610198 16.0724030, 76.3609470 16.0711875, 76.3601357 16.0713164, 76.3586816 16.0715332, 76.3587560 16.0721981, 76.3588485 16.0728087))",3.300353779190777,16.071978205344763,76.35985962250018,010607198025635986
221c578da11e,Raichur,Bandisunkapur,2025.0,1.0,pigeon_pea,2025-06-01,0.0,"POLYGON((76.3560356 16.0751895, 76.3564741 16.0751640, 76.3567521 16.0751573, 76.3567950 16.0757336, 76.3562954 16.0757832, 76.3557881 16.0758277, 76.3557385 16.0753763, 76.3557369 16.0752172, 76.3560356 16.0751895))",0.7283738784927414,16.075481187063534,76.35625999714938,010607548025635626
62560dc041a8,Raichur,Bandisunkapur,2025.0,1.0,pigeon_pea,2025-06-01,1.0,"POLYGON((76.3560453 16.0745503, 76.3560644 16.0748148, 76.3567155 16.0747855, 76.3566874 16.0746782, 76.3574769 16.0736395, 76.3572590 16.0736360, 76.3560061 16.0736782, 76.3560453 16.0745503))",1.3624668405886382,16.074142633497722,76.35656919248949,010607414025635657
ea479e4a7bdf,Raichur,Bandisunkapur,2025.0,1.0,sunflower,2025-06-01,1.0,"POLYGON((76.3551578 16.0748602, 76.3560342 16.0748216, 76.3560205 16.0745268, 76.3559524 16.0736511, 76.3551340 16.0736679, 76.3551303 16.0738928, 76.3551578 16.0748602))",1.1963563788924994,16.074256819840183,76.35556840170504,010607426025635557
259c2747c935,Raichur,Bandisunkapur,2025.0,1.0,pigeon_pea,2025-06-01,1.0,"POLYGON((76.3543837 16.0748928, 76.3551394 16.0748593, 76.3551122 16.0741933, 76.3550844 16.0736811, 76.3548095 16.0736727, 76.3542559 16.0737101, 76.3541879 16.0742372, 76.3542419 16.0746921, 76.3542841 16.0748963, 76.3543837 16.0748928))",1.2521173346134877,16.074286555907584,76.35466975240037,010607429025635467
b2ec9f3dbbaf,Raichur,Bandisunkapur,2025.0,1.0,pigeon_pea,2025-06-01,1.0,"POLYGON((76.3542814 16.0749124, 76.3543404 16.0752939, 76.3545500 16.0752794, 76.3548269 16.0752607, 76.3551857 16.0752320, 76.3562720 16.0751466, 76.3567340 16.0751141, 76.3567209 16.0748212, 76.3564322 16.0748164, 76.3542814 16.0749124))",0.9929736149977667,16.07503410652375,76.3554705204716,010607503025635547
bac5c6d0651c,Raichur,Bandisunkapur,2025.0,1.0,pigeon_pea,2025-06-01,1.0,"POLYGON((76.3539867 16.0753631, 76.3543126 16.0753035, 76.3553235 16.0752562, 76.3557214 16.0752249, 76.3557221 16.0757136, 76.3554988 16.0757278, 76.3551377 16.0756405, 76.3549087 16.0756180, 76.3546341 16.0756267, 76.3543931 16.0755796, 76.3541909 16.0754814, 76.3539867 16.0753631))",0.6792194557158374,16.07545695830461,76.35502860416312,010607546025635503
cd31b0e40db8,Raichur,Bandisunkapur,2025.0,1.0,pigeon_pea,2025-06-01,1.0,"POLYGON((76.3530111 16.0751134, 76.3536786 16.0750977, 76.3533698 16.0747752, 76.3530355 16.0744727, 76.3525437 16.0739772, 76.3523418 16.0744672, 76.3520927 16.0750719, 76.3521615 16.0751386, 76.3524575 16.0751279, 76.3527378 16.0751231, 76.3530111 16.0751134))",1.094820895906941,16.074738266936873,76.35276703821705,010607474025635277
11d95bef8e86,Raichur,Bandisunkapur,2025.0,1.0,pigeon_pea,2025-06-01,1.0,"POLYGON((76.3530359 16.0751331, 76.3530681 16.0754785, 76.3530365 16.0758142, 76.3530379 16.0758502, 76.3529031 16.0758509, 76.3525276 16.0758277, 76.3523308 16.0757700, 76.3521930 16.0751763, 76.3526144 16.0751521, 76.3530359 16.0751331))",0.6296344780812553,16.07548073222638,76.35266806043447,010607548025635267
9df25129dd4d,Raichur,Bandisunkapur,2025.0,1.0,pigeon_pea,2025-06-01,1.0,"POLYGON((76.3530674 16.0751389, 76.3530674 16.0757819, 76.3532726 16.0757961, 76.3535230 16.0757816, 76.3537718 16.0757968, 76.3538352 16.0755477, 76.3538466 16.0752491, 76.3537544 16.0751640, 76.3536159 16.0751151, 76.3534660 16.0751186, 76.3532018 16.0751312, 76.3530674 16.0751389))",0.5865630214566511,16.075457818280455,76.35344315383837,010607546025635344
21a28b1e60ad,Raichur,Bhogapur,2025.0,1.0,pigeon_pea,2025-06-01,1.0,"POLYGON((76.3481268 16.0978059, 76.3484637 16.0976696, 76.3492892 16.0961894, 76.3491983 16.0961894, 76.3490377 16.0964806, 76.3489546 16.0966527, 76.3486317 16.0967770, 76.3472369 16.0973308, 76.3471937 16.0973411, 76.3471652 16.0972312, 76.3470710 16.0969059, 76.3460417 16.0971829, 76.3464675 16.0978626, 76.3466080 16.0980990, 76.3467401 16.0981045, 76.3468118 16.0984479, 76.3474552 16.0981744, 76.3476661 16.0980375, 76.3481268 16.0978059))",2.895004930002157,16.097493447814212,76.34746555307683,010609749025634747
79abb49fae3d,Raichur,Bhogapur,2025.0,1.0,paddy,2025-06-01,0.0,"POLYGON((76.3468152 16.0984502, 76.3470213 16.0983622, 76.3474525 16.0981767, 76.3477160 16.0980346, 76.3478267 16.0979715, 76.3481633 16.0978136, 76.3483034 16.0977515, 76.3487474 16.0976551, 76.3490652 16.0975936, 76.3478562 16.0980572, 76.3474834 16.0981970, 76.3473556 16.0982504, 76.3471980 16.0983094, 76.3470941 16.0983525, 76.3468152 16.0984502))",0.1714142246846278,16.097912971051116,76.34811207953538,010609791025634811
9dd3102bf167,Raichur,Bhogapur,2025.0,1.0,maize,2025-06-01,1.0,"POLYGON((76.3355358 16.0961795, 76.3352746 16.0963321, 76.3352089 16.0952343, 76.3355683 16.0951129, 76.3356525 16.0955246, 76.3357541 16.0960577, 76.3355358 16.0961795))",0.5369518487754268,16.095711061796482,76.33545220929437,010609571025633545
5c9402876925,Raichur,Bhogapur,2025.0,1.0,paddy,2025-06-01,1.0,"POLYGON((76.3355676 16.0971958, 76.3353336 16.0972193, 76.3352920 16.0963953, 76.3359257 16.0959868, 76.3361721 16.0958074, 76.3364702 16.0971091, 76.3355676 16.0971958))",1.3293239326506965,16.09663615796267,76.33586225109069,010609664025633586
77703ca6b01c,Raichur,Bhogapur,2025.0,1.0,paddy,2025-06-01,1.0,"POLYGON((76.3355831 16.0972003, 76.3353336 16.0972273, 76.3353916 16.0978716, 76.3354198 16.0982643, 76.3359133 16.0982176, 76.3363854 16.0981686, 76.3365711 16.0981622, 76.3365098 16.0976361, 76.3364850 16.0973733, 76.3365668 16.0973494, 76.3365078 16.0971175, 76.3361768 16.0971562, 76.3358560 16.0971874, 76.3356766 16.0972051, 76.3355831 16.0972003))",1.4123906915201698,16.0976900613146,76.33595306595383,010609769025633595
3d421e9c468a,Raichur,Bhogapur,2025.0,1.0,paddy,2025-06-01,1.0,"POLYGON((76.3358781 16.0997338, 76.3358221 16.0997322, 76.3358248 16.0993096, 76.3358204 16.0989408, 76.3354845 16.0989430, 76.3354935 16.0993457, 76.3355402 16.0997316, 76.3355643 16.1002238, 76.3355723 16.1006213, 76.3359056 16.1004216, 76.3361376 16.1002277, 76.3358959 16.1002090, 76.3358697 16.1000237, 76.3358781 16.0997338))",0.6372229710983851,16.09976017726937,76.33570316202838,010609976025633570
fc9130b15f02,Raichur,Bhogapur,2025.0,1.0,paddy,2025-06-01,1.0,"POLYGON((76.3465117 16.1042381, 76.3468205 16.1048701, 76.3480570 16.1048891, 76.3487494 16.1049287, 76.3490025 16.1044165, 76.3483336 16.1043650, 76.3477573 16.1043160, 76.3472202 16.1042738, 76.3465117 16.1042381))",1.4910937321518272,16.104591389178765,76.34773656050898,010610459025634774
5eea1e2201bd,Raichur,Bhogapur,2025.0,1.0,paddy,2025-06-01,,"POLYGON((76.3409086 16.1061798, 76.3405441 16.1062181, 76.3403001 16.1053069, 76.3403272 16.1041344, 76.3407929 16.1041450, 76.3413066 16.1041695, 76.3413458 16.1049303, 76.3413937 16.1057234, 76.3414175 16.1060903, 76.3409086 16.1061798))",2.3915390984081792,16.105145053225588,76.34085145547647,010610515025634085
d61145d02d41,Raichur,Bhogapur,2025.0,1.0,paddy,2025-06-01,1.0,"POLYGON((76.3406987 16.1068176, 76.3408526 16.1073707, 76.3410209 16.1079843, 76.3411295 16.1083972, 76.3413347 16.1084246, 76.3414085 16.1082359, 76.3415225 16.1079224, 76.3416187 16.1076499, 76.3418185 16.1070827, 76.3415101 16.1070498, 76.3414242 16.1064668, 76.3414031 16.1061405, 76.3409364 16.1061956, 76.3405777 16.1062452, 76.3406987 16.1068176))",1.825454161150307,16.107154806240178,76.34118060029789,010610715025634118
0903bbf75b69,Raichur,Bhogapur,2025.0,1.0,pearl_millet,2025-06-01,0.0,"POLYGON((76.3406796 16.1067957, 76.3392346 16.1069207, 76.3393211 16.1075140, 76.3394116 16.1081173, 76.3400493 16.1082223, 76.3406853 16.1083177, 76.3410913 16.1083853, 76.3406796 16.1067957))",2.550754688704466,16.107567882521757,76.34014204024234,010610757025634014
444909575f7a,Raichur,Bhogapur,2025.0,1.0,pigeon_pea,2025-06-01,1.0,"POLYGON((76.3406233 16.1066311, 76.3404298 16.1059443, 76.3402803 16.1053639, 76.3402759 16.1053185, 76.3395299 16.1053610, 76.3395645 16.1056802, 76.3396433 16.1063070, 76.3397019 16.1067239, 76.3406233 16.1066311))",1.3349874534092003,16.1060344803021,76.34003011450807,010610603025634003
d6b9dc3961ee,Raichur,Bhogapur,2025.0,1.0,paddy,2025-06-01,1.0,"POLYGON((76.3418417 16.1070547, 76.3419865 16.1066224, 76.3423308 16.1056386, 76.3420931 16.1056406, 76.3414481 16.1056670, 76.3414709 16.1060371, 76.3415118 16.1066878, 76.3415265 16.1070244, 76.3418417 16.1070547))",0.9781149241911404,16.106234933290676,76.34180551810427,010610623025634181
60ae693f7139,Raichur,Bhogapur,2025.0,1.0,paddy,2025-06-01,1.0,"POLYGON((76.3423506 16.1069989, 76.3424676 16.1075169, 76.3426252 16.1082343, 76.3413860 16.1084146, 76.3415486 16.1079324, 76.3417495 16.1073990, 76.3418896 16.1070344, 76.3420586 16.1066063, 76.3424649 16.1066005, 76.3424683 16.1069577, 76.3423506 16.1069989))",1.546700826767992,16.10762620931824,76.34207307790639,010610763025634207
3fc04766d502,Tumkur,Honnenahalli,2025.0,1.0,finger_millet,2025-06-11,1.0,"POLYGON((77.1142974 13.2660108, 77.1144376 13.2660173, 77.1142733 13.2668335, 77.1141777 13.2668263, 77.1142974 13.2660108))",0.11635250040425599,13.266396595604869,77.11430095000235,010326640025711430
84ed22c1f4ae,Tumkur,Honnenahalli,2025.0,1.0,finger_millet,2025-07-08,1.0,"POLYGON((77.1154578 13.2662787, 77.1154736 13.2664595, 77.1147621 13.2664660, 77.1148349 13.2662768, 77.1154578 13.2662787))",0.14782376992882518,13.266372296897748,77.11512931189183,010326637025711513
a35b9f114a96,Tumkur,Honnenahalli,2025.0,1.0,finger_millet,2025-07-09,1.0,"POLYGON((77.1146049 13.2660301, 77.1144483 13.2660239, 77.1142733 13.2668423, 77.1143853 13.2668472, 77.1146049 13.2660301))",0.13287042717140923,13.266413298208718,77.11443337044172,010326641025711443
815fde835387,Tumkur,Honnenahalli,2025.0,1.0,finger_millet,2025-06-11,1.0,"POLYGON((77.1149163 13.2660474, 77.1147614 13.2660379, 77.1144976 13.2668586, 77.1145817 13.2668642, 77.1149163 13.2660474))",0.11993653217415219,13.26641174192692,77.11470399218922,010326641025711470
683aa6fe3fdd,Tumkur,Honnenahalli,2025.0,1.0,finger_millet,2025-06-10,1.0,"POLYGON((77.1121164 13.2662872, 77.1120611 13.2665754, 77.1117232 13.2665907, 77.1117902 13.2663342, 77.1121164 13.2662872))",0.10606265973129032,13.266447874286381,77.11192584012622,010326645025711193
aabb963d8288,Tumkur,Honnenahalli,2025.0,1.0,finger_millet,2025-06-11,1.0,"POLYGON((77.1121480 13.2627527, 77.1122117 13.2629048, 77.1113768 13.2629152, 77.1113926 13.2627573, 77.1121480 13.2627527))",0.1478768350841306,13.2628338395944,77.11178026924095,010326283025711178
dee0205e7210,Tumkur,Honnenahalli,2025.0,1.0,finger_millet,2025-07-25,0.0,"POLYGON((77.1108122 13.2629626, 77.1094654 13.2629136, 77.1094537 13.2631835, 77.1117513 13.2632824, 77.1121339 13.2629397, 77.1108122 13.2629626))",0.8686775859926796,13.26308705896398,77.11075473804394,010326309025711075
7d7546b4d921,Tumkur,Honnenahalli,2025.0,1.0,finger_millet,2025-09-16,0.0,"POLYGON((77.1119753 13.2623667, 77.1119736 13.2622485, 77.1105477 13.2621725, 77.1105306 13.2623566, 77.1119753 13.2623667))",0.2602212019622759,13.26228462682057,77.11120423669803,010326228025711120
9c740a2dfe65,Tumkur,Honnenahalli,2025.0,1.0,horse_gram,2025-09-24,,"POLYGON((77.1109859 13.2619382, 77.1110442 13.2616944, 77.1105135 13.2616004, 77.1105189 13.2618520, 77.1109859 13.2619382))",0.15090472223652843,13.261768765352999,77.11076649784964,010326177025711077
8644212fca5f,Tumkur,Honnenahalli,2025.0,1.0,finger_millet,2025-08-19,0.0,"POLYGON((77.1095968 13.2604093, 77.1096445 13.2601965, 77.1102218 13.2602302, 77.1101930 13.2605141, 77.1095968 13.2604093))",0.1777428455764356,13.260340120134543,77.10992718254865,010326034025710993
f08c08af2ece,Tumkur,Honnenahalli,2025.0,1.0,finger_millet,2025-08-20,0.0,"POLYGON((77.1098694 13.2600330, 77.1097846 13.2604152, 77.1091895 13.2603271, 77.1091828 13.2601668, 77.1098694 13.2600330))",0.207156769752354,13.260231884320334,77.10955015396756,010326023025710955
1d68eced4e4f,Tumkur,Honnenahalli,2025.0,1.0,finger_millet,2025-07-23,1.0,"POLYGON((77.1112058 13.2598555, 77.1115451 13.2602191, 77.1114801 13.2607363, 77.1102640 13.2605144, 77.1103314 13.2599466, 77.1112058 13.2598555))",1.0182177127156482,13.260281257829742,77.11092288966982,010326028025711092
363ece0c8485,Tumkur,Honnenahalli,2025.0,1.0,finger_millet,2025-06-04,1.0,"POLYGON((77.1111472 13.2607148, 77.1110379 13.2619702, 77.1114828 13.2620012, 77.1116373 13.2608097, 77.1111472 13.2607148))",0.695268794021855,13.261362506155566,77.11132567169514,010326136025711133
735b8251c35b,Tumkur,Honnenahalli,2025.0,1.0,finger_millet,2025-07-16,1.0,"POLYGON((77.1105577 13.2606087, 77.1105242 13.2619317, 77.1110127 13.2619607, 77.1110992 13.2607079, 77.1105577 13.2606087))",0.7992296043453627,13.261290333853134,77.11079690776235,010326129025711080
0e2ceb8e1ca2,Tumkur,Honnenahalli,2025.0,1.0,finger_millet,2025-07-09,1.0,"POLYGON((77.1105567 13.2605940, 77.1105172 13.2613234, 77.1100900 13.2612950, 77.1101896 13.2605656, 77.1105567 13.2605940))",0.3493982443918891,13.26095361346058,77.11033732447416,010326095025711034
858fc289ec28,Tumkur,Honnenahalli,2025.0,1.0,horse_gram,2025-07-09,1.0,"POLYGON((77.1096263 13.2604436, 77.1096773 13.2612558, 77.1100930 13.2612832, 77.1101973 13.2605314, 77.1096263 13.2604436))",0.46410825641817866,13.260857549156784,77.10989699882992,010326086025710990
e9cc3d9e7ab7,Tumkur,Virupasandra,2025.0,1.0,finger_millet,2025-06-04,1.0,"POLYGON((77.0939951 13.2240566, 77.0940896 13.2246725, 77.0956101 13.2245635, 77.0954978 13.2238967, 77.0939951 13.2240566))",1.1783343414496514,13.224296725477659,77.0948083906922,010322430025709481
47e62932837c,Tumkur,Virupasandra,2025.0,1.0,finger_millet,2025-08-22,0.0,"POLYGON((77.0947320 13.2246927, 77.0947786 13.2250537, 77.0941768 13.2251124, 77.0941081 13.2247586, 77.0947320 13.2246927))",0.26677521694413325,13.224903188753,77.09444941146927,010322490025709445
2fd1fcb2a1fe,Tumkur,Virupasandra,2025.0,1.0,finger_millet,2025-08-17,0.0,"POLYGON((77.0948470 13.2247074, 77.0949158 13.2250237, 77.0957308 13.2249434, 77.0957037 13.2246072, 77.0948470 13.2247074))",0.3319157876257861,13.224818635503189,77.09530235766356,010322482025709530
e8addb67f8dc,Tumkur,Virupasandra,2025.0,1.0,finger_millet,2025-08-21,0.0,"POLYGON((77.0958928 13.2249114, 77.0957711 13.2249326, 77.0957402 13.2246046, 77.0958941 13.2246000, 77.0958928 13.2249114))",0.05301548888712759,13.224756168169286,77.09582355381767,010322476025709582
39a03eb5b092,Tumkur,Virupasandra,2025.0,1.0,horse_gram,2025-07-08,1.0,"POLYGON((77.0957731 13.2249261, 77.0957040 13.2245909, 77.0961727 13.2245625, 77.0962076 13.2248801, 77.0957731 13.2249261))",0.17894242233208296,13.224738200358827,77.09596172232291,010322474025709596
3623249e4a20,Tumkur,Virupasandra,2025.0,1.0,horse_gram,2025-06-11,1.0,"POLYGON((77.0963668 13.2240726, 77.0963601 13.2243941, 77.0967564 13.2244274, 77.0967303 13.2240602, 77.0963668 13.2240726))",0.15661474531447567,13.224241047064185,77.09655761451701,010322424025709656
4cd8e8c06fbb,Tumkur,Virupasandra,2025.0,1.0,horse_gram,2025-09-17,,"POLYGON((77.0963883 13.2236457, 77.0966947 13.2236395, 77.0966797 13.2232879, 77.0963709 13.2233186, 77.0963883 13.2236457))",0.1254199904131579,13.223472495232416,77.09653521167061,010322347025709654
3d0b9f722871,Tumkur,Virupasandra,2025.0,1.0,finger_millet,2025-07-09,1.0,"POLYGON((77.0979265 13.2223718, 77.0979483 13.2226910, 77.0980798 13.2226861, 77.0980680 13.2223545, 77.0979265 13.2223718))",0.05343168993383717,13.222523684569351,77.09800596886596,010322252025709801
1e23a96ec9a0,Tumkur,Virupasandra,2025.0,1.0,finger_millet,2025-07-16,0.0,"POLYGON((77.0964275 13.2236835, 77.0963937 13.2240452, 77.0966585 13.2240403, 77.0966535 13.2236799, 77.0964275 13.2236835))",0.10608528871381827,13.223866989389927,77.09653308350906,010322387025709653
ae04061f2201,Tumkur,Virupasandra,2025.0,1.0,sorghum,2025-07-09,1.0,"POLYGON((77.0961409 13.2238033, 77.0961918 13.2243908, 77.0963481 13.2243960, 77.0963387 13.2238056, 77.0961409 13.2238033))",0.1247977924901164,13.224087357214804,77.09625436527932,010322409025709625
12dd6eb89038,Tumkur,Virupasandra,2025.0,1.0,finger_millet,2025-07-16,1.0,"POLYGON((77.0963608 13.2236780, 77.0963477 13.2240514, 77.0967283 13.2240432, 77.0967209 13.2236734, 77.0963608 13.2236780))",0.16486574769809786,13.223863203169604,77.09653914635587,010322386025709654
5acb01dbadc1,Tumkur,Virupasandra,2025.0,1.0,horse_gram,2025-08-24,,"POLYGON((77.0946378 13.2187586, 77.0944118 13.2188259, 77.0948977 13.2210264, 77.0950965 13.2210424, 77.0946378 13.2187586))",0.5851557519794948,13.219874918183779,77.09475349728388,010321987025709475
1fa855cf0f49,Tumkur,Virupasandra,2025.0,1.0,finger_millet,2025-07-18,0.0,"POLYGON((77.0980949 13.2151148, 77.0981679 13.2155247, 77.0977237 13.2155042, 77.0976231 13.2151738, 77.0980949 13.2151148))",0.20513809589233953,13.215325953726447,77.09790970099179,010321533025709791
d372aa429bfc,Tumkur,Virupasandra,2025.0,1.0,finger_millet,2025-06-11,1.0,"POLYGON((77.0946801 13.2187613, 77.0951334 13.2210440, 77.0953325 13.2210186, 77.0949168 13.2187244, 77.0946801 13.2187613))",0.6138533320334475,13.219853208678428,77.09500930390219,010321985025709501
94c2f3e96168,Tumkur,Virupasandra,2025.0,1.0,finger_millet,2025-07-09,1.0,"POLYGON((77.0977230 13.2157264, 77.0977455 13.2158746, 77.0974256 13.2159285, 77.0973851 13.2157715, 77.0977230 13.2157264))",0.062008141891443234,13.215824940338466,77.09756768020178,010321582025709757
383b78f1122b,Tumkur,Virupasandra,2025.0,1.0,finger_millet,2025-06-11,1.0,"POLYGON((77.0977170 13.2157183, 77.0977787 13.2160466, 77.0973700 13.2160424, 77.0973130 13.2157702, 77.0977170 13.2157183))",0.1479147180206123,13.215893604865052,77.09755088215046,010321589025709755
c07006084725,Tumkur,Virupasandra,2025.0,1.0,finger_millet,2025-07-18,0.0,"POLYGON((77.0980030 13.2160186, 77.0972721 13.2160456, 77.0973261 13.2166524, 77.0980543 13.2165911, 77.0980030 13.2160186))",0.5182706822838244,13.216327159096876,77.0976603316654,010321633025709766
e56ce677683b,Raichur,Bhogapur,2025.0,1.0,pearl_millet,2025-06-01,0.0,"POLYGON((76.3403903 16.1016820, 76.3406809 16.1016560, 76.3406226 16.1010504, 76.3398934 16.1009737, 76.3399708 16.1014015, 76.3400315 16.1017120, 76.3403903 16.1016820))",0.5481021933204137,16.101343197212078,76.34029449329357,010610134025634029
d2db43cadb85,Raichur,Bhogapur,2025.0,1.0,pearl_millet,2025-06-01,1.0,"POLYGON((76.3414487 16.1020522, 76.3419644 16.1019517, 76.3419932 16.1019475, 76.3418132 16.1014772, 76.3416781 16.1010790, 76.3413548 16.1011112, 76.3413709 16.1013751, 76.3414487 16.1020522))",0.48117169022106226,16.101587203795436,76.34162131956633,010610159025634162
38bfd3a1997b,Raichur,Bhogapur,2025.0,1.0,pearl_millet,2025-06-01,1.0,"POLYGON((76.3421307 16.1026217, 76.3423033 16.1033996, 76.3416834 16.1034418, 76.3415533 16.1028810, 76.3415768 16.1027869, 76.3421307 16.1026217))",0.5293828818037697,16.103064257472063,76.34192393065247,010610306025634192
8284bc2c09ca,Raichur,Bhogapur,2025.0,1.0,pearl_millet,2025-06-01,1.0,"POLYGON((76.3414920 16.1024062, 76.3414491 16.1020950, 76.3420133 16.1019826, 76.3422360 16.1025563, 76.3415533 16.1027641, 76.3414920 16.1024062))",0.4912917213613285,16.102362218494836,76.3418093609753,010610236025634181
3af93fd36186,Raichur,Bhogapur,2025.0,1.0,pigeon_pea,2025-06-01,1.0,"POLYGON((76.3411674 16.1022197, 76.3410642 16.1011315, 76.3410675 16.1010848, 76.3413314 16.1011061, 76.3413770 16.1015983, 76.3414165 16.1021842, 76.3411674 16.1022197))",0.3456977562255236,16.101642539068106,76.34124383730693,010610164025634124
6bf6c9363368,Raichur,Bhogapur,2025.0,1.0,sunflower,2025-06-01,1.0,"POLYGON((76.3407537 16.1022480, 76.3411108 16.1022203, 76.3409971 16.1011325, 76.3409995 16.1010771, 76.3406679 16.1010413, 76.3406880 16.1014701, 76.3407537 16.1022480))",0.48015448685871853,16.101656326538986,76.34087768794718,010610166025634088
96748e167b3c,Raichur,Bhogapur,2025.0,1.0,pearl_millet,2025-06-01,1.0,"POLYGON((76.3407218 16.1022548, 76.3406659 16.1016885, 76.3400788 16.1017519, 76.3401351 16.1023021, 76.3407218 16.1022548))",0.3911428882452418,16.101999051483183,76.34040177927578,010610200025634040
128e2a7af4aa,Raichur,Bhogapur,2025.0,1.0,sunflower,2025-06-01,1.0,"POLYGON((76.3412278 16.1030569, 76.3413223 16.1036054, 76.3413371 16.1036654, 76.3416130 16.1034966, 76.3415520 16.1030652, 76.3414407 16.1022290, 76.3411433 16.1022725, 76.3412278 16.1030569))",0.49387505323905506,16.102920039844985,76.34137426078334,010610292025634137
d30d3543fc07,Raichur,Bhogapur,2025.0,1.0,maize,2025-06-01,0.0,"POLYGON((76.3408177 16.1031026, 76.3408818 16.1040976, 76.3410571 16.1038625, 76.3411507 16.1037903, 76.3411507 16.1035871, 76.3412026 16.1035275, 76.3411906 16.1032160, 76.3410836 16.1022635, 76.3407467 16.1022860, 76.3408177 16.1031026))",0.6652719921165242,16.103083468790903,76.34097931913021,010610308025634098
dd647cdc0c00,Raichur,Bhogapur,2025.0,1.0,maize,2025-06-01,1.0,"POLYGON((76.3407691 16.1031248, 76.3407165 16.1023105, 76.3401589 16.1023411, 76.3403527 16.1031448, 76.3407691 16.1031248))",0.4696094271302167,16.102710694751625,76.3404964837861,010610271025634050
a9aecbc87214,Raichur,Bhogapur,2025.0,1.0,maize,2025-06-01,0.0,"POLYGON((76.3403336 16.1035884, 76.3403587 16.1040149, 76.3403561 16.1041038, 76.3408563 16.1041295, 76.3407721 16.1031764, 76.3403487 16.1031777, 76.3403336 16.1035884))",0.5205971363794971,16.10365803098244,76.34058123480855,010610366025634058
687ab929b5a9,Raichur,Bhogapur,2025.0,1.0,pigeon_pea,2025-06-01,1.0,"POLYGON((76.3402240 16.1035781, 76.3403007 16.1041353, 76.3402377 16.1052656, 76.3391001 16.1053333, 76.3390371 16.1044111, 76.3390119 16.1035272, 76.3397834 16.1034663, 76.3402025 16.1034521, 76.3402240 16.1035781))",2.61702792045754,16.10438099279626,76.33965533643733,010610438025633966
c68b74e7679c,Raichur,Bhogapur,2025.0,1.0,pigeon_pea,2025-06-01,1.0,"POLYGON((76.3400245 16.1020844, 76.3401251 16.1029428, 76.3401941 16.1033925, 76.3398652 16.1033848, 76.3398454 16.1033255, 76.3398055 16.1033110, 76.3397489 16.1033329, 76.3396034 16.1032904, 76.3396205 16.1031500, 76.3395809 16.1031000, 76.3394662 16.1030936, 76.3393881 16.1032592, 76.3390515 16.1032398, 76.3386582 16.1030398, 76.3386163 16.1022396, 76.3393670 16.1021771, 76.3397988 16.1021095, 76.3400245 16.1020844))",1.8524120097779588,16.102716703957704,76.33942328313148,010610272025633942
719a26f3c5ed,Raichur,Bhogapur,2025.0,1.0,paddy,2025-06-01,0.0,"POLYGON((76.3399688 16.1017606, 76.3400124 16.1020654, 76.3390602 16.1021159, 76.3385892 16.1021224, 76.3385137 16.1014946, 76.3385281 16.1012845, 76.3388775 16.1010401, 76.3393465 16.1007682, 76.3396815 16.1004409, 76.3397080 16.1004319, 76.3397965 16.1007350, 76.3398940 16.1011795, 76.3399688 16.1017606))",2.037469601967129,16.10146939553673,76.33929331736736,010610147025633929
4a454b12d3b5,Raichur,Bhogapur,2025.0,1.0,maize,2025-06-01,0.0,"POLYGON((76.3422299 16.0991711, 76.3422500 16.0993202, 76.3414762 16.0994307, 76.3414387 16.0989623, 76.3418055 16.0989253, 76.3421417 16.0988976, 76.3421706 16.0989024, 76.3422299 16.0991711))",0.4069120398720247,16.099154295569505,76.34183031132751,010609915025634183
1b7c02f38c34,Raichur,Bhogapur,2025.0,1.0,paddy,2025-06-01,1.0,"POLYGON((76.3422370 16.0991266, 76.3421877 16.0988667, 76.3426071 16.0988058, 76.3427355 16.0994326, 76.3423288 16.0994471, 76.3422370 16.0991266))",0.3056797030158836,16.099135254102997,76.34246331958366,010609914025634246
b56e7baddc28,Raichur,Bhogapur,2025.0,1.0,paddy,2025-06-01,1.0,"POLYGON((76.3427563 16.0986702, 76.3427798 16.0987568, 76.3421914 16.0988409, 76.3421280 16.0985883, 76.3419704 16.0979934, 76.3419225 16.0976780, 76.3422453 16.0975475, 76.3424649 16.0974857, 76.3427563 16.0986702))",0.8810917880265174,16.09818803252183,76.34233766066569,010609819025634234
8efa99ca021b,Raichur,Bhogapur,2025.0,1.0,cotton,2025-06-01,1.0,"POLYGON((76.3428307 16.0987304, 76.3432482 16.0986740, 76.3436304 16.0986244, 76.3435512 16.0981889, 76.3433303 16.0980584, 76.3430104 16.0978610, 76.3426410 16.0979318, 76.3428307 16.0987304))",0.7045670915635723,16.098314146769003,76.34311375629345,010609831025634311
03c94ec146f2,Raichur,Bhogapur,2025.0,1.0,paddy,2025-06-01,1.0,"POLYGON((76.3429011 16.0989027, 76.3428696 16.0987604, 76.3426222 16.0987974, 76.3426842 16.0991018, 76.3427724 16.0994397, 76.3430111 16.0993988, 76.3429397 16.0990645, 76.3429011 16.0989027))",0.19507538788684162,16.099097828857584,76.34281658757118,010609910025634282
d2bbc46e1f3c,Raichur,Bhogapur,2025.0,1.0,paddy,2025-06-01,1.0,"POLYGON((76.3431975 16.0990400, 76.3432518 16.0993537, 76.3435083 16.0993125, 76.3436475 16.0992545, 76.3437259 16.0991927, 76.3436780 16.0989797, 76.3434597 16.0990203, 76.3431975 16.0990400))",0.16683921801802853,16.099160911945983,76.34345489408521,010609916025634345
4255ad66ab3a,Raichur,Bhogapur,2025.0,1.0,paddy,2025-06-01,1.0,"POLYGON((76.3431791 16.0990142, 76.3436669 16.0989498, 76.3436314 16.0986418, 76.3431144 16.0987227, 76.3431791 16.0990142))",0.18240304664870036,16.09883032694534,76.3433993421747,010609883025634340
6b6d1b6628fe,Raichur,Bhogapur,2025.0,1.0,paddy,2025-06-01,1.0,"POLYGON((76.3434805 16.0993357, 76.3437128 16.0992171, 76.3436364 16.0986370, 76.3431187 16.0987285, 76.3432485 16.0993544, 76.3434805 16.0993357))",0.3778085423458311,16.098992312533134,76.34342658801584,010609899025634343
e575da552ad8,Koppal,Mainahalli,2025.0,1.0,other:maiz,2025-07-15,0.0,"POLYGON((76.0440072 15.2858507, 76.0440608 15.2874704, 76.0436980 15.2873646, 76.0435951 15.2860477, 76.0440072 15.2858507))",0.6796512729659753,15.286662037682635,76.04384567634648,010528666025604385
577904cacc37,Koppal,Mainahalli,2025.0,2.0,chickpea,2025-11-05,0.0,"POLYGON((76.0430627 15.2862838, 76.0426191 15.2865173, 76.0426396 15.2873830, 76.0431582 15.2874225, 76.0430627 15.2862838))",0.5792350712137199,15.286909520063292,76.04288189173494,010528691025604288
0cf15c77bce9,Koppal,Mainahalli,2025.0,1.0,pigeon_pea,2025-07-01,0.0,"POLYGON((76.0445453 15.2856088, 76.0449553 15.2854969, 76.0450988 15.2874235, 76.0444987 15.2874008, 76.0445453 15.2856088))",1.1176460337638592,15.286539302047844,76.04477943665812,010528654025604478
bc40084c3358,Koppal,Mainahalli,2025.0,2.0,chickpea,2025-11-05,0.0,"POLYGON((76.0445657 15.2855904, 76.0444987 15.2874170, 76.0440806 15.2874299, 76.0440404 15.2857906, 76.0445657 15.2855904))",0.9689943340146305,15.286523666341239,76.04430029845416,010528652025604430
d5cace3c715d,Raichur,Nagarhal,2025.0,1.0,pigeon_pea,2025-06-01,0.0,"POLYGON((76.3146481 16.1210716, 76.3147108 16.1208797, 76.3146246 16.1208591, 76.3145411 16.1207409, 76.3134310 16.1207228, 76.3135822 16.1210987, 76.3143691 16.1210771, 76.3146481 16.1210716))",0.47365132531554843,16.12090775603649,76.31406284315376,010612091025631406
6d0ebe07c223,Raichur,Nagarhal,2025.0,1.0,pigeon_pea,2025-06-01,0.0,"POLYGON((76.3158745 16.1207248, 76.3159959 16.1198274, 76.3160013 16.1197807, 76.3157180 16.1198528, 76.3158041 16.1188363, 76.3165820 16.1188949, 76.3165008 16.1197031, 76.3164281 16.1206906, 76.3158745 16.1207248))",1.423328897024967,16.119699556514885,76.31616447246249,010611970025631616
61a4fe2c2859,Raichur,Nagarhal,2025.0,1.0,pigeon_pea,2025-06-01,0.0,"POLYGON((76.3158655 16.1211438, 76.3158819 16.1207885, 76.3164281 16.1207853, 76.3164106 16.1211386, 76.3158655 16.1211438))",0.22852890780595844,16.120964012805032,76.31614627835461,010612096025631615
8f5de1793cd2,Raichur,Nagarhal,2025.0,1.0,pigeon_pea,2025-06-01,1.0,"POLYGON((76.3259918 16.0995251, 76.3265960 16.0995212, 76.3267237 16.1004715, 76.3261273 16.1005559, 76.3260391 16.1000804, 76.3259912 16.0996852, 76.3259918 16.0995251))",0.7304603767612281,16.10001823646584,76.32634696717764,010610002025632635
61a0f18ee2b1,Raichur,Nagarhal,2025.0,1.0,pigeon_pea,2025-06-01,0.0,"POLYGON((76.3257568 16.0994539, 76.3256649 16.0988957, 76.3255120 16.0978117, 76.3261695 16.0977450, 76.3265611 16.0976751, 76.3265779 16.0986592, 76.3266057 16.0994742, 76.3257568 16.0994539))",1.9296405011068924,16.098576799727677,76.32610901655435,010609858025632611
e422699300cb,Raichur,Nagarhal,2025.0,1.0,pigeon_pea,2025-06-01,,"POLYGON((76.3156378 16.1012082, 76.3157572 16.1009582, 76.3158078 16.1008587, 76.3159845 16.1008822, 76.3162946 16.1009499, 76.3164294 16.1009908, 76.3163345 16.1013135, 76.3161702 16.1012784, 76.3156378 16.1012082))",0.28411272673696497,16.101087075703088,76.3160466464834,010610109025631605
0ce5514e9f35,Raichur,Nagarhal,2025.0,1.0,sunflower,2025-06-01,1.0,"POLYGON((76.3010007 16.1042590, 76.3019586 16.1041108, 76.3031639 16.1039553, 76.3043256 16.1037729, 76.3042723 16.1033171, 76.3037788 16.1033867, 76.3030975 16.1034924, 76.3019264 16.1036882, 76.3009165 16.1038432, 76.2997652 16.1040094, 76.2998205 16.1044294, 76.3010007 16.1042590))",2.370792452230838,16.10387737275082,76.30209568965208,010610388025630210
b1377dc7f43a,Raichur,Nagarhal,2025.0,1.0,pigeon_pea,2025-06-01,1.0,"POLYGON((76.3009926 16.1042822, 76.3017068 16.1041875, 76.3032480 16.1039549, 76.3043166 16.1038119, 76.3043253 16.1040648, 76.3036359 16.1041724, 76.3030009 16.1042687, 76.3025104 16.1043392, 76.3017906 16.1044417, 76.3009578 16.1045618, 76.2998812 16.1047238, 76.2998265 16.1044497, 76.3001340 16.1044017, 76.3009926 16.1042822))",1.439214857777695,16.104265543034156,76.3020649249973,010610427025630206
06e29db61feb,Raichur,Nagarhal,2025.0,1.0,pigeon_pea,2025-06-01,0.0,"POLYGON((76.3005729 16.1123614, 76.3005393 16.1127512, 76.2993853 16.1122977, 76.2994903 16.1117994, 76.2998275 16.1119665, 76.3006520 16.1120828, 76.3005729 16.1123614))",0.7751307049692042,16.112261741563547,76.30003858455281,010611226025630004
ee78877f3841,Raichur,Nagarhal,2025.0,1.0,pigeon_pea,2025-06-01,0.0,"POLYGON((76.3005943 16.1124078, 76.3006278 16.1120622, 76.3011073 16.1121269, 76.3016873 16.1121743, 76.3016773 16.1129248, 76.3010657 16.1128746, 76.3006238 16.1126207, 76.3005943 16.1124078))",0.8995557835237432,16.112483790657667,76.301168896288,010611248025630117
a6a05f793dcd,Raichur,Nagarhal,2025.0,1.0,pigeon_pea,2025-06-01,1.0,"POLYGON((76.3028202 16.1099492, 76.3028953 16.1107393, 76.3028796 16.1115597, 76.3024088 16.1115839, 76.3024568 16.1107380, 76.3024973 16.1099469, 76.3026818 16.1099202, 76.3028179 16.1099086, 76.3028202 16.1099492))",0.8120340280815863,16.110797829602113,76.30266326811841,010611080025630266
7d367d9a6a0d,Raichur,Nagarhal,2025.0,1.0,pigeon_pea,2025-06-01,1.0,"POLYGON((76.3032303 16.1098922, 76.3032889 16.1108218, 76.3033707 16.1115433, 76.3029282 16.1115581, 76.3029245 16.1109786, 76.3029232 16.1103831, 76.3028960 16.1099163, 76.3032303 16.1098922))",0.7216821340043617,16.110769581660684,76.30310783804326,010611077025630311
a2426d4a03aa,Raichur,Nagarhal,2025.0,1.0,pigeon_pea,2025-06-01,1.0,"POLYGON((76.3038562 16.1098535, 76.3040048 16.1114837, 76.3033962 16.1115282, 76.3033228 16.1106391, 76.3032772 16.1098938, 76.3038562 16.1098535))",1.1612500079993688,16.110696516932485,76.30363191244528,010611070025630363
c8704bc3e180,Raichur,Nagarhal,2025.0,1.0,pigeon_pea,2025-06-01,1.0,"POLYGON((76.3039602 16.1099044, 76.3041288 16.1115008, 76.3048362 16.1114692, 76.3045053 16.1098297, 76.3042240 16.1098422, 76.3039622 16.1098467, 76.3039602 16.1099044))",1.2313206003540345,16.110697021761183,76.30436134218266,010611070025630436
6a4ec8cf90ee,Raichur,Nagarhal,2025.0,1.0,pigeon_pea,2025-06-01,0.0,"POLYGON((76.3024615 16.1099469, 76.3045030 16.1098380, 76.3046052 16.1103022, 76.3025007 16.1103992, 76.3024615 16.1099469))",1.1318842457090408,16.110122423316234,76.30352339768413,010611012025630352
514e37676ec7,Raichur,Nagarhal,2025.0,1.0,pigeon_pea,2025-06-01,0.0,"POLYGON((76.3119957 16.1063947, 76.3123022 16.1064462, 76.3126985 16.1053017, 76.3120997 16.1052025, 76.3119749 16.1057230, 76.3118412 16.1063579, 76.3119957 16.1063947))",0.764518292705039,16.105804120954758,76.31224025939501,010610580025631224
8fb07f20afef,Raichur,Nagarhal,2025.0,1.0,pigeon_pea,2025-06-01,0.0,"POLYGON((76.3113748 16.1058674, 76.3116437 16.1059662, 76.3118653 16.1060484, 76.3118422 16.1062085, 76.3118127 16.1063657, 76.3113617 16.1063009, 76.3113641 16.1060935, 76.3113748 16.1058674))",0.21551372221528317,16.106139399292353,76.31159277684506,010610614025631159
89c99d6002f8,Raichur,Nagarhal,2025.0,1.0,cotton,2025-06-01,0.0,"POLYGON((76.3114070 16.1052276, 76.3120189 16.1053107, 76.3118720 16.1060136, 76.3114016 16.1058368, 76.3114070 16.1052276))",0.43149811476112165,16.105586391983792,76.31168489413433,010610559025631168
ee7c36eb1764,Raichur,Nagarhal,2025.0,1.0,pigeon_pea,2025-06-01,1.0,"POLYGON((76.3134864 16.1083083, 76.3133616 16.1085200, 76.3130307 16.1090750, 76.3144030 16.1093517, 76.3153230 16.1095588, 76.3154960 16.1089097, 76.3134864 16.1083083))",1.9841927595829634,16.108954585304556,76.31428904943952,010610895025631429
14fc08b8bc95,Raichur,Nagarhal,2025.0,1.0,pigeon_pea,2025-06-01,1.0,"POLYGON((76.3125033 16.1100735, 76.3123592 16.1104948, 76.3119766 16.1104327, 76.3119981 16.1101750, 76.3120795 16.1095014, 76.3126750 16.1095607, 76.3125033 16.1100735))",0.5591941924049031,16.109965373121824,76.31227976411418,010610997025631228
403841de5a29,Raichur,Nagarhal,2025.0,1.0,pigeon_pea,2025-06-01,1.0,"POLYGON((76.3124939 16.1101721, 76.3123803 16.1104955, 76.3130703 16.1106636, 76.3150062 16.1111332, 76.3150601 16.1107747, 76.3124939 16.1101721))",1.1090617461870236,16.110647666565313,76.31374725431496,010611065025631375
d10afe2ed6c8,Raichur,Nagarhal,2025.0,1.0,pigeon_pea,2025-06-01,1.0,"POLYGON((76.3126086 16.1098355, 76.3124926 16.1101537, 76.3138575 16.1104584, 76.3150487 16.1107174, 76.3150974 16.1103892, 76.3151034 16.1103653, 76.3126086 16.1098355))",1.061266445170318,16.110272172504413,76.31382466083333,010611027025631382
6d6d744cfdae,Raichur,Nagarhal,2025.0,1.0,pigeon_pea,2025-06-01,0.0,"POLYGON((76.3101681 16.1146609, 76.3106496 16.1147395, 76.3107233 16.1141807, 76.3104669 16.1141217, 76.3101665 16.1140541, 76.3100826 16.1143714, 76.3100273 16.1146368, 76.3101681 16.1146609))",0.4156996289279317,16.11440665263249,76.3103857302524,010611441025631039
afc71c2e7b98,Raichur,Nagarhal,2025.0,1.0,pigeon_pea,2025-06-01,0.0,"POLYGON((76.3100454 16.1146638, 76.3099214 16.1152510, 76.3111756 16.1154569, 76.3120802 16.1156356, 76.3130632 16.1158308, 76.3132738 16.1152163, 76.3100454 16.1146638))",2.327127860828835,16.11523688734512,76.31159841736128,010611524025631160
96bb54ff5a67,Raichur,Nagarhal,2025.0,1.0,pigeon_pea,2025-06-01,1.0,"POLYGON((76.3079067 16.1202477, 76.3079499 16.1199372, 76.3080646 16.1190834, 76.3081806 16.1181515, 76.3077015 16.1180652, 76.3075617 16.1189929, 76.3074182 16.1201514, 76.3079067 16.1202477))",1.2514663627016402,16.119156970018636,76.30779965006572,010611916025630780
3b1e2b1b392f,Raichur,Nagarhal,2025.0,1.0,pigeon_pea,2025-06-01,0.0,"POLYGON((76.3099207 16.1196503, 76.3106704 16.1197330, 76.3117818 16.1198661, 76.3126083 16.1199723, 76.3129848 16.1200187, 76.3129824 16.1198928, 76.3128755 16.1198722, 76.3126317 16.1198358, 76.3123404 16.1197875, 76.3121694 16.1197594, 76.3118801 16.1197137, 76.3115696 16.1196702, 76.3112745 16.1196206, 76.3108608 16.1195494, 76.3104347 16.1194873, 76.3101319 16.1194373, 76.3099643 16.1194158, 76.3099418 16.1195382, 76.3099207 16.1196503))",0.6528768497941217,16.11971813570389,76.31130448548757,010611972025631130
209706f5f4da,Raichur,Nagarhal,2025.0,1.0,pigeon_pea,2025-06-01,0.0,"POLYGON((76.3098637 16.1199408, 76.3103354 16.1199701, 76.3108102 16.1200075, 76.3116373 16.1200529, 76.3129811 16.1201633, 76.3129855 16.1200287, 76.3125741 16.1199833, 76.3119736 16.1199157, 76.3116889 16.1198799, 76.3112373 16.1198239, 76.3108595 16.1197762, 76.3099204 16.1196657, 76.3098637 16.1199408))",0.7295062343100188,16.11992900673564,76.31123769511403,010611993025631124
83879e2ad1cc,Raichur,Nagarhal,2025.0,1.0,pigeon_pea,2025-06-01,0.0,"POLYGON((76.3097856 16.1224576, 76.3097960 16.1233008, 76.3108058 16.1232049, 76.3121513 16.1229939, 76.3121697 16.1226538, 76.3120836 16.1222763, 76.3110221 16.1223330, 76.3097856 16.1224576))",2.266257130709881,16.122763135757133,76.31093656853105,010612276025631094
da27b2b1c223,Raichur,Nagarhal,2025.0,1.0,pigeon_pea,2025-06-01,0.0,"POLYGON((76.3097712 16.1220466, 76.3097624 16.1224496, 76.3105785 16.1223581, 76.3113346 16.1222898, 76.3120752 16.1222044, 76.3120494 16.1215239, 76.3109614 16.1215377, 76.3098308 16.1215545, 76.3097712 16.1220466))",2.121856080355209,16.121938905390408,76.31087530533061,010612194025631088
6feba01f9a46,Raichur,Nagarhal,2025.0,1.0,pigeon_pea,2025-06-01,1.0,"POLYGON((76.3091482 16.1219774, 76.3093645 16.1219729, 76.3093434 16.1232805, 76.3091680 16.1232805, 76.3091643 16.1225794, 76.3091586 16.1222850, 76.3091482 16.1219774))",0.2961185748240107,16.122605818958814,76.3092580694978,010612261025630926
1dad08dc9209,Raichur,Nagarhal,2025.0,1.0,pigeon_pea,2025-06-01,0.0,"POLYGON((76.3094128 16.1204381, 76.3094060 16.1205131, 76.3094014 16.1208153, 76.3093876 16.1214949, 76.3093836 16.1222615, 76.3093621 16.1232725, 76.3096347 16.1232841, 76.3096347 16.1227414, 76.3096200 16.1216836, 76.3096260 16.1210378, 76.3096159 16.1204738, 76.3094128 16.1204381))",0.8038760349531038,16.121924062678065,76.30950565452592,010612192025630951
b4b514ff1d75,Raichur,Nagarhal,2025.0,1.0,pigeon_pea,2025-06-01,0.0,"POLYGON((76.3091351 16.1203856, 76.3092823 16.1192721, 76.3088981 16.1192312, 76.3088451 16.1197659, 76.3087720 16.1203299, 76.3091351 16.1203856))",0.491097642909739,16.119800344527906,76.30902501654951,010611980025630903
55fd5e938143,Raichur,Nagarhal,2025.0,1.0,pigeon_pea,2025-06-01,0.0,"POLYGON((76.3100401 16.1190357, 76.3112836 16.1191926, 76.3113141 16.1189561, 76.3109218 16.1188949, 76.3100934 16.1187848, 76.3100401 16.1190357))",0.3675883305110272,16.11899029576066,76.31067671863632,010611899025631068
72adbb2737fa,Tumkur,Naruganahalli,2025.0,1.0,finger_millet,2025-07-17,0.0,"POLYGON((77.0981036 13.2433847, 77.0981472 13.2435368, 77.0976567 13.2435544, 77.0976228 13.2434839, 77.0981036 13.2433847))",0.0674682894613331,13.24348613611003,77.09791131234203,010324349025709791
e63efa693a25,Tumkur,Naruganahalli,2025.0,1.0,finger_millet,2025-07-16,1.0,"POLYGON((77.0974954 13.2430247, 77.0974612 13.2428309, 77.0981046 13.2427689, 77.0981445 13.2429595, 77.0974954 13.2430247))",0.15166875939539645,13.24289620503044,77.09780069451031,010324290025709780
322a649f59c4,Tumkur,Naruganahalli,2025.0,1.0,finger_millet,2025-08-12,1.0,"POLYGON((77.0974106 13.2425812, 77.0974568 13.2428159, 77.0981022 13.2427431, 77.0980399 13.2425084, 77.0974106 13.2425812))",0.1839342118508977,13.24266257535764,77.09775289026156,010324266025709775
44668ae100fd,Tumkur,Naruganahalli,2025.0,1.0,finger_millet,2025-07-15,1.0,"POLYGON((77.0981281 13.2413812, 77.0982052 13.2417304, 77.0983396 13.2416984, 77.0981281 13.2413812))",0.029604609886261915,13.241603315487897,77.09822427481413,010324160025709822
e6d14136dee1,Tumkur,Naruganahalli,2025.0,1.0,finger_millet,2025-07-15,1.0,"POLYGON((77.0971728 13.2413250, 77.0976553 13.2410878, 77.0982843 13.2423890, 77.0974511 13.2425287, 77.0971728 13.2413250))",1.0895668138447208,13.241875690390819,77.09766516699582,010324188025709767
1f2641128616,Tumkur,Naruganahalli,2025.0,1.0,arecanut,2025-07-10,1.0,"POLYGON((77.0963849 13.2428798, 77.0964208 13.2434575, 77.0959702 13.2434963, 77.0958633 13.2429732, 77.0963849 13.2428798))",0.3262629189923575,13.243194009276275,77.09616211519679,010324319025709616
327de6de6c69,Tumkur,Naruganahalli,2025.0,1.0,finger_millet,2025-07-18,1.0,"POLYGON((77.0981975 13.2431811, 77.0982347 13.2433087, 77.0975976 13.2434053, 77.0975494 13.2432414, 77.0981975 13.2431811))",0.11620908662942286,13.243285722043192,77.0978814492952,010324329025709788
c966256aa226,Tumkur,Naruganahalli,2025.0,1.0,finger_millet,2025-08-22,1.0,"POLYGON((77.0981394 13.2429745, 77.0981814 13.2431331, 77.0975517 13.2432059, 77.0975319 13.2430296, 77.0981394 13.2429745))",0.12645332490080646,13.243086797141189,77.09784658260068,010324309025709785
4a381e7fc8ad,Tumkur,Naruganahalli,2025.0,1.0,arecanut,2025-07-15,1.0,"POLYGON((77.0961013 13.2410959, 77.0962009 13.2415744, 77.0963766 13.2415098, 77.0962984 13.2410457, 77.0961013 13.2410959))",0.11137614381664801,13.241302902517667,77.09624294446498,010324130025709624
0a03b892d407,Tumkur,Naruganahalli,2025.0,1.0,coconut,2025-06-11,1.0,"POLYGON((77.0963826 13.2422180, 77.0963518 13.2419657, 77.0969013 13.2417989, 77.0969382 13.2420877, 77.0963826 13.2422180))",0.1851415889160804,13.242015945845965,77.0966497404618,010324202025709665
bfd772c1ec9e,Tumkur,Naruganahalli,2025.0,1.0,finger_millet,2025-08-13,,"POLYGON((77.1022543 13.2473741, 77.1035756 13.2470406, 77.1036450 13.2471564, 77.1022778 13.2474674, 77.1022543 13.2473741))",0.18640092245393663,13.24725205093969,77.10297072379365,010324725025710297
c3119d68cfb1,Tumkur,Naruganahalli,2025.0,1.0,finger_millet,2025-07-25,1.0,"POLYGON((77.1034479 13.2470706, 77.1033389 13.2468007, 77.1022342 13.2470830, 77.1023472 13.2473685, 77.1034479 13.2470706))",0.40552141344960446,13.24708205731777,77.10283704294368,010324708025710284
ee0775e2177d,Tumkur,Naruganahalli,2025.0,1.0,finger_millet,2025-07-15,1.0,"POLYGON((77.0967722 13.2429203, 77.0967621 13.2429803, 77.0969884 13.2429451, 77.0969888 13.2428929, 77.0967722 13.2429203))",0.014699285133869876,13.242935148536377,77.09687572094191,010324294025709688
7567765b9bc1,Tumkur,Naruganahalli,2025.0,1.0,arecanut,2025-06-11,1.0,"POLYGON((77.0965814 13.2421889, 77.0966555 13.2430006, 77.0967615 13.2429803, 77.0967635 13.2429177, 77.0970005 13.2428775, 77.0969512 13.2420887, 77.0965814 13.2421889))",0.34571624172249915,13.242529483467164,77.09679466262003,010324253025709679
5c7b2a2b4f63,Tumkur,Naruganahalli,2025.0,1.0,arecanut,2025-06-18,1.0,"POLYGON((77.0964057 13.2430463, 77.0964302 13.2434725, 77.0969284 13.2434376, 77.0969895 13.2429601, 77.0964057 13.2430463))",0.29154923170465663,13.24322280951782,77.0966928709871,010324322025709669
81c9da90ad8b,Tumkur,Naruganahalli,2025.0,1.0,finger_millet,2025-08-19,0.0,"POLYGON((77.0983624 13.2436291, 77.0978598 13.2438739, 77.0980094 13.2443390, 77.0982541 13.2443563, 77.0985535 13.2443171, 77.0985170 13.2440309, 77.0983624 13.2436291))",0.41527919180012157,13.244038247914677,77.09822469968975,010324404025709822
9d5c452c674f,Tumkur,Naruganahalli,2025.0,1.0,finger_millet,2025-06-11,1.0,"POLYGON((77.0975591 13.2436908, 77.0971802 13.2437222, 77.0973049 13.2442717, 77.0979470 13.2443475, 77.0977753 13.2438178, 77.0975591 13.2436908))",0.4176234712443959,13.244019784964832,77.09754676526786,010324402025709755
fdacdcc6dbad,Raichur,Nagarhal,2025.0,1.0,pigeon_pea,2025-06-01,1.0,"POLYGON((76.3126130 16.1145820, 76.3125177 16.1150658, 76.3128416 16.1151119, 76.3133248 16.1152001, 76.3133469 16.1151576, 76.3133630 16.1150922, 76.3134331 16.1147576, 76.3133291 16.1147315, 76.3131018 16.1146806, 76.3128698 16.1146281, 76.3126130 16.1145820))",0.4690298917367085,16.114896046875522,76.31297093536945,010611490025631297
db38e51a794b,Raichur,Nagarhal,2025.0,1.0,pigeon_pea,2025-06-01,1.0,"POLYGON((76.3125489 16.1145624, 76.3125898 16.1145714, 76.3124899 16.1150587, 76.3122163 16.1149927, 76.3122452 16.1145266, 76.3122559 16.1145009, 76.3125489 16.1145624))",0.1840910587081803,16.11477163769489,76.31238755311526,010611477025631239
1e21071ecc11,Raichur,Nagarhal,2025.0,1.0,pigeon_pea,2025-06-01,1.0,"POLYGON((76.3114174 16.1120026, 76.3098785 16.1112447, 76.3099133 16.1115320, 76.3101370 16.1122713, 76.3111123 16.1125544, 76.3114174 16.1120026))",1.2102772524366967,16.111969775960524,76.31059365324786,010611197025631059
60823423cc0f,Raichur,Nagarhal,2025.0,1.0,pigeon_pea,2025-06-01,1.0,"POLYGON((76.3116393 16.1117201, 76.3124772 16.1118641, 76.3131930 16.1119717, 76.3140054 16.1120996, 76.3147208 16.1122175, 76.3160107 16.1124288, 76.3159845 16.1126166, 76.3155439 16.1125409, 76.3152053 16.1124893, 76.3148003 16.1124165, 76.3145264 16.1123821, 76.3140946 16.1123151, 76.3136721 16.1122471, 76.3132255 16.1121811, 76.3126562 16.1120864, 76.3123531 16.1120374, 76.3115072 16.1119057, 76.3115820 16.1117849, 76.3116393 16.1117201))",1.030133291390802,16.112162664193793,76.31375840689597,010611216025631376
e7e6c85ae268,Raichur,Nagarhal,2025.0,1.0,pigeon_pea,2025-06-01,1.0,"POLYGON((76.3113557 16.1121601, 76.3118438 16.1122278, 76.3125067 16.1123196, 76.3133073 16.1124346, 76.3141794 16.1125525, 76.3154890 16.1127612, 76.3159590 16.1128382, 76.3159818 16.1126252, 76.3157193 16.1125869, 76.3153284 16.1125273, 76.3149321 16.1124661, 76.3145582 16.1124033, 76.3141891 16.1123444, 76.3135990 16.1122522, 76.3130800 16.1121708, 76.3124098 16.1120661, 76.3119012 16.1119875, 76.3115072 16.1119234, 76.3113557 16.1121601))",1.2053130638199583,16.112369072035953,76.31361340676145,010611237025631361
0e6cc50074b5,Raichur,Nagarhal,2025.0,1.0,pigeon_pea,2025-06-01,1.0,"POLYGON((76.3227789 16.0989846, 76.3228161 16.0999442, 76.3225043 16.0999925, 76.3225278 16.0989859, 76.3226749 16.0989630, 76.3227789 16.0989846))",0.33074083029415624,16.099489479251403,76.32265592514423,010609949025632266
0e8a818d1e74,Raichur,Nagarhal,2025.0,1.0,pigeon_pea,2025-06-01,0.0,"POLYGON((76.3235993 16.0989939, 76.3236838 16.0997947, 76.3240928 16.0997203, 76.3240613 16.0988979, 76.3239976 16.0979360, 76.3235876 16.0979679, 76.3236110 16.0985706, 76.3235993 16.0989939))",0.9292005877064834,16.098862102948456,76.3238345992363,010609886025632383
224fe1d286fe,Raichur,Nagarhal,2025.0,1.0,pigeon_pea,2025-06-01,1.0,"POLYGON((76.3236094 16.0995898, 76.3236482 16.0998160, 76.3231654 16.0998398, 76.3231195 16.0992084, 76.3231165 16.0985796, 76.3231416 16.0979856, 76.3235218 16.0979737, 76.3235470 16.0985816, 76.3235849 16.0992252, 76.3236094 16.0995898))",0.9625946725279486,16.098936387709905,76.32335055713553,010609894025632335
40e83f28ebe3,Tumkur,Naruganahalli,2024.0,1.0,other:oruli,2024-07-10,,"POLYGON((77.1027666 13.2519642, 77.1027193 13.2516238, 77.1031015 13.2515710, 77.1031552 13.2518843, 77.1027666 13.2519642))",0.1549358858994445,13.251761979376527,77.10293328327869,010325176025710293
e9beec616dc2,Tumkur,Naruganahalli,2025.0,3.0,finger_millet,2025-05-21,1.0,"POLYGON((77.1027666 13.2519743, 77.1026707 13.2512022, 77.1030546 13.2511268, 77.1031750 13.2518967, 77.1027666 13.2519743))",0.3758422024207902,13.251553898781712,77.10291736668877,010325155025710292
e02643690a7d,Tumkur,Naruganahalli,2025.0,1.0,horse_gram,2025-09-17,,"POLYGON((77.1027311 13.2518931, 77.1024709 13.2519156, 77.1023961 13.2512684, 77.1025748 13.2512466, 77.1027311 13.2518931))",0.17313145998607635,13.251600588801328,77.10254694398188,010325160025710255
57060fec8be5,Tumkur,Naruganahalli,2025.0,3.0,coconut,2025-05-14,1.0,"POLYGON((77.0998138 13.2486759, 77.0997551 13.2484214, 77.1002282 13.2483035, 77.1003412 13.2485571, 77.0998138 13.2486759))",0.16444096611789602,13.248491200664507,77.10003712472466,010324849025710004
c350b263d515,Tumkur,Naruganahalli,2025.0,1.0,finger_millet,2025-07-12,1.0,"POLYGON((77.0997947 13.2491181, 77.0998520 13.2494494, 77.1011180 13.2494911, 77.1009125 13.2487696, 77.0997947 13.2491181))",0.7759021138312534,13.24919923054411,77.10049462061554,010324920025710049
ccc83b66969c,Tumkur,Naruganahalli,2025.0,1.0,horse_gram,2025-07-08,1.0,"POLYGON((77.0985431 13.2494471, 77.0983453 13.2490006, 77.0988663 13.2489739, 77.0996194 13.2487373, 77.0997558 13.2494282, 77.0985431 13.2494471))",0.8136545358744913,13.24916181943398,77.09911868031028,010324916025709912
d5edad329132,Tumkur,Naruganahalli,2025.0,1.0,horse_gram,2025-08-08,0.0,"POLYGON((77.1001337 13.2519179, 77.1000572 13.2515680, 77.0994169 13.2516232, 77.0995050 13.2520305, 77.1001337 13.2519179))",0.29606620866168226,13.251785987572482,77.09977019476852,010325179025709977
6bbc31ee0ca2,Tumkur,Naruganahalli,2025.0,1.0,finger_millet,2025-08-12,1.0,"POLYGON((77.1005756 13.2514541, 77.1005457 13.2513389, 77.1003684 13.2513624, 77.1003452 13.2513174, 77.0994909 13.2514515, 77.0995178 13.2515981, 77.1005756 13.2514541))",0.19199672678214164,13.25145324304749,77.10001764461465,010325145025710002
07baa40c9a15,Tumkur,Naruganahalli,2025.0,1.0,finger_millet,2025-07-18,1.0,"POLYGON((77.1034335 13.2509773, 77.1035139 13.2512456, 77.1040269 13.2511444, 77.1039706 13.2508922, 77.1034335 13.2509773))",0.17136008433153233,13.251064676246173,77.10373275097076,010325106025710373
3534b8ab3d40,Tumkur,Naruganahalli,2025.0,1.0,finger_millet,2025-08-21,0.0,"POLYGON((77.1033694 13.2514359, 77.1035146 13.2513944, 77.1040758 13.2513122, 77.1040524 13.2511940, 77.1033252 13.2512492, 77.1033694 13.2514359))",0.12773763326195398,13.251296872110231,77.10367989859701,010325130025710368
67c9a76635d5,Tumkur,Naruganahalli,2025.0,3.0,other:thengu,2025-04-16,1.0,"POLYGON((77.1034251 13.2509516, 77.1039786 13.2508507, 77.1038894 13.2502728, 77.1032819 13.2503155, 77.1034251 13.2509516))",0.4322038424065845,13.250594609099695,77.10363802132841,010325059025710364
429108e6f04f,Tumkur,Naruganahalli,2025.0,1.0,finger_millet,2025-07-18,1.0,"POLYGON((77.1035344 13.2523369, 77.1033439 13.2523536, 77.1029594 13.2503622, 77.1031398 13.2503501, 77.1035344 13.2523369))",0.44856740315220495,13.251360331799045,77.10324622455927,010325136025710325
5a2c7231c63e,Tumkur,Naruganahalli,2025.0,1.0,finger_millet,2025-07-18,1.0,"POLYGON((77.0967916 13.2473986, 77.0968731 13.2476221, 77.0982424 13.2471812, 77.0981736 13.2470164, 77.0967916 13.2473986))",0.35708554912512636,13.24731458410535,77.09748713555423,010324731025709749
1c477410c091,Tumkur,Naruganahalli,2025.0,1.0,horse_gram,2025-08-22,0.0,"POLYGON((77.0978957 13.2524652, 77.0975960 13.2525122, 77.0971970 13.2524870, 77.0969361 13.2506575, 77.0975849 13.2505593, 77.0978957 13.2524652))",1.5439610365771503,13.251560317357983,77.09740875450997,010325156025709741
64ad972217f0,Tumkur,Naruganahalli,2025.0,1.0,horse_gram,2025-08-22,0.0,"POLYGON((77.0980627 13.2534057, 77.0984462 13.2533737, 77.0982239 13.2518908, 77.0978558 13.2519694, 77.0980627 13.2534057))",0.6714882379864383,13.252662472524651,77.09814858791283,010325266025709815
e7fdfdd5a1dd,Tumkur,Naruganahalli,2025.0,1.0,finger_millet,2025-06-20,1.0,"POLYGON((77.1017832 13.2513138, 77.1021540 13.2512730, 77.1026580 13.2512028, 77.1026355 13.2509427, 77.1021557 13.2510292, 77.1017883 13.2510883, 77.1017832 13.2513138))",0.253023453522908,13.251138436088139,77.10222753661716,010325114025710223
acfaead47132,Tumkur,Naruganahalli,2025.0,1.0,finger_millet,2025-07-15,1.0,"POLYGON((77.1014067 13.2513660, 77.1018017 13.2513203, 77.1018915 13.2518990, 77.1019676 13.2525500, 77.1016052 13.2526486, 77.1015019 13.2519224, 77.1014067 13.2513660))",0.5873450800638853,13.251964042228073,77.10169799689042,010325196025710170
d65069662fb0,Tumkur,Naruganahalli,2025.0,1.0,finger_millet,2025-07-17,1.0,"POLYGON((77.1018054 13.2513243, 77.1018892 13.2519094, 77.1019867 13.2525585, 77.1022724 13.2525180, 77.1021882 13.2518601, 77.1020947 13.2512848, 77.1018054 13.2513243))",0.44305280597041957,13.251919609513145,77.10204164528233,010325192025710204
74ca3f1c3ef7,Tumkur,Naruganahalli,2025.0,1.0,arecanut,2025-06-11,1.0,"POLYGON((77.1020974 13.2512854, 77.1022191 13.2520647, 77.1022851 13.2525171, 77.1025363 13.2524831, 77.1024756 13.2520226, 77.1023773 13.2512476, 77.1020974 13.2512854))",0.3967043677620308,13.251871546602802,77.10232273913758,010325187025710232
eadfb2bca453,Tumkur,Naruganahalli,2025.0,1.0,arecanut,2025-06-11,1.0,"POLYGON((77.1020950 13.2512897, 77.1022194 13.2520615, 77.1022818 13.2525216, 77.1025316 13.2524808, 77.1024732 13.2520063, 77.1023750 13.2512502, 77.1020950 13.2512897))",0.39505321293594836,13.251873200901493,77.10232135319794,010325187025710232
5271c2ad4a17,Raichur,Bommanhal,2025.0,1.0,paddy,2025-06-01,1.0,"POLYGON((76.3353822 16.0817728, 76.3354081 16.0819735, 76.3352666 16.0819919, 76.3351348 16.0816807, 76.3349880 16.0812983, 76.3349122 16.0810664, 76.3348609 16.0808789, 76.3351177 16.0805706, 76.3353822 16.0817728))",0.39772257857706583,16.081280960814862,76.33514217686675,010608128025633514
f4661022a306,Raichur,Bommanhal,2025.0,1.0,pigeon_pea,2025-06-01,,"POLYGON((76.3361121 16.0815496, 76.3358084 16.0816063, 76.3353742 16.0816160, 76.3353256 16.0813189, 76.3360038 16.0812365, 76.3361121 16.0815496))",0.2752350816047487,16.081439130707714,76.3357112700379,010608144025633571
ca15a24c2792,Raichur,Bommanhal,2025.0,1.0,pigeon_pea,2025-06-01,1.0,"POLYGON((76.3367549 16.0816263, 76.3368900 16.0816234, 76.3368866 16.0818105, 76.3365413 16.0818714, 76.3358667 16.0819291, 76.3358144 16.0816224, 76.3361299 16.0815731, 76.3361500 16.0816627, 76.3367549 16.0816263))",0.31395999125678065,16.081754101614568,76.33631425380419,010608175025633631
e8c2788c8661,Raichur,Bommanhal,2025.0,1.0,pigeon_pea,2025-06-01,0.0,"POLYGON((76.3375599 16.0814413, 76.3369041 16.0815850, 76.3369406 16.0821308, 76.3368987 16.0822052, 76.3372390 16.0822728, 76.3377919 16.0824288, 76.3377811 16.0822329, 76.3377245 16.0814210, 76.3375599 16.0814413))",0.8068503601727137,16.081907163686243,76.3373737640088,010608191025633737
701da9b4a502,Raichur,Bommanhal,2025.0,1.0,pigeon_pea,2025-06-01,0.0,"POLYGON((76.3377486 16.0814046, 76.3378120 16.0824349, 76.3379558 16.0824800, 76.3379340 16.0823630, 76.3384004 16.0822651, 76.3383722 16.0813518, 76.3382214 16.0813544, 76.3377486 16.0814046))",0.7029381519719897,16.08185728186496,76.33807512256703,010608186025633808
831f077d58b5,Raichur,Bommanhal,2025.0,1.0,cotton,2025-06-01,1.0,"POLYGON((76.3370462 16.0702029, 76.3370566 16.0704716, 76.3370730 16.0713144, 76.3365051 16.0712890, 76.3356867 16.0712297, 76.3359227 16.0707741, 76.3362338 16.0702132, 76.3362590 16.0701649, 76.3365138 16.0702454, 76.3367897 16.0703234, 76.3368145 16.0703015, 76.3367549 16.0701920, 76.3370462 16.0702029))",1.3905281129987113,16.070797836729046,76.3364998843864,010607080025633650
360db224f811,Raichur,Bommanhal,2025.0,1.0,pigeon_pea,2025-06-01,0.0,"POLYGON((76.3286100 16.0634033, 76.3279760 16.0634903, 76.3279897 16.0624854, 76.3279985 16.0612298, 76.3279834 16.0598486, 76.3282097 16.0597980, 76.3282751 16.0602639, 76.3286100 16.0634033))",1.8452390826155156,16.061915031570923,76.32821822631858,010606192025632822
3a38881cdfc1,Raichur,Bommanhal,2025.0,1.0,pigeon_pea,2025-06-01,0.0,"POLYGON((76.3287280 16.0633895, 76.3286190 16.0634046, 76.3285838 16.0630737, 76.3285456 16.0627029, 76.3285077 16.0623301, 76.3283907 16.0612166, 76.3282439 16.0597958, 76.3284175 16.0597668, 76.3284776 16.0602810, 76.3285745 16.0611963, 76.3286546 16.0619838, 76.3287374 16.0626929, 76.3288045 16.0633740, 76.3287280 16.0633895))",0.7934502274411541,16.061603670357705,76.32852441053673,010606160025632852
ec1d35e7d7f3,Raichur,Bommanhal,2025.0,1.0,pigeon_pea,2025-06-01,0.0,"POLYGON((76.3294995 16.0632812, 76.3293275 16.0633079, 76.3288229 16.0633714, 76.3287659 16.0626468, 76.3286895 16.0619080, 76.3285711 16.0607591, 76.3284685 16.0597626, 76.3289952 16.0596720, 76.3290301 16.0596646, 76.3290656 16.0599031, 76.3291203 16.0603216, 76.3291810 16.0607868, 76.3294995 16.0632812))",2.6762717020195357,16.061569096808757,76.32896630490202,010606157025632897
89acb73a0683,Raichur,Bommanhal,2025.0,1.0,sunflower,2025-06-01,1.0,"POLYGON((76.3388795 16.0660816, 76.3390022 16.0671284, 76.3379823 16.0672933, 76.3378482 16.0661512, 76.3378371 16.0660607, 76.3382844 16.0659792, 76.3387558 16.0659170, 76.3388688 16.0658925, 76.3388795 16.0660816))",1.520218830955184,16.06659263011699,76.33841966595547,010606659025633842
030bbe048ebc,Raichur,Bommanhal,2025.0,1.0,pigeon_pea,2025-06-01,0.0,"POLYGON((76.3385187 16.0659238, 76.3387571 16.0658870, 76.3387471 16.0657224, 76.3387290 16.0654962, 76.3387045 16.0650912, 76.3386710 16.0647407, 76.3383823 16.0647652, 76.3383887 16.0650104, 76.3384497 16.0657417, 76.3384554 16.0659279, 76.3385187 16.0659238))",0.41317450029428693,16.065330951145903,76.33856692888378,010606533025633857
c52c8ada4e14,Raichur,Bommanhal,2025.0,1.0,pigeon_pea,2025-06-01,1.0,"POLYGON((76.3385469 16.0735261, 76.3387068 16.0744247, 76.3378971 16.0744839, 76.3377547 16.0735951, 76.3385469 16.0735261))",0.8581380355072586,16.074008830273623,76.33822744570811,010607401025633823
05322a1d0588,Raichur,Bommanhal,2025.0,1.0,pigeon_pea,2025-06-01,1.0,"POLYGON((76.3374133 16.0726292, 76.3377506 16.0725918, 76.3376913 16.0719665, 76.3376769 16.0718860, 76.3373463 16.0718785, 76.3369839 16.0719185, 76.3363270 16.0719697, 76.3363975 16.0727552, 76.3370529 16.0726827, 76.3374133 16.0726292))",1.2253806982644897,16.07229712972838,76.33702907776437,010607230025633703
0191a641eb49,Raichur,Bommanhal,2025.0,1.0,pigeon_pea,2025-06-01,1.0,"POLYGON((76.3372745 16.0726782, 76.3376316 16.0726598, 76.3378073 16.0729665, 76.3378737 16.0735203, 76.3376977 16.0735374, 76.3374254 16.0735078, 76.3370566 16.0734427, 76.3367394 16.0733892, 76.3366637 16.0732442, 76.3365406 16.0731833, 76.3363713 16.0729791, 76.3363743 16.0728041, 76.3372745 16.0726782))",1.1529869617777213,16.07308373748253,76.3371937236038,010607308025633719
60600e6b8e1a,Raichur,Bommanhal,2025.0,1.0,pigeon_pea,2025-06-01,0.0,"POLYGON((76.3381620 16.0716927, 76.3380990 16.0708105, 76.3383226 16.0707989, 76.3383451 16.0712058, 76.3384856 16.0712187, 76.3387246 16.0710232, 76.3389818 16.0707761, 76.3389784 16.0706817, 76.3388114 16.0707474, 76.3388574 16.0706044, 76.3391806 16.0704829, 76.3398535 16.0709800, 76.3393962 16.0710602, 76.3392919 16.0713437, 76.3388054 16.0714600, 76.3383387 16.0715419, 76.3382998 16.0717742, 76.3381610 16.0717735, 76.3381620 16.0716927))",1.0797982478846608,16.07109044801551,76.33886629066814,010607109025633887
c0b790e297c4,Raichur,Bommanhal,2025.0,1.0,pigeon_pea,2025-06-01,0.0,"POLYGON((76.3380842 16.0717584, 76.3380403 16.0709629, 76.3380188 16.0702377, 76.3371518 16.0702529, 76.3371974 16.0718167, 76.3376494 16.0717890, 76.3380842 16.0717584))",1.5943653107359235,16.07102030768084,76.33760881783704,010607102025633761
89c55eed6da4,Raichur,Bommanhal,2025.0,1.0,pigeon_pea,2025-06-01,0.0,"POLYGON((76.3384597 16.0715435, 76.3383521 16.0715548, 76.3383273 16.0715606, 76.3383260 16.0716147, 76.3383089 16.0717928, 76.3376165 16.0717925, 76.3371569 16.0718347, 76.3371444 16.0702780, 76.3377010 16.0703189, 76.3377074 16.0705953, 76.3378391 16.0707754, 76.3380477 16.0707851, 76.3383575 16.0707835, 76.3384597 16.0715435))",1.8221892117865275,16.07115242091188,76.33770652740792,010607115025633771
b530476654b8,Raichur,Bommanhal,2025.0,1.0,sunflower,2025-06-01,1.0,"POLYGON((76.3367461 16.0746505, 76.3366764 16.0744363, 76.3371797 16.0743525, 76.3377721 16.0742761, 76.3378435 16.0746054, 76.3374640 16.0746592, 76.3367673 16.0747939, 76.3367461 16.0746505))",0.4531761515921258,16.074522829398806,76.33725801225052,010607452025633726
a1c22306293b,Raichur,Bommanhal,2025.0,1.0,pigeon_pea,2025-06-01,0.0,"POLYGON((76.3367703 16.0748109, 76.3371042 16.0747620, 76.3375713 16.0746863, 76.3378589 16.0746544, 76.3379256 16.0750307, 76.3379793 16.0753757, 76.3373101 16.0755622, 76.3365342 16.0755529, 76.3365125 16.0752049, 76.3366617 16.0749601, 76.3367703 16.0748109))",1.2412060988642186,16.075144231670297,76.33725545763174,010607514025633726
6bd021fce995,Raichur,Bommanhal,2025.0,1.0,pigeon_pea,2025-06-01,1.0,"POLYGON((76.3364431 16.0741263, 76.3366771 16.0740957, 76.3370858 16.0740519, 76.3376584 16.0739797, 76.3377426 16.0739797, 76.3377808 16.0742169, 76.3376739 16.0742439, 76.3373359 16.0742887, 76.3368990 16.0743605, 76.3366506 16.0743850, 76.3365621 16.0742829, 76.3364156 16.0742417, 76.3364431 16.0741263))",0.4077527493222881,16.074178958111087,76.33712141586939,010607418025633712
75f3b2ec3337,Raichur,Bommanhal,2025.0,1.0,pigeon_pea,2025-06-01,0.0,"POLYGON((76.3353631 16.0718972, 76.3357400 16.0718988, 76.3360927 16.0718979, 76.3367642 16.0718582, 76.3371414 16.0718470, 76.3370864 16.0713544, 76.3367458 16.0713569, 76.3363921 16.0713747, 76.3361581 16.0713489, 76.3356773 16.0712648, 76.3355160 16.0715196, 76.3353933 16.0717771, 76.3353631 16.0718972))",1.0440669727799772,16.071619640347947,76.33626111280277,010607162025633626
ce079a09fe9b,Raichur,Bommanhal,2025.0,1.0,pigeon_pea,2025-06-01,0.0,"POLYGON((76.3312899 16.0744034, 76.3318726 16.0743654, 76.3324308 16.0743483, 76.3336358 16.0743177, 76.3342024 16.0742726, 76.3344653 16.0750774, 76.3339080 16.0751205, 76.3330638 16.0751624, 76.3318216 16.0752426, 76.3310149 16.0752926, 76.3312899 16.0744034))",3.1818319315238193,16.074776231290347,76.33272106025936,010607478025633272
d4f9d2a14190,Raichur,Bommanhal,2025.0,1.0,pigeon_pea,2025-06-01,0.0,"POLYGON((76.3318186 16.0740712, 76.3316697 16.0740732, 76.3313542 16.0741025, 76.3312885 16.0743038, 76.3318903 16.0742861, 76.3322927 16.0742594, 76.3326098 16.0742603, 76.3341840 16.0742223, 76.3341239 16.0740258, 76.3337022 16.0740439, 76.3332633 16.0740377, 76.3326571 16.0740619, 76.3318186 16.0740712))",0.6762298777709904,16.074159025115765,76.33271779978051,010607416025633272
a545daea911e,Raichur,Bommanhal,2025.0,1.0,pigeon_pea,2025-06-01,0.0,"POLYGON((76.3318820 16.0740538, 76.3327369 16.0739733, 76.3340421 16.0738744, 76.3339573 16.0735380, 76.3332814 16.0735931, 76.3327460 16.0735909, 76.3323168 16.0736508, 76.3317877 16.0736595, 76.3315524 16.0736972, 76.3313851 16.0741012, 76.3318820 16.0740538))",1.0946026793579482,16.073802400479646,76.3326962418889,010607380025633270
09a09e60c02c,Raichur,Bommanhal,2025.0,1.0,pigeon_pea,2025-06-01,0.0,"POLYGON((76.3319581 16.0722287, 76.3317757 16.0727996, 76.3328281 16.0727819, 76.3332915 16.0727842, 76.3337122 16.0727855, 76.3336026 16.0724639, 76.3334879 16.0721624, 76.3334792 16.0721266, 76.3333994 16.0721189, 76.3332043 16.0721253, 76.3330276 16.0721318, 76.3328844 16.0721334, 76.3326839 16.0721434, 76.3324901 16.0721443, 76.3322384 16.0721511, 76.3319886 16.0721524, 76.3319581 16.0722287))",1.3176318563543519,16.0724768587752,76.33274360209698,010607248025633274
147386246284,Raichur,Bommanhal,2025.0,1.0,pigeon_pea,2025-06-01,0.0,"POLYGON((76.3321726 16.0716082, 76.3320003 16.0721211, 76.3325153 16.0721153, 76.3328144 16.0721083, 76.3333116 16.0720999, 76.3335107 16.0721002, 76.3334319 16.0718573, 76.3333079 16.0718280, 76.3331999 16.0717990, 76.3329330 16.0717436, 76.3327456 16.0717046, 76.3325669 16.0716704, 76.3323912 16.0716343, 76.3322900 16.0716076, 76.3321837 16.0715847, 76.3321726 16.0716082))",0.6459133854425875,16.071911538948232,76.33268857926913,010607191025633269
fe56279028dd,Raichur,Bommanhal,2025.0,1.0,pigeon_pea,2025-06-01,0.0,"POLYGON((76.3520639 16.0736663, 76.3525695 16.0736479, 76.3527365 16.0731002, 76.3520196 16.0731195, 76.3514762 16.0731479, 76.3513360 16.0732797, 76.3512874 16.0735658, 76.3514503 16.0736370, 76.3520639 16.0736663))",0.8167290074542269,16.0733847459057,76.35201266667578,010607338025635201
d9778db8374a,Raichur,Bommanhal,2025.0,1.0,pigeon_pea,2025-06-01,0.0,"POLYGON((76.3314112 16.0709951, 76.3322826 16.0709285, 76.3320221 16.0717655, 76.3318012 16.0724875, 76.3315973 16.0723947, 76.3314119 16.0723599, 76.3311397 16.0723676, 76.3312154 16.0718863, 76.3312714 16.0716144, 76.3313063 16.0713795, 76.3314112 16.0709951))",1.3348513782622646,16.071652660316776,76.33166991884246,010607165025633167
4dcb3e4f007f,Raichur,Bommanhal,2025.0,1.0,pigeon_pea,2025-06-01,0.0,"POLYGON((76.3309757 16.0724768, 76.3309546 16.0720783, 76.3306072 16.0721021, 76.3294348 16.0721646, 76.3294975 16.0725174, 76.3297902 16.0725055, 76.3301841 16.0725026, 76.3307135 16.0724636, 76.3309757 16.0724768))",0.6565709844039189,16.0723064309944,76.33022474338019,010607231025633022
b36bbaeabd54,Raichur,Bommanhal,2025.0,1.0,pigeon_pea,2025-06-01,0.0,"POLYGON((76.3311158 16.0725332, 76.3311517 16.0725554, 76.3312154 16.0724630, 76.3313391 16.0725000, 76.3315876 16.0724981, 76.3317790 16.0725593, 76.3316503 16.0730329, 76.3314790 16.0735896, 76.3313344 16.0740474, 76.3312037 16.0744514, 76.3310109 16.0750339, 76.3309368 16.0753013, 76.3306589 16.0753544, 76.3307806 16.0745832, 76.3308302 16.0741631, 76.3309086 16.0737056, 76.3309747 16.0733138, 76.3310827 16.0727278, 76.3311158 16.0725332))",1.6251985938664004,16.073709924956926,76.33117375704391,010607371025633117
f252cc8c585a,Raichur,Bommanhal,2025.0,1.0,pigeon_pea,2025-06-01,0.0,"POLYGON((76.3507295 16.0710261, 76.3512274 16.0711498, 76.3516140 16.0713083, 76.3515798 16.0717075, 76.3512673 16.0716724, 76.3507899 16.0716727, 76.3507295 16.0710261))",0.5237375699727349,16.071404103159576,76.35114765409288,010607140025635115
cec58fd13613,Raichur,Bommanhal,2025.0,1.0,pigeon_pea,2025-06-01,1.0,"POLYGON((76.3519274 16.0714011, 76.3519013 16.0716994, 76.3518798 16.0720454, 76.3518493 16.0725545, 76.3518017 16.0730139, 76.3516321 16.0730413, 76.3514882 16.0730258, 76.3514782 16.0724047, 76.3515610 16.0722526, 76.3516596 16.0722233, 76.3516894 16.0720773, 76.3516270 16.0720380, 76.3516364 16.0715451, 76.3516767 16.0713437, 76.3517953 16.0713537, 76.3519274 16.0714011))",0.5848445465485431,16.072250672305884,76.35171126216834,010607225025635171
8ad2f1b400c2,Raichur,Bommanhal,2025.0,1.0,sunflower,2025-06-01,1.0,"POLYGON((76.3526265 16.0718196, 76.3526952 16.0718354, 76.3526868 16.0718924, 76.3527358 16.0719597, 76.3528129 16.0719675, 76.3528632 16.0719175, 76.3529065 16.0719259, 76.3528676 16.0722784, 76.3528914 16.0726089, 76.3528575 16.0728560, 76.3527925 16.0730767, 76.3526610 16.0730667, 76.3525524 16.0730648, 76.3525031 16.0730078, 76.3525216 16.0727091, 76.3525775 16.0723248, 76.3526265 16.0722545, 76.3526235 16.0721746, 76.3525668 16.0721479, 76.3525635 16.0719427, 76.3525735 16.0718515, 76.3526265 16.0718196))",0.44108891461020905,16.07249124157792,76.35270721510595,010607249025635271
435d74b721d8,Raichur,Bommanhal,2025.0,1.0,pigeon_pea,2025-06-01,1.0,"POLYGON((76.3523120 16.0717999, 76.3525568 16.0718492, 76.3525286 16.0722246, 76.3525142 16.0725052, 76.3524863 16.0728605, 76.3524548 16.0730567, 76.3521953 16.0730390, 76.3522275 16.0725480, 76.3522433 16.0723209, 76.3522684 16.0720873, 76.3522882 16.0719059, 76.3523120 16.0717999))",0.3979179511414825,16.072440478191766,76.35237654356972,010607244025635238
94ac1c9cf663,Raichur,Bommanhal,2025.0,1.0,pigeon_pea,2025-06-01,0.0,"POLYGON((76.3519754 16.0714243, 76.3520817 16.0714845, 76.3522097 16.0716997, 76.3522520 16.0717345, 76.3522158 16.0722007, 76.3521786 16.0725783, 76.3521652 16.0728119, 76.3521417 16.0730525, 76.3520039 16.0730628, 76.3518647 16.0730435, 76.3518611 16.0727413, 76.3518865 16.0723934, 76.3519023 16.0720809, 76.3519355 16.0716163, 76.3519754 16.0714243))",0.5538435024829272,16.072286495000387,76.3520442104291,010607229025635204
92e5ab814fc9,Raichur,Baiyapur,2025.0,1.0,pigeon_pea,2025-06-01,1.0,"POLYGON((76.3508971 16.0904180, 76.3511221 16.0903971, 76.3513964 16.0902892, 76.3514457 16.0901339, 76.3514121 16.0898897, 76.3510108 16.0899438, 76.3506138 16.0899973, 76.3505381 16.0900257, 76.3504938 16.0900289, 76.3504542 16.0898546, 76.3504053 16.0896768, 76.3503657 16.0895473, 76.3502152 16.0896320, 76.3502605 16.0897428, 76.3504274 16.0901484, 76.3505800 16.0900991, 76.3506098 16.0900952, 76.3506755 16.0903575, 76.3507188 16.0903794, 76.3507255 16.0904783, 76.3507600 16.0904406, 76.3508029 16.0904415, 76.3508106 16.0904763, 76.3508680 16.0904683, 76.3508727 16.0904328, 76.3508971 16.0904180))",0.5202641518890916,16.09010274865711,76.3509011196107,010609010025635090
8e33d9d33a0d,Raichur,Baiyapur,2025.0,1.0,pigeon_pea,2025-06-01,0.0,"POLYGON((76.3509277 16.0905514, 76.3503218 16.0907953, 76.3498189 16.0909270, 76.3496787 16.0904628, 76.3505035 16.0901903, 76.3506199 16.0905150, 76.3506407 16.0905427, 76.3507842 16.0905169, 76.3509018 16.0905037, 76.3509277 16.0905514))",0.552730246887547,16.090566009657703,76.35020273582083,010609057025635020
75974c5211b6,Raichur,Baiyapur,2025.0,1.0,pearl_millet,2025-06-01,0.0,"POLYGON((76.3652439 16.0890850, 76.3647276 16.0890579, 76.3647290 16.0887919, 76.3647290 16.0885889, 76.3651906 16.0885844, 76.3652597 16.0886018, 76.3652651 16.0888543, 76.3652563 16.0890035, 76.3652439 16.0890850))",0.30434596498752303,16.08882901197583,76.36499663364522,010608883025636500
d04423b2f10b,Raichur,Baiyapur,2025.0,1.0,pigeon_pea,2025-06-01,1.0,"POLYGON((76.3652785 16.0891623, 76.3652842 16.0894394, 76.3652828 16.0896233, 76.3651625 16.0896285, 76.3651353 16.0896465, 76.3650619 16.0896133, 76.3649181 16.0895766, 76.3648067 16.0895531, 76.3647189 16.0895083, 76.3647166 16.0893347, 76.3647179 16.0891404, 76.3648859 16.0891388, 76.3652024 16.0891517, 76.3652785 16.0891623))",0.29834825885672706,16.089370390746705,76.36501044447678,010608937025636501
379737b9fc00,Raichur,Baiyapur,2025.0,1.0,pigeon_pea,2025-06-01,0.0,"POLYGON((76.3660607 16.0891833, 76.3658370 16.0891717, 76.3653335 16.0891146, 76.3653325 16.0886301, 76.3655665 16.0886005, 76.3655950 16.0886520, 76.3657428 16.0886859, 76.3658099 16.0886491, 76.3658635 16.0886053, 76.3659118 16.0886118, 76.3659205 16.0886591, 76.3659554 16.0886720, 76.3659859 16.0886330, 76.3660466 16.0886176, 76.3660620 16.0886611, 76.3660017 16.0887310, 76.3659235 16.0887519, 76.3659081 16.0888614, 76.3659306 16.0889230, 76.3660017 16.0888930, 76.3661187 16.0889081, 76.3662146 16.0888927, 76.3661539 16.0890554, 76.3661066 16.0891739, 76.3660607 16.0891833))",0.44571843288194,16.088909613282976,76.36571227725648,010608891025636571
5a8dc25838ef,Raichur,Baiyapur,2025.0,1.0,pigeon_pea,2025-06-01,1.0,"POLYGON((76.3658132 16.0896310, 76.3656436 16.0896993, 76.3653586 16.0896645, 76.3653365 16.0896020, 76.3653388 16.0895202, 76.3653519 16.0893920, 76.3653687 16.0891768, 76.3655712 16.0892129, 76.3658163 16.0892735, 76.3659929 16.0892909, 76.3659128 16.0894529, 76.3658132 16.0896310))",0.2885860928699528,16.089442791339444,76.36561306424235,010608944025636561
904de55c68df,Raichur,Baiyapur,2025.0,1.0,pigeon_pea,2025-06-01,0.0,"POLYGON((76.3671825 16.0897502, 76.3673793 16.0897592, 76.3673441 16.0901622, 76.3672888 16.0905150, 76.3672871 16.0908317, 76.3671879 16.0917704, 76.3669394 16.0916747, 76.3669884 16.0908929, 76.3670531 16.0897557, 76.3671825 16.0897502))",0.6764457519933492,16.090702984432845,76.36714500606826,010609070025636715
30d3ee5525cf,Raichur,Baiyapur,2025.0,1.0,paddy,2025-06-01,1.0,"POLYGON((76.3575125 16.0950768, 76.3566126 16.0952192, 76.3565224 16.0952752, 76.3564074 16.0954856, 76.3563018 16.0955255, 76.3563531 16.0955986, 76.3564869 16.0956895, 76.3566770 16.0956731, 76.3567611 16.0959330, 76.3572808 16.0958248, 76.3576288 16.0957501, 76.3576335 16.0956956, 76.3575252 16.0956673, 76.3575423 16.0955684, 76.3575628 16.0955001, 76.3576271 16.0954795, 76.3576023 16.0952920, 76.3575621 16.0950919, 76.3575125 16.0950768))",0.888652930192977,16.095489818728026,76.35704655419663,010609549025635705
297d9eab5239,Raichur,Baiyapur,2025.0,1.0,pigeon_pea,2025-06-01,0.0,"POLYGON((76.3575437 16.0949937, 76.3572624 16.0950368, 76.3568620 16.0950629, 76.3567692 16.0951196, 76.3565905 16.0951325, 76.3564352 16.0950903, 76.3563702 16.0952466, 76.3560929 16.0952891, 76.3560540 16.0950530, 76.3560899 16.0949431, 76.3560822 16.0947666, 76.3565284 16.0946844, 76.3569449 16.0946245, 76.3574491 16.0945462, 76.3575437 16.0949937))",0.7812570580430571,16.094888622889773,76.35677080444673,010609489025635677
f4982ca6b8e9,Raichur,Baiyapur,2025.0,1.0,paddy,2025-06-01,1.0,"POLYGON((76.3577063 16.0954212, 76.3576194 16.0950314, 76.3575789 16.0947115, 76.3578434 16.0946728, 76.3580348 16.0946342, 76.3580858 16.0949231, 76.3581478 16.0953181, 76.3581502 16.0953593, 76.3585119 16.0953036, 76.3586219 16.0959572, 76.3580607 16.0960767, 76.3578571 16.0960944, 76.3578048 16.0959443, 76.3577435 16.0958009, 76.3577069 16.0955291, 76.3577063 16.0954212))",1.0633740312251607,16.095447600086025,76.35804863765692,010609545025635805
87472a9bc146,Tumkur,Naruganahalli,2025.0,1.0,finger_millet,2025-07-09,1.0,"POLYGON((77.0976711 13.2430012, 77.0978877 13.2429970, 77.0978414 13.2427806, 77.0976406 13.2427946, 77.0976711 13.2430012))",0.053305669129878615,13.242894500812831,77.09776123659339,010324289025709776
ae19b15e32eb,Tumkur,Naruganahalli,2025.0,1.0,finger_millet,2025-07-18,1.0,"POLYGON((77.0975121 13.2430172, 77.0978655 13.2429980, 77.0981519 13.2429660, 77.0981140 13.2427649, 77.0974585 13.2428253, 77.0975121 13.2430172))",0.1589729705502943,13.242894946136419,77.09781181042085,010324289025709781
a0ad9bb1ff43,Tumkur,Naruganahalli,2025.0,1.0,horse_gram,2025-08-22,0.0,"POLYGON((77.0974320 13.2425877, 77.0974753 13.2428123, 77.0980835 13.2427271, 77.0980305 13.2425254, 77.0974320 13.2425877))",0.15831082725629764,13.24266415376697,77.09775043160329,010324266025709775
2d35a261ff6f,Raichur,Baiyapur,2025.0,1.0,pigeon_pea,2025-06-01,0.0,"POLYGON((76.3549929 16.1027592, 76.3546251 16.1027995, 76.3542023 16.1028046, 76.3535569 16.1028894, 76.3535475 16.1023466, 76.3542120 16.1023083, 76.3546767 16.1022380, 76.3549781 16.1021752, 76.3549929 16.1027592))",0.904150884419817,16.102549267960548,76.35428103026545,010610255025635428
a9c71e603cc5,Raichur,Baiyapur,2025.0,1.0,pigeon_pea,2025-06-01,0.0,"POLYGON((76.3550056 16.1031074, 76.3546727 16.1031293, 76.3541523 16.1031683, 76.3535059 16.1031925, 76.3535224 16.1029354, 76.3543113 16.1028678, 76.3546754 16.1028372, 76.3549587 16.1028021, 76.3550056 16.1031074))",0.49313490094735674,16.10301388792873,76.35426761605437,010610301025635427
5d49b077884c,Raichur,Baiyapur,2025.0,1.0,pigeon_pea,2025-06-01,0.0,"POLYGON((76.3549969 16.1034025, 76.3550116 16.1031493, 76.3548876 16.1031535, 76.3545352 16.1031883, 76.3541450 16.1032034, 76.3535079 16.1032369, 76.3535180 16.1035272, 76.3538385 16.1035149, 76.3541704 16.1034930, 76.3545396 16.1034724, 76.3547833 16.1034402, 76.3549969 16.1034025))",0.5036663235470066,16.10334013570114,76.35424576923558,010610334025635425
bc3d6b5a9095,Raichur,Baiyapur,2025.0,1.0,pigeon_pea,2025-06-01,0.0,"POLYGON((76.3553922 16.1033191, 76.3552668 16.1034099, 76.3552165 16.1034389, 76.3551092 16.1034102, 76.3550519 16.1033944, 76.3550492 16.1030008, 76.3550522 16.1023707, 76.3550304 16.1021520, 76.3551508 16.1021121, 76.3553392 16.1020905, 76.3554985 16.1020663, 76.3554985 16.1023804, 76.3554760 16.1026916, 76.3553922 16.1033191))",0.6287356909253631,16.102713882606135,76.35525607845636,010610271025635526
5ab015784cd9,Raichur,Baiyapur,2025.0,1.0,pigeon_pea,2025-06-01,0.0,"POLYGON((76.3552919 16.1064900, 76.3551039 16.1063592, 76.3549359 16.1062278, 76.3549255 16.1061721, 76.3548269 16.1061228, 76.3547076 16.1060294, 76.3547109 16.1059994, 76.3545946 16.1059182, 76.3546033 16.1058806, 76.3548018 16.1059376, 76.3550596 16.1059956, 76.3557053 16.1061176, 76.3557194 16.1063193, 76.3557540 16.1063451, 76.3557275 16.1066192, 76.3557318 16.1068015, 76.3556269 16.1067483, 76.3554009 16.1065950, 76.3553439 16.1065660, 76.3552919 16.1064900))",0.5082549720227579,16.106286465679222,76.35533004969446,010610629025635533
ff00b775dd0b,Raichur,Baiyapur,2025.0,1.0,pigeon_pea,2025-06-01,1.0,"POLYGON((76.3484034 16.1091661, 76.3487668 16.1091903, 76.3492687 16.1092483, 76.3496912 16.1092615, 76.3500120 16.1092718, 76.3502916 16.1092979, 76.3502534 16.1091545, 76.3499644 16.1091310, 76.3496526 16.1091149, 76.3493535 16.1090953, 76.3490763 16.1090627, 76.3488117 16.1090447, 76.3485985 16.1090112, 76.3483906 16.1090192, 76.3484034 16.1091661))",0.33579852213497285,16.109158834228893,76.34930841459568,010610916025634931
b5bab2e8d346,Raichur,Baiyapur,2025.0,1.0,pigeon_pea,2025-06-01,1.0,"POLYGON((76.3483541 16.1088376, 76.3487993 16.1088936, 76.3492918 16.1089216, 76.3497790 16.1089735, 76.3502611 16.1090067, 76.3502517 16.1091214, 76.3501119 16.1091233, 76.3498397 16.1090962, 76.3495178 16.1090756, 76.3491333 16.1090295, 76.3488459 16.1090051, 76.3486699 16.1089835, 76.3483598 16.1089648, 76.3483541 16.1088376))",0.26785178896339806,16.10898987489681,76.34932376415296,010610899025634932
ff5e27c834e5,Raichur,Baiyapur,2025.0,1.0,pigeon_pea,2025-06-01,1.0,"POLYGON((76.3482086 16.1091023, 76.3479601 16.1090663, 76.3477030 16.1090283, 76.3473415 16.1089735, 76.3470582 16.1089326, 76.3467799 16.1088830, 76.3469241 16.1087200, 76.3473268 16.1087867, 76.3479092 16.1088717, 76.3481656 16.1088959, 76.3482086 16.1091023))",0.29767083250493664,16.10890854194199,76.34752227561368,010610891025634752
e7407e9243df,Raichur,Baiyapur,2025.0,1.0,pigeon_pea,2025-06-01,1.0,"POLYGON((76.3482599 16.1092763, 76.3475756 16.1092022, 76.3469704 16.1091069, 76.3466589 16.1090560, 76.3467602 16.1088997, 76.3470877 16.1089661, 76.3473456 16.1090076, 76.3477569 16.1090659, 76.3482374 16.1091391, 76.3482599 16.1092763))",0.2851639037893014,16.10909880143522,76.34745404944378,010610910025634745
6b45ed07f0a5,Raichur,Baiyapur,2025.0,1.0,pigeon_pea,2025-06-01,0.0,"POLYGON((76.3482696 16.1094886, 76.3482991 16.1095936, 76.3480403 16.1095916, 76.3477573 16.1095604, 76.3469365 16.1095324, 76.3463719 16.1095079, 76.3464836 16.1093021, 76.3469020 16.1093433, 76.3471454 16.1093636, 76.3474612 16.1093977, 76.3478250 16.1094344, 76.3480688 16.1094734, 76.3482696 16.1094886))",0.35175145532555824,16.109463459809014,76.34724959518908,010610946025634725
0941332020f8,Raichur,Baiyapur,2025.0,1.0,pigeon_pea,2025-06-01,1.0,"POLYGON((76.3485408 16.1095942, 76.3485083 16.1094470, 76.3488117 16.1094515, 76.3489519 16.1094486, 76.3491406 16.1094702, 76.3497518 16.1094966, 76.3503637 16.1095230, 76.3503842 16.1096361, 76.3502138 16.1096763, 76.3497830 16.1096712, 76.3490746 16.1096467, 76.3486290 16.1096145, 76.3485408 16.1095942))",0.37217664398337635,16.109566568864167,76.34942859177852,010610957025634943
66be0c7239d5,Raichur,Baiyapur,2025.0,1.0,pigeon_pea,2025-06-01,1.0,"POLYGON((76.3484255 16.1093948, 76.3487272 16.1094058, 76.3490089 16.1094228, 76.3492586 16.1094390, 76.3497243 16.1094634, 76.3499453 16.1094686, 76.3501709 16.1094808, 76.3503490 16.1094937, 76.3503054 16.1093281, 76.3499295 16.1093056, 76.3496623 16.1092937, 76.3493633 16.1092715, 76.3491192 16.1092502, 76.3488442 16.1092289, 76.3485901 16.1091958, 76.3484047 16.1092376, 76.3484255 16.1093948))",0.3942406779249231,16.109353093389153,76.34933969863555,010610935025634934
759d4695465a,Raichur,Baiyapur,2025.0,1.0,pigeon_pea,2025-06-01,0.0,"POLYGON((76.3482431 16.1093175, 76.3478991 16.1092843, 76.3473157 16.1091961, 76.3466398 16.1091020, 76.3466053 16.1091040, 76.3465278 16.1092689, 76.3467776 16.1093120, 76.3471622 16.1093455, 76.3474622 16.1093694, 76.3480912 16.1094534, 76.3482686 16.1094631, 76.3482431 16.1093175))",0.3239867682385319,16.10928700584928,76.34736504779343,010610929025634737
cc2bc419a721,Raichur,Baiyapur,2025.0,1.0,pigeon_pea,2025-06-01,0.0,"POLYGON((76.3549298 16.0860017, 76.3548782 16.0862150, 76.3548735 16.0863912, 76.3549312 16.0868535, 76.3557006 16.0867304, 76.3556286 16.0863394, 76.3555196 16.0863133, 76.3554693 16.0862347, 76.3554348 16.0860510, 76.3554797 16.0859985, 76.3555102 16.0859553, 76.3555001 16.0858777, 76.3553520 16.0858848, 76.3551437 16.0858887, 76.3550465 16.0858838, 76.3549406 16.0858980, 76.3549298 16.0860017))",0.7226614710889496,16.086376924543366,76.35523470878938,010608638025635523
69a5bd119112,Raichur,Baiyapur,2025.0,1.0,cotton,2025-06-01,1.0,"POLYGON((76.3571464 16.0884278, 76.3569630 16.0884607, 76.3566045 16.0885535, 76.3560668 16.0886797, 76.3561197 16.0888972, 76.3562964 16.0888708, 76.3565130 16.0888038, 76.3567199 16.0887516, 76.3569777 16.0886955, 76.3571541 16.0886417, 76.3572033 16.0885850, 76.3571464 16.0884278))",0.29709158158327403,16.088661316813287,76.35662978405972,010608866025635663
f164e3867bb3,Raichur,Baiyapur,2025.0,1.0,cotton,2025-06-01,1.0,"POLYGON((76.3571118 16.0886994, 76.3568905 16.0887600, 76.3566347 16.0888270, 76.3561680 16.0889445, 76.3562029 16.0892039, 76.3564460 16.0891398, 76.3569274 16.0889932, 76.3572714 16.0888682, 76.3572711 16.0888247, 76.3571839 16.0888031, 76.3571433 16.0887165, 76.3571356 16.0886894, 76.3571118 16.0886994))",0.300492174439077,16.088942067697623,76.35667637599154,010608894025635668
127ada99e832,Raichur,Baiyapur,2025.0,1.0,cotton,2025-06-01,1.0,"POLYGON((76.3570538 16.0881170, 76.3570357 16.0879684, 76.3569707 16.0879788, 76.3569445 16.0879140, 76.3567149 16.0879607, 76.3565006 16.0880097, 76.3560222 16.0881327, 76.3560564 16.0883450, 76.3564480 16.0882668, 76.3568402 16.0881724, 76.3568553 16.0880760, 76.3569864 16.0880419, 76.3570173 16.0881189, 76.3570538 16.0881170))",0.25583373726972825,16.088127827818983,76.35650562992292,010608813025635651
c9f0f2aa0dad,Raichur,Baiyapur,2025.0,1.0,pearl_millet,2025-07-01,1.0,"POLYGON((76.3570622 16.0881672, 76.3571343 16.0883843, 76.3568808 16.0884530, 76.3565958 16.0885238, 76.3560601 16.0886430, 76.3560138 16.0884008, 76.3563608 16.0883231, 76.3570622 16.0881672))",0.3129246171290574,16.088403402061488,76.35656236287642,010608840025635656
a46607062f36,Raichur,Ashihal,2025.0,1.0,pigeon_pea,2025-06-01,0.0,"POLYGON((76.3494280 16.0890837, 76.3495406 16.0893157, 76.3496114 16.0894880, 76.3494296 16.0895582, 76.3492593 16.0891536, 76.3493411 16.0891024, 76.3494280 16.0890837))",0.10195718764134823,16.089318970811636,76.34943326533003,010608932025634943
73d7dfe3224d,Raichur,Baiyapur,2025.0,1.0,pigeon_pea,2025-06-01,0.0,"POLYGON((76.3492151 16.0879552, 76.3491017 16.0877516, 76.3487420 16.0870668, 76.3490776 16.0869376, 76.3493016 16.0868377, 76.3494518 16.0871305, 76.3497471 16.0876708, 76.3494508 16.0878158, 76.3492151 16.0879552))",0.6876265395720795,16.08738483742472,76.34924609910973,010608738025634925
2f1372d6d278,Raichur,Baiyapur,2025.0,1.0,pigeon_pea,2025-06-01,0.0,"POLYGON((76.3492821 16.0890344, 76.3496452 16.0888840, 76.3498735 16.0887442, 76.3502625 16.0884987, 76.3501253 16.0883154, 76.3500489 16.0881498, 76.3495795 16.0883640, 76.3493187 16.0885080, 76.3490504 16.0886508, 76.3491581 16.0888734, 76.3492392 16.0890196, 76.3492821 16.0890344))",0.6095561220521389,16.08860041823392,76.34964478101341,010608860025634964
36351376141e,Raichur,Baiyapur,2025.0,1.0,pigeon_pea,2025-06-01,0.0,"POLYGON((76.3642787 16.0868731, 76.3638777 16.0869115, 76.3638375 16.0868223, 76.3636936 16.0867630, 76.3636544 16.0864531, 76.3636487 16.0862272, 76.3639528 16.0861944, 76.3642525 16.0861412, 76.3648031 16.0860671, 76.3649271 16.0867111, 76.3647481 16.0866718, 76.3646331 16.0868297, 76.3642787 16.0868731))",0.9749195265486807,16.08649239249571,76.36427305578127,010608649025636427
37b8e09fca7d,Raichur,Baiyapur,2025.0,1.0,cotton,2025-06-01,1.0,"POLYGON((76.3667195 16.0881782, 76.3664620 16.0885921, 76.3661116 16.0885593, 76.3662783 16.0883193, 76.3663510 16.0881675, 76.3664322 16.0880799, 76.3667195 16.0881782))",0.19260752766688927,16.088350961312756,76.36642588965378,010608835025636643
26f38032ba61,Raichur,Baiyapur,2025.0,1.0,cotton,2025-06-01,1.0,"POLYGON((76.3664955 16.0875171, 76.3664690 16.0876009, 76.3664348 16.0877033, 76.3664104 16.0878715, 76.3664560 16.0879031, 76.3664248 16.0880464, 76.3667289 16.0881437, 76.3668365 16.0879887, 76.3669371 16.0877861, 76.3669488 16.0875790, 76.3667929 16.0875397, 76.3666571 16.0874991, 76.3664955 16.0875171))",0.306167504797741,16.087798626554818,76.36666965439544,010608780025636667
fbb49e2180b7,Raichur,Baiyapur,2025.0,1.0,cotton,2025-06-01,1.0,"POLYGON((76.3654166 16.0877964, 76.3654676 16.0878866, 76.3655326 16.0878489, 76.3657857 16.0878460, 76.3658779 16.0880078, 76.3659950 16.0879694, 76.3663386 16.0880496, 76.3661592 16.0883727, 76.3660459 16.0885557, 76.3654173 16.0885467, 76.3650314 16.0885274, 76.3647129 16.0884910, 76.3646646 16.0880999, 76.3646659 16.0877304, 76.3646589 16.0876595, 76.3647689 16.0876376, 76.3648909 16.0876814, 76.3650559 16.0876879, 76.3652376 16.0876962, 76.3653589 16.0877404, 76.3654166 16.0877964))",1.3180875687433702,16.088153097968565,76.3653769742326,010608815025636538
3b9e921c138c,Raichur,Baiyapur,2025.0,1.0,pigeon_pea,2025-06-01,1.0,"POLYGON((76.3565784 16.0860298, 76.3567229 16.0863580, 76.3562840 16.0864618, 76.3557258 16.0865694, 76.3556604 16.0862292, 76.3559863 16.0861419, 76.3563232 16.0860694, 76.3565784 16.0860298))",0.4223287729403177,16.08629598842094,76.35617355265244,010608630025635617
554de7a964c7,Raichur,Baiyapur,2025.0,1.0,pigeon_pea,2025-06-01,1.0,"POLYGON((76.3567698 16.0860259, 76.3571262 16.0859705, 76.3576047 16.0858722, 76.3576566 16.0858703, 76.3576892 16.0860993, 76.3577629 16.0864225, 76.3575316 16.0864440, 76.3569767 16.0865368, 76.3568791 16.0862727, 76.3567698 16.0860259))",0.537397548514344,16.086205478623587,76.35729247433049,010608621025635729
04d913dd4850,Raichur,Baiyapur,2025.0,2.0,pearl_millet,2025-10-05,1.0,"POLYGON((76.3567387 16.0859618, 76.3569596 16.0859189, 76.3572486 16.0858355, 76.3575950 16.0857302, 76.3576697 16.0857083, 76.3577079 16.0858271, 76.3578843 16.0858188, 76.3580834 16.0857891, 76.3580214 16.0855175, 76.3579457 16.0852134, 76.3579115 16.0850401, 76.3575346 16.0851445, 76.3573525 16.0851509, 76.3571390 16.0852183, 76.3568174 16.0853204, 76.3565475 16.0854457, 76.3567387 16.0859618))",1.0545465874761173,16.08551715350836,76.35734236365725,010608552025635734
eea319713894,Raichur,Baiyapur,2025.0,1.0,pigeon_pea,2025-06-01,0.0,"POLYGON((76.3499453 16.0887870, 76.3500767 16.0889645, 76.3501937 16.0891881, 76.3503218 16.0894825, 76.3500070 16.0896326, 76.3496804 16.0889549, 76.3499453 16.0887870))",0.3194556895012866,16.089213343033673,76.35000082115955,010608921025635000
245ed5f89587,Tumkur,Honnenahalli,2025.0,1.0,finger_millet,2025-06-18,0.0,"POLYGON((77.1108538 13.2637859, 77.1108193 13.2640114, 77.1103415 13.2640349, 77.1103358 13.2637934, 77.1108538 13.2637859))",0.13901013492644423,13.263904876668816,77.11058461175816,010326390025711058
8185579fad90,Tumkur,Honnenahalli,2025.0,1.0,finger_millet,2025-07-25,0.0,"POLYGON((77.1114211 13.2645972, 77.1114268 13.2650142, 77.1111706 13.2650162, 77.1110821 13.2654753, 77.1109889 13.2654450, 77.1110774 13.2649016, 77.1110747 13.2645528, 77.1114211 13.2645972))",0.24053927565807848,13.264898317867106,77.11120647332801,010326490025711121
5ca4a26df4b4,Tumkur,Honnenahalli,2025.0,1.0,horse_gram,2025-09-19,0.0,"POLYGON((77.1108706 13.2645645, 77.1110328 13.2645936, 77.1108400 13.2665329, 77.1106898 13.2665395, 77.1108706 13.2645645))",0.36886929125673834,13.265541579257334,77.11085961799407,010326554025711086
30aeb3cd97f4,Tumkur,Honnenahalli,2025.0,1.0,finger_millet,2025-07-11,0.0,"POLYGON((77.1103241 13.2650974, 77.1103184 13.2648572, 77.1092307 13.2650178, 77.1092347 13.2652544, 77.1103241 13.2650974))",0.3117937358233676,13.265056530265412,77.10977842337006,010326506025710978
5006a0cd3125,Tumkur,Honnenahalli,2025.0,1.0,finger_millet,2025-07-15,0.0,"POLYGON((77.1092441 13.2644056, 77.1092545 13.2645531, 77.1103422 13.2644040, 77.1103485 13.2643214, 77.1092441 13.2644056))",0.1513302800321723,13.26442651272246,77.10974445339089,010326443025710974
7628f8a53a41,Tumkur,Honnenahalli,2025.0,1.0,horse_gram,2025-09-18,0.0,"POLYGON((77.1092760 13.2644138, 77.1093373 13.2644281, 77.1093481 13.2645332, 77.1087513 13.2646050, 77.1087198 13.2644696, 77.1092760 13.2644138))",0.09574621290272671,13.26450476391265,77.10903179004966,010326450025710903
57fc68b64e29,Tumkur,Honnenahalli,2025.0,1.0,finger_millet,2025-08-13,0.0,"POLYGON((77.1110100 13.2642741, 77.1110174 13.2641994, 77.1104431 13.2641357, 77.1104250 13.2642447, 77.1110100 13.2642741))",0.06450945796562522,13.2642120861065,77.11070559269706,010326421025711071
9f1608bb1580,Raichur,Ashihal,2025.0,1.0,pigeon_pea,2025-06-01,0.0,"POLYGON((76.3967321 16.0529890, 76.3968109 16.0533969, 76.3959529 16.0534224, 76.3959033 16.0531633, 76.3958604 16.0528005, 76.3958104 16.0524033, 76.3957494 16.0520749, 76.3963006 16.0519325, 76.3965752 16.0519068, 76.3966244 16.0521362, 76.3967321 16.0529890))",1.4488494013127577,16.052692372571503,76.3962783411363,010605269025639628
303e7f677648,Raichur,Ashihal,2025.0,1.0,pigeon_pea,2025-06-01,0.0,"POLYGON((76.3968001 16.0530200, 76.3967562 16.0526749, 76.3967230 16.0523698, 76.3966831 16.0520846, 76.3966801 16.0518819, 76.3967803 16.0518439, 76.3969782 16.0518062, 76.3973061 16.0517450, 76.3973336 16.0520853, 76.3973865 16.0525425, 76.3973902 16.0526746, 76.3970362 16.0529562, 76.3969151 16.0530167, 76.3968001 16.0530200))",0.8211094022920538,16.05234997743768,76.39702975511032,010605235025639703
561f6669afd8,Raichur,Ashihal,2025.0,2.0,other:bjola,2025-11-02,0.0,"POLYGON((76.3943590 16.0479910, 76.3937350 16.0480615, 76.3936304 16.0476968, 76.3935620 16.0472779, 76.3939080 16.0472257, 76.3941957 16.0471819, 76.3942768 16.0475283, 76.3943328 16.0478170, 76.3943590 16.0479910))",0.6266728240962703,16.047627114921372,76.39396186911306,010604763025639396
be8a408baa7a,Raichur,Ashihal,2025.0,1.0,pigeon_pea,2025-06-01,0.0,"POLYGON((76.3954600 16.0481453, 76.3958530 16.0481060, 76.3960515 16.0480699, 76.3962778 16.0480664, 76.3966191 16.0479942, 76.3971042 16.0479291, 76.3977087 16.0478927, 76.3986566 16.0477432, 76.3986435 16.0479117, 76.3985915 16.0480689, 76.3983092 16.0481614, 76.3979324 16.0482555, 76.3972501 16.0483847, 76.3967006 16.0484991, 76.3963106 16.0485822, 76.3959663 16.0486347, 76.3957692 16.0486879, 76.3956646 16.0487214, 76.3955978 16.0486521, 76.3955197 16.0484298, 76.3954600 16.0481453))",1.7172292041752182,16.048203782037035,76.39693636659425,010604820025639694
26db80b98705,Raichur,Ashihal,2025.0,1.0,pigeon_pea,2025-06-01,0.0,"POLYGON((76.3956283 16.0487672, 76.3960521 16.0486695, 76.3965685 16.0485919, 76.3975434 16.0483876, 76.3982053 16.0482507, 76.3985251 16.0481611, 76.3985121 16.0482710, 76.3984353 16.0482945, 76.3984095 16.0483870, 76.3984584 16.0485867, 76.3983008 16.0488854, 76.3981456 16.0490066, 76.3980819 16.0488783, 76.3980806 16.0487501, 76.3982264 16.0487378, 76.3982556 16.0486177, 76.3981717 16.0485613, 76.3980054 16.0485925, 76.3977205 16.0486769, 76.3976397 16.0487498, 76.3976051 16.0488297, 76.3974077 16.0488812, 76.3974107 16.0491722, 76.3966999 16.0493442, 76.3963499 16.0494631, 76.3959254 16.0495737, 76.3958194 16.0493720, 76.3957390 16.0491432, 76.3956283 16.0487672))",2.1181640767943293,16.048866376567354,76.39691376725848,010604887025639691
92042f8611fd,Raichur,Ashihal,2025.0,1.0,pigeon_pea,2025-06-01,0.0,"POLYGON((76.3985922 16.0447617, 76.3987561 16.0447179, 76.3988413 16.0446148, 76.3988037 16.0445558, 76.3988510 16.0444788, 76.3989586 16.0444798, 76.3989888 16.0444176, 76.3988497 16.0443590, 76.3987672 16.0442694, 76.3986361 16.0441083, 76.3984537 16.0440284, 76.3982743 16.0442836, 76.3981198 16.0444859, 76.3982529 16.0445726, 76.3985922 16.0447617))",0.39967567217035194,16.044420009226148,76.3985430012492,010604442025639854
386052382d7e,Raichur,Ashihal,2025.0,1.0,pigeon_pea,2025-06-01,0.0,"POLYGON((76.3943563 16.0480464, 76.3944592 16.0487498, 76.3939711 16.0491564, 76.3937337 16.0481550, 76.3943563 16.0480464))",0.6118701599268337,16.048526413580788,76.39411041379469,010604853025639411
a017f9819b84,Raichur,Ashihal,2025.0,1.0,pigeon_pea,2025-06-01,0.0,"POLYGON((76.3943027 16.0470704, 76.3942497 16.0468674, 76.3941950 16.0465478, 76.3942088 16.0459945, 76.3948931 16.0458457, 76.3950071 16.0463470, 76.3950597 16.0466986, 76.3951181 16.0469386, 76.3943027 16.0470704))",1.0336071231976975,16.046478939404217,76.39461922420033,010604648025639462
c914569a6817,Raichur,Ashihal,2025.0,1.0,pigeon_pea,2025-06-01,0.0,"POLYGON((76.3945384 16.0486331, 76.3944817 16.0483605, 76.3944505 16.0481273, 76.3943389 16.0474081, 76.3943010 16.0471352, 76.3947429 16.0470524, 76.3951348 16.0470021, 76.3952411 16.0475740, 76.3952783 16.0478601, 76.3951056 16.0480915, 76.3948032 16.0484301, 76.3945384 16.0486331))",1.260609095524713,16.047696657862883,76.39478041969284,010604770025639478
b3841f847856,Raichur,Ashihal,2025.0,1.0,pigeon_pea,2025-06-01,0.0,"POLYGON((76.3910418 16.0510884, 76.3903246 16.0508818, 76.3894998 16.0507726, 76.3890626 16.0506965, 76.3889577 16.0503134, 76.3895119 16.0503205, 76.3899504 16.0503824, 76.3904084 16.0504617, 76.3908973 16.0505760, 76.3911514 16.0506141, 76.3910418 16.0510884))",1.0980350905711185,16.050643884033075,76.39007927189124,010605064025639008
113002d1e5b7,Raichur,Ashihal,2025.0,1.0,pigeon_pea,2025-06-01,0.0,"POLYGON((76.3909522 16.0521049, 76.3912449 16.0522621, 76.3914116 16.0523662, 76.3915695 16.0521043, 76.3918417 16.0517144, 76.3918585 16.0514582, 76.3911480 16.0513120, 76.3910377 16.0516767, 76.3909868 16.0519029, 76.3909522 16.0521049))",0.7272679937725062,16.05179135371205,76.39138264586477,010605179025639138
7d14ce6dcfbc,Raichur,Ashihal,2025.0,1.0,pigeon_pea,2025-06-01,0.0,"POLYGON((76.3937099 16.0548652, 76.3937763 16.0548974, 76.3938866 16.0548388, 76.3941209 16.0548372, 76.3942949 16.0548256, 76.3947526 16.0548352, 76.3952304 16.0547834, 76.3959398 16.0547821, 76.3963234 16.0547512, 76.3964846 16.0544863, 76.3966496 16.0542282, 76.3969302 16.0536505, 76.3969617 16.0535751, 76.3964830 16.0535919, 76.3959603 16.0536128, 76.3947533 16.0537153, 76.3948689 16.0540468, 76.3946520 16.0540913, 76.3944871 16.0540745, 76.3942192 16.0541799, 76.3938816 16.0544180, 76.3936908 16.0546200, 76.3936402 16.0546680, 76.3936519 16.0547988, 76.3937099 16.0548652))",3.313836232721703,16.054257205546467,76.39540239988781,010605426025639540
6331135e0897,Raichur,Ashihal,2025.0,1.0,pigeon_pea,2025-06-01,1.0,"POLYGON((76.3923493 16.0596923, 76.3928633 16.0596985, 76.3928992 16.0601834, 76.3929022 16.0605671, 76.3925321 16.0605822, 76.3920865 16.0605710, 76.3920861 16.0601360, 76.3921260 16.0597265, 76.3921998 16.0596936, 76.3923493 16.0596923))",0.8248492201357792,16.06014369671034,76.3924934001509,010606014025639249
60c6461c4905,Raichur,Ashihal,2025.0,1.0,pigeon_pea,2025-06-01,0.0,"POLYGON((76.3921237 16.0595551, 76.3922917 16.0595577, 76.3924908 16.0595293, 76.3929116 16.0594903, 76.3929626 16.0591163, 76.3930041 16.0588836, 76.3925750 16.0586697, 76.3922239 16.0584973, 76.3921100 16.0585405, 76.3921056 16.0588427, 76.3920969 16.0593128, 76.3921237 16.0595551))",0.8763398139171193,16.059080343804318,76.39249333021496,010605908025639249
acb88b2a09d1,Raichur,Ashihal,2025.0,1.0,pigeon_pea,2025-06-01,0.0,"POLYGON((76.3916312 16.0595312, 76.3920067 16.0595428, 76.3920359 16.0600055, 76.3919644 16.0600658, 76.3919567 16.0602678, 76.3920312 16.0602681, 76.3920298 16.0606125, 76.3916436 16.0606041, 76.3911263 16.0606592, 76.3911366 16.0600683, 76.3911028 16.0596124, 76.3916312 16.0595312))",1.116289783155175,16.06008737005679,76.39157065968105,010606009025639157
bc7805ad7d23,Raichur,Ashihal,2025.0,1.0,pigeon_pea,2025-06-01,0.0,"POLYGON((76.3915842 16.0582937, 76.3915058 16.0581677, 76.3912117 16.0581146, 76.3911524 16.0586736, 76.3911035 16.0594675, 76.3915276 16.0594462, 76.3920171 16.0594156, 76.3920338 16.0591056, 76.3920265 16.0584448, 76.3917807 16.0584358, 76.3916278 16.0583836, 76.3915842 16.0582937))",1.1979192113475532,16.05887214725947,76.39155682938824,010605887025639156
ee0e03f8edcb,Raichur,Ashihal,2025.0,1.0,pigeon_pea,2025-06-01,0.0,"POLYGON((76.3964176 16.0601260, 76.3964253 16.0603648, 76.3964665 16.0606425, 76.3965158 16.0609911, 76.3965560 16.0611483, 76.3968367 16.0611780, 76.3969658 16.0611644, 76.3969822 16.0609840, 76.3971408 16.0609015, 76.3971538 16.0607527, 76.3972581 16.0606940, 76.3972236 16.0604621, 76.3970452 16.0604221, 76.3968689 16.0603931, 76.3966358 16.0602939, 76.3965393 16.0601611, 76.3964980 16.0601276, 76.3964176 16.0601260))",0.6482999746960959,16.06069351738233,76.39678659168077,010606069025639679
8e535c01c7f1,Raichur,Ashihal,2025.0,1.0,pigeon_pea,2025-06-01,0.0,"POLYGON((76.3971253 16.0531708, 76.3969450 16.0531727, 76.3968377 16.0531885, 76.3968145 16.0532101, 76.3968363 16.0534066, 76.3967998 16.0534211, 76.3964551 16.0534253, 76.3960971 16.0534298, 76.3958972 16.0534772, 76.3957852 16.0534788, 76.3958127 16.0533232, 76.3958600 16.0531856, 76.3958369 16.0530883, 76.3957799 16.0527993, 76.3945984 16.0531985, 76.3947214 16.0536244, 76.3951164 16.0536038, 76.3958634 16.0536022, 76.3963281 16.0535693, 76.3968337 16.0535526, 76.3970046 16.0535310, 76.3971253 16.0531708))",1.1265573431840494,16.053320951612793,76.39559694982594,010605332025639560
31cc3ba504f9,Raichur,Ashihal,2025.0,1.0,pigeon_pea,2025-06-01,0.0,"POLYGON((76.3918163 16.0524029, 76.3919209 16.0524693, 76.3919544 16.0526285, 76.3918035 16.0527039, 76.3920654 16.0530055, 76.3922092 16.0536515, 76.3924536 16.0540040, 76.3926994 16.0540687, 76.3929284 16.0539257, 76.3933796 16.0536515, 76.3938430 16.0532745, 76.3939640 16.0531640, 76.3940012 16.0527532, 76.3937183 16.0525895, 76.3936445 16.0523788, 76.3939416 16.0523182, 76.3944197 16.0521329, 76.3943285 16.0516976, 76.3942809 16.0509276, 76.3938021 16.0505693, 76.3934011 16.0500895, 76.3932123 16.0503122, 76.3928231 16.0508448, 76.3923889 16.0514669, 76.3919604 16.0520891, 76.3918159 16.0523395, 76.3918163 16.0524029))",7.180512739497891,16.05216965258942,76.39312819909404,010605217025639313
3e9dbfb122a9,Raichur,Ashihal,2025.0,1.0,pigeon_pea,2025-06-01,0.0,"POLYGON((76.3950171 16.0485471, 76.3951415 16.0488161, 76.3952284 16.0488123, 76.3953014 16.0490104, 76.3956166 16.0489189, 76.3953289 16.0482233, 76.3951660 16.0484295, 76.3950171 16.0485471))",0.27913709770973266,16.048660126949727,76.39531812698652,010604866025639532
68d35476aea0,Raichur,Ashihal,2025.0,1.0,pigeon_pea,2025-06-01,0.0,"POLYGON((76.3957484 16.0497025, 76.3957755 16.0497647, 76.3959120 16.0497435, 76.3960012 16.0499935, 76.3959764 16.0501511, 76.3960548 16.0502471, 76.3961782 16.0505077, 76.3961775 16.0506904, 76.3962114 16.0508332, 76.3962214 16.0509401, 76.3960595 16.0509240, 76.3958510 16.0508132, 76.3958020 16.0504716, 76.3956860 16.0503644, 76.3955029 16.0497889, 76.3955455 16.0497612, 76.3957484 16.0497025))",0.5297512550224138,16.05029898174048,76.39588307685727,010605030025639588
e30952f672bd,Raichur,Ashihal,2025.0,1.0,pigeon_pea,2025-06-01,0.0,"POLYGON((76.3956076 16.0489905, 76.3958567 16.0496130, 76.3954446 16.0496990, 76.3952186 16.0490713, 76.3956076 16.0489905))",0.31958360620371495,16.049346466562987,76.39553299757874,010604935025639553
4ef2fa51511c,Raichur,Ashihal,2025.0,1.0,pigeon_pea,2025-06-01,0.0,"POLYGON((76.3892859 16.0587496, 76.3893024 16.0584893, 76.3893389 16.0582415, 76.3893788 16.0578513, 76.3894911 16.0572511, 76.3897396 16.0574479, 76.3896259 16.0581461, 76.3895763 16.0587341, 76.3894821 16.0594262, 76.3894234 16.0596878, 76.3893248 16.0597236, 76.3891847 16.0597484, 76.3892360 16.0592725, 76.3892839 16.0588469, 76.3892859 16.0587496))",0.7807670069540061,16.05850597106298,76.38945343337369,010605851025638945
65c7fe1b6012,Raichur,Ashihal,2025.0,1.0,pigeon_pea,2025-06-01,0.0,"POLYGON((76.3903340 16.0588875, 76.3902971 16.0593995, 76.3902411 16.0600036, 76.3904778 16.0600113, 76.3906166 16.0600071, 76.3906247 16.0595122, 76.3906669 16.0588691, 76.3907222 16.0581716, 76.3907383 16.0580163, 76.3906917 16.0579377, 76.3906227 16.0578874, 76.3905057 16.0578736, 76.3905023 16.0579154, 76.3905694 16.0579937, 76.3905841 16.0580775, 76.3905291 16.0581345, 76.3904004 16.0581217, 76.3903645 16.0584896, 76.3903340 16.0588875))",0.7996426454183702,16.059021980923006,76.39049688786831,010605902025639050
4e423574e5d8,Raichur,Ashihal,2025.0,1.0,pigeon_pea,2025-06-01,0.0,"POLYGON((76.3899095 16.0589990, 76.3898730 16.0593727, 76.3897915 16.0599907, 76.3900125 16.0600136, 76.3901533 16.0600184, 76.3902177 16.0594810, 76.3902559 16.0590805, 76.3902559 16.0590463, 76.3899095 16.0589990))",0.4178997388614055,16.059518154572295,76.39003065346745,010605952025639003
cafede60558f,Raichur,Ashihal,2025.0,1.0,pigeon_pea,2025-06-01,1.0,"POLYGON((76.3888970 16.0581445, 76.3888169 16.0585022, 76.3888658 16.0585360, 76.3888544 16.0586333, 76.3888202 16.0587084, 76.3887424 16.0587274, 76.3887056 16.0590177, 76.3885818 16.0595132, 76.3889228 16.0597213, 76.3891330 16.0597188, 76.3892014 16.0592200, 76.3892051 16.0588930, 76.3891039 16.0588685, 76.3890697 16.0588012, 76.3891213 16.0587387, 76.3891944 16.0587896, 76.3892350 16.0587944, 76.3892578 16.0586472, 76.3892698 16.0584335, 76.3893020 16.0582354, 76.3893389 16.0578571, 76.3893976 16.0574605, 76.3894552 16.0572166, 76.3893553 16.0571338, 76.3891843 16.0570658, 76.3891019 16.0570075, 76.3890633 16.0572991, 76.3891464 16.0573535, 76.3891589 16.0576680, 76.3890345 16.0576799, 76.3889574 16.0578665, 76.3888970 16.0581445))",1.2705062903824105,16.058532967403824,76.38904639558037,010605853025638905
5c52421be927,Raichur,Ashihal,2025.0,1.0,pigeon_pea,2025-06-01,0.0,"POLYGON((76.3885269 16.0581629, 76.3883451 16.0587660, 76.3881909 16.0592071, 76.3882409 16.0593318, 76.3883374 16.0594426, 76.3885175 16.0595109, 76.3886479 16.0589394, 76.3888249 16.0582322, 76.3889610 16.0576355, 76.3890197 16.0572485, 76.3889315 16.0571786, 76.3888615 16.0571738, 76.3887813 16.0573722, 76.3886690 16.0577154, 76.3885902 16.0579538, 76.3885269 16.0581629))",0.8213192613681369,16.0584182166717,76.38861613526839,010605842025638862
0cd5eb218174,Raichur,Ashihal,2025.0,1.0,pigeon_pea,2025-06-01,0.0,"POLYGON((76.3882020 16.0580134, 76.3883294 16.0576503, 76.3884568 16.0573239, 76.3886445 16.0573532, 76.3886921 16.0572433, 76.3886093 16.0571912, 76.3886134 16.0571489, 76.3887082 16.0571531, 76.3887649 16.0571225, 76.3888249 16.0571589, 76.3887206 16.0574586, 76.3886073 16.0577350, 76.3885004 16.0580018, 76.3884541 16.0581790, 76.3882435 16.0587889, 76.3881131 16.0592345, 76.3879039 16.0593924, 76.3875562 16.0593621, 76.3878509 16.0586987, 76.3882020 16.0580134))",0.940421366012283,16.058409422766395,76.38818604440725,010605841025638819
1359c1e3afe2,Raichur,Ashihal,2025.0,1.0,pigeon_pea,2025-06-01,0.0,"POLYGON((76.3940820 16.0566985, 76.3926038 16.0567191, 76.3930548 16.0558341, 76.3935191 16.0559768, 76.3938437 16.0562552, 76.3937605 16.0564704, 76.3939399 16.0565352, 76.3940820 16.0566985))",0.9246000027349963,16.056370295140308,76.39329694284127,010605637025639330
a1ad8519fdc5,Raichur,Ashihal,2025.0,1.0,pigeon_pea,2025-06-01,1.0,"POLYGON((76.3946061 16.0566441, 76.3944713 16.0566814, 76.3942923 16.0567868, 76.3944002 16.0570185, 76.3945648 16.0571180, 76.3946433 16.0572182, 76.3948240 16.0573938, 76.3949145 16.0574744, 76.3950131 16.0572266, 76.3950785 16.0570823, 76.3949702 16.0569489, 76.3948800 16.0568622, 76.3946061 16.0566441))",0.37931320613302344,16.057010095659795,76.3947077918359,010605701025639471
e0da47af912f,Chamarajanagar,Lakkur,2025.0,2.0,horse_gram,2025-11-06,1.0,"POLYGON((76.8076200 11.8510968, 76.8081575 11.8510306, 76.8079824 11.8501636, 76.8074386 11.8502237, 76.8076200 11.8510968))",0.580203005954072,11.850628054409231,76.8077991384501,010185063025680780
1ce8295bda58,Chamarajanagar,Lakkur,2025.0,2.0,horse_gram,2025-11-04,1.0,"POLYGON((76.8067101 11.8508941, 76.8070376 11.8508058, 76.8066983 11.8499582, 76.8063389 11.8501531, 76.8067101 11.8508941))",0.38924176874817806,11.85043868762772,76.80669329157456,010185044025680669
383fb2b70ef1,Chamarajanagar,Lakkur,2025.0,1.0,other:jo,2025-09-12,,"POLYGON((76.8064727 11.8466552, 76.8064442 11.8461483, 76.8067104 11.8461164, 76.8068958 11.8466290, 76.8064727 11.8466552))",0.21540044948180184,11.846406010885696,76.80663576975446,010184641025680664
8d865ea9e418,Chamarajanagar,Lakkur,2025.0,3.0,pigeon_pea,2025-05-09,,"POLYGON((76.8060965 11.8459878, 76.8063795 11.8459829, 76.8064382 11.8454382, 76.8061176 11.8453506, 76.8060965 11.8459878))",0.21681497886435092,11.845682279312618,76.80625473841752,010184568025680625
83efe27f9092,Chamarajanagar,Lakkur,2025.0,2.0,horse_gram,2025-10-09,1.0,"POLYGON((76.8051651 11.8453502, 76.8052513 11.8449315, 76.8056254 11.8449647, 76.8056104 11.8453289, 76.8051651 11.8453502))",0.1935782127363385,11.845148867382044,76.80540755946936,010184515025680541
0f58a0ebc74b,Chamarajanagar,Lakkur,2025.0,2.0,maize,2025-11-13,1.0,"POLYGON((76.8055849 11.8460387, 76.8057703 11.8460239, 76.8058316 11.8453453, 76.8056295 11.8453371, 76.8055849 11.8460387))",0.16089270107407563,11.845680761540166,76.80570394609562,010184568025680570
936d77148d8c,Chamarajanagar,Lakkur,2025.0,2.0,sorghum,2025-11-13,1.0,"POLYGON((76.8050840 11.8460630, 76.8054048 11.8460315, 76.8054283 11.8453929, 76.8051510 11.8453529, 76.8050840 11.8460630))",0.24317914120108616,11.845717289581238,76.80526388303561,010184572025680526
026b7b36197d,Chamarajanagar,Lakkur,2025.0,2.0,maize,2025-11-19,1.0,"POLYGON((76.8051520 11.8436482, 76.8051963 11.8437781, 76.8054940 11.8437092, 76.8054669 11.8435793, 76.8051520 11.8436482))",0.050909327334829294,11.843678304242934,76.8053264337557,010184368025680533
739d93e40105,Chamarajanagar,Lakkur,2025.0,2.0,horse_gram,2025-10-09,1.0,"POLYGON((76.8056724 11.8429817, 76.8065237 11.8440000, 76.8071054 11.8436974, 76.8070849 11.8423688, 76.8056724 11.8429817))",1.649908905164503,11.843184680378066,76.8065628355503,010184318025680656
c677fced6b54,Chamarajanagar,Lakkur,2025.0,1.0,sorghum,2025-09-02,1.0,"POLYGON((76.8054290 11.8418323, 76.8056087 11.8422060, 76.8064579 11.8418395, 76.8063084 11.8414083, 76.8054290 11.8418323))",0.49746539163065173,11.84181676317551,76.80595685930555,010184182025680596
baa42d0c1f17,Chamarajanagar,Lakkur,2025.0,1.0,horse_gram,2025-09-12,1.0,"POLYGON((76.8062464 11.8419579, 76.8063734 11.8422277, 76.8069565 11.8419662, 76.8068857 11.8416954, 76.8062464 11.8419579))",0.23019472868318594,11.841961617837194,76.80661108214413,010184196025680661
029a07088fa8,Raichur,Ashihal,2025.0,1.0,pigeon_pea,2025-06-01,0.0,"POLYGON((76.3902602 16.0518446, 76.3899954 16.0517266, 76.3897218 16.0515804, 76.3895166 16.0513716, 76.3892467 16.0509962, 76.3892732 16.0508728, 76.3893895 16.0508548, 76.3894971 16.0509308, 76.3896034 16.0508499, 76.3897630 16.0508615, 76.3898465 16.0509633, 76.3899310 16.0510429, 76.3900416 16.0510468, 76.3900715 16.0509292, 76.3903759 16.0509820, 76.3907870 16.0511029, 76.3909955 16.0511354, 76.3909982 16.0511905, 76.3910830 16.0512263, 76.3909408 16.0517118, 76.3908500 16.0519792, 76.3907618 16.0520031, 76.3906676 16.0519660, 76.3906766 16.0519283, 76.3905576 16.0518713, 76.3904869 16.0518832, 76.3902602 16.0518446))",1.4592176959260938,16.051369713374175,76.39023798765032,010605137025639024
88d9ab0c19db,Raichur,Ashihal,2025.0,1.0,pigeon_pea,2025-06-01,1.0,"POLYGON((76.3933716 16.0418421, 76.3935496 16.0421898, 76.3937330 16.0425655, 76.3938517 16.0427614, 76.3938078 16.0427972, 76.3937984 16.0428323, 76.3938118 16.0429132, 76.3937042 16.0429612, 76.3935449 16.0427714, 76.3934618 16.0426954, 76.3932405 16.0424769, 76.3931007 16.0422984, 76.3929203 16.0420477, 76.3931530 16.0419352, 76.3933716 16.0418421))",0.49751117712039233,16.04235752158164,76.39341092115357,010604236025639341
a2a89d2cc449,Raichur,Ashihal,2025.0,1.0,pigeon_pea,2025-06-01,0.0,"POLYGON((76.3929689 16.0411468, 76.3931503 16.0414658, 76.3929247 16.0415470, 76.3927275 16.0412615, 76.3929689 16.0411468))",0.10542638400760493,16.041351535549712,76.39294226895514,010604135025639294
b6be1394931c,Raichur,Ashihal,2025.0,1.0,pigeon_pea,2025-06-01,0.0,"POLYGON((76.3927359 16.0406370, 76.3928295 16.0407772, 76.3928181 16.0408323, 76.3929357 16.0411162, 76.3923403 16.0413581, 76.3920851 16.0411062, 76.3916379 16.0404653, 76.3919688 16.0402371, 76.3921354 16.0401492, 76.3922196 16.0403071, 76.3923369 16.0402665, 76.3924140 16.0401437, 76.3923731 16.0400773, 76.3924472 16.0400116, 76.3926085 16.0403866, 76.3926933 16.0405468, 76.3927359 16.0406370))",1.0861018088040546,16.04072688727513,76.39231751623723,010604073025639232
1bd9b9528377,Raichur,Ashihal,2025.0,1.0,pigeon_pea,2025-06-01,0.0,"POLYGON((76.3915561 16.0416887, 76.3916855 16.0420493, 76.3919292 16.0426725, 76.3920509 16.0431162, 76.3924127 16.0430037, 76.3926353 16.0426796, 76.3927205 16.0424585, 76.3927919 16.0420680, 76.3923121 16.0415254, 76.3920479 16.0415518, 76.3915561 16.0416887))",1.4481527833109036,16.042238244141366,76.39220842130534,010604224025639221
9aeadda2abe1,Raichur,Ashihal,2025.0,1.0,pigeon_pea,2025-06-01,0.0,"POLYGON((76.3911906 16.0429422, 76.3913925 16.0434042, 76.3916288 16.0432476, 76.3918857 16.0431094, 76.3919618 16.0430901, 76.3918256 16.0427579, 76.3911906 16.0429422))",0.320618946961413,16.04304884627853,76.39157063173327,010604305025639157
6a093875d089,Raichur,Ashihal,2025.0,1.0,pigeon_pea,2025-06-01,0.0,"POLYGON((76.3908379 16.0418608, 76.3905700 16.0409596, 76.3910434 16.0407530, 76.3911014 16.0408284, 76.3911598 16.0408262, 76.3911732 16.0409148, 76.3911829 16.0410002, 76.3912634 16.0409960, 76.3913579 16.0412676, 76.3914749 16.0416378, 76.3912064 16.0417438, 76.3909693 16.0418328, 76.3908379 16.0418608))",0.7342648557502048,16.04131398488018,76.3910119047686,010604131025639101
cca168e41b3d,Raichur,Ashihal,2025.0,1.0,pigeon_pea,2025-06-01,0.0,"POLYGON((76.3908641 16.0419639, 76.3915091 16.0417165, 76.3917043 16.0423161, 76.3918407 16.0426941, 76.3911846 16.0428652, 76.3911018 16.0426783, 76.3910384 16.0425146, 76.3909388 16.0422011, 76.3908641 16.0419639))",0.8115566297302322,16.042309736771173,76.39134631315304,010604231025639135
826cca2278f8,Raichur,Ashihal,2025.0,1.0,pigeon_pea,2025-06-01,0.0,"POLYGON((76.3902867 16.0426474, 76.3901697 16.0421962, 76.3898197 16.0413691, 76.3904725 16.0410227, 76.3907578 16.0419156, 76.3909274 16.0424237, 76.3911092 16.0428600, 76.3912942 16.0434387, 76.3908999 16.0435312, 76.3906730 16.0433788, 76.3905714 16.0431571, 76.3904487 16.0431365, 76.3903732 16.0429386, 76.3903135 16.0427482, 76.3902867 16.0426474))",1.9212784313871754,16.042310441582035,76.39055591644603,010604231025639056
bf9f3b849aa3,Raichur,Ashihal,2025.0,1.0,pigeon_pea,2025-06-01,0.0,"POLYGON((76.3902230 16.0426641, 76.3903776 16.0431510, 76.3901965 16.0431716, 76.3901275 16.0429477, 76.3900322 16.0429042, 76.3897020 16.0429216, 76.3895729 16.0428726, 76.3894576 16.0429026, 76.3894499 16.0429825, 76.3893339 16.0430053, 76.3893024 16.0429077, 76.3893577 16.0428336, 76.3893433 16.0427527, 76.3892524 16.0427443, 76.3892001 16.0425430, 76.3896172 16.0423909, 76.3899642 16.0422723, 76.3900705 16.0422455, 76.3901821 16.0425291, 76.3902230 16.0426641))",0.6667844484510886,16.04267765483023,76.38980903190975,010604268025638981
40842c7046b1,Chamarajanagar,Lakkur,2025.0,1.0,horse_gram,2025-09-13,1.0,"POLYGON((76.8061833 11.8617625, 76.8063795 11.8623013, 76.8059704 11.8623259, 76.8058719 11.8618225, 76.8061833 11.8617625))",0.23363339786478682,11.86206293591261,76.80610679012676,010186206025680611
a696d72241cb,Chamarajanagar,Lakkur,2025.0,1.0,horse_gram,2025-09-13,1.0,"POLYGON((76.8055581 11.8623580, 76.8058843 11.8623482, 76.8058196 11.8618242, 76.8054357 11.8618649, 76.8055581 11.8623580))",0.2203721310722653,11.86209123100974,76.80567455935379,010186209025680567
f3d241eb0cb8,Chamarajanagar,Lakkur,2025.0,1.0,horse_gram,2025-09-13,1.0,"POLYGON((76.8052188 11.8637394, 76.8051272 11.8635927, 76.8065290 11.8635038, 76.8065233 11.8636623, 76.8052188 11.8637394))",0.2529945951766023,11.86362335080926,76.80585356541395,010186362025680585
ef18b5b514cf,Chamarajanagar,Lakkur,2025.0,1.0,horse_gram,2025-08-23,1.0,"POLYGON((76.8052808 11.8639382, 76.8051641 11.8637706, 76.8065307 11.8636892, 76.8065357 11.8638486, 76.8052808 11.8639382))",0.264528984569128,11.86381120321196,76.80586732014015,010186381025680587
1a1d280c7fd6,Chamarajanagar,Lakkur,2025.0,1.0,horse_gram,2025-09-12,1.0,"POLYGON((76.8050525 11.8635829, 76.8049039 11.8633332, 76.8054655 11.8632308, 76.8055135 11.8635428, 76.8050525 11.8635829))",0.18141582313473323,11.863416105565898,76.80523896708577,010186342025680524
4e6107e317cf,Tumkur,Cholamballi,2025.0,1.0,finger_millet,2025-07-10,1.0,"POLYGON((77.1370328 13.2329289, 77.1370174 13.2326146, 77.1370905 13.2326149, 77.1369788 13.2319481, 77.1376021 13.2318786, 77.1377721 13.2325604, 77.1373855 13.2328290, 77.1370328 13.2329289))",0.7113320898915129,13.232367768715402,77.13734739342473,010323237025713735
947d86a75d46,Tumkur,Cholamballi,2025.0,1.0,sorghum,2025-08-14,1.0,"POLYGON((77.1378294 13.2325190, 77.1376658 13.2319432, 77.1386921 13.2318078, 77.1387541 13.2322001, 77.1378294 13.2325190))",0.5964505961376899,13.232122899846193,77.13820184714426,010323212025713820
65ab6804e7eb,Tumkur,Cholamballi,2025.0,1.0,horse_gram,2025-09-09,1.0,"POLYGON((77.1379079 13.2329155, 77.1377802 13.2326136, 77.1376216 13.2326936, 77.1377242 13.2328982, 77.1378003 13.2329844, 77.1379079 13.2329155))",0.06496089226116761,13.232797917534075,77.13776917958182,010323280025713777
b8de3337fec5,Tumkur,Cholamballi,2025.0,1.0,finger_millet,2025-08-07,1.0,"POLYGON((77.1370248 13.2329191, 77.1370171 13.2326071, 77.1370788 13.2326172, 77.1371770 13.2323450, 77.1376672 13.2322243, 77.1377734 13.2325493, 77.1373772 13.2328460, 77.1370248 13.2329191))",0.39265754893166593,13.232566618276214,77.13737539660542,010323257025713738
54e1161fdab1,Tumkur,Cholamballi,2025.0,1.0,finger_millet,2025-07-19,1.0,"POLYGON((77.1371978 13.2328835, 77.1376008 13.2326773, 77.1378056 13.2325523, 77.1377171 13.2322089, 77.1376269 13.2319400, 77.1371284 13.2320366, 77.1371508 13.2324592, 77.1371978 13.2328835))",0.5307664900406015,13.232375807924397,77.13743098682323,010323238025713743
7f625560bc8a,Tumkur,Cholamballi,2025.0,1.0,horse_gram,2025-08-12,1.0,"POLYGON((77.1378308 13.2324769, 77.1376755 13.2319243, 77.1383344 13.2318098, 77.1386254 13.2318098, 77.1387431 13.2318865, 77.1387548 13.2320242, 77.1387431 13.2321433, 77.1378308 13.2324769))",0.5708065094495343,13.232084757970986,77.13820125034795,010323208025713820
e243773b866c,Tumkur,Cholamballi,2025.0,1.0,maize,2025-09-10,1.0,"POLYGON((77.1376142 13.2327017, 77.1378043 13.2325604, 77.1379156 13.2329018, 77.1378117 13.2329488, 77.1377366 13.2329028, 77.1376142 13.2327017))",0.07492274811704634,13.23276733524258,77.13777438430306,010323277025713777
7d9b5e561b5e,Tumkur,Cholamballi,2025.0,1.0,finger_millet,2025-07-16,1.0,"POLYGON((77.1371686 13.2328649, 77.1371451 13.2323695, 77.1370999 13.2320229, 77.1376122 13.2319517, 77.1383360 13.2318362, 77.1386596 13.2318062, 77.1387434 13.2321250, 77.1371686 13.2328649))",1.1345508609792976,13.23223702772275,77.13781433143404,010323224025713781
98137d1e08bf,Raichur,Advibhavi (Mudgal),2025.0,1.0,pigeon_pea,2025-06-01,0.0,"POLYGON((76.4114084 16.0630773, 76.4117320 16.0631642, 76.4119737 16.0631691, 76.4120830 16.0629838, 76.4121769 16.0628643, 76.4123090 16.0626352, 76.4124059 16.0624461, 76.4125464 16.0622879, 76.4126322 16.0621094, 76.4127422 16.0619351, 76.4128548 16.0617295, 76.4130057 16.0615427, 76.4123747 16.0614879, 76.4114453 16.0614431, 76.4113571 16.0614612, 76.4113501 16.0617573, 76.4113377 16.0620736, 76.4113250 16.0623411, 76.4113679 16.0627135, 76.4114084 16.0630773))",2.2577628315159806,16.06218242041067,76.41196015077828,010606218025641196
98ee5e8953fe,Raichur,Advibhavi (Mudgal),2025.0,1.0,pigeon_pea,2025-06-01,0.0,"POLYGON((76.4237127 16.0640216, 76.4237771 16.0642687, 76.4238505 16.0644646, 76.4240772 16.0651341, 76.4242143 16.0650983, 76.4242914 16.0650603, 76.4243934 16.0650606, 76.4244121 16.0650342, 76.4244148 16.0649646, 76.4244178 16.0649324, 76.4243853 16.0648989, 76.4243970 16.0648502, 76.4244668 16.0647835, 76.4245540 16.0646904, 76.4249637 16.0646660, 76.4249378 16.0644385, 76.4248208 16.0642500, 76.4245700 16.0642884, 76.4242686 16.0641691, 76.4239397 16.0640718, 76.4237952 16.0640332, 76.4237127 16.0640216))",0.858870110520845,16.06452918808149,76.42428947019198,010606453025642429
06a37ca0cb1f,Raichur,Advibhavi (Mudgal),2025.0,1.0,pigeon_pea,2025-06-01,0.0,"POLYGON((76.4230134 16.0643480, 76.4231669 16.0647684, 76.4233289 16.0652465, 76.4235920 16.0651744, 76.4237684 16.0651908, 76.4239290 16.0651718, 76.4240175 16.0651505, 76.4239786 16.0649859, 76.4238921 16.0648258, 76.4238455 16.0648087, 76.4238254 16.0647301, 76.4238660 16.0646817, 76.4237248 16.0642574, 76.4236393 16.0640660, 76.4234050 16.0641608, 76.4230134 16.0643480))",0.8485224350207041,16.064689696189518,76.42351250582433,010606469025642351
fe707758ecbe,Raichur,Advibhavi (Mudgal),2025.0,1.0,pigeon_pea,2025-06-01,0.0,"POLYGON((76.4223559 16.0645886, 76.4225064 16.0651882, 76.4226191 16.0655342, 76.4228870 16.0654540, 76.4229225 16.0654170, 76.4232085 16.0653499, 76.4232595 16.0652907, 76.4231632 16.0649984, 76.4231310 16.0648219, 76.4230409 16.0646302, 76.4229554 16.0644227, 76.4227639 16.0644581, 76.4227337 16.0644720, 76.4227327 16.0646099, 76.4228179 16.0647955, 76.4228310 16.0648670, 76.4226251 16.0649060, 76.4225534 16.0647819, 76.4225778 16.0647101, 76.4226737 16.0646734, 76.4226114 16.0645680, 76.4225939 16.0645451, 76.4223559 16.0645886))",0.6876849263963284,16.065000618637175,76.42281531576675,010606500025642282
a40277b07227,Raichur,Advibhavi (Mudgal),2025.0,1.0,pigeon_pea,2025-06-01,0.0,"POLYGON((76.4209410 16.0649775, 76.4210205 16.0652833, 76.4210885 16.0655462, 76.4211931 16.0658397, 76.4214714 16.0658461, 76.4217316 16.0657710, 76.4217303 16.0657124, 76.4217859 16.0656918, 76.4217524 16.0654469, 76.4216840 16.0651615, 76.4216186 16.0648738, 76.4215603 16.0647452, 76.4209410 16.0649775))",0.7688443215916605,16.065326524994795,76.42138447952752,010606533025642138
9f4bf7946cc6,Raichur,Advibhavi (Mudgal),2025.0,1.0,pigeon_pea,2025-06-01,0.0,"POLYGON((76.4222395 16.0645774, 76.4222727 16.0647188, 76.4221775 16.0647971, 76.4222177 16.0649231, 76.4223509 16.0649752, 76.4224514 16.0654099, 76.4224967 16.0655339, 76.4224052 16.0655600, 76.4222466 16.0656238, 76.4218681 16.0657130, 76.4217718 16.0653554, 76.4216954 16.0650323, 76.4216451 16.0647633, 76.4219495 16.0646634, 76.4222395 16.0645774))",0.7282868119199456,16.065164669559714,76.42205183564799,010606516025642205
0d8184e36084,Raichur,Advibhavi (Mudgal),2025.0,1.0,pigeon_pea,2025-06-01,0.0,"POLYGON((76.4133758 16.0630102, 76.4133752 16.0632909, 76.4133933 16.0634713, 76.4131378 16.0634855, 76.4130738 16.0632799, 76.4130570 16.0630334, 76.4133758 16.0630102))",0.16037921287428214,16.063242448173753,76.4132307585205,010606324025641323
297f1c675380,Raichur,Advibhavi (Mudgal),2025.0,1.0,pigeon_pea,2025-06-01,1.0,"POLYGON((76.4137718 16.0641569, 76.4139260 16.0641901, 76.4140759 16.0641949, 76.4140823 16.0647984, 76.4136193 16.0648212, 76.4130704 16.0647819, 76.4130342 16.0645651, 76.4131271 16.0641153, 76.4134805 16.0641376, 76.4137718 16.0641569))",0.7822622816763948,16.064481355693456,76.41356623659479,010606448025641357
4435532ddb5a,Raichur,Advibhavi (Mudgal),2025.0,1.0,pigeon_pea,2025-06-01,1.0,"POLYGON((76.4226191 16.0609102, 76.4220997 16.0610523, 76.4213879 16.0611934, 76.4211060 16.0612205, 76.4211311 16.0610845, 76.4213393 16.0610223, 76.4213879 16.0609582, 76.4213507 16.0608500, 76.4210111 16.0608790, 76.4210362 16.0607304, 76.4212612 16.0606248, 76.4213980 16.0605420, 76.4213930 16.0602936, 76.4219670 16.0601898, 76.4224833 16.0601608, 76.4225058 16.0605159, 76.4223173 16.0606715, 76.4223143 16.0607449, 76.4221135 16.0607404, 76.4221215 16.0609209, 76.4221929 16.0609505, 76.4222576 16.0609060, 76.4224102 16.0608761, 76.4225842 16.0608210, 76.4226191 16.0609102))",1.1930243020858822,16.0606676038892,76.42181919964536,010606067025642182
f6d7cf07755b,Raichur,Advibhavi (Mudgal),2025.0,1.0,pigeon_pea,2025-06-01,0.0,"POLYGON((76.4222905 16.0617051, 76.4223059 16.0620540, 76.4223036 16.0620862, 76.4221929 16.0620959, 76.4220387 16.0621149, 76.4219401 16.0621336, 76.4217588 16.0621497, 76.4216578 16.0617827, 76.4219371 16.0617099, 76.4221514 16.0616893, 76.4222905 16.0617051))",0.2841490567784949,16.061913573727974,76.42200215415043,010606191025642200
7011df5ae7b0,Raichur,Advibhavi (Mudgal),2025.0,1.0,pigeon_pea,2025-06-01,0.0,"POLYGON((76.4223284 16.0616999, 76.4223673 16.0620849, 76.4231237 16.0620414, 76.4231139 16.0617064, 76.4227622 16.0617154, 76.4226868 16.0616954, 76.4225986 16.0616902, 76.4223284 16.0616999))",0.32910650070827585,16.061882146289914,76.42272152451869,010606188025642272
0075269f73be,Raichur,Advibhavi (Mudgal),2025.0,1.0,pigeon_pea,2025-06-01,0.0,"POLYGON((76.4216491 16.0617692, 76.4217068 16.0618839, 76.4219804 16.0618784, 76.4220209 16.0620273, 76.4218701 16.0620820, 76.4218134 16.0621184, 76.4217370 16.0620930, 76.4217215 16.0621358, 76.4217584 16.0621606, 76.4218463 16.0621494, 76.4220320 16.0621213, 76.4221638 16.0620936, 76.4224099 16.0620733, 76.4231076 16.0620305, 76.4231284 16.0619705, 76.4231133 16.0618584, 76.4231002 16.0617173, 76.4229852 16.0617086, 76.4227260 16.0617109, 76.4225584 16.0617009, 76.4216491 16.0617692))",0.5316760785110646,16.061893813113716,76.42245355939767,010606189025642245
6088f4288faf,Raichur,Advibhavi (Mudgal),2025.0,1.0,pigeon_pea,2025-06-01,0.0,"POLYGON((76.4216022 16.0623749, 76.4216575 16.0625237, 76.4213283 16.0625753, 76.4203000 16.0627080, 76.4202400 16.0623759, 76.4201508 16.0620595, 76.4203013 16.0620024, 76.4203161 16.0618046, 76.4204606 16.0617808, 76.4206513 16.0617643, 76.4206326 16.0616181, 76.4210423 16.0613822, 76.4212253 16.0616065, 76.4212096 16.0616793, 76.4211083 16.0617189, 76.4211429 16.0618165, 76.4211968 16.0618162, 76.4212424 16.0618310, 76.4212441 16.0618655, 76.4210527 16.0618935, 76.4209273 16.0619544, 76.4207375 16.0620514, 76.4207345 16.0620775, 76.4209353 16.0620244, 76.4210399 16.0620463, 76.4211087 16.0621101, 76.4208659 16.0621477, 76.4205464 16.0621516, 76.4204230 16.0622702, 76.4204032 16.0623733, 76.4204522 16.0624461, 76.4205772 16.0624023, 76.4205940 16.0623710, 76.4206000 16.0623208, 76.4206420 16.0622937, 76.4206557 16.0622547, 76.4207479 16.0622312, 76.4207566 16.0622602, 76.4208170 16.0622763, 76.4208518 16.0622273, 76.4209511 16.0622122, 76.4210201 16.0622077, 76.4210265 16.0622608, 76.4210527 16.0623059, 76.4211429 16.0622950, 76.4211938 16.0622119, 76.4212967 16.0621500, 76.4213075 16.0620823, 76.4213604 16.0620041, 76.4214775 16.0619525, 76.4215100 16.0620247, 76.4215495 16.0620981, 76.4215244 16.0621091, 76.4214651 16.0620633, 76.4214081 16.0620840, 76.4213782 16.0621709, 76.4214071 16.0622280, 76.4214138 16.0622715, 76.4214768 16.0622824, 76.4215368 16.0623047, 76.4216022 16.0623749))",1.1547815318332066,16.062154918406,76.42083440766093,010606215025642083
a22f1536e562,Raichur,Advibhavi (Mudgal),2025.0,1.0,pigeon_pea,2025-06-01,0.0,"POLYGON((76.4217246 16.0622051, 76.4222365 16.0621445, 76.4232189 16.0620836, 76.4232470 16.0624184, 76.4228102 16.0624406, 76.4224575 16.0625054, 76.4220957 16.0625956, 76.4218496 16.0626323, 76.4217658 16.0624377, 76.4217246 16.0622051))",0.6554953962837048,16.062324884906655,76.42245712002875,010606232025642246
72866d1839df,Raichur,Advibhavi (Mudgal),2025.0,1.0,pigeon_pea,2025-06-01,0.0,"POLYGON((76.4220578 16.0626684, 76.4225299 16.0625550, 76.4229198 16.0625070, 76.4229456 16.0625740, 76.4231005 16.0625647, 76.4232145 16.0633982, 76.4233567 16.0640470, 76.4231401 16.0641476, 76.4228695 16.0642526, 76.4225778 16.0644114, 76.4224652 16.0644320, 76.4223740 16.0642081, 76.4223103 16.0638988, 76.4222137 16.0633791, 76.4221618 16.0630927, 76.4221152 16.0628759, 76.4220578 16.0626684))",2.0142457666798923,16.063410452044646,76.42271283980821,010606341025642271
ecfc654f8c17,Raichur,Advibhavi (Mudgal),2025.0,1.0,pigeon_pea,2025-06-01,0.0,"POLYGON((76.4220729 16.0630860, 76.4215033 16.0632061, 76.4209802 16.0632857, 76.4204378 16.0634043, 76.4203660 16.0631256, 76.4203355 16.0628740, 76.4203824 16.0628527, 76.4203835 16.0627457, 76.4208002 16.0627122, 76.4210761 16.0626690, 76.4210879 16.0627325, 76.4212019 16.0627241, 76.4212394 16.0626442, 76.4215683 16.0625895, 76.4217078 16.0626088, 76.4217571 16.0626997, 76.4219991 16.0627158, 76.4220585 16.0629129, 76.4220803 16.0630515, 76.4220729 16.0630860))",1.1247482480275015,16.062970928194606,76.42115704872602,010606297025642116
a58afa95458e,Raichur,Advibhavi (Mudgal),2025.0,1.0,pigeon_pea,2025-06-01,1.0,"POLYGON((76.4212361 16.0633199, 76.4204679 16.0634993, 76.4205370 16.0637700, 76.4206510 16.0641028, 76.4207036 16.0643898, 76.4214362 16.0642848, 76.4213621 16.0639687, 76.4213088 16.0636198, 76.4212361 16.0633199))",0.8531172478712069,16.063863659613848,76.42096702657899,010606386025642097
eec08c3d3d7b,Raichur,Advibhavi (Mudgal),2025.0,1.0,pigeon_pea,2025-06-01,0.0,"POLYGON((76.4213437 16.0633073, 76.4220974 16.0631446, 76.4221426 16.0633315, 76.4220806 16.0633450, 76.4220796 16.0634436, 76.4221809 16.0634565, 76.4222057 16.0635989, 76.4214295 16.0637580, 76.4213517 16.0634951, 76.4213437 16.0633073))",0.4260713101377318,16.063455536283158,76.42175608627066,010606346025642176
60ea81ffc050,Raichur,Advibhavi (Mudgal),2025.0,1.0,pigeon_pea,2025-06-01,1.0,"POLYGON((76.4203476 16.0633263, 76.4205648 16.0641424, 76.4206591 16.0646121, 76.4199466 16.0647082, 76.4198517 16.0642355, 76.4198269 16.0640464, 76.4197783 16.0640180, 76.4196948 16.0636678, 76.4196693 16.0634845, 76.4198742 16.0634426, 76.4199064 16.0635306, 76.4200331 16.0635048, 76.4200411 16.0633930, 76.4203476 16.0633263))",1.0724042785668324,16.06404102404262,76.42016734781335,010606404025642017
20b138e50063,Raichur,Advibhavi (Mudgal),2025.0,1.0,pigeon_pea,2025-06-01,1.0,"POLYGON((76.4247819 16.0604443, 76.4242706 16.0604585, 76.4240075 16.0604327, 76.4234693 16.0606531, 76.4232682 16.0606799, 76.4231666 16.0602491, 76.4233362 16.0602958, 76.4233721 16.0603718, 76.4236386 16.0603142, 76.4236504 16.0601511, 76.4238049 16.0600861, 76.4237644 16.0599665, 76.4241496 16.0598770, 76.4245996 16.0598206, 76.4246428 16.0600822, 76.4247266 16.0601292, 76.4248007 16.0602858, 76.4247819 16.0604443))",0.8691830270088411,16.060247767628518,76.42405889687345,010606025025642406
c8631e5ce7cf,Raichur,Advibhavi (Mudgal),2025.0,1.0,pigeon_pea,2025-06-01,0.0,"POLYGON((76.4249382 16.0605413, 76.4250274 16.0609682, 76.4255088 16.0609028, 76.4258498 16.0608973, 76.4258411 16.0606051, 76.4256342 16.0605809, 76.4254478 16.0605619, 76.4249382 16.0605413))",0.3640355364800646,16.06074120565636,76.42538516917213,010606074025642539
e8b9e866bccf,Raichur,Advibhavi (Mudgal),2025.0,1.0,pigeon_pea,2025-06-01,0.0,"POLYGON((76.4239763 16.0616464, 76.4231719 16.0617067, 76.4231746 16.0620292, 76.4237010 16.0619876, 76.4243115 16.0619448, 76.4249402 16.0618874, 76.4253201 16.0618623, 76.4252768 16.0615501, 76.4249539 16.0615900, 76.4247551 16.0616213, 76.4245070 16.0616293, 76.4242549 16.0616361, 76.4239763 16.0616464))",0.7791901190499261,16.061793324508866,76.42421748896872,010606179025642422
54eb29daac90,Raichur,Advibhavi (Mudgal),2025.0,1.0,pigeon_pea,2025-06-01,0.0,"POLYGON((76.4242415 16.0605497, 76.4243488 16.0608210, 76.4241825 16.0607511, 76.4239739 16.0606322, 76.4239438 16.0605648, 76.4234449 16.0607356, 76.4227572 16.0609821, 76.4228397 16.0616364, 76.4234449 16.0616303, 76.4233664 16.0611931, 76.4236299 16.0611209, 76.4239535 16.0613958, 76.4240805 16.0614976, 76.4241369 16.0614795, 76.4240953 16.0614267, 76.4240551 16.0613974, 76.4241023 16.0612891, 76.4242391 16.0612846, 76.4243196 16.0612817, 76.4243625 16.0612840, 76.4243830 16.0615527, 76.4250619 16.0615233, 76.4249060 16.0610733, 76.4249771 16.0609631, 76.4258223 16.0609192, 76.4258434 16.0606261, 76.4253626 16.0605584, 76.4249070 16.0605432, 76.4242415 16.0605497))",2.32690253042535,16.061024909340688,76.42419160266614,010606102025642419
4f4d4362e5fe,Raichur,Advibhavi (Mudgal),2025.0,1.0,pigeon_pea,2025-06-01,0.0,"POLYGON((76.4271208 16.0636479, 76.4272365 16.0648225, 76.4269830 16.0647784, 76.4268684 16.0646560, 76.4264372 16.0646576, 76.4263289 16.0639878, 76.4262478 16.0635795, 76.4270913 16.0634558, 76.4271208 16.0636479))",1.1574956836442873,16.064104630432332,76.42677324154184,010606410025642677
4c0421af783b,Raichur,Advibhavi (Mudgal),2025.0,1.0,pigeon_pea,2025-06-01,0.0,"POLYGON((76.4283161 16.0631955, 76.4283070 16.0626043, 76.4282608 16.0619905, 76.4274665 16.0621371, 76.4269894 16.0622016, 76.4269626 16.0622041, 76.4269944 16.0624455, 76.4270806 16.0627999, 76.4270682 16.0629152, 76.4271547 16.0633875, 76.4283161 16.0631955))",1.7672840972659494,16.062687043777128,76.42767767449202,010606269025642768
cb21e8eed420,Raichur,Advibhavi (Mudgal),2025.0,1.0,pigeon_pea,2025-06-01,0.0,"POLYGON((76.4283027 16.0632541, 76.4283811 16.0635882, 76.4284120 16.0638515, 76.4281840 16.0638953, 76.4276412 16.0639401, 76.4276083 16.0636198, 76.4276033 16.0633634, 76.4283027 16.0632541))",0.5372057358770608,16.063610455776825,76.42799613972865,010606361025642800
1940cc161f17,Raichur,Advibhavi (Mudgal),2025.0,1.0,pigeon_pea,2025-06-01,0.0,"POLYGON((76.4032669 16.0606824, 76.4033461 16.0606451, 76.4033729 16.0606918, 76.4033380 16.0607172, 76.4033933 16.0607404, 76.4034359 16.0606889, 76.4034882 16.0605259, 76.4036860 16.0604182, 76.4038600 16.0604766, 76.4038808 16.0606960, 76.4035003 16.0608229, 76.4034534 16.0608931, 76.4035442 16.0609824, 76.4037072 16.0610175, 76.4038205 16.0608931, 76.4039241 16.0608867, 76.4039462 16.0609650, 76.4040347 16.0614376, 76.4042215 16.0621558, 76.4036193 16.0620495, 76.4034956 16.0616416, 76.4034473 16.0614586, 76.4033863 16.0612211, 76.4032669 16.0606824))",1.0067893328219453,16.061352964968666,76.40373620026492,010606135025640374
6c989c073630,Raichur,Advibhavi (Mudgal),2025.0,1.0,pigeon_pea,2025-06-01,0.0,"POLYGON((76.3947888 16.0662521, 76.3945139 16.0655977, 76.3951197 16.0654717, 76.3960266 16.0653164, 76.3964763 16.0652568, 76.3969537 16.0651589, 76.3970318 16.0656882, 76.3947888 16.0662521))",1.759761237005525,16.065680512167972,76.39576230470998,010606568025639576
187a3a3b1519,Raichur,Advibhavi (Mudgal),2025.0,1.0,pigeon_pea,2025-06-01,0.0,"POLYGON((76.3960283 16.0668568, 76.3957739 16.0661090, 76.3952669 16.0661921, 76.3951945 16.0662862, 76.3951083 16.0663242, 76.3950413 16.0662472, 76.3948931 16.0663023, 76.3948468 16.0664025, 76.3952797 16.0671361, 76.3960283 16.0668568))",0.8989418327965876,16.066596120562288,76.39545901032542,010606660025639546
1ceceb3b34ff,Raichur,Advibhavi (Mudgal),2025.0,1.0,pigeon_pea,2025-06-01,0.0,"POLYGON((76.3960897 16.0668552, 76.3959536 16.0665298, 76.3957963 16.0660739, 76.3960964 16.0659544, 76.3961457 16.0660368, 76.3963046 16.0659859, 76.3963391 16.0659289, 76.3966627 16.0658448, 76.3967140 16.0659866, 76.3967897 16.0662327, 76.3968595 16.0666219, 76.3960897 16.0668552))",0.8382885277277473,16.06634332573143,76.39635002580694,010606634025639635
84ddf8436d38,Raichur,Advibhavi (Mudgal),2025.0,1.0,pigeon_pea,2025-06-01,0.0,"POLYGON((76.3951341 16.0677998, 76.3952880 16.0682003, 76.3954171 16.0685563, 76.3952766 16.0686819, 76.3950694 16.0686265, 76.3948840 16.0685547, 76.3948290 16.0682744, 76.3947439 16.0678446, 76.3949427 16.0678137, 76.3951341 16.0677998))",0.4518661796069361,16.06824091617846,76.39506542240602,010606824025639507
f32c59936958,Chamarajanagar,Terakanambi,2025.0,2.0,other:erulli,2025-11-06,,"POLYGON((76.7937858 11.8024670, 76.7938405 11.8022750, 76.7943655 11.8023436, 76.7942894 11.8025474, 76.7937858 11.8024670))",0.12850350640578248,11.802408155441286,76.79407358384533,010180241025679407
b51f3e263b4d,Koppal,Thalakalla,2025.0,2.0,maize,2025-11-12,1.0,"POLYGON((76.2602968 15.6593980, 76.2602914 15.6582303, 76.2591958 15.6580031, 76.2602968 15.6593980))",0.75747423582056,15.658543807152656,76.25992801040411,010565854025625993
4a1b75ad8988,Koppal,Thalakalla,2025.0,2.0,maize,2025-10-09,1.0,"POLYGON((76.2623075 15.6579860, 76.2628761 15.6600059, 76.2615829 15.6583062, 76.2623075 15.6579860))",0.9752230907186807,15.65876602282089,76.26225549727678,010565877025626226
883251966e01,Chamarajanagar,Terakanambi,2025.0,2.0,sorghum,2025-11-06,1.0,"POLYGON((76.7959004 11.8047659, 76.7958927 11.8045631, 76.7947672 11.8045789, 76.7947876 11.8047439, 76.7959004 11.8047659))",0.24798974266649934,11.804662809333571,76.79535613602648,010180466025679536
5718664037cb,Raichur,Advibhavi (Mudgal),2025.0,1.0,pigeon_pea,2025-06-01,1.0,"POLYGON((76.4037759 16.0563080, 76.4031650 16.0563006, 76.4027774 16.0563509, 76.4024851 16.0564379, 76.4023587 16.0557960, 76.4023503 16.0556733, 76.4030560 16.0555251, 76.4036166 16.0554300, 76.4037102 16.0554606, 76.4037444 16.0556475, 76.4037638 16.0560419, 76.4037759 16.0563080))",1.282019306880466,16.055928554558697,76.40309532917318,010605593025640310
6ecdbd53580a,Raichur,Advibhavi (Mudgal),2025.0,1.0,pigeon_pea,2025-06-01,0.0,"POLYGON((76.4047820 16.0531923, 76.4044706 16.0533145, 76.4041524 16.0534214, 76.4040263 16.0528614, 76.4039526 16.0525106, 76.4040931 16.0525160, 76.4043928 16.0524139, 76.4048032 16.0522673, 76.4048488 16.0523298, 76.4048702 16.0523507, 76.4049976 16.0522911, 76.4052166 16.0525998, 76.4053547 16.0528283, 76.4053916 16.0529069, 76.4050684 16.0530908, 76.4047820 16.0531923))",1.2167811780019335,16.052812274359177,76.40461869042741,010605281025640462
c01a2a9039fc,Raichur,Advibhavi (Mudgal),2025.0,1.0,pigeon_pea,2025-06-01,1.0,"POLYGON((76.4049095 16.0551861, 76.4046791 16.0543951, 76.4042121 16.0546265, 76.4037373 16.0550096, 76.4032421 16.0552689, 76.4029065 16.0554932, 76.4033702 16.0554419, 76.4040055 16.0553363, 76.4045142 16.0552467, 76.4048813 16.0552038, 76.4049095 16.0551861))",1.0252599792561785,16.05502397053611,76.4041581737315,010605502025640416
8816795503f2,Raichur,Advibhavi (Mudgal),2025.0,1.0,pigeon_pea,2025-06-01,0.0,"POLYGON((76.4058895 16.0549880, 76.4059106 16.0549061, 76.4060048 16.0548723, 76.4060286 16.0546091, 76.4058791 16.0541480, 76.4055311 16.0534008, 76.4054727 16.0532445, 76.4050855 16.0534292, 76.4047522 16.0536354, 76.4049255 16.0539147, 76.4050758 16.0543255, 76.4051770 16.0547183, 76.4052608 16.0551568, 76.4058895 16.0549880))",1.6325722393784006,16.05422418812622,76.40543946522415,010605422025640544
1a2dbec1491e,Raichur,Advibhavi (Mudgal),2025.0,1.0,pigeon_pea,2025-06-01,1.0,"POLYGON((76.4060025 16.0550431, 76.4052350 16.0552038, 76.4043405 16.0553011, 76.4043951 16.0558447, 76.4047861 16.0558273, 76.4048018 16.0558917, 76.4051716 16.0558440, 76.4051777 16.0557670, 76.4053366 16.0557374, 76.4055958 16.0557757, 76.4058419 16.0557058, 76.4058429 16.0556079, 76.4060061 16.0555502, 76.4060189 16.0552866, 76.4060025 16.0550431))",1.15053172348029,16.055486347090774,76.40519200791967,010605549025640519
14fbbd3a0826,Raichur,Advibhavi (Mudgal),2025.0,1.0,pigeon_pea,2025-06-01,0.0,"POLYGON((76.4055606 16.0528624, 76.4058090 16.0534862, 76.4060310 16.0541515, 76.4062827 16.0540687, 76.4065453 16.0539018, 76.4067300 16.0536505, 76.4070757 16.0533125, 76.4068970 16.0528408, 76.4067612 16.0524242, 76.4066680 16.0522702, 76.4055606 16.0528624))",1.9522674844228343,16.05319056069873,76.40633303200433,010605319025640633
95fb0f515e6c,Raichur,Advibhavi (Mudgal),2025.0,1.0,pigeon_pea,2025-06-01,1.0,"POLYGON((76.3921559 16.0708131, 76.3924858 16.0716066, 76.3931111 16.0714559, 76.3930333 16.0711765, 76.3928821 16.0708209, 76.3927879 16.0706005, 76.3921559 16.0708131))",0.697361604769623,16.0711141843669,76.39264425687794,010607111025639264
d101623621ac,Raichur,Advibhavi (Mudgal),2025.0,1.0,pigeon_pea,2025-06-01,0.0,"POLYGON((76.3920684 16.0708447, 76.3917683 16.0708521, 76.3915024 16.0709098, 76.3917857 16.0719543, 76.3924365 16.0716923, 76.3922823 16.0713044, 76.3921348 16.0709394, 76.3920684 16.0708447))",0.7660207526884323,16.071361175283272,76.39194865061249,010607136025639195
0003a0d34e44,Raichur,Advibhavi (Mudgal),2025.0,1.0,pigeon_pea,2025-06-01,0.0,"POLYGON((76.3935382 16.0703421, 76.3942011 16.0702090, 76.3944552 16.0709504, 76.3938755 16.0711446, 76.3937149 16.0708315, 76.3935382 16.0703421))",0.638245668288606,16.070659746032618,76.39400380953377,010607066025639400
791e45d2f867,Raichur,Advibhavi (Mudgal),2025.0,1.0,pigeon_pea,2025-06-01,1.0,"POLYGON((76.3935040 16.0703605, 76.3937662 16.0710657, 76.3933548 16.0712236, 76.3931134 16.0713170, 76.3929947 16.0710274, 76.3928261 16.0705683, 76.3929874 16.0704909, 76.3933957 16.0703395, 76.3934229 16.0703698, 76.3935040 16.0703605))",0.6742059841130925,16.07081476153698,76.39329344102832,010607081025639329
5df91edd6020,Raichur,Advibhavi (Mudgal),2025.0,1.0,pigeon_pea,2025-06-01,0.0,"POLYGON((76.3889560 16.0731189, 76.3887981 16.0722423, 76.3880561 16.0722355, 76.3880310 16.0726518, 76.3880414 16.0731537, 76.3885118 16.0731469, 76.3888323 16.0731402, 76.3889560 16.0731189))",0.8999608737468893,16.072707872395352,76.38845802136697,010607271025638846
1880bf9f9fc5,Tumkur,Cholamballi,2025.0,1.0,finger_millet,2025-08-05,1.0,"POLYGON((77.1345152 13.2362373, 77.1346564 13.2362011, 77.1346162 13.2360519, 77.1344777 13.2360781, 77.1345152 13.2362373))",0.027285948355925325,13.236142708790593,77.1345657968858,010323614025713457
47f9285f76dc,Tumkur,Cholamballi,2025.0,1.0,finger_millet,2025-08-05,1.0,"POLYGON((77.1342370 13.2357742, 77.1343235 13.2359403, 77.1344110 13.2359070, 77.1343194 13.2357396, 77.1342370 13.2357742))",0.020604494470936936,13.235840828844267,77.13432312871286,010323584025713432
fa240d78128e,Tumkur,Cholamballi,2025.0,1.0,finger_millet,2025-07-29,,"POLYGON((77.1337609 13.2354400, 77.1339416 13.2353584, 77.1338299 13.2351404, 77.1336720 13.2352422, 77.1337609 13.2354400))",0.053193352332750535,13.235295361360375,77.1338033588337,010323530025713380
9ce5f6bb3295,Tumkur,Cholamballi,2025.0,1.0,horse_gram,2025-08-20,1.0,"POLYGON((77.1291200 13.2326130, 77.1295163 13.2327882, 77.1294656 13.2318519, 77.1290858 13.2318626, 77.1291200 13.2326130))",0.3879883512228325,13.232281711697649,77.12930405274062,010323228025712930
2239377c9873,Tumkur,Cholamballi,2025.0,1.0,finger_millet,2025-07-20,1.0,"POLYGON((77.1286838 13.2324589, 77.1286459 13.2319165, 77.1290351 13.2319152, 77.1290891 13.2326322, 77.1286838 13.2324589))",0.2950601588605343,13.232233125078368,77.12887265782803,010323223025712887
5f27f16137f6,Tumkur,Cholamballi,2025.0,1.0,finger_millet,2025-07-19,1.0,"POLYGON((77.1295689 13.2332748, 77.1296011 13.2329873, 77.1287579 13.2327004, 77.1287341 13.2331733, 77.1295689 13.2332748))",0.3887717938226856,13.233025489562522,77.12913237649168,010323303025712913
a9d7f032e410,Tumkur,Cholamballi,2025.0,1.0,finger_millet,2025-07-15,1.0,"POLYGON((77.1301519 13.2334139, 77.1301955 13.2338183, 77.1298566 13.2338313, 77.1297476 13.2333571, 77.1301519 13.2334139))",0.19363124923664263,13.233599561177526,77.12998229491087,010323360025712998
9dfc7b9394bb,Tumkur,Cholamballi,2025.0,1.0,finger_millet,2025-07-16,1.0,"POLYGON((77.1317646 13.2316182, 77.1317717 13.2318264, 77.1304054 13.2320813, 77.1304524 13.2318659, 77.1317646 13.2316182))",0.33390572225466847,13.231848358141674,77.13110003259274,010323185025713110
df01847a2543,Tumkur,Cholamballi,2025.0,1.0,finger_millet,2025-07-16,1.0,"POLYGON((77.1318220 13.2315940, 77.1317928 13.2313829, 77.1305295 13.2317128, 77.1305053 13.2318630, 77.1318220 13.2315940))",0.28012929041215934,13.231628664744573,77.13120593823612,010323163025713121
2b38d8f08c2c,Tumkur,Cholamballi,2025.0,1.0,horse_gram,2025-07-23,1.0,"POLYGON((77.1346628 13.2345875, 77.1342594 13.2347158, 77.1340569 13.2345477, 77.1340059 13.2343688, 77.1346628 13.2345875))",0.11987858986571068,13.234555548257477,77.13428146476332,010323456025713428
f361ee3ad594,Tumkur,Cholamballi,2025.0,1.0,finger_millet,2025-07-08,1.0,"POLYGON((77.1371767 13.2320447, 77.1386995 13.2318989, 77.1389489 13.2333215, 77.1371321 13.2328483, 77.1371767 13.2320447))",2.2070600854329454,13.232548936772094,77.1380649725613,010323255025713806
982e5d422bdf,Tumkur,Cholamballi,2025.0,1.0,sorghum,2025-07-16,1.0,"POLYGON((77.1403695 13.2304501, 77.1403289 13.2302249, 77.1401985 13.2302363, 77.1402320 13.2304615, 77.1403695 13.2304501))",0.03665071933949706,13.230344152840248,77.14028242357,010323034025714028
7edfa7196363,Tumkur,Cholamballi,2025.0,1.0,finger_millet,2025-06-13,1.0,"POLYGON((77.1402595 13.2291654, 77.1407859 13.2289709, 77.1408573 13.2300183, 77.1404530 13.2300770, 77.1402595 13.2291654))",0.5662608536136908,13.229533100322765,77.14058963335361,010322953025714059
ada6a47eca5b,Tumkur,Cholamballi,2025.0,1.0,finger_millet,2025-08-03,1.0,"POLYGON((77.1332395 13.2376270, 77.1330853 13.2373222, 77.1336408 13.2371162, 77.1337025 13.2374338, 77.1332395 13.2376270))",0.21571366698246341,13.237371556836388,77.13341270326752,010323737025713341
4105971de11b,Tumkur,Cholamballi,2025.0,1.0,finger_millet,2025-08-04,1.0,"POLYGON((77.1333827 13.2357726, 77.1335624 13.2356472, 77.1334906 13.2354570, 77.1332938 13.2356557, 77.1333827 13.2357726))",0.050229194380709774,13.235626965742952,77.13343515157331,010323563025713344
61b15cc62947,Tumkur,Cholamballi,2025.0,1.0,finger_millet,2025-07-30,1.0,"POLYGON((77.1323349 13.2363000, 77.1322508 13.2359681, 77.1325381 13.2358538, 77.1326149 13.2361561, 77.1323349 13.2363000))",0.12020544281971202,13.236070503056542,77.13243247159528,010323607025713243
e3bcb61d3995,Tumkur,Cholamballi,2025.0,1.0,finger_millet,2025-06-22,1.0,"POLYGON((77.1390177 13.2302839, 77.1391249 13.2306172, 77.1393653 13.2302790, 77.1392671 13.2299373, 77.1390177 13.2302839))",0.1411963367060041,13.230278685610704,77.13919329802839,010323028025713919
43d94955b36e,Tumkur,Cholamballi,2025.0,1.0,finger_millet,2025-06-18,1.0,"POLYGON((77.1395075 13.2297056, 77.1398119 13.2302445, 77.1403061 13.2300734, 77.1401086 13.2293009, 77.1395075 13.2297056))",0.5168576524054571,13.229809378082708,77.13993758776886,010322981025713994
7f2a07a80b83,Tumkur,Cholamballi,2025.0,1.0,finger_millet,2025-06-13,1.0,"POLYGON((77.1355630 13.2332458, 77.1355271 13.2338852, 77.1369976 13.2334971, 77.1368967 13.2332797, 77.1355630 13.2332458))",0.7265771592605481,13.233495019937095,77.1361370719447,010323350025713614
392ad8425444,Tumkur,Cholamballi,2025.0,1.0,finger_millet,2025-06-10,1.0,"POLYGON((77.1363727 13.2343215, 77.1362070 13.2338777, 77.1351851 13.2339952, 77.1352830 13.2344922, 77.1363727 13.2343215))",0.6179173978617839,13.234175673967062,77.13575486783998,010323418025713575
d1d2df742ed2,Raichur,Khairwadgi,2025.0,1.0,pigeon_pea,2025-06-01,0.0,"POLYGON((76.3784542 16.0859380, 76.3780797 16.0848182, 76.3774386 16.0848848, 76.3774889 16.0852038, 76.3776066 16.0855317, 76.3778017 16.0861908, 76.3781715 16.0861757, 76.3784247 16.0861406, 76.3784542 16.0859380))",1.098260875395152,16.085512379664717,76.37795170426364,010608551025637795
3fee243214d0,Raichur,Khairwadgi,2025.0,1.0,pigeon_pea,2025-06-01,0.0,"POLYGON((76.3739152 16.0870278, 76.3739122 16.0879594, 76.3743521 16.0879904, 76.3745552 16.0880667, 76.3749425 16.0880896, 76.3749777 16.0882755, 76.3750417 16.0883518, 76.3751845 16.0882945, 76.3752070 16.0875100, 76.3752107 16.0870455, 76.3745368 16.0870133, 76.3739152 16.0870278))",1.6052596697226889,16.08755668548146,76.37459308931535,010608756025637459
d1094c9fff1d,Raichur,Khairwadgi,2025.0,1.0,cotton,2025-06-01,0.0,"POLYGON((76.3691777 16.0784411, 76.3691606 16.0779759, 76.3686832 16.0779836, 76.3686758 16.0783547, 76.3687067 16.0784720, 76.3689605 16.0784739, 76.3691777 16.0784411))",0.2803731109433746,16.078223651001966,76.36892416619224,010607822025636892
9fcf41455d98,Raichur,Khairwadgi,2025.0,1.0,pigeon_pea,2025-06-01,0.0,"POLYGON((76.3887170 16.0927036, 76.3888088 16.0933985, 76.3889010 16.0941661, 76.3893835 16.0941374, 76.3893882 16.0938221, 76.3892869 16.0927107, 76.3887170 16.0927036))",0.9189892519802474,16.093413754433517,76.38907696228738,010609341025638908
2a100c95419c,Raichur,Khairwadgi,2025.0,1.0,pigeon_pea,2025-06-01,1.0,"POLYGON((76.3881902 16.0935334, 76.3882459 16.0939442, 76.3883136 16.0942318, 76.3888410 16.0941690, 76.3888303 16.0939657, 76.3887961 16.0935160, 76.3881902 16.0935334))",0.46501782911008943,16.09385645019422,76.38852738614139,010609386025638853
715a653fd6e1,Raichur,Khairwadgi,2025.0,2.0,pearl_millet,2025-10-10,1.0,"POLYGON((76.3887917 16.0934977, 76.3882107 16.0935373, 76.3880682 16.0927223, 76.3886623 16.0927258, 76.3887917 16.0934977))",0.554255175295869,16.093120228358206,76.38843044749754,010609312025638843
92c28c607f3b,Raichur,Khairwadgi,2025.0,1.0,pigeon_pea,2025-06-01,0.0,"POLYGON((76.3742820 16.0736547, 76.3744101 16.0723692, 76.3731498 16.0723763, 76.3732269 16.0735268, 76.3742820 16.0736547))",1.6696140295870114,16.072964618634586,76.37377906239429,010607296025637378
8ea2e730b712,Raichur,Khairwadgi,2025.0,1.0,cotton,2025-06-01,0.0,"POLYGON((76.3742106 16.0750593, 76.3742709 16.0736930, 76.3739759 16.0736817, 76.3739393 16.0737777, 76.3737891 16.0737835, 76.3737667 16.0736585, 76.3732406 16.0736437, 76.3733543 16.0749701, 76.3737683 16.0750519, 76.3742106 16.0750593))",1.4996345171983763,16.07433795125686,76.37376992085811,010607434025637377
6465692ef8e9,Raichur,Khairwadgi,2025.0,1.0,pigeon_pea,2025-06-01,0.0,"POLYGON((76.3733865 16.0750980, 76.3742163 16.0751486, 76.3740698 16.0768422, 76.3734629 16.0766962, 76.3733865 16.0750980))",1.402502434468905,16.07590480667033,76.37378930298681,010607590025637379
8d1c11736690,Raichur,Khairwadgi,2025.0,1.0,pigeon_pea,2025-06-01,0.0,"POLYGON((76.3803619 16.0781862, 76.3820356 16.0784549, 76.3819015 16.0787284, 76.3803233 16.0786083, 76.3803619 16.0781862))",0.6886471816565988,16.07848598274035,76.38110425773642,010607849025638110
b4c2e113a6e5,Raichur,Khairwadgi,2025.0,1.0,pigeon_pea,2025-06-01,0.0,"POLYGON((76.3801949 16.0795371, 76.3803263 16.0786457, 76.3818944 16.0787742, 76.3817221 16.0796817, 76.3801949 16.0795371))",1.6709962226171724,16.079158082151036,76.38103753464424,010607916025638104
39864f20e80c,Raichur,Khairwadgi,2025.0,1.0,pigeon_pea,2025-06-01,1.0,"POLYGON((76.3842665 16.1008693, 76.3835125 16.1010111, 76.3824654 16.0980813, 76.3833891 16.0980646, 76.3842665 16.1008693))",2.9346790857876113,16.099471624149572,76.38339319937852,010609947025638339
a7e57d908fea,Raichur,Khairwadgi,2025.0,1.0,pigeon_pea,2025-06-01,0.0,"POLYGON((76.3841988 16.1017490, 76.3842186 16.1025076, 76.3853960 16.1024481, 76.3854142 16.1022921, 76.3855600 16.1022851, 76.3856686 16.1022896, 76.3856817 16.1024152, 76.3861216 16.1024039, 76.3861689 16.1023856, 76.3861109 16.1015490, 76.3841988 16.1017490))",1.7994936395482808,16.10204323344269,76.38518308915422,010610204025638518
64b472cb1939,Raichur,Khairwadgi,2025.0,1.0,pigeon_pea,2025-06-01,0.0,"POLYGON((76.3841223 16.1009563, 76.3841897 16.1016972, 76.3867995 16.1014372, 76.3867368 16.1006406, 76.3841223 16.1009563))",2.3969459540614277,16.101180898074997,76.38547756766485,010610118025638548
74735df63957,Raichur,Khairwadgi,2025.0,1.0,pigeon_pea,2025-06-01,1.0,"POLYGON((76.3824332 16.0988960, 76.3826692 16.0988760, 76.3828184 16.0993212, 76.3832385 16.1003710, 76.3834924 16.1010172, 76.3830404 16.1010787, 76.3826860 16.0999542, 76.3823846 16.0990938, 76.3824540 16.0990377, 76.3824332 16.0988960))",0.9963042540857039,16.10004783735465,76.3829106558969,010610005025638291
a14c75715b32,Raichur,Khairwadgi,2025.0,1.0,pigeon_pea,2025-06-01,0.0,"POLYGON((76.3794104 16.0839152, 76.3795267 16.0846136, 76.3804802 16.0844844, 76.3803149 16.0837022, 76.3794104 16.0839152))",0.8419467607016015,16.084179242120047,76.37994283603011,010608418025637994
31b1d7ac7180,Raichur,Khairwadgi,2025.0,1.0,pigeon_pea,2025-06-01,0.0,"POLYGON((76.3783713 16.0840579, 76.3783090 16.0842280, 76.3781380 16.0842798, 76.3781782 16.0845775, 76.3783472 16.0845936, 76.3783224 16.0844058, 76.3784602 16.0843990, 76.3785477 16.0844944, 76.3786775 16.0845260, 76.3787375 16.0845775, 76.3789115 16.0845920, 76.3789634 16.0846690, 76.3791787 16.0846487, 76.3790774 16.0845901, 76.3789306 16.0845450, 76.3788662 16.0845131, 76.3788434 16.0844274, 76.3789494 16.0844052, 76.3789541 16.0843301, 76.3791073 16.0843185, 76.3790241 16.0841033, 76.3789876 16.0840176, 76.3789185 16.0840424, 76.3789185 16.0841313, 76.3788424 16.0841664, 76.3787673 16.0840924, 76.3786268 16.0840415, 76.3783965 16.0840154, 76.3783713 16.0840579))",0.43360229577514703,16.084313877734967,76.37862952554445,010608431025637863
0741e85c9a74,Raichur,Khairwadgi,2025.0,1.0,pigeon_pea,2025-06-01,0.0,"POLYGON((76.3848184 16.1044661, 76.3849364 16.1046021, 76.3850433 16.1052540, 76.3847614 16.1052537, 76.3842672 16.1052953, 76.3842638 16.1044829, 76.3848184 16.1044661))",0.66338510400255,16.104886287669153,76.38461788361194,010610489025638462
35c461047521,Raichur,Khairwadgi,2025.0,1.0,pigeon_pea,2025-06-01,0.0,"POLYGON((76.3856763 16.1044481, 76.3857303 16.1050305, 76.3857109 16.1054438, 76.3854158 16.1053033, 76.3850930 16.1052083, 76.3850112 16.1044748, 76.3856763 16.1044481))",0.6584194604088345,16.1048850199383,76.38539850328104,010610489025638540
15e6b5225fa3,Raichur,Khairwadgi,2025.0,1.0,pigeon_pea,2025-06-01,0.0,"POLYGON((76.3795425 16.0838143, 76.3795217 16.0835785, 76.3794674 16.0833424, 76.3792826 16.0830750, 76.3791770 16.0828379, 76.3790791 16.0827967, 76.3797379 16.0826053, 76.3800863 16.0827970, 76.3803535 16.0836181, 76.3795425 16.0838143))",1.04328169983774,16.08318937936896,76.37977095864703,010608319025637977
5f61603c88fe,Raichur,Khairwadgi,2025.0,1.0,pigeon_pea,2025-06-01,0.0,"POLYGON((76.3700122 16.0698112, 76.3698366 16.0698543, 76.3697796 16.0696900, 76.3695905 16.0697612, 76.3693880 16.0699748, 76.3692994 16.0697393, 76.3692099 16.0697516, 76.3691791 16.0699922, 76.3690252 16.0700012, 76.3689762 16.0697458, 76.3689605 16.0696388, 76.3689910 16.0695238, 76.3688954 16.0694397, 76.3688257 16.0690888, 76.3691462 16.0689342, 76.3696689 16.0688060, 76.3698359 16.0691816, 76.3699975 16.0696398, 76.3700122 16.0698112))",1.081979506787048,16.06938983592074,76.36940266440419,010606939025636940
3e8a3c32af35,Raichur,Khairwadgi,2025.0,1.0,pigeon_pea,2025-06-01,0.0,"POLYGON((76.3697397 16.0687393, 76.3705051 16.0683530, 76.3706600 16.0684119, 76.3708575 16.0686310, 76.3708414 16.0693759, 76.3706023 16.0694294, 76.3703596 16.0696175, 76.3701487 16.0696907, 76.3699710 16.0693437, 76.3697397 16.0687393))",1.1832479488727783,16.068990773731752,76.37035978319064,010606899025637036
e443d907bc24,Raichur,Khairwadgi,2025.0,1.0,pigeon_pea,2025-06-01,1.0,"POLYGON((76.3698681 16.0704755, 76.3700756 16.0707345, 76.3704035 16.0706292, 76.3705477 16.0707226, 76.3706503 16.0705419, 76.3707462 16.0704955, 76.3707911 16.0706614, 76.3708166 16.0708299, 76.3710875 16.0708379, 76.3710714 16.0707893, 76.3710905 16.0706234, 76.3710570 16.0705447, 76.3710218 16.0704632, 76.3710318 16.0703427, 76.3709805 16.0702654, 76.3709923 16.0702171, 76.3709282 16.0702029, 76.3708689 16.0702078, 76.3708213 16.0701214, 76.3707167 16.0700389, 76.3704471 16.0697970, 76.3696646 16.0700135, 76.3691315 16.0701904, 76.3689870 16.0704458, 76.3697246 16.0703141, 76.3697822 16.0703862, 76.3699727 16.0703473, 76.3699961 16.0704146, 76.3698681 16.0704755))",1.2570641670978075,16.07029738509535,76.37023175459164,010607030025637023
3594d363c57f,Raichur,Khairwadgi,2025.0,1.0,pigeon_pea,2025-06-01,0.0,"POLYGON((76.3682735 16.0722323, 76.3682507 16.0722874, 76.3679811 16.0723422, 76.3679513 16.0724324, 76.3679848 16.0724871, 76.3680475 16.0724794, 76.3679580 16.0725754, 76.3676868 16.0725680, 76.3675949 16.0722020, 76.3678641 16.0720342, 76.3680904 16.0719565, 76.3681947 16.0720235, 76.3682735 16.0722323))",0.3010112622099217,16.07226172129837,76.3679148134022,010607226025636791
5effa4fc9ed6,Raichur,Khairwadgi,2025.0,1.0,pigeon_pea,2025-06-01,1.0,"POLYGON((76.3681763 16.0716714, 76.3693051 16.0714784, 76.3697940 16.0714298, 76.3698573 16.0724749, 76.3687466 16.0726260, 76.3686269 16.0723708, 76.3691526 16.0723557, 76.3691707 16.0722474, 76.3686765 16.0722739, 76.3685136 16.0721228, 76.3685390 16.0720213, 76.3684991 16.0719166, 76.3682594 16.0719659, 76.3681531 16.0717303, 76.3681763 16.0716714))",1.607579126158979,16.071992928925393,76.36915537874597,010607199025636916
ec1bb19ec2bb,Raichur,Khairwadgi,2025.0,1.0,pigeon_pea,2025-06-01,0.0,"POLYGON((76.3729945 16.0723927, 76.3730351 16.0728174, 76.3730683 16.0730345, 76.3729955 16.0731592, 76.3717949 16.0731630, 76.3717781 16.0727645, 76.3719646 16.0728728, 76.3721516 16.0730529, 76.3722422 16.0727819, 76.3721718 16.0724285, 76.3729945 16.0723927))",0.85601872905101,16.072822096510716,76.37252252840878,010607282025637252
0de15301d9e1,Raichur,Khairwadgi,2025.0,1.0,pigeon_pea,2025-06-01,0.0,"POLYGON((76.3730277 16.0723257, 76.3721037 16.0723731, 76.3716139 16.0724446, 76.3714130 16.0725077, 76.3714093 16.0724378, 76.3717483 16.0723737, 76.3718962 16.0723093, 76.3718539 16.0722056, 76.3713624 16.0721630, 76.3714150 16.0717964, 76.3718593 16.0717162, 76.3721245 16.0717861, 76.3722425 16.0718106, 76.3722683 16.0717452, 76.3719934 16.0717091, 76.3719823 16.0716669, 76.3724698 16.0716076, 76.3726713 16.0716414, 76.3727602 16.0715548, 76.3729597 16.0715312, 76.3730277 16.0723257))",1.235500251755509,16.072003284526975,76.37227097593244,010607200025637227
bf646f00e691,Raichur,Khairwadgi,2025.0,1.0,pigeon_pea,2025-06-01,1.0,"POLYGON((76.3739380 16.0709803, 76.3738790 16.0723173, 76.3731216 16.0723109, 76.3730455 16.0709649, 76.3739380 16.0709803))",1.3088811505516564,16.071625050170976,76.37349552202089,010607163025637350
f149cca6a857,Raichur,Khairwadgi,2025.0,1.0,sunflower,2025-06-01,1.0,"POLYGON((76.3739886 16.0709829, 76.3744701 16.0709881, 76.3744701 16.0716192, 76.3743990 16.0723199, 76.3739165 16.0722964, 76.3739886 16.0709829))",0.7817535919884656,16.07164712942704,76.37420264427003,010607165025637420
6d9828f2e41f,Raichur,Khairwadgi,2025.0,1.0,pigeon_pea,2025-06-01,0.0,"POLYGON((76.3730374 16.0703766, 76.3731689 16.0703321, 76.3732037 16.0701217, 76.3736637 16.0701143, 76.3744882 16.0701659, 76.3744597 16.0709430, 76.3730760 16.0708724, 76.3730374 16.0703766))",1.2674247514721035,16.07052511523708,76.37378715504268,010607053025637379
97258fa52af3,Raichur,Khairwadgi,2025.0,1.0,cotton,2025-06-01,1.0,"POLYGON((76.3820862 16.0889284, 76.3810985 16.0888946, 76.3811317 16.0880284, 76.3813144 16.0880058, 76.3813456 16.0879259, 76.3820587 16.0879388, 76.3820792 16.0881601, 76.3820185 16.0881730, 76.3819910 16.0882735, 76.3820782 16.0882967, 76.3821124 16.0886968, 76.3819571 16.0887155, 76.3819383 16.0888392, 76.3821097 16.0887896, 76.3820862 16.0889284))",1.0755840240554566,16.08843306141565,76.3815996084233,010608843025638160
2ec1d7c18ab9,Raichur,Khairwadgi,2025.0,1.0,cotton,2025-06-01,1.0,"POLYGON((76.3811240 16.0889445, 76.3815317 16.0889384, 76.3820822 16.0889513, 76.3819906 16.0896910, 76.3811297 16.0896494, 76.3811240 16.0889445))",0.7833077216374439,16.08930053970852,76.38158585854356,010608930025638159
b64e282acbac,Raichur,Khairwadgi,2025.0,1.0,cotton,2025-06-01,1.0,"POLYGON((76.3820262 16.0896922, 76.3819155 16.0908052, 76.3811997 16.0907759, 76.3811900 16.0899525, 76.3814612 16.0899512, 76.3814609 16.0898340, 76.3812859 16.0898366, 76.3812715 16.0896723, 76.3820262 16.0896922))",0.9667590028853392,16.090242450402208,76.3815997360877,010609024025638160
5310f3a98fd2,Raichur,Khairwadgi,2025.0,1.0,pigeon_pea,2025-06-01,0.0,"POLYGON((76.3871254 16.1050653, 76.3877554 16.1050766, 76.3877524 16.1056715, 76.3874295 16.1054953, 76.3871787 16.1053839, 76.3871254 16.1050653))",0.3157891301095949,16.105299449728232,76.38748552246102,010610530025638749
ba3353fe9bea,Raichur,Khairwadgi,2025.0,1.0,pigeon_pea,2025-06-01,0.0,"POLYGON((76.3871432 16.1047283, 76.3877198 16.1047158, 76.3877363 16.1051284, 76.3871640 16.1050933, 76.3871432 16.1047283))",0.2639006600472079,16.104916202582107,76.38744668211883,010610492025638745
876ab22ec711,Raichur,Khairwadgi,2025.0,1.0,pigeon_pea,2025-06-01,0.0,"POLYGON((76.3865967 16.0989163, 76.3874650 16.0988377, 76.3882446 16.0989127, 76.3884615 16.0992175, 76.3887069 16.0990632, 76.3889657 16.0989994, 76.3890029 16.0994488, 76.3890496 16.0998553, 76.3867543 16.0998781, 76.3865967 16.0989163))",2.5553117900433766,16.099394319848944,76.38778058654376,010609939025638778
ae89f3428003,Raichur,Khairwadgi,2025.0,1.0,cotton,2025-06-01,1.0,"POLYGON((76.3789359 16.0975321, 76.3782872 16.0975675, 76.3779727 16.0975446, 76.3779677 16.0971739, 76.3785088 16.0971484, 76.3788431 16.0971262, 76.3789256 16.0973043, 76.3789359 16.0975321))",0.4472440947013123,16.097354129236273,76.3784467133888,010609735025637845
1d5d05d7f59b,Raichur,Khairwadgi,2025.0,1.0,pigeon_pea,2025-06-01,1.0,"POLYGON((76.3779620 16.0975479, 76.3763352 16.0976284, 76.3760841 16.0975192, 76.3760734 16.0971993, 76.3777809 16.0971684, 76.3778222 16.0972309, 76.3779291 16.0972447, 76.3779620 16.0975479))",0.8799591336021322,16.09738774255007,76.37699556772449,010609739025637700
9f39d6ba2f5e,Raichur,Khairwadgi,2025.0,1.0,pigeon_pea,2025-06-01,1.0,"POLYGON((76.3790674 16.0980414, 76.3775543 16.0980839, 76.3767915 16.0980082, 76.3768277 16.0976387, 76.3789142 16.0975827, 76.3790255 16.0976377, 76.3790674 16.0980414))",1.181074504979955,16.097835399162452,76.3779528379124,010609784025637795
97fa2b9762a5,Raichur,Khairwadgi,2025.0,1.0,pigeon_pea,2025-06-01,0.0,"POLYGON((76.3815796 16.0972425, 76.3817013 16.0980124, 76.3815618 16.0980217, 76.3814897 16.0979792, 76.3814173 16.0980269, 76.3812457 16.0980494, 76.3812064 16.0979795, 76.3811109 16.0980159, 76.3809674 16.0980330, 76.3809124 16.0980311, 76.3808158 16.0979641, 76.3807599 16.0980295, 76.3802774 16.0979792, 76.3801486 16.0972944, 76.3815796 16.0972425))",1.2558648579864307,16.097639142672488,76.38094002514731,010609764025638094
3d092f1d5d7d,Raichur,Khairwadgi,2025.0,1.0,cotton,2025-06-02,0.0,"POLYGON((76.3799834 16.0972886, 76.3800420 16.0980410, 76.3798207 16.0980162, 76.3797832 16.0978436, 76.3795059 16.0978107, 76.3794603 16.0979744, 76.3791633 16.0980050, 76.3791287 16.0977386, 76.3790996 16.0973098, 76.3799834 16.0972886))",0.6723897531209275,16.0976252058035,76.37956975487081,010609763025637957
17fc50240334,Raichur,Gundasagar,2025.0,1.0,cotton,2025-06-01,1.0,"POLYGON((76.4180516 16.1010951, 76.4173033 16.1010832, 76.4172701 16.1012018, 76.4171682 16.1012021, 76.4171983 16.1010826, 76.4169439 16.1010787, 76.4169485 16.1013664, 76.4172624 16.1013693, 76.4179628 16.1014504, 76.4180516 16.1010951))",0.3778420260780459,16.101244863941105,76.41751066999014,010610124025641751
238ed86e740d,Raichur,Gundasagar,2025.0,1.0,other:cottan,2025-06-01,1.0,"POLYGON((76.4172687 16.1014079, 76.4173257 16.1019307, 76.4177043 16.1019800, 76.4177318 16.1017223, 76.4178753 16.1016917, 76.4179329 16.1014859, 76.4172687 16.1014079))",0.30957626344835637,16.10167124067775,76.41755773310288,010610167025641756
dcb631f57d49,Raichur,Gundasagar,2025.0,1.0,cotton,2025-06-01,1.0,"POLYGON((76.4181317 16.1006664, 76.4180734 16.1010716, 76.4171132 16.1010571, 76.4171725 16.1006951, 76.4174179 16.1007485, 76.4176852 16.1007398, 76.4176533 16.1006532, 76.4178934 16.1006458, 76.4181317 16.1006664))",0.41938877007774783,16.10087725807212,76.41764746640406,010610088025641765
2673e641a132,Raichur,Gundasagar,2025.0,1.0,cotton,2025-06-01,1.0,"POLYGON((76.4200763 16.0949135, 76.4204022 16.0949869, 76.4205031 16.0949434, 76.4206074 16.0949818, 76.4208290 16.0949753, 76.4211395 16.0950191, 76.4216495 16.0950665, 76.4216910 16.0947894, 76.4210758 16.0947382, 76.4206718 16.0947472, 76.4201457 16.0946883, 76.4200763 16.0949135))",0.4743483721262124,16.094871138153742,76.42091445615193,010609487025642091
1ee5ec035a9b,Raichur,Gundasagar,2025.0,1.0,sunflower,2025-06-01,1.0,"POLYGON((76.4157925 16.0915207, 76.4158686 16.0912501, 76.4158022 16.0911789, 76.4158374 16.0910253, 76.4158683 16.0910188, 76.4158428 16.0905269, 76.4156675 16.0905198, 76.4155930 16.0903910, 76.4147213 16.0906464, 76.4147793 16.0915365, 76.4153976 16.0915562, 76.4154884 16.0913229, 76.4155716 16.0912611, 76.4157221 16.0913168, 76.4157047 16.0915397, 76.4156886 16.0914660, 76.4154519 16.0914434, 76.4154284 16.0915426, 76.4157925 16.0915207))",1.2754566701459769,16.091002828625765,76.41529661417675,010609100025641530
054d42f99635,Raichur,Gundasagar,2025.0,1.0,pigeon_pea,2025-06-01,0.0,"POLYGON((76.4158643 16.0929987, 76.4168513 16.0929794, 76.4169613 16.0935444, 76.4169197 16.0939886, 76.4161509 16.0940501, 76.4161000 16.0933576, 76.4158840 16.0933608, 76.4158317 16.0935360, 76.4160493 16.0935914, 76.4160946 16.0940737, 76.4155427 16.0939583, 76.4156074 16.0936478, 76.4158643 16.0929987))",1.4190004894034527,16.093529294208125,76.41631591370542,010609353025641632
31f51938eed0,Raichur,Gundasagar,2025.0,1.0,cotton,2025-06-01,1.0,"POLYGON((76.4133256 16.0959137, 76.4133621 16.0952888, 76.4143669 16.0953564, 76.4148370 16.0954321, 76.4148584 16.0956866, 76.4149624 16.0957133, 76.4149701 16.0958689, 76.4148266 16.0960429, 76.4133256 16.0959137))",1.1629292390638537,16.095668592684543,76.4141182839473,010609567025641412
9ec8e5e4e5e5,Raichur,Gundasagar,2025.0,1.0,pigeon_pea,2025-06-01,0.0,"POLYGON((76.4211797 16.0930100, 76.4219686 16.0930818, 76.4225061 16.0930989, 76.4226053 16.0926559, 76.4219991 16.0925799, 76.4217185 16.0925490, 76.4214181 16.0925503, 76.4213018 16.0927571, 76.4211797 16.0930100))",0.7287854718793314,16.09282949748088,76.4219170921546,010609283025642192
52bb026dd7ed,Raichur,Gundasagar,2025.0,1.0,pigeon_pea,2025-06-01,0.0,"POLYGON((76.4206124 16.0940295, 76.4209310 16.0934951, 76.4210034 16.0933543, 76.4211288 16.0933366, 76.4211942 16.0930789, 76.4224736 16.0931449, 76.4224199 16.0935563, 76.4224672 16.0940659, 76.4215687 16.0941484, 76.4209819 16.0941436, 76.4206124 16.0940295))",1.8632593357100458,16.093648636589435,76.42164207119791,010609365025642164
a6ea2f0efde3,Raichur,Gundasagar,2025.0,1.0,sunflower,2025-06-01,1.0,"POLYGON((76.4177914 16.0979515, 76.4172594 16.0979689, 76.4173573 16.0992291, 76.4177851 16.0993682, 76.4178377 16.0989598, 76.4178836 16.0983010, 76.4178954 16.0981167, 76.4178243 16.0981003, 76.4177914 16.0979515))",0.8509161851169467,16.098598321897644,76.41758279994477,010609860025641758
a7854b46c665,Raichur,Gundasagar,2025.0,1.0,cotton,2025-06-01,1.0,"POLYGON((76.4192224 16.1010297, 76.4190678 16.1014041, 76.4189123 16.1017262, 76.4195647 16.1016672, 76.4195758 16.1015861, 76.4195486 16.1015329, 76.4195074 16.1014488, 76.4195312 16.1013751, 76.4194822 16.1012968, 76.4194065 16.1012465, 76.4193877 16.1011367, 76.4193951 16.1010955, 76.4193461 16.1010835, 76.4192224 16.1010297))",0.3113474739299846,16.101444660034506,76.41927050366667,010610144025641927
32b1cf15ba23,Raichur,Gundasagar,2025.0,1.0,cotton,2025-06-01,1.0,"POLYGON((76.4193639 16.0997480, 76.4193213 16.1003510, 76.4190574 16.1003443, 76.4188673 16.1001478, 76.4189123 16.0997052, 76.4191389 16.0997103, 76.4193639 16.0997480))",0.3205881998955089,16.100015746628507,76.41912326773011,010610002025641912
a790b8d55e32,Raichur,Gundasagar,2025.0,1.0,sunflower,2025-06-01,1.0,"POLYGON((76.4184958 16.0996926, 76.4184368 16.1001178, 76.4184285 16.1003791, 76.4188006 16.1003784, 76.4188268 16.0996942, 76.4186692 16.0996804, 76.4184958 16.0996926))",0.29451099149202564,16.100040152171747,76.41863322860799,010610004025641863
2493c29a1553,Raichur,Gundasagar,2025.0,1.0,sunflower,2025-06-01,1.0,"POLYGON((76.4182196 16.0996243, 76.4181576 16.0999970, 76.4181334 16.1004026, 76.4183782 16.1003600, 76.4184513 16.0996713, 76.4182196 16.0996243))",0.21640284806986515,16.100015073631123,76.41828766087777,010610002025641829
c6a73f09a6fc,Raichur,Gundasagar,2025.0,1.0,maize,2025-06-01,1.0,"POLYGON((76.4178816 16.1004174, 76.4181281 16.1004209, 76.4181639 16.0996111, 76.4179460 16.0995612, 76.4179078 16.1000025, 76.4178816 16.1004174))",0.23286950887329338,16.100009967412976,76.4180270167655,010610001025641803
96928cf41692,Raichur,Gundasagar,2025.0,1.0,sunflower,2025-06-01,1.0,"POLYGON((76.4178746 16.1004345, 76.4175785 16.1004483, 76.4176479 16.0994388, 76.4179242 16.0995290, 76.4178746 16.1004345))",0.32673055120785943,16.099965952918044,76.41775344950418,010609997025641775
9306bf5a76fa,Raichur,Gundasagar,2025.0,1.0,sunflower,2025-06-01,1.0,"POLYGON((76.4197840 16.1084626, 76.4201022 16.1094667, 76.4199701 16.1094898, 76.4198950 16.1097569, 76.4197287 16.1097849, 76.4193716 16.1085693, 76.4197840 16.1084626))",0.6058190360174148,16.109087556912264,76.41974108380076,010610909025641974
ef16dc8cf84a,Raichur,Gundasagar,2025.0,1.0,cotton,2025-06-01,1.0,"POLYGON((76.4214966 16.1048475, 76.4219143 16.1047947, 76.4223331 16.1047338, 76.4224477 16.1050859, 76.4225118 16.1054347, 76.4222426 16.1054711, 76.4219941 16.1054705, 76.4219519 16.1053204, 76.4216303 16.1053529, 76.4214966 16.1048475))",0.6438007817117812,16.105104442690195,76.42203414883355,010610510025642203
8dce9bb1fbc9,Raichur,Gundasagar,2025.0,1.0,sunflower,2025-06-01,1.0,"POLYGON((76.4205561 16.1050189, 76.4206674 16.1053874, 76.4208689 16.1057285, 76.4212223 16.1056512, 76.4216002 16.1055565, 76.4215485 16.1052640, 76.4214275 16.1048714, 76.4211137 16.1049087, 76.4207962 16.1049535, 76.4205561 16.1050189))",0.753685495891975,16.105282649219784,76.42109615988761,010610528025642110
5ae33ec16936,Raichur,Gundasagar,2025.0,1.0,cotton,2025-06-01,1.0,"POLYGON((76.4203848 16.1042494, 76.4209444 16.1041485, 76.4212555 16.1041154, 76.4213752 16.1045914, 76.4214352 16.1048372, 76.4205464 16.1049645, 76.4203949 16.1046311, 76.4203848 16.1042494))",0.8141778742336165,16.104541936915403,76.42088813454909,010610454025642089
79ae1a475210,Raichur,Gundasagar,2025.0,1.0,sunflower,2025-06-01,1.0,"POLYGON((76.4235290 16.0948126, 76.4242546 16.0948542, 76.4249566 16.0948027, 76.4249885 16.0944547, 76.4249908 16.0939052, 76.4247883 16.0938839, 76.4247699 16.0940692, 76.4246693 16.0940624, 76.4246133 16.0939703, 76.4246264 16.0938636, 76.4244849 16.0938147, 76.4242455 16.0939558, 76.4239545 16.0942115, 76.4237915 16.0942911, 76.4236262 16.0945791, 76.4235290 16.0948126))",1.259860436904531,16.094420159976437,76.42437355320719,010609442025642437
a2857becc7f5,Raichur,Gundasagar,2025.0,1.0,sunflower,2025-06-01,1.0,"POLYGON((76.4243783 16.0949437, 76.4243649 16.0952704, 76.4246837 16.0952765, 76.4250183 16.0952958, 76.4255712 16.0952910, 76.4256245 16.0951348, 76.4256017 16.0950974, 76.4255413 16.0950517, 76.4255715 16.0949779, 76.4256553 16.0949499, 76.4256386 16.0948416, 76.4254170 16.0948500, 76.4251098 16.0948713, 76.4250150 16.0949373, 76.4249127 16.0949325, 76.4248721 16.0948809, 76.4243783 16.0949437))",0.5758288191693501,16.095085738257055,76.4250197967852,010609509025642502
3a338010fa0d,Raichur,Gundasagar,2025.0,1.0,pigeon_pea,2025-06-01,1.0,"POLYGON((76.4243082 16.0950075, 76.4243354 16.0957687, 76.4236775 16.0958280, 76.4236474 16.0956589, 76.4233218 16.0957024, 76.4232185 16.0958660, 76.4230650 16.0958973, 76.4230848 16.0958106, 76.4230331 16.0957687, 76.4229282 16.0957839, 76.4228846 16.0958853, 76.4224266 16.0958689, 76.4224534 16.0955925, 76.4225212 16.0954656, 76.4226342 16.0953203, 76.4229510 16.0951570, 76.4233004 16.0950414, 76.4243082 16.0950075))",1.518202755034051,16.09544951979025,76.42345064550614,010609545025642345
b6c15994c977,Raichur,Gundasagar,2025.0,1.0,sunflower,2025-06-01,1.0,"POLYGON((76.4221403 16.0982530, 76.4221678 16.0983915, 76.4221725 16.0988705, 76.4218272 16.0988789, 76.4218352 16.0981316, 76.4219287 16.0981406, 76.4220779 16.0982044, 76.4221403 16.0982530))",0.2760987972709262,16.098529956395936,76.42199312016072,010609853025642199
9f6cf6cda618,Raichur,Gundasagar,2025.0,1.0,sunflower,2025-06-01,1.0,"POLYGON((76.4221443 16.0989150, 76.4221463 16.0992909, 76.4221510 16.0995547, 76.4209953 16.0994497, 76.4210131 16.0989214, 76.4213501 16.0988899, 76.4221443 16.0989150))",0.8091912082750811,16.09920460517708,76.42159120190901,010609920025642159
cc76b8b7cad9,Raichur,Gundasagar,2025.0,1.0,cotton,2025-06-01,1.0,"POLYGON((76.4219636 16.0979670, 76.4219820 16.0980249, 76.4220699 16.0981026, 76.4225376 16.0981254, 76.4225855 16.0973185, 76.4225832 16.0968195, 76.4225792 16.0967902, 76.4224722 16.0967992, 76.4220451 16.0968047, 76.4221594 16.0969806, 76.4221628 16.0971552, 76.4221440 16.0972625, 76.4221661 16.0973794, 76.4221198 16.0974306, 76.4221014 16.0975488, 76.4220913 16.0976571, 76.4220478 16.0977125, 76.4219998 16.0977956, 76.4219975 16.0978700, 76.4220112 16.0979302, 76.4219636 16.0979670))",0.7464647646708896,16.097483732390472,76.42232759132705,010609748025642233
7978773c256e,Raichur,Gundasagar,2025.0,1.0,sunflower,2025-06-01,1.0,"POLYGON((76.4225128 16.0942441, 76.4225912 16.0949943, 76.4232065 16.0948690, 76.4234123 16.0946657, 76.4237138 16.0942093, 76.4237184 16.0940962, 76.4236299 16.0940985, 76.4231381 16.0941645, 76.4225128 16.0942441))",0.8412388436564315,16.094504439942394,76.42304463222531,010609450025642304
aa7bd094fad8,Raichur,Gundasagar,2025.0,1.0,sunflower,2025-06-01,1.0,"POLYGON((76.4225379 16.0939413, 76.4230801 16.0938540, 76.4237184 16.0937763, 76.4237322 16.0940936, 76.4231213 16.0941420, 76.4225074 16.0941890, 76.4225379 16.0939413))",0.40915111732600007,16.09399551570992,76.42314964556027,010609400025642315
c8bb5f66add8,Raichur,Gundasagar,2025.0,1.0,pearl_millet,2025-06-02,1.0,"POLYGON((76.4013200 16.0913068, 76.4013166 16.0912617, 76.4007879 16.0908623, 76.4008090 16.0914618, 76.4009046 16.0915143, 76.4011118 16.0914553, 76.4012932 16.0913542, 76.4013200 16.0913068))",0.23541974452758035,16.091241629705127,76.40099641093497,010609124025640100
3728d7dd598b,Raichur,Gundasagar,2025.0,1.0,pearl_millet,2025-06-01,0.0,"POLYGON((76.4020787 16.0918248, 76.4008835 16.0921083, 76.4008322 16.0918892, 76.4008409 16.0915900, 76.4012030 16.0914498, 76.4014585 16.0913345, 76.4018936 16.0916447, 76.4020787 16.0918248))",0.6653198759126575,16.091733187724365,76.40135052154059,010609173025640135
e1effa5fd546,Raichur,Gundasagar,2025.0,1.0,pigeon_pea,2025-06-01,0.0,"POLYGON((76.4029853 16.0899783, 76.4029605 16.0900605, 76.4030939 16.0900637, 76.4030799 16.0903388, 76.4030339 16.0903707, 76.4029397 16.0903678, 76.4028659 16.0904080, 76.4028304 16.0905282, 76.4027322 16.0905988, 76.4027338 16.0907186, 76.4027634 16.0907482, 76.4026135 16.0907953, 76.4024774 16.0918377, 76.4026587 16.0920716, 76.4032327 16.0920761, 76.4033491 16.0908223, 76.4034614 16.0900733, 76.4029853 16.0899783))",1.5761430196097688,16.091147774426535,76.40298216289581,010609115025640298
4e849c0f6ef5,Raichur,Gundasagar,2025.0,1.0,pigeon_pea,2025-06-01,0.0,"POLYGON((76.4017957 16.0907576, 76.4017974 16.0911399, 76.4017334 16.0912643, 76.4020194 16.0914869, 76.4020874 16.0914566, 76.4021297 16.0914743, 76.4021139 16.0915623, 76.4024418 16.0918129, 76.4025669 16.0907418, 76.4017957 16.0907576))",0.6991670999511674,16.09115976257335,76.40218768765003,010609116025640219
fdb8310e8208,Raichur,Gundasagar,2025.0,1.0,pigeon_pea,2025-06-01,0.0,"POLYGON((76.4063273 16.0984279, 76.4068303 16.0984041, 76.4074589 16.0983757, 76.4074861 16.0977544, 76.4062063 16.0978832, 76.4062821 16.0981577, 76.4063273 16.0984279))",0.8311818929236513,16.09810282155743,76.40688386611218,010609810025640688
1f8c1db089e3,Raichur,Gundasagar,2025.0,1.0,pigeon_pea,2025-06-01,0.0,"POLYGON((76.4062469 16.0984392, 76.4062727 16.0982946, 76.4062371 16.0981077, 76.4061550 16.0978942, 76.4053430 16.0980072, 76.4052853 16.0979982, 76.4052548 16.0979953, 76.4044203 16.0980340, 76.4043921 16.0982910, 76.4054368 16.0981953, 76.4054580 16.0984998, 76.4062469 16.0984392))",0.7772527961063491,16.09818035544898,76.40550409804013,010609818025640550
429c9de9549f,Raichur,Gundasagar,2025.0,1.0,sunflower,2025-06-01,1.0,"POLYGON((76.4156939 16.0998398, 76.4156849 16.1001999, 76.4157764 16.1002450, 76.4159347 16.1002563, 76.4159451 16.1004576, 76.4167092 16.1004519, 76.4167015 16.0999126, 76.4161861 16.0998282, 76.4156939 16.0998398))",0.6600360900522951,16.10013509828121,76.41622247916094,010610014025641622
0c9d453bcda0,Raichur,Gundasagar,2025.0,1.0,cotton,2025-06-10,1.0,"POLYGON((76.4156946 16.0998050, 76.4167085 16.0998408, 76.4167564 16.0992803, 76.4166233 16.0991501, 76.4165633 16.0989604, 76.4162123 16.0989520, 76.4161932 16.0992677, 76.4157090 16.0992848, 76.4156946 16.0998050))",0.8289100224955742,16.09946628827206,76.41626181194088,010609947025641626
4d4f6211970c,Raichur,Gundasagar,2025.0,1.0,pigeon_pea,2025-06-01,1.0,"POLYGON((76.4050825 16.1064642, 76.4049101 16.1049226, 76.4053762 16.1048575, 76.4062656 16.1048211, 76.4063525 16.1055414, 76.4064363 16.1063447, 76.4050825 16.1064642))",2.507502542678041,16.105630711330065,76.40567231779022,010610563025640567
dc93fee8cd75,Raichur,Gundasagar,2025.0,1.0,pigeon_pea,2025-06-01,0.0,"POLYGON((76.4049443 16.1056995, 76.4036542 16.1057478, 76.4036280 16.1049606, 76.4048578 16.1049252, 76.4049443 16.1056995))",1.1662307781673076,16.10533648784214,76.40426985688997,010610534025640427
9b6a40464c9f,Raichur,Gundasagar,2025.0,1.0,pigeon_pea,2025-06-01,0.0,"POLYGON((76.4049416 16.1057459, 76.4036649 16.1058516, 76.4037507 16.1066417, 76.4050171 16.1064565, 76.4049416 16.1057459))",1.1422086017698798,16.10617512593479,76.40433231782393,010610618025640433
0773d0a68b8a,Raichur,Gundasagar,2025.0,1.0,cotton_mixed,2025-06-01,1.0,"POLYGON((76.4243501 16.0982424, 76.4236095 16.0981847, 76.4236142 16.0988473, 76.4236018 16.0992055, 76.4235867 16.1002476, 76.4242110 16.1003188, 76.4242904 16.0998968, 76.4243501 16.0982424))",1.729226558318711,16.09923059994659,76.423955562389,010609923025642396
e1294428ae38,Raichur,Gundasagar,2025.0,1.0,cotton,2025-06-01,1.0,"POLYGON((76.4221188 16.1063318, 76.4221879 16.1068624, 76.4226318 16.1068582, 76.4226922 16.1068008, 76.4226261 16.1065261, 76.4225487 16.1063386, 76.4221188 16.1063318))",0.297762503443712,16.106603313771924,76.42239385370799,010610660025642239
6eb4e43277a2,Raichur,Gundasagar,2025.0,1.0,cotton,2025-06-01,1.0,"POLYGON((76.4213045 16.1066462, 76.4214785 16.1066085, 76.4214610 16.1064314, 76.4212039 16.1064085, 76.4209045 16.1058203, 76.4223928 16.1055488, 76.4225436 16.1062317, 76.4222228 16.1063154, 76.4222332 16.1068430, 76.4214087 16.1069278, 76.4213045 16.1066462))",1.6815968961857184,16.10619753669221,76.42178682070829,010610620025642179
87b996f6ecda,Raichur,Gundasagar,2025.0,1.0,onion,2025-06-01,1.0,"POLYGON((76.4209098 16.1041295, 76.4209216 16.1040264, 76.4209732 16.1039359, 76.4209578 16.1039082, 76.4207559 16.1039572, 76.4204334 16.1040264, 76.4202141 16.1040806, 76.4201773 16.1041424, 76.4201571 16.1041682, 76.4202081 16.1042574, 76.4209098 16.1041295))",0.17148277203441484,16.104092622622463,76.42057079426294,010610409025642057
35c6faa3c652,Raichur,Gundasagar,2025.0,1.0,sunflower,2025-06-01,1.0,"POLYGON((76.4251464 16.0982111, 76.4226811 16.0980530, 76.4227404 16.0973317, 76.4226794 16.0973150, 76.4226982 16.0972145, 76.4226459 16.0971107, 76.4226486 16.0967960, 76.4230925 16.0969081, 76.4232477 16.0968550, 76.4236836 16.0968640, 76.4243457 16.0970157, 76.4252959 16.0972473, 76.4252275 16.0975749, 76.4250904 16.0975852, 76.4249945 16.0976741, 76.4249308 16.0978388, 76.4249161 16.0979148, 76.4251313 16.0980146, 76.4251896 16.0981026, 76.4251819 16.0982092, 76.4251464 16.0982111))",3.36462016689573,16.09753345793101,76.42387271152234,010609753025642387
1d072878926a,Raichur,Gundasagar,2025.0,1.0,sunflower,2025-06-01,1.0,"POLYGON((76.4201394 16.1004689, 76.4201156 16.1012018, 76.4201052 16.1016489, 76.4200653 16.1023147, 76.4198608 16.1020670, 76.4197159 16.1016218, 76.4196220 16.1011244, 76.4196851 16.1008948, 76.4198135 16.1005533, 76.4201394 16.1004689))",0.7506111696371838,16.1012883620619,76.41991740978295,010610129025641992
258d8a6ef66c,Raichur,Gundasagar,2025.0,1.0,sunflower,2025-06-01,1.0,"POLYGON((76.4201622 16.1010794, 76.4201226 16.1023630, 76.4202832 16.1024735, 76.4203174 16.1009048, 76.4203499 16.1004109, 76.4201960 16.1004512, 76.4201622 16.1010794))",0.3632756480329686,16.101442902811936,76.42023175339679,010610144025642023
9db17b58230d,Raichur,Kachapur,2025.0,1.0,sunflower,2025-06-01,1.0,"POLYGON((76.4201682 16.1010571, 76.4201830 16.1024020, 76.4199385 16.1021765, 76.4196757 16.1014846, 76.4196730 16.1010607, 76.4196810 16.1008638, 76.4198142 16.1005546, 76.4201407 16.1004783, 76.4201682 16.1010571))",0.8594141669267781,16.101342742997964,76.4199568514682,010610134025641996
06e9dd876db5,Raichur,Kachapur,2025.0,1.0,pigeon_pea,2025-06-01,0.0,"POLYGON((76.4316165 16.0714359, 76.4312048 16.0714304, 76.4306811 16.0713779, 76.4308860 16.0702313, 76.4318251 16.0703943, 76.4316809 16.0712310, 76.4316165 16.0714359))",1.2654113784126362,16.070863485308607,76.43124987394529,010607086025643125
dc6f87056f93,Raichur,Kachapur,2025.0,1.0,pigeon_pea,2025-06-01,0.0,"POLYGON((76.4303629 16.0725519, 76.4303559 16.0735709, 76.4302302 16.0735889, 76.4301165 16.0735873, 76.4301041 16.0736318, 76.4296337 16.0736953, 76.4295814 16.0731266, 76.4284378 16.0731099, 76.4284760 16.0725251, 76.4303629 16.0725519))",1.7675440010751022,16.072971908406657,76.42954982747335,010607297025642955
e402ad76f222,Raichur,Kachapur,2025.0,1.0,pigeon_pea,2025-06-01,0.0,"POLYGON((76.4318911 16.0734379, 76.4318630 16.0726092, 76.4305135 16.0725200, 76.4303515 16.0736092, 76.4318911 16.0734379))",1.6351817238339381,16.07305452196275,76.43112201765565,010607305025643112
aae9ef22ae53,Raichur,Kachapur,2025.0,1.0,pigeon_pea,2025-06-01,0.0,"POLYGON((76.4296756 16.0747375, 76.4282272 16.0747117, 76.4284019 16.0732619, 76.4295680 16.0731656, 76.4296756 16.0747375))",2.3345958116475733,16.07399640118279,76.42897694816527,010607400025642898
5c681f039ca8,Raichur,Kachapur,2025.0,1.0,pigeon_pea,2025-06-01,0.0,"POLYGON((76.4313899 16.0745513, 76.4310932 16.0745600, 76.4310915 16.0746982, 76.4303874 16.0747352, 76.4303251 16.0745377, 76.4302426 16.0745471, 76.4302389 16.0747394, 76.4297330 16.0747555, 76.4297115 16.0741772, 76.4296538 16.0740161, 76.4296508 16.0737297, 76.4302161 16.0737024, 76.4302902 16.0738882, 76.4304277 16.0738773, 76.4304049 16.0736627, 76.4313004 16.0735748, 76.4313899 16.0745513))",1.9788306759900427,16.074181171435953,76.43052659282169,010607418025643053
c95e7114d274,Raichur,Kachapur,2025.0,1.0,pigeon_pea,2025-06-01,0.0,"POLYGON((76.4291784 16.0758167, 76.4309745 16.0756067, 76.4308062 16.0747884, 76.4291335 16.0747980, 76.4291784 16.0758167))",1.8980505257573312,16.07526079196943,76.42999380928899,010607526025642999
73f333e6bbe8,Raichur,Kachapur,2025.0,1.0,pigeon_pea,2025-06-01,0.0,"POLYGON((76.4320088 16.0750007, 76.4320296 16.0751879, 76.4329731 16.0751495, 76.4330230 16.0757101, 76.4320132 16.0757124, 76.4318596 16.0750120, 76.4320088 16.0750007))",0.6982042948059428,16.07542307528847,76.4324596038689,010607542025643246
2e8b9b1ec6e4,Raichur,Kachapur,2025.0,1.0,pigeon_pea,2025-06-01,1.0,"POLYGON((76.4320018 16.0749984, 76.4318244 16.0750165, 76.4318781 16.0751911, 76.4319833 16.0757658, 76.4310801 16.0757700, 76.4308967 16.0750249, 76.4320018 16.0749984))",0.8267923788536969,16.075387821606245,76.43145155185037,010607539025643145
ad15f2c400a9,Raichur,Kachapur,2025.0,1.0,pigeon_pea,2025-06-01,0.0,"POLYGON((76.4313879 16.0750964, 76.4320018 16.0749949, 76.4319652 16.0746537, 76.4308504 16.0747549, 76.4309296 16.0750851, 76.4313879 16.0750964))",0.47232926295831185,16.07488342823806,76.43143857633602,010607488025643144
21391f3b4b96,Raichur,Kachapur,2025.0,1.0,pigeon_pea,2025-06-01,0.0,"POLYGON((76.4255370 16.0795596, 76.4256245 16.0787272, 76.4257687 16.0779143, 76.4249553 16.0781531, 76.4242636 16.0784379, 76.4243008 16.0787185, 76.4243706 16.0794987, 76.4255370 16.0795596))",2.1254346369499166,16.07880751043856,76.42502269059035,010607881025642502
4ab3ed930f94,Raichur,Kachapur,2025.0,1.0,pigeon_pea,2025-06-01,0.0,"POLYGON((76.4152759 16.0825148, 76.4164490 16.0824426, 76.4164027 16.0820222, 76.4152182 16.0821527, 76.4152759 16.0825148))",0.5517370191483507,16.08228131043509,76.41585060093279,010608228025641585
35d5d8e5cc40,Raichur,Kachapur,2025.0,1.0,pigeon_pea,2025-06-01,0.0,"POLYGON((76.4151696 16.0817410, 76.4154700 16.0817790, 76.4155169 16.0818295, 76.4159327 16.0818299, 76.4162921 16.0817712, 76.4163896 16.0820586, 76.4159635 16.0821085, 76.4152111 16.0821118, 76.4151696 16.0817410))",0.41099943428069036,16.081950940349135,76.41574536491868,010608195025641575
a01323616cc4,Raichur,Kachapur,2025.0,1.0,pigeon_pea,2025-06-01,1.0,"POLYGON((76.4151739 16.0818334, 76.4152631 16.0817951, 76.4154864 16.0817728, 76.4155132 16.0818392, 76.4159474 16.0818225, 76.4163055 16.0817406, 76.4164634 16.0824639, 76.4152611 16.0825164, 76.4151739 16.0818334))",0.9580882028472791,16.08214958821656,76.41580115235456,010608215025641580
825c46c0862d,Raichur,Kachapur,2025.0,1.0,pigeon_pea,2025-06-01,0.0,"POLYGON((76.3984014 16.0863303, 76.3991638 16.0863387, 76.3993097 16.0861715, 76.3994914 16.0860871, 76.3996540 16.0859808, 76.3997985 16.0859666, 76.3997653 16.0860881, 76.3996899 16.0861267, 76.3996617 16.0861602, 76.3997804 16.0861767, 76.3997995 16.0863513, 76.3998599 16.0863142, 76.3998743 16.0861499, 76.3999725 16.0860707, 76.3998609 16.0853887, 76.3983696 16.0854451, 76.3984014 16.0863303))",1.4901493857103911,16.085838570023697,76.39911213298325,010608584025639911
ff11dd677864,Raichur,Kachapur,2025.0,1.0,pigeon_pea,2025-06-01,0.0,"POLYGON((76.3983354 16.0854412, 76.3979454 16.0854644, 76.3979314 16.0855765, 76.3978941 16.0856464, 76.3979049 16.0861657, 76.3979257 16.0862897, 76.3979424 16.0863374, 76.3981831 16.0863313, 76.3982033 16.0862430, 76.3982408 16.0862028, 76.3982797 16.0862353, 76.3982945 16.0863329, 76.3983444 16.0863316, 76.3983354 16.0854412))",0.4358744424806222,16.085885708683822,76.39812212651971,010608589025639812
9ba89a521148,Raichur,Kachapur,2025.0,1.0,marigold,2025-06-01,1.0,"POLYGON((76.3985184 16.0846928, 76.3985037 16.0853842, 76.3990059 16.0853500, 76.3990653 16.0853117, 76.3991343 16.0853304, 76.3998176 16.0852753, 76.3997824 16.0846207, 76.3985184 16.0846928))",1.0268636538238043,16.084995836828565,76.39914959198818,010608500025639915
7eb7f4d2241a,Raichur,Kachapur,2025.0,1.0,pigeon_pea,2025-06-01,0.0,"POLYGON((76.3997777 16.0845614, 76.3983032 16.0846622, 76.3981996 16.0841452, 76.3984849 16.0840266, 76.3985915 16.0839235, 76.3986314 16.0837976, 76.3986140 16.0837135, 76.3996047 16.0836671, 76.3996144 16.0837638, 76.3996889 16.0837760, 76.3997777 16.0845614))",1.4608594430834574,16.08418742194802,76.39903344664667,010608419025639903
a85418ffe1ba,Raichur,Kachapur,2025.0,1.0,pigeon_pea,2025-06-01,0.0,"POLYGON((76.4395086 16.0788911, 76.4393768 16.0770642, 76.4388454 16.0770609, 76.4384267 16.0770725, 76.4384216 16.0777500, 76.4385390 16.0790590, 76.4395086 16.0788911))",2.2328212890443226,16.07802375411457,76.4389451040277,010607802025643895
a4233fd49f77,Raichur,Kachapur,2025.0,1.0,pigeon_pea,2025-06-01,0.0,"POLYGON((76.4396635 16.0742678, 76.4397886 16.0743125, 76.4398503 16.0740448, 76.4398322 16.0736305, 76.4391200 16.0736392, 76.4391120 16.0750738, 76.4393011 16.0750567, 76.4398479 16.0750509, 76.4398298 16.0747604, 76.4397691 16.0747268, 76.4397879 16.0745416, 76.4396347 16.0744672, 76.4396635 16.0742678))",1.1459113166745811,16.0743409861577,76.43945961746108,010607434025643946
14efe61f8262,Raichur,Kachapur,2025.0,1.0,pigeon_pea,2025-06-01,0.0,"POLYGON((76.4391301 16.0725500, 76.4389588 16.0727539, 76.4388317 16.0728335, 76.4387113 16.0728032, 76.4384444 16.0727619, 76.4383898 16.0751067, 76.4387385 16.0750906, 76.4390942 16.0750780, 76.4391301 16.0725500))",1.9126884451707755,16.073929986092317,76.43876675034093,010607393025643877
2f8a874b4d7e,Raichur,Kachapur,2025.0,1.0,pigeon_pea,2025-06-01,0.0,"POLYGON((76.4367077 16.0751431, 76.4366376 16.0745725, 76.4365729 16.0745087, 76.4365692 16.0744076, 76.4366165 16.0744163, 76.4366628 16.0742117, 76.4366088 16.0735944, 76.4365951 16.0733808, 76.4365924 16.0729884, 76.4361709 16.0729485, 76.4358725 16.0729588, 76.4358870 16.0734437, 76.4359349 16.0737391, 76.4360023 16.0751582, 76.4367077 16.0751431))",1.7853908881381881,16.074044173801717,76.43628432836779,010607404025643628
fb6e3a3d2f90,Raichur,Kachapur,2025.0,1.0,pigeon_pea,2025-06-01,0.0,"POLYGON((76.4255343 16.0742046, 76.4265978 16.0740519, 76.4267088 16.0727252, 76.4255762 16.0727687, 76.4255343 16.0742046))",1.7850781496460935,16.07343038230497,76.42609702631937,010607343025642610
79d687012729,Raichur,Kachapur,2025.0,1.0,pigeon_pea,2025-06-01,0.0,"POLYGON((76.4240393 16.0736911, 76.4238878 16.0719510, 76.4250847 16.0718782, 76.4250746 16.0726936, 76.4255095 16.0727494, 76.4254512 16.0737165, 76.4240393 16.0736911))",2.8306314872824694,16.072856156148397,76.42465063739289,010607286025642465
f3ac2d607965,Raichur,Kachapur,2025.0,1.0,pearl_millet,2025-06-01,1.0,"POLYGON((76.4197887 16.0841172, 76.4188636 16.0841039, 76.4189408 16.0838952, 76.4197679 16.0838955, 76.4197887 16.0841172))",0.22320457155384082,16.084005023279143,76.41934408619086,010608401025641934
df12fbd186cd,Raichur,Kachapur,2025.0,1.0,maize,2025-06-01,1.0,"POLYGON((76.4189746 16.0835814, 76.4189579 16.0838379, 76.4198390 16.0838327, 76.4197991 16.0835759, 76.4189746 16.0835814))",0.2588746162748961,16.08370839627241,76.41939287959293,010608371025641939
0043bbb0c9a2,Raichur,Kachapur,2025.0,1.0,pearl_millet,2025-06-01,0.0,"POLYGON((76.4188623 16.0835331, 76.4197960 16.0835521, 76.4198973 16.0832493, 76.4191812 16.0830367, 76.4190222 16.0832664, 76.4191349 16.0832970, 76.4191111 16.0834220, 76.4189743 16.0834023, 76.4189022 16.0833936, 76.4188623 16.0835331))",0.40257815771067934,16.08334202446543,76.41940834634497,010608334025641941
49ff6d97be7b,Raichur,Kachapur,2025.0,1.0,sunflower,2025-06-01,1.0,"POLYGON((76.4032750 16.0799617, 76.4036475 16.0799256, 76.4036776 16.0797400, 76.4038165 16.0797107, 76.4036451 16.0784681, 76.4029682 16.0784743, 76.4032170 16.0797426, 76.4032958 16.0797735, 76.4033223 16.0798776, 76.4032465 16.0799053, 76.4032750 16.0799617))",1.0497787165325492,16.07915623440705,76.40341478975412,010607916025640341
20480cad2834,Raichur,Kachapur,2025.0,1.0,pigeon_pea,2025-06-01,0.0,"POLYGON((76.4425063 16.0750252, 76.4425338 16.0765799, 76.4414592 16.0767088, 76.4414385 16.0750970, 76.4425063 16.0750252))",2.008883029531835,16.075853966023587,76.44198129519759,010607585025644198
fe26fec087df,Raichur,Kachapur,2025.0,1.0,pigeon_pea,2025-06-01,0.0,"POLYGON((76.4109692 16.0813257, 76.4110148 16.0796089, 76.4128780 16.0795712, 76.4128770 16.0796663, 76.4125360 16.0798412, 76.4124237 16.0799829, 76.4124126 16.0801347, 76.4122778 16.0803695, 76.4121719 16.0804778, 76.4121588 16.0806137, 76.4122654 16.0806598, 76.4122319 16.0810090, 76.4121025 16.0811856, 76.4119687 16.0813995, 76.4120518 16.0815071, 76.4119677 16.0816082, 76.4109692 16.0813257))",2.9388905564401813,16.080455767678362,76.41168406498285,010608046025641168
313f165482e7,Raichur,Kachapur,2025.0,1.0,pigeon_pea,2025-06-01,0.0,"POLYGON((76.4071357 16.0814610, 76.4055039 16.0815512, 76.4054154 16.0817213, 76.4052933 16.0817815, 76.4053353 16.0824091, 76.4061902 16.0821965, 76.4070120 16.0820857, 76.4070827 16.0818640, 76.4071437 16.0815489, 76.4071357 16.0814610))",1.456614615629801,16.081872522379264,76.4061704526121,010608187025640617
84547f654118,Raichur,Kachapur,2025.0,1.0,pigeon_pea,2025-06-01,0.0,"POLYGON((76.4068534 16.0825583, 76.4065533 16.0827042, 76.4047784 16.0828012, 76.4047663 16.0826130, 76.4056507 16.0823492, 76.4070009 16.0821340, 76.4069644 16.0823795, 76.4069339 16.0825028, 76.4068534 16.0825583))",1.0026807998719234,16.082513407229087,76.40598849077597,010608251025640599
9e1b25b82799,Raichur,Kachapur,2025.0,1.0,pigeon_pea,2025-06-01,0.0,"POLYGON((76.4048900 16.0840034, 76.4049618 16.0845627, 76.4041544 16.0845852, 76.4037293 16.0846619, 76.4030510 16.0845550, 76.4030336 16.0841059, 76.4039569 16.0840237, 76.4044562 16.0839284, 76.4048900 16.0840034))",1.2933477263164859,16.084307295244056,76.40401642380077,010608431025640402
84f89a5bcc64,Raichur,Kachapur,2025.0,1.0,pigeon_pea,2025-06-01,0.0,"POLYGON((76.4052169 16.0866650, 76.4064537 16.0864817, 76.4063840 16.0856970, 76.4051918 16.0859357, 76.4052169 16.0866650))",1.0993040217298724,16.086195528316388,76.40582008364882,010608620025640582
33358bf5dfc0,Raichur,Kachapur,2025.0,1.0,pigeon_pea,2025-06-01,0.0,"POLYGON((76.4063438 16.0850079, 76.4062884 16.0855775, 76.4056856 16.0857176, 76.4056880 16.0853629, 76.4056189 16.0853255, 76.4055371 16.0854802, 76.4055264 16.0855820, 76.4055706 16.0857756, 76.4051492 16.0858123, 76.4051505 16.0856106, 76.4051213 16.0850375, 76.4063438 16.0850079))",0.8905746542378155,16.08535298133645,76.40569957956008,010608535025640570
ab0497c18ae3,Raichur,Kachapur,2025.0,1.0,sunflower,2025-06-01,1.0,"POLYGON((76.4060363 16.0849212, 76.4051327 16.0849354, 76.4050922 16.0845182, 76.4060353 16.0844979, 76.4060363 16.0849212))",0.45936106511062935,16.08471668326498,76.40557504908719,010608472025640558
6b6054a598fa,Raichur,Kachapur,2025.0,1.0,pigeon_pea,2025-06-01,0.0,"POLYGON((76.4060004 16.0844805, 76.4050654 16.0844838, 76.4049916 16.0840266, 76.4059119 16.0842099, 76.4059998 16.0842911, 76.4060004 16.0844805))",0.40041510352224413,16.084298853270404,76.40546464114492,010608430025640546
12f064a8c22e,Raichur,Kachapur,2025.0,1.0,pigeon_pea,2025-06-01,0.0,"POLYGON((76.4054794 16.0840460, 76.4055740 16.0832216, 76.4048739 16.0830666, 76.4049789 16.0838897, 76.4054794 16.0840460))",0.5839082779452949,16.083533953638145,76.40522962120095,010608353025640523
b3b6dc885d16,Raichur,Kachapur,2025.0,1.0,pigeon_pea,2025-06-01,0.0,"POLYGON((76.4063558 16.0840930, 76.4055146 16.0840305, 76.4056072 16.0832351, 76.4064232 16.0834445, 76.4063558 16.0840930))",0.7203993272963749,16.083699080841917,76.40596095542752,010608370025640596
b2a133f3ecc6,Raichur,Kachapur,2025.0,1.0,pigeon_pea,2025-06-01,0.0,"POLYGON((76.4065533 16.0843668, 76.4064715 16.0842338, 76.4064829 16.0839377, 76.4065087 16.0834883, 76.4066579 16.0835260, 76.4066619 16.0838040, 76.4069298 16.0838610, 76.4077107 16.0837837, 76.4075964 16.0844960, 76.4065533 16.0843668))",0.8934383069305344,16.084091396564954,76.40706306642946,010608409025640706
5e4cc40bd3b3,Raichur,Kachapur,2025.0,1.0,pigeon_pea,2025-06-01,0.0,"POLYGON((76.4124773 16.0745893, 76.4129524 16.0745207, 76.4129172 16.0747948, 76.4130017 16.0748328, 76.4131009 16.0747037, 76.4131324 16.0745719, 76.4133443 16.0745893, 76.4134999 16.0760162, 76.4132635 16.0760365, 76.4132632 16.0756376, 76.4130342 16.0756389, 76.4129708 16.0758564, 76.4125742 16.0757961, 76.4125232 16.0758615, 76.4122393 16.0758061, 76.4118809 16.0758125, 76.4113082 16.0750419, 76.4112489 16.0749259, 76.4115794 16.0748067, 76.4118497 16.0752778, 76.4118443 16.0753947, 76.4119741 16.0753441, 76.4119332 16.0749720, 76.4119798 16.0748564, 76.4124773 16.0745893))",2.3693780368508586,16.07524956532368,76.41255320981284,010607525025641255
59553e82f2c0,Raichur,Kachapur,2025.0,1.0,pigeon_pea,2025-06-01,0.0,"POLYGON((76.4153882 16.0735938, 76.4151119 16.0723402, 76.4149956 16.0723515, 76.4149785 16.0722887, 76.4142700 16.0723141, 76.4141802 16.0723576, 76.4143267 16.0730197, 76.4145637 16.0729130, 76.4148326 16.0728960, 76.4150060 16.0733000, 76.4151900 16.0735103, 76.4153882 16.0735938))",0.9144324557065194,16.072766086607107,76.41481037212813,010607277025641481
0dfecabad7a7,Raichur,Kachapur,2025.0,1.0,pigeon_pea,2025-06-01,0.0,"POLYGON((76.4119358 16.0737175, 76.4120971 16.0742732, 76.4123603 16.0742922, 76.4124937 16.0744247, 76.4130469 16.0742133, 76.4138761 16.0740319, 76.4142767 16.0738605, 76.4145255 16.0738921, 76.4153419 16.0736708, 76.4150066 16.0733679, 76.4148202 16.0734810, 76.4147508 16.0734359, 76.4148645 16.0733199, 76.4148554 16.0731724, 76.4148011 16.0731086, 76.4148001 16.0730252, 76.4147629 16.0729826, 76.4145936 16.0730290, 76.4145051 16.0731231, 76.4143864 16.0730970, 76.4141366 16.0732446, 76.4138526 16.0733389, 76.4134935 16.0734369, 76.4128253 16.0736228, 76.4119358 16.0737175))",2.468578363553612,16.07374337673374,76.41357287169959,010607374025641357
7d934ebe426b,Raichur,Kachapur,2025.0,1.0,pigeon_pea,2025-06-01,1.0,"POLYGON((76.4121256 16.0735129, 76.4120381 16.0730712, 76.4118299 16.0728608, 76.4135572 16.0725989, 76.4136789 16.0732739, 76.4134298 16.0732784, 76.4133363 16.0731705, 76.4132582 16.0730931, 76.4130942 16.0732014, 76.4130899 16.0733515, 76.4122765 16.0735677, 76.4121494 16.0735377, 76.4121256 16.0735129))",1.271260453875011,16.073055126291617,76.41278440772,010607306025641278
abc3d4cf7804,Raichur,Kachapur,2025.0,1.0,pigeon_pea,2025-06-01,0.0,"POLYGON((76.4154837 16.0887667, 76.4156678 16.0884401, 76.4158254 16.0882883, 76.4159786 16.0882716, 76.4161573 16.0871286, 76.4159977 16.0867385, 76.4157835 16.0867823, 76.4153630 16.0868129, 76.4142627 16.0867037, 76.4141765 16.0880741, 76.4141869 16.0886237, 76.4148316 16.0887867, 76.4154837 16.0887667))",4.119173137716895,16.08771150472082,76.4150991003029,010608771025641510
480d280c4128,Raichur,Kachapur,2025.0,1.0,pigeon_pea,2025-06-01,0.0,"POLYGON((76.4156373 16.0863442, 76.4156745 16.0862588, 76.4157721 16.0862318, 76.4158555 16.0858171, 76.4142606 16.0854000, 76.4142570 16.0859380, 76.4149989 16.0861531, 76.4150747 16.0860636, 76.4152373 16.0860871, 76.4152601 16.0862189, 76.4156373 16.0863442))",0.9777134757901537,16.085866781414236,76.41502723396925,010608587025641503
3b9bacaf66dd,Raichur,Kachapur,2025.0,1.0,pigeon_pea,2025-06-01,0.0,"POLYGON((76.3984349 16.0800780, 76.3985104 16.0797149, 76.3984383 16.0785184, 76.3984651 16.0783209, 76.3982522 16.0781840, 76.3978177 16.0786170, 76.3977309 16.0786862, 76.3977272 16.0790351, 76.3976534 16.0790319, 76.3976105 16.0787333, 76.3975009 16.0787591, 76.3978365 16.0799910, 76.3984349 16.0800780))",1.5014259543683546,16.079193178552686,76.39810145990238,010607919025639810
7dbee75eac9a,Raichur,Kachapur,2025.0,1.0,pigeon_pea,2025-06-01,0.0,"POLYGON((76.4075125 16.0797407, 76.4075511 16.0794424, 76.4073288 16.0792755, 76.4073157 16.0783493, 76.4072212 16.0783332, 76.4071149 16.0784263, 76.4070277 16.0783670, 76.4063304 16.0783947, 76.4062234 16.0794092, 76.4075125 16.0797407))",1.5490831848986064,16.07901136858642,76.40685695009161,010607901025640686
9ab7e2c25d6a,Raichur,Kachapur,2025.0,1.0,pigeon_pea,2025-06-01,0.0,"POLYGON((76.4086572 16.0789182, 76.4086092 16.0788228, 76.4086528 16.0788148, 76.4087125 16.0788609, 76.4087598 16.0788125, 76.4088590 16.0787913, 76.4089036 16.0786740, 76.4091165 16.0786150, 76.4094176 16.0786418, 76.4094752 16.0789408, 76.4087101 16.0790316, 76.4086572 16.0789182))",0.28191906551895096,16.078829434273548,76.40908443420062,010607883025640908
a2fbd5f71d47,Raichur,Kachapur,2025.0,1.0,pigeon_pea,2025-06-01,0.0,"POLYGON((76.4085804 16.0785786, 76.4086384 16.0786063, 76.4086545 16.0786598, 76.4088288 16.0786914, 76.4091068 16.0785786, 76.4092188 16.0783209, 76.4091199 16.0778515, 76.4084416 16.0779652, 76.4085804 16.0785786))",0.5683985949568086,16.078257720843315,76.4088451576101,010607826025640885
aa86f2c65134,Raichur,Kachapur,2025.0,1.0,pigeon_pea,2025-06-01,0.0,"POLYGON((76.4084225 16.0779617, 76.4091148 16.0778315, 76.4090437 16.0774166, 76.4089428 16.0774259, 76.4089401 16.0772729, 76.4088469 16.0772497, 76.4087635 16.0771753, 76.4086273 16.0771589, 76.4085392 16.0771573, 76.4084986 16.0771450, 76.4084704 16.0770825, 76.4084268 16.0770210, 76.4082639 16.0770123, 76.4082512 16.0770506, 76.4082672 16.0771012, 76.4082652 16.0771679, 76.4084225 16.0779617))",0.6259715474125118,16.07752096486306,76.40865437774961,010607752025640865
9d0f6d55adae,Raichur,Kachapur,2025.0,1.0,pigeon_pea,2025-06-01,0.0,"POLYGON((76.4074619 16.0779172, 76.4074482 16.0779891, 76.4074572 16.0780619, 76.4083283 16.0779810, 76.4083457 16.0778048, 76.4082790 16.0776424, 76.4082371 16.0773303, 76.4081791 16.0769936, 76.4082444 16.0769311, 76.4082002 16.0768509, 76.4081150 16.0768106, 76.4080812 16.0767745, 76.4079809 16.0767874, 76.4078160 16.0768480, 76.4078800 16.0771102, 76.4080054 16.0771054, 76.4080292 16.0772720, 76.4078461 16.0774649, 76.4079916 16.0776798, 76.4078431 16.0777961, 76.4074619 16.0779172))",0.5861721385758623,16.077527118633775,76.4080154722566,010607753025640802
d9c62d6b59b5,Raichur,Kachapur,2025.0,1.0,pigeon_pea,2025-06-01,0.0,"POLYGON((76.4084869 16.0785339, 76.4083544 16.0779971, 76.4079816 16.0780445, 76.4074498 16.0780890, 76.4074451 16.0785867, 76.4084869 16.0785339))",0.5957012210453453,16.07830915390133,76.40794253872092,010607831025640794
547089f989a9,Raichur,Kachapur,2025.0,1.0,pigeon_pea,2025-06-01,0.0,"POLYGON((76.4074525 16.0791659, 76.4079873 16.0791208, 76.4080718 16.0791447, 76.4083229 16.0790780, 76.4086008 16.0790103, 76.4084959 16.0785522, 76.4080319 16.0785799, 76.4074364 16.0786344, 76.4074525 16.0791659))",0.6916133432334778,16.078855215232046,76.40799028317366,010607886025640799
f5a88cfedf93,Raichur,Kachapur,2025.0,1.0,pigeon_pea,2025-06-01,1.0,"POLYGON((76.4074150 16.0808077, 76.4072577 16.0813592, 76.4069885 16.0825918, 76.4071773 16.0826388, 76.4073999 16.0826230, 76.4076725 16.0822838, 76.4075615 16.0822032, 76.4076678 16.0820402, 76.4079316 16.0816843, 76.4079970 16.0813950, 76.4077818 16.0811891, 76.4076658 16.0809423, 76.4075501 16.0808634, 76.4074150 16.0808077))",1.1772909598267196,16.08176524748781,76.40747101988447,010608177025640747
abe473fc26a0,Gadag,Kiritageri,2025.0,1.0,onion,2025-06-11,,"POLYGON((75.6704133 15.5212615, 75.6704304 15.5202655, 75.6709994 15.5201528, 75.6710370 15.5212311, 75.6704133 15.5212615))",0.7343535040749121,15.520735024151861,75.67072436429748,010552074025567072
366bbbf53cb0,Tumkur,Holakallu,2025.0,1.0,finger_millet,2025-06-20,0.0,"POLYGON((77.1198737 13.2464048, 77.1201436 13.2465608, 77.1202073 13.2462553, 77.1199150 13.2461062, 77.1198737 13.2464048))",0.11133107527062357,13.246330785909171,77.12003656112374,010324633025712004
878f09984c4a,Tumkur,Holakallu,2025.0,1.0,finger_millet,2025-07-16,0.0,"POLYGON((77.1189980 13.2447414, 77.1189111 13.2452831, 77.1189926 13.2452968, 77.1191033 13.2447521, 77.1189980 13.2447414))",0.06222253077672451,13.245007363329444,77.1190033402425,010324501025711900
7c32e43686ae,Tumkur,Holakallu,2025.0,1.0,finger_millet,2025-06-12,0.0,"POLYGON((77.1170044 13.2493433, 77.1169786 13.2498338, 77.1171013 13.2498302, 77.1171124 13.2493684, 77.1170044 13.2493433))",0.0660356765309204,13.249598561510183,77.11704840474616,010324960025711705
20f9784ac149,Tumkur,Holakallu,2025.0,1.0,finger_millet,2025-07-10,0.0,"POLYGON((77.1195710 13.2505012, 77.1199502 13.2504770, 77.1199391 13.2503331, 77.1195629 13.2503566, 77.1195710 13.2505012))",0.06554785661168544,13.250417102595023,77.11975569746288,010325042025711976
72127199d516,Tumkur,Holakallu,2025.0,1.0,finger_millet,2025-07-15,0.0,"POLYGON((77.1205285 13.2445511, 77.1204082 13.2452541, 77.1205007 13.2452841, 77.1206371 13.2446023, 77.1205285 13.2445511))",0.08969222061654317,13.244912157178486,77.12052044501908,010324491025712052
59228e99653c,Tumkur,Holakallu,2025.0,1.0,finger_millet,2025-06-27,0.0,"POLYGON((77.1104494 13.2472768, 77.1112635 13.2473950, 77.1112980 13.2470363, 77.1104183 13.2470317, 77.1104494 13.2472768))",0.30644703319707756,13.247185038780843,77.11088497591503,010324719025711088
2b4cb61a4b7e,Tumkur,Holakallu,2025.0,1.0,finger_millet,2025-07-16,0.0,"POLYGON((77.1150947 13.2503684, 77.1156838 13.2503772, 77.1156948 13.2500234, 77.1151628 13.2501236, 77.1150947 13.2503684))",0.19883628621754232,13.250224896723003,77.11542652930349,010325022025711543
8df305ce6c14,Tumkur,Holakallu,2025.0,1.0,finger_millet,2025-06-26,0.0,"POLYGON((77.1157186 13.2503109, 77.1160650 13.2502923, 77.1160600 13.2500309, 77.1157445 13.2500724, 77.1157186 13.2503109))",0.09874145510569424,13.250178393673929,77.11589977068196,010325018025711590
369bc60f9b3e,Gadag,Huilgol,2025.0,1.0,maize,2025-06-10,1.0,"POLYGON((75.6577982 15.5121016, 75.6576651 15.5116990, 75.6603755 15.5118434, 75.6603131 15.5122292, 75.6577982 15.5121016))",1.215640074583281,15.511965659600856,75.65903410933957,010551197025565903
cd8d6f24f916,Gadag,Huilgol,2025.0,1.0,other:geen gram,2025-06-11,1.0,"POLYGON((75.6560230 15.5103367, 75.6560803 15.5110187, 75.6547070 15.5110910, 75.6546138 15.5104468, 75.6560230 15.5103367))",1.1023221503171212,15.510721303581853,75.65536197475132,010551072025565536
5a4ce14d694e,Raichur,Kachapur,2025.0,1.0,pigeon_pea,2025-06-02,0.0,"POLYGON((76.4026735 16.0813450, 76.4028053 16.0832412, 76.4035479 16.0831143, 76.4035355 16.0823756, 76.4036455 16.0826333, 76.4037420 16.0825541, 76.4036190 16.0817600, 76.4031818 16.0814774, 76.4029216 16.0813421, 76.4026735 16.0813450))",1.7512162336278783,16.0822915077338,76.40315622447281,010608229025640316
5eb0b1b21035,Raichur,Kachapur,2025.0,1.0,pigeon_pea,2025-06-01,0.0,"POLYGON((76.4074099 16.0804916, 76.4075172 16.0797635, 76.4049068 16.0793270, 76.4047763 16.0799607, 76.4074099 16.0804916))",2.1795579933080567,16.07989172507772,76.40618044847426,010607989025640618
e01360e5d28a,Raichur,Kachapur,2025.0,1.0,pigeon_pea,2025-06-01,1.0,"POLYGON((76.3969319 16.0784047, 76.3963495 16.0772037, 76.3940696 16.0779968, 76.3944153 16.0784659, 76.3955532 16.0785664, 76.3956635 16.0787955, 76.3969319 16.0784047))",2.9911693136633777,16.078054806362537,76.39563847356386,010607805025639564
dc48fb439a1b,Raichur,Kachapur,2025.0,1.0,pigeon_pea,2025-06-01,0.0,"POLYGON((76.3934876 16.0815551, 76.3923343 16.0793834, 76.3918441 16.0797993, 76.3927594 16.0819977, 76.3934876 16.0815551))",2.0995242822737166,16.080738329402777,76.39263538462663,010608074025639264
08c6349d626a,Raichur,Kachapur,2025.0,1.0,pigeon_pea,2025-06-01,1.0,"POLYGON((76.3968779 16.0800532, 76.3977959 16.0799952, 76.3974268 16.0786724, 76.3958402 16.0791943, 76.3959170 16.0794346, 76.3960843 16.0794688, 76.3961604 16.0796611, 76.3963804 16.0800332, 76.3968779 16.0800532))",2.0944045948286605,16.079449977930203,76.3969020156531,010607945025639690
ef5d8b2561ef,Raichur,Kachapur,2025.0,1.0,pigeon_pea,2025-06-01,0.0,"POLYGON((76.4242056 16.0847028, 76.4225725 16.0843884, 76.4225745 16.0851770, 76.4238703 16.0852225, 76.4242056 16.0847028))",1.1684604674764019,16.084852979187207,76.42326828395393,010608485025642327
3e80b8478321,Raichur,Kachapur,2025.0,1.0,pigeon_pea,2025-06-01,0.0,"POLYGON((76.4255890 16.0847495, 76.4261318 16.0849564, 76.4266538 16.0849248, 76.4263118 16.0832003, 76.4256178 16.0831810, 76.4255890 16.0847495))",1.7685494016164,16.084104338949157,76.42605656860387,010608410025642606
146dd7d3fb44,Raichur,Kachapur,2025.0,1.0,pigeon_pea,2025-06-01,0.0,"POLYGON((76.4244561 16.0846680, 76.4249281 16.0831652, 76.4258203 16.0831410, 76.4255491 16.0848236, 76.4244561 16.0846680))",1.8986741650315628,16.08398200963047,76.42518943286649,010608398025642519
3403e963de5b,Raichur,Kachapur,2025.0,1.0,pigeon_pea,2025-06-01,0.0,"POLYGON((76.4242244 16.0846667, 76.4245788 16.0837602, 76.4233382 16.0836040, 76.4234770 16.0828485, 76.4227756 16.0827445, 76.4225413 16.0843878, 76.4242244 16.0846667))",2.5971176229926063,16.083856007096074,76.42340544219412,010608386025642341
a0f79b0f7a30,Raichur,Kachapur,2025.0,1.0,other:dalimbe fruit,2025-06-01,1.0,"POLYGON((76.4233339 16.0902367, 76.4238475 16.0904003, 76.4241245 16.0889420, 76.4235612 16.0888608, 76.4233339 16.0902367))",0.9389529811359837,16.08960321658411,76.42372093235605,010608960025642372
7e775611176d,Raichur,Kachapur,2025.0,1.0,pigeon_pea,2025-06-01,0.0,"POLYGON((76.4244155 16.0907627, 76.4241587 16.0906696, 76.4240292 16.0905243, 76.4238666 16.0904403, 76.4240940 16.0888850, 76.4248121 16.0887480, 76.4244155 16.0907627))",1.3828414921571828,16.089698663738602,76.42431391358434,010608970025642431
de648f3f3836,Raichur,Kachapur,2025.0,1.0,pigeon_pea,2025-06-01,0.0,"POLYGON((76.4250475 16.0909776, 76.4253358 16.0899132, 76.4246747 16.0897837, 76.4244477 16.0908156, 76.4250475 16.0909776))",0.8259485704359583,16.090366045711537,76.42488034046758,010609037025642488
7cbf378294ac,Raichur,Kachapur,2025.0,1.0,pigeon_pea,2025-06-01,0.0,"POLYGON((76.4268643 16.0903275, 76.4253626 16.0899384, 76.4250582 16.0909953, 76.4263289 16.0911226, 76.4268643 16.0903275))",1.6463504836872676,16.090573288504007,76.42588648806753,010609057025642589
ba2995410b2f,Gadag,Huilgol,2025.0,1.0,green_gram,2025-06-12,1.0,"POLYGON((75.6541467 15.5140154, 75.6541615 15.5143330, 75.6547167 15.5144363, 75.6547727 15.5140638, 75.6541467 15.5140154))",0.24354001185461147,15.514210032169792,75.6544586726188,010551421025565446
322bccf88ffd,Gadag,Huilgol,2025.0,1.0,other:heaaru,2025-06-10,1.0,"POLYGON((75.6597522 15.5231035, 75.6599004 15.5240662, 75.6595085 15.5241169, 75.6593841 15.5231911, 75.6597522 15.5231035))",0.4367765265903498,15.523622906032495,75.65963818913706,010552362025565964
a98eae218b1f,Gadag,Huilgol,2025.0,1.0,green_gram,2025-06-12,1.0,"POLYGON((75.6550044 15.5174705, 75.6548076 15.5175028, 75.6549058 15.5179350, 75.6550634 15.5179160, 75.6550044 15.5174705))",0.09462714595359961,15.517697667346491,75.65494403836142,010551770025565494
88fd6eb5c2ef,Gadag,Huilgol,2025.0,1.0,green_gram,2025-06-12,1.0,"POLYGON((75.6542792 15.5175561, 75.6539003 15.5175997, 75.6540700 15.5181961, 75.6544005 15.5181363, 75.6542792 15.5175561))",0.2564192439912853,15.51786629787882,75.65415991801305,010551787025565416
a099b2c0188c,Gadag,Huilgol,2025.0,1.0,green_gram,2025-06-18,1.0,"POLYGON((75.6606588 15.5162467, 75.6607027 15.5177092, 75.6614541 15.5176740, 75.6615490 15.5163524, 75.6606588 15.5162467))",1.356157645179272,15.516975340937515,75.66108489527385,010551698025566108
a26af76b6d76,Gadag,Huilgol,2025.0,1.0,groundnut,2025-06-05,1.0,"POLYGON((75.6519544 15.5136474, 75.6519084 15.5145452, 75.6539674 15.5146447, 75.6539100 15.5137582, 75.6519544 15.5136474))",2.123254913680201,15.514152551473119,75.65293194679003,010551415025565293
3d21a72350f5,Tumkur,Honnenahalli,2025.0,1.0,finger_millet,2025-07-08,0.0,"POLYGON((77.1157813 13.2607559, 77.1158357 13.2608972, 77.1158900 13.2608942, 77.1158279 13.2607438, 77.1157813 13.2607559))",0.009341728243474116,13.260823664751776,77.11583438011252,010326082025711583
b8c681ab3bea,Tumkur,Honnenahalli,2025.0,1.0,sorghum,2025-06-18,0.0,"POLYGON((77.1128145 13.2620589, 77.1128587 13.2618148, 77.1129942 13.2618220, 77.1129804 13.2620671, 77.1128145 13.2620589))",0.04442902927940539,13.261944841063688,77.11291145010081,010326194025711291
e73161b8f114,Tumkur,Honnenahalli,2025.0,1.0,finger_millet,2025-06-18,,"POLYGON((77.1093638 13.2632106, 77.1094037 13.2627384, 77.1082071 13.2626783, 77.1082487 13.2631013, 77.1093638 13.2632106))",0.6197119337775236,13.262930367321875,77.10881772701222,010326293025710882
89b560535a11,Tumkur,Honnenahalli,2025.0,1.0,finger_millet,2025-07-10,0.0,"POLYGON((77.1142890 13.2623344, 77.1143162 13.2620824, 77.1137295 13.2620319, 77.1138247 13.2622463, 77.1142890 13.2623344))",0.1439847827183645,13.262170264918188,77.11404941290174,010326217025711405
50ca7b6b2727,Raichur,Khairwadgi,2025.0,1.0,pigeon_pea,2025-06-01,0.0,"POLYGON((76.3724517 16.0707194, 76.3718368 16.0708183, 76.3717755 16.0704252, 76.3720859 16.0703730, 76.3723535 16.0703154, 76.3724517 16.0707194))",0.28868144107800026,16.07057266930707,76.37210711723246,010607057025637211
685859cecf21,Raichur,Khairwadgi,2025.0,1.0,cotton,2025-06-01,1.0,"POLYGON((76.3875971 16.0772813, 76.3879656 16.0772169, 76.3878670 16.0762452, 76.3874687 16.0762952, 76.3875971 16.0772813))",0.451566092546831,16.07675383269958,76.3877233342182,010607675025638772
2ce63dd0ddd4,Raichur,Khairwadgi,2025.0,1.0,cotton,2025-06-01,0.0,"POLYGON((76.3876350 16.0783944, 76.3881587 16.0783841, 76.3879589 16.0772529, 76.3875572 16.0773412, 76.3876350 16.0783944))",0.6057520304830809,16.077864571045158,76.38783340528278,010607786025638783
33cf1bd36ecd,Tumkur,Honnenahalli,2025.0,1.0,horse_gram,2025-07-19,0.0,"POLYGON((77.1119776 13.2622547, 77.1121879 13.2622495, 77.1121892 13.2616301, 77.1120380 13.2616073, 77.1119776 13.2622547))",0.13746658570418116,13.261952183186978,77.11209661673017,010326195025711210
9de8cea43922,Tumkur,Honnenahalli,2025.0,1.0,finger_millet,2025-06-20,0.0,"POLYGON((77.1124054 13.2627224, 77.1125369 13.2626835, 77.1124836 13.2617865, 77.1123404 13.2617558, 77.1124054 13.2627224))",0.15357003288715018,13.262232929514058,77.11244045660757,010326223025711244
9608f442f169,Tumkur,Honnenahalli,2025.0,1.0,other:ತೋಗರಿ,2025-07-19,0.0,"POLYGON((77.1130046 13.2620583, 77.1133238 13.2620704, 77.1132031 13.2618184, 77.1129972 13.2618295, 77.1130046 13.2620583))",0.07555646983264103,13.261952334731506,77.1131364301301,010326195025711314
02600840d18b,Tumkur,Honnenahalli,2025.0,1.0,other:ತೋಗರಿ,2025-07-19,0.0,"POLYGON((77.1129975 13.2626431, 77.1131612 13.2626467, 77.1131273 13.2622609, 77.1129798 13.2622525, 77.1129975 13.2626431))",0.07216243912274051,13.262454201757388,77.11306648886391,010326245025711307
0a340523608c,Tumkur,Honnenahalli,2025.0,1.0,finger_millet,2025-06-20,0.0,"POLYGON((77.1128289 13.2626369, 77.1129908 13.2625928, 77.1129382 13.2620948, 77.1127880 13.2620916, 77.1128289 13.2626369))",0.09868311801175784,13.262358573978085,77.11288575264523,010326236025711289
df5ddde31c6c,Tumkur,Honnenahalli,2025.0,1.0,finger_millet,2025-06-20,0.0,"POLYGON((77.1114838 13.2638293, 77.1116481 13.2638313, 77.1116397 13.2633910, 77.1115431 13.2633597, 77.1114838 13.2638293))",0.07159003431998198,13.263621780160769,77.11157668825992,010326362025711158
f88331b9fda9,Tumkur,Honnenahalli,2025.0,1.0,horse_gram,2025-07-18,0.0,"POLYGON((77.1130291 13.2614203, 77.1133174 13.2614967, 77.1133077 13.2612323, 77.1130385 13.2612128, 77.1130291 13.2614203))",0.07879570987853975,13.261342764938332,77.11317841652563,010326134025711318
8a181ddc80aa,Tumkur,Honnenahalli,2025.0,1.0,finger_millet,2025-06-19,0.0,"POLYGON((77.1142941 13.2653536, 77.1146548 13.2653053, 77.1146528 13.2648011, 77.1142723 13.2648494, 77.1142941 13.2653536))",0.22457573239009643,13.26507513864631,77.11446827678839,010326508025711447
473b6737a321,Tumkur,Honnenahalli,2025.0,1.0,horse_gram,2025-07-18,0.0,"POLYGON((77.1145254 13.2668557, 77.1146277 13.2668681, 77.1149073 13.2662748, 77.1147876 13.2662464, 77.1145254 13.2668557))",0.08656096741454754,13.266550948849261,77.11471642848704,010326655025711472
002de857b798,Tumkur,Honnenahalli,2025.0,1.0,finger_millet,2025-06-20,0.0,"POLYGON((77.1153874 13.2669324, 77.1153995 13.2666896, 77.1146840 13.2666808, 77.1146317 13.2669180, 77.1153874 13.2669324))",0.211968397162771,13.266806318018972,77.11502673536064,010326681025711503
b27d434e3279,Tumkur,Honnenahalli,2025.0,1.0,finger_millet,2025-06-18,0.0,"POLYGON((77.1091912 13.2606263, 77.1093816 13.2617665, 77.1096750 13.2618403, 77.1094953 13.2606338, 77.1091912 13.2606263))",0.41093665109371696,13.26120986572922,77.10943609149133,010326121025710944
9a7a6b0bd685,Tumkur,Honnenahalli,2025.0,1.0,finger_millet,2025-07-15,0.0,"POLYGON((77.1144885 13.2668436, 77.1146018 13.2668514, 77.1147748 13.2660444, 77.1148999 13.2660565, 77.1144885 13.2668436))",0.006345396665170506,13.263993250761043,77.11559157016897,010326399025711559
7779258b0d9f,Tumkur,Honnenahalli,2025.0,1.0,finger_millet,2025-07-09,0.0,"POLYGON((77.1154300 13.2666703, 77.1154400 13.2664824, 77.1147490 13.2664990, 77.1146769 13.2666742, 77.1154300 13.2666703))",0.15658343553163023,13.266582788721372,77.115078210778,010326658025711508
6734d7d62fb4,Tumkur,Honnenahalli,2025.0,1.0,finger_millet,2025-07-16,0.0,"POLYGON((77.1141757 13.2668302, 77.1142773 13.2661410, 77.1144141 13.2661423, 77.1142642 13.2668293, 77.1141757 13.2668302))",0.09288903584082511,13.266460930996878,77.11428732554825,010326646025711429
ec018e79bdc4,Tumkur,Honnenahalli,2025.0,1.0,finger_millet,2025-07-07,0.0,"POLYGON((77.1145750 13.2664638, 77.1144359 13.2668426, 77.1144966 13.2668531, 77.1146669 13.2665137, 77.1145750 13.2664638))",0.03841330301688757,13.266651974781887,77.11455013854417,010326665025711455
c9289d33c14f,Tumkur,Honnenahalli,2025.0,1.0,finger_millet,2025-07-09,0.0,"POLYGON((77.1113684 13.2654642, 77.1116756 13.2654789, 77.1116873 13.2651284, 77.1114328 13.2650560, 77.1113684 13.2654642))",0.12960619254196817,13.265286453164517,77.111536498358,010326529025711154
a35a5e488302,Tumkur,Honnenahalli,2025.0,1.0,finger_millet,2025-07-04,0.0,"POLYGON((77.1110208 13.2632598, 77.1109711 13.2635216, 77.1108541 13.2635147, 77.1109041 13.2632530, 77.1110208 13.2632598))",0.03704621687656428,13.263387343501583,77.11093751395177,010326339025711094
2b24663bb41b,Tumkur,Honnenahalli,2025.0,1.0,finger_millet,2025-06-29,0.0,"POLYGON((77.1093598 13.2634547, 77.1093853 13.2632736, 77.1087556 13.2632540, 77.1087053 13.2634005, 77.1093598 13.2634547))",0.12768828244980668,13.263346976697974,77.10906204554662,010326335025710906
74e9cd4b442a,Tumkur,Honnenahalli,2025.0,1.0,finger_millet,2025-06-26,0.0,"POLYGON((77.1148486 13.2660105, 77.1148888 13.2653154, 77.1144178 13.2653637, 77.1143507 13.2659726, 77.1148486 13.2660105))",0.37810954820514237,13.265669312358533,77.11463152987892,010326567025711463
cb0a4181c347,Tumkur,Honnenahalli,2025.0,1.0,finger_millet,2025-06-12,0.0,"POLYGON((77.1147601 13.2646490, 77.1147876 13.2648497, 77.1149539 13.2648693, 77.1149787 13.2646455, 77.1147601 13.2646490))",0.048931461754703136,13.26474864591893,77.11487194858344,010326475025711487
a0e5ff9ee883,Tumkur,Honnenahalli,2025.0,1.0,finger_millet,2025-07-16,0.0,"POLYGON((77.1094795 13.2623331, 77.1111555 13.2623468, 77.1111750 13.2621950, 77.1094523 13.2621464, 77.1094795 13.2623331))",0.3443487762243393,13.26225440862099,77.11028706019334,010326225025711029
292f18bfddd3,Tumkur,Honnenahalli,2025.0,1.0,finger_millet,2025-07-10,0.0,"POLYGON((77.1095040 13.2625465, 77.1119662 13.2625693, 77.1119434 13.2624049, 77.1094906 13.2623745, 77.1095040 13.2625465))",0.49474065793373845,13.262473750571543,77.11071678535524,010326247025711072
5cb67ee3f94b,Tumkur,Honnenahalli,2025.0,1.0,finger_millet,2025-07-07,0.0,"POLYGON((77.1086859 13.2646840, 77.1086292 13.2644780, 77.1080187 13.2646229, 77.1080566 13.2647548, 77.1086859 13.2646840))",0.13153538143368,13.264630963011081,77.10837015152534,010326463025710837
d8e1796c4b36,Tumkur,Honnenahalli,2025.0,1.0,finger_millet,2025-06-24,0.0,"POLYGON((77.1107649 13.2643436, 77.1108115 13.2642046, 77.1104769 13.2641687, 77.1104967 13.2643328, 77.1107649 13.2643436))",0.05511304377499748,13.26425931291133,77.11063450109866,010326426025711063
5d545dceff0e,Tumkur,Honnenahalli,2025.0,1.0,finger_millet,2025-06-20,0.0,"POLYGON((77.1126898 13.2633809, 77.1131310 13.2631518, 77.1131870 13.2633036, 77.1127216 13.2634651, 77.1126898 13.2633809))",0.0743442140114468,13.263316073059707,77.11295383867733,010326332025711295
c6ee82c72db2,Tumkur,Honnenahalli,2025.0,1.0,finger_millet,2025-06-19,0.0,"POLYGON((77.1144298 13.2668426, 77.1146733 13.2662203, 77.1147735 13.2662960, 77.1145311 13.2668501, 77.1144298 13.2668426))",0.08310800834751786,13.266540647750887,77.1146057518562,010326654025711461
38c3ef2cc810,Tumkur,Honnenahalli,2025.0,1.0,finger_millet,2025-06-20,0.0,"POLYGON((77.1074588 13.2608476, 77.1071741 13.2608522, 77.1072036 13.2605692, 77.1074588 13.2608476))",0.048164446949593924,13.260756317478076,77.10727885365486,010326076025710728
08e3a020d0d8,Tumkur,Honnenahalli,2025.0,1.0,finger_millet,2025-06-20,0.0,"POLYGON((77.1127032 13.2660634, 77.1127759 13.2656822, 77.1133979 13.2656636, 77.1133653 13.2660683, 77.1127032 13.2660634))",0.30179545801514207,13.265871537264244,77.1130635446488,010326587025711306
8a6a1fd6bdd5,Tumkur,Honnenahalli,2025.0,1.0,finger_millet,2025-06-20,0.0,"POLYGON((77.1152312 13.2601378, 77.1155507 13.2595602, 77.1158816 13.2600667, 77.1152312 13.2601378))",0.21144666866432102,13.259921547445158,77.11555447429419,010325992025711555
f8474a34fb7f,Tumkur,Honnenahalli,2025.0,1.0,finger_millet,2025-06-20,0.0,"POLYGON((77.1166504 13.2643022, 77.1165599 13.2638577, 77.1158799 13.2639135, 77.1160120 13.2642930, 77.1166504 13.2643022))",0.32846864183363894,13.26408824163087,77.11628309921521,010326409025711628
abc82aa5e9db,Tumkur,Honnenahalli,2025.0,1.0,finger_millet,2025-06-20,0.0,"POLYGON((77.1093725 13.2626268, 77.1093826 13.2624711, 77.1084106 13.2623758, 77.1084220 13.2625364, 77.1093725 13.2626268))",0.18200968539451584,13.262502077951247,77.10889552028975,010326250025710890
6f58ba4f5e36,Tumkur,Honnenahalli,2025.0,1.0,finger_millet,2025-06-20,0.0,"POLYGON((77.1120118 13.2665369, 77.1120172 13.2662778, 77.1118278 13.2662967, 77.1118633 13.2665437, 77.1120118 13.2665369))",0.051465940079162976,13.266408546342804,77.11193021528298,010326641025711193
cd49e7a96686,Tumkur,Honnenahalli,2025.0,1.0,finger_millet,2025-06-20,0.0,"POLYGON((77.1147510 13.2642832, 77.1147866 13.2639781, 77.1141838 13.2640633, 77.1142522 13.2642281, 77.1147510 13.2642832))",0.15536095633985034,13.26413340642114,77.11451991005029,010326413025711452
2246ed294500,Tumkur,Honnenahalli,2025.0,1.0,finger_millet,2025-06-20,0.0,"POLYGON((77.1140104 13.2644601, 77.1139648 13.2642424, 77.1136815 13.2642930, 77.1136912 13.2644937, 77.1140104 13.2644601))",0.07689042912353795,13.264373864171915,77.11383983733722,010326437025711384
bc73b24ce21b,Tumkur,Honnenahalli,2025.0,1.0,finger_millet,2025-06-18,0.0,"POLYGON((77.1141858 13.2658963, 77.1142243 13.2656525, 77.1134431 13.2656835, 77.1134398 13.2658914, 77.1141858 13.2658963))",0.20625964919283915,13.265779964404725,77.11383328231798,010326578025711383
05e7745cfc79,Tumkur,Honnenahalli,2025.0,1.0,finger_millet,2025-06-19,0.0,"POLYGON((77.1136460 13.2666808, 77.1125657 13.2664422, 77.1125852 13.2661776, 77.1136433 13.2662579, 77.1136460 13.2666808))",0.441979242153368,13.266396267306376,77.11315003324881,010326640025711315
db39baf0e54a,Tumkur,Honnenahalli,2025.0,1.0,finger_millet,2025-06-20,0.0,"POLYGON((77.1113061 13.2629906, 77.1107867 13.2629162, 77.1107901 13.2626255, 77.1113758 13.2626454, 77.1113061 13.2629906))",0.21258249454603045,13.262792296284141,77.11107363442463,010326279025711107
79eb965d51df,Tumkur,Honnenahalli,2025.0,1.0,finger_millet,2025-06-19,0.0,"POLYGON((77.1109524 13.2640692, 77.1109587 13.2637911, 77.1102345 13.2638025, 77.1102319 13.2640630, 77.1109524 13.2640692))",0.23298067905337283,13.263931321511077,77.11059831046862,010326393025711060
0e57b4b19682,Tumkur,Honnenahalli,2025.0,1.0,finger_millet,2025-06-18,0.0,"POLYGON((77.1101839 13.2644382, 77.1101829 13.2643312, 77.1098610 13.2643629, 77.1098744 13.2644807, 77.1101839 13.2644382))",0.042836005834200455,13.26440322338538,77.11002271423128,010326440025711002
377805c7afb6,Tumkur,Honnenahalli,2025.0,1.0,finger_millet,2025-06-20,0.0,"POLYGON((77.1147115 13.2641090, 77.1146961 13.2637001, 77.1141891 13.2637702, 77.1142273 13.2641148, 77.1147115 13.2641090))",0.22489503866208488,13.263921279445793,77.11446269259933,010326392025711446
606dcfb3265c,Raichur,Khairwadgi,2025.0,1.0,pigeon_pea,2025-06-01,0.0,"POLYGON((76.3878590 16.0803412, 76.3883599 16.0802925, 76.3881872 16.0793203, 76.3876696 16.0792487, 76.3878590 16.0803412))",0.6193997137343024,16.079801295296406,76.38801409775179,010607980025638801
9b93ddc6cda3,Raichur,Khairwadgi,2025.0,1.0,cotton,2025-06-01,1.0,"POLYGON((76.3875354 16.0770606, 76.3870734 16.0770571, 76.3870758 16.0791347, 76.3876856 16.0792088, 76.3875354 16.0770606))",1.335841185129861,16.07816324733052,76.38734557395995,010607816025638735
83d759e1388f,Raichur,Khairwadgi,2025.0,1.0,pigeon_pea,2025-06-01,0.0,"POLYGON((76.3881842 16.0783918, 76.3885976 16.0783177, 76.3887488 16.0789614, 76.3882127 16.0789639, 76.3881842 16.0783918))",0.34543005509138436,16.078670101381555,76.38844281405875,010607867025638844
1325a6e8f28c,Raichur,Khairwadgi,2025.0,1.0,pigeon_pea,2025-06-01,0.0,"POLYGON((76.3879840 16.0772288, 76.3883807 16.0771995, 76.3884997 16.0782636, 76.3881064 16.0783267, 76.3879840 16.0772288))",0.5115849922456908,16.077754848373562,76.38824169263451,010607775025638824
5b2bcaad160f,Raichur,Khairwadgi,2025.0,1.0,pigeon_pea,2025-06-01,0.0,"POLYGON((76.3879847 16.0772127, 76.3879291 16.0761821, 76.3882788 16.0761212, 76.3883746 16.0771479, 76.3879847 16.0772127))",0.4555704376048254,16.07667522346402,76.3881425633944,010607668025638814
5d6ef5d55c3b,Raichur,Khairwadgi,2025.0,1.0,pigeon_pea,2025-06-01,0.0,"POLYGON((76.3810988 16.0858403, 76.3810831 16.0881920, 76.3820061 16.0881997, 76.3820872 16.0868432, 76.3819209 16.0857434, 76.3810988 16.0858403))",2.6689163097062565,16.087010387661515,76.38156391839381,010608701025638156
37b11ac98e47,Raichur,Khairwadgi,2025.0,1.0,pigeon_pea,2025-06-01,0.0,"POLYGON((76.3819819 16.0857192, 76.3826793 16.0856567, 76.3830008 16.0877926, 76.3822274 16.0877919, 76.3819819 16.0857192))",1.84066279988846,16.08675604749429,76.38247643729302,010608676025638248
b83c587df8af,Raichur,Khairwadgi,2025.0,1.0,pigeon_pea,2025-06-01,0.0,"POLYGON((76.3908010 16.0993447, 76.3901858 16.0992967, 76.3900514 16.0943356, 76.3908144 16.0943874, 76.3908010 16.0993447))",4.038353978195248,16.096752388239153,76.39046215710285,010609675025639046
c366ff7128bd,Raichur,Khairwadgi,2025.0,1.0,pigeon_pea,2025-06-01,0.0,"POLYGON((76.3925378 16.1124932, 76.3931238 16.1123650, 76.3933347 16.1136321, 76.3927352 16.1136937, 76.3925378 16.1124932))",0.8877919447065961,16.113045969616646,76.39293563887774,010611305025639294
fe2dd0a8611f,Raichur,Khairwadgi,2025.0,1.0,pigeon_pea,2025-06-01,0.0,"POLYGON((76.3869521 16.0885544, 76.3875143 16.0885122, 76.3874111 16.0876595, 76.3865786 16.0877239, 76.3869521 16.0885544))",0.70917613418708,16.08808529930729,76.3871063992054,010608809025638711
d9bb77611896,Raichur,Khairwadgi,2025.0,1.0,pigeon_pea,2025-06-01,0.0,"POLYGON((76.3867529 16.1000125, 76.3868096 16.1010362, 76.3892112 16.1008729, 76.3891022 16.0999403, 76.3867529 16.1000125))",2.759361200440588,16.10046839653647,76.38795128165998,010610047025638795
d3c753b218b7,Raichur,Khairwadgi,2025.0,1.0,pigeon_pea,2025-06-01,0.0,"POLYGON((76.3868156 16.1010993, 76.3892340 16.1009573, 76.3893483 16.1017961, 76.3869182 16.1020026, 76.3868156 16.1010993))",2.5195192631425583,16.101465443075238,76.38806446933144,010610147025638806
fac91cb758c1,Raichur,Khairwadgi,2025.0,1.0,pigeon_pea,2025-06-01,0.0,"POLYGON((76.3851691 16.1008223, 76.3847396 16.1008806, 76.3840435 16.0981174, 76.3845015 16.0981551, 76.3849542 16.0995750, 76.3851691 16.1008223))",1.5865743890044557,16.099494141996132,76.38463702098693,010609949025638464
4a067841723e,Raichur,Khairwadgi,2025.0,1.0,pigeon_pea,2025-06-01,0.0,"POLYGON((76.3849887 16.0995969, 76.3852093 16.1007756, 76.3860257 16.1007025, 76.3858403 16.0994980, 76.3849887 16.0995969))",1.1958867735028595,16.100138490637345,76.38551647324381,010610014025638552
7aec5e29cea6,Raichur,Khairwadgi,2025.0,1.0,pigeon_pea,2025-06-01,0.0,"POLYGON((76.3845518 16.0963138, 76.3845227 16.0972808, 76.3847309 16.0985507, 76.3850008 16.0995270, 76.3854125 16.0995103, 76.3849542 16.0962213, 76.3845518 16.0963138))",1.9888534930811952,16.09788643462951,76.38492567202239,010609789025638493
17a4c0f8ce7a,Gadag,Nagasamudra,2025.0,1.0,maize,2025-06-18,1.0,"POLYGON((75.6812629 15.4716840, 75.6811884 15.4723422, 75.6819545 15.4723616, 75.6820260 15.4717418, 75.6812629 15.4716840))",0.5829248069856942,15.472032123820238,75.6816041394874,010547203025568160
9390ded03d95,Gadag,Nagasamudra,2025.0,1.0,green_gram,2025-06-18,1.0,"POLYGON((75.6796733 15.4715179, 75.6797608 15.4720805, 75.6790138 15.4720601, 75.6789696 15.4714572, 75.6796733 15.4715179))",0.49829972384032317,15.471781891439383,75.67935029313868,010547178025567935
866536cda838,Gadag,Nagasamudra,2025.0,1.0,green_gram,2025-06-18,1.0,"POLYGON((75.6796706 15.4714378, 75.6794940 15.4707469, 75.6782001 15.4705385, 75.6782139 15.4712817, 75.6796706 15.4714378))",1.1492556932056202,15.471007152987987,75.6788836178008,010547101025567888
383c2d746f4a,Gadag,Nagasamudra,2025.0,1.0,maize,2025-06-18,1.0,"POLYGON((75.6797414 15.4715098, 75.6809212 15.4715893, 75.6809916 15.4709069, 75.6796183 15.4707246, 75.6797414 15.4715098))",1.1072118280279064,15.471172308611587,75.68030575606042,010547117025568031
aa7b9f63aaac,Gadag,Nagasamudra,2025.0,1.0,green_gram,2025-07-15,1.0,"POLYGON((75.6810889 15.4723147, 75.6811757 15.4716074, 75.6798202 15.4715312, 75.6799070 15.4722456, 75.6810889 15.4723147))",1.069902195294063,15.471916644977142,75.68049836352323,010547192025568050
a1e4be8e98d3,Raichur,Khairwadgi,2025.0,1.0,pigeon_pea,2025-06-01,0.0,"POLYGON((76.3889389 16.0725467, 76.3907685 16.0722900, 76.3906689 16.0718811, 76.3888943 16.0721849, 76.3889389 16.0725467))",0.8452124350784644,16.07222321102579,76.38983887284252,010607222025638984
e0f7893ed511,Raichur,Khairwadgi,2025.0,1.0,pigeon_pea,2025-06-01,1.0,"POLYGON((76.3889661 16.0728976, 76.3888973 16.0725090, 76.3898381 16.0724452, 76.3918273 16.0721179, 76.3920017 16.0724865, 76.3889661 16.0728976))",1.286122286990638,16.07251661364083,76.39043916078984,010607252025639044
870557acbb45,Raichur,Khairwadgi,2025.0,1.0,pigeon_pea,2025-06-01,1.0,"POLYGON((76.3890133 16.0731492, 76.3909620 16.0730625, 76.3908808 16.0725844, 76.3889808 16.0728174, 76.3890133 16.0731492))",0.9324766597941925,16.07289897369173,76.39001814013362,010607290025639002
6ed56ed9b644,Raichur,Khairwadgi,2025.0,1.0,pigeon_pea,2025-06-01,0.0,"POLYGON((76.3868092 16.1010829, 76.3869336 16.1020209, 76.3893587 16.1017629, 76.3892494 16.1009138, 76.3868092 16.1010829))",2.6001808434219558,16.101446794822937,76.38806747801111,010610145025638807
47253fd18ccc,Raichur,Khairwadgi,2025.0,1.0,pigeon_pea,2025-06-01,0.0,"POLYGON((76.3840399 16.1010343, 76.3828959 16.1011248, 76.3834156 16.1034560, 76.3836586 16.1035684, 76.3842062 16.1035777, 76.3840399 16.1010343))",2.8168229145774997,16.102234020213483,76.383636797982,010610223025638364
ef1e98c6df3d,Raichur,Khairwadgi,2025.0,1.0,pigeon_pea,2025-06-01,1.0,"POLYGON((76.3824838 16.0980948, 76.3833881 16.0981032, 76.3842957 16.1008803, 76.3835641 16.1009763, 76.3824838 16.0980948))",2.788182020584798,16.09947531757942,76.38341671811044,010609948025638342
ebf0f77bb857,Raichur,Khairwadgi,2025.0,1.0,pigeon_pea,2025-06-01,0.0,"POLYGON((76.3817362 16.0935592, 76.3818368 16.0940717, 76.3821221 16.0940379, 76.3820624 16.0935196, 76.3817362 16.0935592))",0.18986941004814784,16.093791338805786,76.38193849832994,010609379025638194
df835e0a9781,Raichur,Khairwadgi,2025.0,1.0,pigeon_pea,2025-06-01,0.0,"POLYGON((76.3824962 16.0939906, 76.3827527 16.0939854, 76.3827514 16.0934639, 76.3824449 16.0934919, 76.3824962 16.0939906))",0.17031913716048108,16.09372516963279,76.38261184498089,010609373025638261
59322f87973b,Raichur,Khairwadgi,2025.0,1.0,pigeon_pea,2025-06-01,0.0,"POLYGON((76.3817335 16.0935502, 76.3818301 16.0940373, 76.3821677 16.0939960, 76.3821291 16.0934793, 76.3817335 16.0935502))",0.22209518447471377,16.093758581609293,76.38196539004696,010609376025638197
480b7df30df9,Raichur,Khairwadgi,2025.0,1.0,pigeon_pea,2025-06-01,0.0,"POLYGON((76.3812705 16.0941213, 76.3816584 16.0940576, 76.3815742 16.0935550, 76.3811149 16.0936897, 76.3812705 16.0941213))",0.24808242571743866,16.093847228311343,76.38140636949701,010609385025638141
6790a8b48f89,Raichur,Khairwadgi,2025.0,1.0,pigeon_pea,2025-06-01,0.0,"POLYGON((76.3836439 16.0931994, 76.3838494 16.0931981, 76.3839218 16.0930464, 76.3837291 16.0925625, 76.3835121 16.0920532, 76.3833411 16.0921118, 76.3834048 16.0926360, 76.3835309 16.0929839, 76.3836439 16.0931994))",0.4032023089469493,16.092676262232867,76.38360717491572,010609268025638361
26938b148984,Raichur,Khairwadgi,2025.0,1.0,pigeon_pea,2025-06-01,0.0,"POLYGON((76.3822381 16.0934838, 76.3834940 16.0932819, 76.3832784 16.0926756, 76.3825566 16.0928154, 76.3822270 16.0931250, 76.3822381 16.0934838))",0.8069689814961435,16.093096680211538,76.38284410887117,010609310025638284
f7a6ed96ed62,Raichur,Khairwadgi,2025.0,1.0,pigeon_pea,2025-06-01,0.0,"POLYGON((76.3821087 16.0934358, 76.3821110 16.0927957, 76.3810261 16.0930702, 76.3810760 16.0935747, 76.3821087 16.0934358))",0.7224323046032568,16.09321278219226,76.38159951107517,010609321025638160
e644142cda5a,Raichur,Khairwadgi,2025.0,1.0,pigeon_pea,2025-06-01,0.0,"POLYGON((76.3789926 16.0919985, 76.3801466 16.0918538, 76.3800910 16.0913545, 76.3789675 16.0914469, 76.3789926 16.0919985))",0.7132850272025947,16.091665657912035,76.37954073906796,010609167025637954
2c653ab39c65,Raichur,Khairwadgi,2025.0,1.0,pigeon_pea,2025-06-01,0.0,"POLYGON((76.3779724 16.0924085, 76.3781028 16.0931807, 76.3787532 16.0930924, 76.3788733 16.0923634, 76.3779724 16.0924085))",0.6889604469099058,16.09274159494055,76.37841969844462,010609274025637842
97aceb045f26,Gadag,Nagasamudra,2025.0,1.0,green_gram,2025-07-02,1.0,"POLYGON((75.6722842 15.4673909, 75.6721635 15.4659265, 75.6724183 15.4658867, 75.6724066 15.4674048, 75.6722842 15.4673909))",0.334481853050809,15.4665638437335,75.67231536629282,010546656025567232
d817f074d5c6,Gadag,Nagasamudra,2025.0,1.0,chilli,2025-06-18,1.0,"POLYGON((75.6720321 15.4673030, 75.6719251 15.4659872, 75.6678324 15.4660279, 75.6678284 15.4672371, 75.6720321 15.4673030))",6.212114007564592,15.466641596039775,75.6699336915818,010546664025566993
0b5aa8b954b4,Gadag,Nagasamudra,2025.0,1.0,green_gram,2025-06-25,1.0,"POLYGON((75.6723063 15.4698393, 75.6722389 15.4690944, 75.6701850 15.4689749, 75.6702353 15.4699252, 75.6723063 15.4698393))",2.0725940060720096,15.469459189873543,75.6711997349933,010546946025567120
ac8330685818,Gadag,Nagasamudra,2025.0,1.0,green_gram,2025-06-04,1.0,"POLYGON((75.6677372 15.4694108, 75.6672949 15.4690056, 75.6672480 15.4677845, 75.6677372 15.4678375, 75.6677372 15.4694108))",0.7655413530844718,15.468501426707258,75.66751460152388,010546850025566751
3f5e8133c2aa,Gadag,Nagasamudra,2025.0,1.0,green_gram,2025-06-19,1.0,"POLYGON((75.6699208 15.4706138, 75.6698340 15.4699869, 75.6722895 15.4699685, 75.6723247 15.4705754, 75.6699208 15.4706138))",1.7800977244130223,15.470285181066098,75.67108540147788,010547029025567109
03fd4c695273,Gadag,Nagasamudra,2025.0,1.0,green_gram,2025-06-15,1.0,"POLYGON((75.6699486 15.4710041, 75.6699305 15.4706791, 75.6723281 15.4705776, 75.6723690 15.4707466, 75.6699486 15.4710041))",0.7122415906871816,15.470761475982538,75.6710197723403,010547076025567102
5c881f3cce36,Gadag,Nagasamudra,2025.0,1.0,onion,2025-06-17,1.0,"POLYGON((75.6684349 15.4700338, 75.6699198 15.4710074, 75.6698833 15.4706662, 75.6697109 15.4701966, 75.6684349 15.4700338))",0.6181679712840317,15.470421025042205,75.66937449900236,010547042025566937
459d4ca509bb,Gadag,Nagasamudra,2025.0,1.0,onion,2025-06-11,1.0,"POLYGON((75.6755240 15.4773157, 75.6761248 15.4770834, 75.6753489 15.4762723, 75.6748702 15.4764472, 75.6755240 15.4773157))",0.7103665072195307,15.476796601221315,75.67548077324021,010547680025567548
34bcc8131a86,Gadag,Nagasamudra,2025.0,1.0,green_gram,2025-06-11,1.0,"POLYGON((75.6749037 15.4756507, 75.6757694 15.4754219, 75.6763675 15.4760798, 75.6756507 15.4764465, 75.6749037 15.4756507))",0.9198266384460774,15.475903417421348,75.67565864763074,010547590025567566
8ab89294f61b,Gadag,Nagasamudra,2025.0,1.0,onion,2025-06-05,1.0,"POLYGON((75.6726708 15.4690395, 75.6725739 15.4684534, 75.6730895 15.4684259, 75.6731499 15.4689949, 75.6726708 15.4690395))",0.34417439166523006,15.468725245660213,75.67286914412047,010546873025567287
bbeb45b2ffda,Gadag,Nagasamudra,2025.0,1.0,maize,2025-06-09,1.0,"POLYGON((75.6741651 15.4674090, 75.6741651 15.4664583, 75.6752346 15.4664137, 75.6752437 15.4674090, 75.6741651 15.4674090))",1.2398485504953267,15.46692309725706,75.67470622822607,010546692025567471
aa456f165656,Gadag,Nagasamudra,2025.0,1.0,green_gram,2025-06-17,1.0,"POLYGON((75.6734268 15.4674064, 75.6735532 15.4678704, 75.6742992 15.4678472, 75.6742090 15.4674471, 75.6734268 15.4674064))",0.39049855676354867,15.467641719445949,75.67386241154692,010546764025567386
ede23137d4a5,Gadag,Nagasamudra,2025.0,1.0,green_gram,2025-06-12,1.0,"POLYGON((75.6751411 15.4694522, 75.6751558 15.4697859, 75.6744517 15.4698428, 75.6743927 15.4695194, 75.6751411 15.4694522))",0.28582717605803626,15.469648272791392,75.67478634442382,010546965025567479
1f30237afa60,Gadag,Nagasamudra,2025.0,1.0,maize,2025-06-12,1.0,"POLYGON((75.6750851 15.4700370, 75.6744139 15.4700790, 75.6744692 15.4703986, 75.6751089 15.4703566, 75.6750851 15.4700370))",0.2504682849743327,15.470216561072819,75.67476874532375,010547022025567477
221ee50ac797,Gadag,Nagasamudra,2025.0,1.0,maize,2025-06-25,1.0,"POLYGON((75.6733986 15.4697882, 75.6734640 15.4693016, 75.6743565 15.4693562, 75.6743565 15.4698176, 75.6733986 15.4697882))",0.5219133630627096,15.469568397399142,75.67388916826476,010546957025567389
bc9f1e181895,Gadag,Nagasamudra,2025.0,1.0,green_gram,2025-06-12,1.0,"POLYGON((75.6734060 15.4693164, 75.6731190 15.4693271, 75.6731492 15.4697850, 75.6734006 15.4697982, 75.6734060 15.4693164))",0.1500394169464465,15.469551431544872,75.67326972800832,010546955025567327
7fcef7ad25c3,Gadag,Nagasamudra,2025.0,1.0,green_gram,2025-06-27,1.0,"POLYGON((75.6726694 15.4690440, 75.6729541 15.4690479, 75.6730030 15.4685655, 75.6726191 15.4685655, 75.6726694 15.4690440))",0.19053994318108736,15.468793844564402,75.67281164172086,010546879025567281
07f3ac39dedb,Gadag,Nagasamudra,2025.0,1.0,maize,2025-06-18,1.0,"POLYGON((75.6733071 15.4682427, 75.6734228 15.4690366, 75.6750143 15.4688909, 75.6749862 15.4682197, 75.6733071 15.4682427))",1.4283237955281887,15.468595886288794,75.67415875748853,010546860025567416
fdaf8d9d3b01,Gadag,Nagasamudra,2025.0,1.0,other:4,2025-06-19,1.0,"POLYGON((75.6786521 15.4680834, 75.6787181 15.4689510, 75.6794859 15.4689804, 75.6794581 15.4681083, 75.6786521 15.4680834))",0.8105202982732314,15.468527211842229,75.67907879880794,010546853025567908
a8f3302523bf,Gadag,Nagasamudra,2025.0,1.0,maize,2025-06-09,1.0,"POLYGON((75.6782551 15.4703844, 75.6778313 15.4703430, 75.6778602 15.4679803, 75.6782645 15.4680721, 75.6782551 15.4703844))",1.1497337315580864,15.469203755190218,75.67805190949964,010546920025567805
2b38175767b4,Gadag,Nagasamudra,2025.0,1.0,maize,2025-06-11,1.0,"POLYGON((75.6805226 15.4696470, 75.6806282 15.4688489, 75.6814285 15.4688650, 75.6814238 15.4696254, 75.6805226 15.4696470))",0.7862769999369013,15.469254073708317,75.68099682926649,010546925025568100
844318e1fed1,Tumkur,Haralur,2025.0,1.0,sorghum,2025-07-16,0.0,"POLYGON((77.1642643 13.2585303, 77.1639424 13.2585580, 77.1639692 13.2588576, 77.1642546 13.2588106, 77.1642643 13.2585303))",0.10584828310146922,13.258686504683123,77.16410547723488,010325869025716411
fad04dc9efa8,Tumkur,Haralur,2025.0,1.0,finger_millet,2025-06-24,0.0,"POLYGON((77.1644232 13.2513513, 77.1640785 13.2502101, 77.1645563 13.2501093, 77.1648269 13.2512877, 77.1644232 13.2513513))",0.6427612003484519,13.250721918405462,77.16446728515879,010325072025716447
d0229ec1e166,Tumkur,Haralur,2025.0,1.0,finger_millet,2025-06-12,0.0,"POLYGON((77.1607395 13.2542911, 77.1604596 13.2542898, 77.1600961 13.2526554, 77.1602695 13.2525836, 77.1607395 13.2542911))",0.4713309361571546,13.253507093892619,77.16040518767619,010325351025716041
72f3ebf1d5a3,Tumkur,Haralur,2025.0,1.0,finger_millet,2025-07-03,0.0,"POLYGON((77.1630640 13.2497865, 77.1629983 13.2496856, 77.1624340 13.2498354, 77.1624856 13.2499438, 77.1630640 13.2497865))",0.082391144191389,13.249813480683269,77.1627441473051,010324981025716274
500dc0cabaf5,Tumkur,Haralur,2025.0,1.0,sorghum,2025-07-16,0.0,"POLYGON((77.1700280 13.2531104, 77.1699154 13.2524038, 77.1700066 13.2524061, 77.1701065 13.2530908, 77.1700280 13.2531104))",0.07179672591832212,13.252746456881578,77.17001290382728,010325275025717001
e8bbfefa6a04,Tumkur,Haralur,2025.0,1.0,sorghum,2025-06-20,0.0,"POLYGON((77.1679201 13.2543231, 77.1679181 13.2544164, 77.1675128 13.2544474, 77.1675114 13.2543204, 77.1679201 13.2543231))",0.05370644414045683,13.254377104008023,77.16770522814373,010325438025716771
c6064b4179de,Tumkur,Haralur,2025.0,1.0,finger_millet,2025-07-20,0.0,"POLYGON((77.1606138 13.2496870, 77.1609434 13.2496719, 77.1609045 13.2491038, 77.1606098 13.2491188, 77.1606138 13.2496870))",0.21287970431480116,13.2494006333238,77.1607681330087,010324940025716077
92ce53b5688e,Gadag,Nagasamudra,2025.0,1.0,chilli,2025-06-10,1.0,"POLYGON((75.6797008 15.4764197, 75.6797501 15.4771780, 75.6804495 15.4771512, 75.6803828 15.4763929, 75.6797008 15.4764197))",0.6231870253400602,15.476787048322587,75.68007097172983,010547679025568007
f16c11ab8371,Gadag,Nagasamudra,2025.0,1.0,green_gram,2025-06-11,1.0,"POLYGON((75.6776040 15.4735691, 75.6775708 15.4732146, 75.6780211 15.4731995, 75.6780801 15.4735423, 75.6776040 15.4735691))",0.19272263374579574,15.473383135847198,75.67781807477735,010547338025567782
0e30206e90bb,Gadag,Nagasamudra,2025.0,1.0,green_gram,2025-06-14,1.0,"POLYGON((75.6819140 15.4743966, 75.6819281 15.4747427, 75.6814868 15.4747563, 75.6814697 15.4744157, 75.6819140 15.4743966))",0.18061465675118799,15.47457758944593,75.68170022191107,010547458025568170
d13c7ca1a343,Gadag,Nagasamudra,2025.0,1.0,green_gram,2025-06-19,1.0,"POLYGON((75.6819462 15.4737013, 75.6819371 15.4741197, 75.6824762 15.4741113, 75.6825111 15.4737042, 75.6819462 15.4737013))",0.270252592398095,15.473907479086574,75.6822164683065,010547391025568222
624be46a8d90,Gadag,Nagasamudra,2025.0,1.0,green_gram,2025-06-12,1.0,"POLYGON((75.6785659 15.4720769, 75.6785029 15.4714152, 75.6766056 15.4711741, 75.6767085 15.4720346, 75.6785659 15.4720769))",1.6811844976075583,15.471671513399853,75.67755507679529,010547167025567756
8a0787c0a32d,Gadag,Nagasamudra,2025.0,1.0,onion,2025-06-06,1.0,"POLYGON((75.6788972 15.4713867, 75.6789739 15.4720423, 75.6797883 15.4720071, 75.6797142 15.4714711, 75.6788972 15.4713867))",0.5744020269300376,15.471727164518908,75.67932983100305,010547173025567933
0325a6089d2f,Gadag,Nagasamudra,2025.0,1.0,green_gram,2025-06-26,1.0,"POLYGON((75.6768597 15.4724508, 75.6772335 15.4738276, 75.6776399 15.4739494, 75.6775537 15.4724640, 75.6768597 15.4724508))",0.9156445627815006,15.473106070715785,75.67731556143555,010547311025567732
2e1cdadd172a,Gadag,Nagasamudra,2025.0,1.0,green_gram,2025-06-12,1.0,"POLYGON((75.6839732 15.4726317, 75.6840846 15.4723222, 75.6843742 15.4723774, 75.6842914 15.4726747, 75.6839732 15.4726317))",0.11505133791163666,15.472503236874854,75.68417890318591,010547250025568418
f1977bde645b,Gadag,Nagasamudra,2025.0,1.0,green_gram,2025-06-11,1.0,"POLYGON((75.6798450 15.4720414, 75.6798772 15.4722747, 75.6800327 15.4722886, 75.6800213 15.4720210, 75.6798450 15.4720414))",0.04938688598865059,15.472153391879184,75.67994567091519,010547215025567995
c210a57f961a,Gadag,Nagasamudra,2025.0,1.0,onion,2025-06-03,1.0,"POLYGON((75.6844125 15.4719952, 75.6843152 15.4724020, 75.6838381 15.4723186, 75.6838515 15.4719244, 75.6844125 15.4719952))",0.25165412172210816,15.472155268261943,75.68410770317855,010547216025568411
d27975a86ce6,Gadag,Nagasamudra,2025.0,1.0,onion,2025-06-10,1.0,"POLYGON((75.6812344 15.4709437, 75.6812042 15.4712471, 75.6815569 15.4712820, 75.6816005 15.4709247, 75.6812344 15.4709437))",0.14122075781778076,15.471098927367395,75.68140396475744,010547110025568140
a1a5b98a6d2a,Gadag,Nagasamudra,2025.0,1.0,green_gram,2025-07-16,1.0,"POLYGON((75.6729058 15.4724472, 75.6749691 15.4722921, 75.6752048 15.4738199, 75.6730878 15.4738644, 75.6729058 15.4724472))",3.6757386691697858,15.473107492868987,75.67405546257945,010547311025567406
9e9bbab9c0b1,Gadag,Nagasamudra,2025.0,1.0,green_gram,2025-07-16,1.0,"POLYGON((75.6724465 15.4715955, 75.6717179 15.4718294, 75.6717648 15.4721054, 75.6725038 15.4719971, 75.6724465 15.4715955))",0.305489442835122,15.471876297990216,75.6721305131575,010547188025567213
d7a89b096c33,Gadag,Nagasamudra,2025.0,1.0,green_gram,2025-06-18,1.0,"POLYGON((75.6712653 15.4715056, 75.6713213 15.4718162, 75.6710219 15.4718107, 75.6706621 15.4714682, 75.6712653 15.4715056))",0.16950577358946886,15.471632433304777,75.67105432909871,010547163025567105
f37968f7328a,Gadag,Nagasamudra,2025.0,1.0,green_gram,2025-06-18,1.0,"POLYGON((75.6723657 15.4713176, 75.6714457 15.4714294, 75.6715379 15.4716249, 75.6723958 15.4715522, 75.6723657 15.4713176))",0.2334802188127993,15.471478430564217,75.67194676743472,010547148025567195
daa9c3ab8e13,Gadag,Nagasamudra,2025.0,1.0,green_gram,2025-06-19,1.0,"POLYGON((75.6724263 15.4709453, 75.6716049 15.4710277, 75.6716780 15.4713945, 75.6724696 15.4712836, 75.6724263 15.4709453))",0.3439574958330539,15.471162616181058,75.67203857501032,010547116025567204
a169a6d1a88c,Gadag,Benakanakoppa,2025.0,1.0,green_gram,2025-06-18,1.0,"POLYGON((75.7103028 15.4976957, 75.7102777 15.4972928, 75.7106321 15.4973060, 75.7105791 15.4977099, 75.7103028 15.4976957))",0.15109918879206558,15.497492789196036,75.71044847660238,010549749025571045
f5c531578a33,Gadag,Benakanakoppa,2025.0,1.0,onion,2025-07-09,1.0,"POLYGON((75.7085550 15.4974821, 75.7092209 15.4975083, 75.7092249 15.4970556, 75.7085051 15.4969888, 75.7085550 15.4974821))",0.38745576258042086,15.49725541971086,75.70887178069698,010549726025570887
3ac1545d3182,Gadag,Narasapur,2025.0,1.0,green_gram,2025-07-09,1.0,"POLYGON((75.7104171 15.5045146, 75.7096054 15.5044862, 75.7096598 15.5039282, 75.7104413 15.5039250, 75.7104171 15.5045146))",0.54274199995297,15.504215494822876,75.7100343773383,010550422025571003
b86c1d105a08,Gadag,Narasapur,2025.0,1.0,green_gram,2025-06-11,1.0,"POLYGON((75.7096165 15.5044978, 75.7096135 15.5044006, 75.7097818 15.5044109, 75.7097670 15.5045178, 75.7096165 15.5044978))",0.019410743375151113,15.504456001649313,75.70969623371268,010550446025570970
1b912ad880fc,Gadag,Narasapur,2025.0,1.0,onion,2025-07-02,0.0,"POLYGON((75.7091361 15.5044600, 75.7090492 15.5040384, 75.7096108 15.5039567, 75.7096041 15.5044432, 75.7091361 15.5044600))",0.279619328049617,15.504216826629758,75.70935465071386,010550422025570935
ddf2757e95d5,Gadag,Benakanakoppa,2025.0,1.0,green_gram,2025-06-28,1.0,"POLYGON((75.7099421 15.4885486, 75.7099937 15.4897285, 75.7089979 15.4897340, 75.7088893 15.4885486, 75.7099421 15.4885486))",1.4372387406280642,15.489134485935748,75.70945496325497,010548913025570945
2a390c43111e,Gadag,Benakanakoppa,2025.0,2.0,green_gram,2025-11-28,1.0,"POLYGON((75.7081376 15.4925421, 75.7075623 15.4925259, 75.7074929 15.4914251, 75.7080555 15.4914707, 75.7081376 15.4925421))",0.7302215040670988,15.491993231259178,75.70781089457172,010549199025570781
5d2dcb7bfb1b,Gadag,Benakanakoppa,2025.0,1.0,onion,2025-06-11,,"POLYGON((75.7023051 15.4896639, 75.7020547 15.4896862, 75.7020423 15.4902209, 75.7023420 15.4901864, 75.7023051 15.4896639))",0.17289990329975913,15.489947310447711,75.70218590378028,010548995025570219
ce7931ab6478,Gadag,Benakanakoppa,2025.0,1.0,onion,2025-06-18,,"POLYGON((75.7020537 15.4896471, 75.7021295 15.4907295, 75.7012470 15.4907295, 75.7012765 15.4895941, 75.7020537 15.4896471))",1.0907547877878103,15.490186801414755,75.70167339395805,010549019025570167
c24728a20cf6,Gadag,Benakanakoppa,2025.0,1.0,onion,2025-06-12,1.0,"POLYGON((75.7073852 15.4964311, 75.7063120 15.4964311, 75.7062758 15.4957995, 75.7074010 15.4957497, 75.7073852 15.4964311))",0.8562897053830281,15.496100069710195,75.7068502543701,010549610025570685
1ef05b2d49de,Gadag,Benakanakoppa,2025.0,1.0,groundnut,2025-06-11,1.0,"POLYGON((75.7073893 15.4964637, 75.7074104 15.4972757, 75.7063060 15.4972708, 75.7063425 15.4964537, 75.7073893 15.4964637))",1.03920557524234,15.496869612096337,75.70686139650321,010549687025570686
00cad239b082,Gadag,Benakanakoppa,2025.0,1.0,chilli,2025-07-17,1.0,"POLYGON((75.7105050 15.4910245, 75.7105144 15.4921986, 75.7114786 15.4920600, 75.7115601 15.4909967, 75.7105050 15.4910245))",1.3363073958528602,15.49156194082861,75.7110058820921,010549156025571101
50bfc51db10d,Gadag,Benakanakoppa,2025.0,1.0,onion,2025-06-04,,"POLYGON((75.7089533 15.4933197, 75.7089684 15.4936606, 75.7084021 15.4936118, 75.7084072 15.4932706, 75.7089533 15.4933197))",0.22470911036998595,15.493466706800382,75.70868249086392,010549347025570868
5a567a95d79b,Gadag,Benakanakoppa,2025.0,1.0,green_gram,2025-06-03,1.0,"POLYGON((75.7091863 15.4956541, 75.7084132 15.4956883, 75.7084223 15.4952657, 75.7091924 15.4952056, 75.7091863 15.4956541))",0.3982101413145515,15.49545336669021,75.70880738853025,010549545025570881
33ffdec1bc74,Gadag,Benakanakoppa,2025.0,1.0,green_gram,2025-07-16,1.0,"POLYGON((75.7105969 15.4944742, 75.7107152 15.4954780, 75.7098703 15.4956192, 75.7096225 15.4945446, 75.7105969 15.4944742))",1.1442378458108315,15.495018781290653,75.71019317079295,010549502025571019
cbc43384b4d6,Gadag,Benakanakoppa,2025.0,1.0,groundnut,2025-06-11,,"POLYGON((75.7102636 15.4976272, 75.7095947 15.4976899, 75.7094988 15.4968372, 75.7102669 15.4968272, 75.7102636 15.4976272))",0.7062040599570961,15.49723637382424,75.70990133223282,010549724025570990
1af79ceb7851,Gadag,Benakanakoppa,2025.0,2.0,chilli,2025-12-10,,"POLYGON((75.7092014 15.4974779, 75.7085607 15.4975328, 75.7084977 15.4957520, 75.7092299 15.4957355, 75.7092014 15.4974779))",1.435182890790662,15.496605141670983,75.70887084972276,010549661025570887
04c1eb8c7205,Gadag,Benakanakoppa,2025.0,1.0,groundnut,2025-06-11,1.0,"POLYGON((75.7096259 15.4979625, 75.7096232 15.4985208, 75.7102485 15.4985567, 75.7103028 15.4979874, 75.7096259 15.4979625))",0.43644285032347035,15.498253249387913,75.70995157615077,010549825025570995
e519a9c573e5,Gadag,Benakanakoppa,2025.0,1.0,green_gram,2025-07-03,1.0,"POLYGON((75.7149564 15.5073706, 75.7150714 15.5071557, 75.7157299 15.5072245, 75.7156813 15.5074352, 75.7149564 15.5073706))",0.1810060882370551,15.507297840150503,75.71535639911494,010550730025571536
6d9f7e44dd2f,Gadag,Benakanakoppa,2025.0,1.0,green_gram,2025-06-18,1.0,"POLYGON((75.7147647 15.5085327, 75.7147154 15.5080690, 75.7151633 15.5080807, 75.7151885 15.5084929, 75.7147647 15.5085327))",0.22701198995052177,15.508292311787889,75.71495350265305,010550829025571495
719b7a39627b,Gadag,Benakanakoppa,2025.0,1.0,maize,2025-06-18,1.0,"POLYGON((75.7150664 15.5086939, 75.7155043 15.5086884, 75.7154594 15.5096395, 75.7149883 15.5095661, 75.7150664 15.5086939))",0.49391565864355996,15.509153608438902,75.7152573152427,010550915025571526
446ba442327b,Gadag,Benakanakoppa,2025.0,1.0,onion,2025-07-10,1.0,"POLYGON((75.7110683 15.5073554, 75.7107856 15.5073845, 75.7108339 15.5076578, 75.7111474 15.5076710, 75.7110683 15.5073554))",0.10470492888466343,15.507518843344439,75.7109627847412,010550752025571096
f58a7632cfc3,Gadag,Benakanakoppa,2025.0,1.0,onion,2025-06-06,1.0,"POLYGON((75.7109160 15.5083362, 75.7109422 15.5080274, 75.7107621 15.5080099, 75.7106931 15.5082839, 75.7109160 15.5083362))",0.0716167602616416,15.508170318093395,75.71082896809341,010550817025571083
3e7878973f04,Gadag,Benakanakoppa,2025.0,1.0,onion,2025-06-18,0.0,"POLYGON((75.7113891 15.5080300, 75.7119302 15.5079970, 75.7119222 15.5082820, 75.7113972 15.5082797, 75.7113891 15.5080300))",0.16903764290809425,15.508146311625524,75.71166545198005,010550815025571167
1318824bbb63,Gadag,Benakanakoppa,2025.0,1.0,onion,2025-07-17,1.0,"POLYGON((75.7142141 15.5079324, 75.7139013 15.5079527, 75.7138889 15.5081014, 75.7142510 15.5081014, 75.7142141 15.5079324))",0.06370365001919841,15.50802371133679,75.71406786129744,010550802025571407
a006d493894d,Gadag,Benakanakoppa,2025.0,1.0,onion,2025-06-18,1.0,"POLYGON((75.7142886 15.5084503, 75.7142755 15.5081527, 75.7137417 15.5081795, 75.7137699 15.5084939, 75.7142886 15.5084503))",0.19181523430663813,15.508318601039155,75.71401634511562,010550832025571402
e307eebdc3a7,Gadag,Benakanakoppa,2025.0,1.0,green_gram,2025-06-26,1.0,"POLYGON((75.7143439 15.5087381, 75.7143137 15.5084939, 75.7139587 15.5085314, 75.7139922 15.5088276, 75.7143439 15.5087381))",0.11567031553624052,15.508648928040095,75.71414652584184,010550865025571415
930eb3bb089a,Gadag,Benakanakoppa,2025.0,1.0,onion,2025-06-21,1.0,"POLYGON((75.7097835 15.5054434, 75.7107450 15.5053052, 75.7109291 15.5065051, 75.7099126 15.5065684, 75.7097835 15.5054434))",1.3823946828188822,15.505959277628,75.71034876385076,010550596025571035
a6bfb6c3347b,Gadag,Benakanakoppa,2025.0,1.0,green_gram,2025-06-02,1.0,"POLYGON((75.7171559 15.4994432, 75.7176236 15.4988546, 75.7183136 15.4990562, 75.7180678 15.4999408, 75.7171559 15.4994432))",0.8477710003410457,15.49935329879401,75.71779390107557,010549935025571779
d9ad6a139fbc,Gadag,Benakanakoppa,2025.0,1.0,green_gram,2025-06-04,1.0,"POLYGON((75.7154912 15.5058470, 75.7158838 15.5058589, 75.7158184 15.5063904, 75.7154164 15.5063665, 75.7154912 15.5058470))",0.24911803213034855,15.506116914747912,75.71565304239874,010550612025571565
f002ac5a11a5,Gadag,Benakanakoppa,2025.0,1.0,green_gram,2025-06-10,1.0,"POLYGON((75.7150124 15.5064233, 75.7151563 15.5064540, 75.7151895 15.5063258, 75.7150543 15.5062928, 75.7150124 15.5064233))",0.022822670163519364,15.50637447841304,75.71510260306903,010550637025571510
cd730f9ce2fc,Raichur,Khairwadgi,2025.0,1.0,cotton,2025-06-01,1.0,"POLYGON((76.3894019 16.0927361, 76.3894287 16.0941381, 76.3913921 16.0943971, 76.3912292 16.0928785, 76.3894019 16.0927361))",3.2506747994284955,16.09354695426812,76.39037466714173,010609355025639037
2964b7a407c6,Raichur,Khairwadgi,2025.0,1.0,onion,2025-06-01,1.0,"POLYGON((76.3897945 16.0926627, 76.3911765 16.0926988, 76.3911809 16.0920136, 76.3897932 16.0919981, 76.3897945 16.0926627))",1.1053929707355175,16.09234313811266,76.3904898383858,010609234025639049
331f844bdd3f,Raichur,Khairwadgi,2025.0,1.0,onion,2025-06-01,1.0,"POLYGON((76.3880739 16.0926469, 76.3897637 16.0926582, 76.3897768 16.0920036, 76.3880119 16.0919952, 76.3880739 16.0926469))",1.3340011082915035,16.092323620625915,76.38890720155185,010609232025638891
c9c74a5e7d33,Raichur,Khairwadgi,2025.0,1.0,pigeon_pea,2025-06-01,0.0,"POLYGON((76.3778855 16.0874775, 76.3779348 16.0887190, 76.3786359 16.0887358, 76.3787804 16.0880309, 76.3787569 16.0871202, 76.3778855 16.0874775))",1.4087503155771586,16.087983851130073,76.37834462574705,010608798025637834
6a71fd45dfa4,Raichur,Khairwadgi,2025.0,1.0,pigeon_pea,2025-06-01,1.0,"POLYGON((76.3778627 16.0877297, 76.3772022 16.0878428, 76.3770520 16.0877671, 76.3763480 16.0880622, 76.3764261 16.0887996, 76.3778644 16.0887339, 76.3778627 16.0877297))",1.6163192979115344,16.088298903503123,76.37715019954861,010608830025637715
d45c285fa644,Raichur,Khairwadgi,2025.0,1.0,pigeon_pea,2025-06-01,0.0,"POLYGON((76.3790516 16.0901262, 76.3790318 16.0900598, 76.3789638 16.0900530, 76.3788240 16.0889471, 76.3792032 16.0889359, 76.3793607 16.0901226, 76.3790516 16.0901262))",0.5319856025540922,16.089528774374337,76.37909166673619,010608953025637909
f6d05ea5dbbe,Raichur,Khairwadgi,2025.0,1.0,pigeon_pea,2025-06-01,0.0,"POLYGON((76.3843262 16.0938559, 76.3842930 16.0937673, 76.3843661 16.0937093, 76.3840875 16.0931411, 76.3856830 16.0924752, 76.3858259 16.0932915, 76.3843262 16.0938559))",1.5074326839592462,16.093174859672928,76.38500521355189,010609317025638501
32452d43bb69,Raichur,Khairwadgi,2025.0,1.0,pigeon_pea,2025-06-01,1.0,"POLYGON((76.3783506 16.0938063, 76.3785048 16.0943075, 76.3801030 16.0942196, 76.3800866 16.0937293, 76.3783506 16.0938063))",0.9858255586981768,16.09401258267675,76.37925573755759,010609401025637926
57b953368df3,Raichur,Khairwadgi,2025.0,1.0,pigeon_pea,2025-06-01,0.0,"POLYGON((76.3812886 16.0946619, 76.3801966 16.0947224, 76.3802472 16.0951090, 76.3813392 16.0950781, 76.3812886 16.0946619))",0.5211052711724026,16.094892458722693,76.3807745661782,010609489025638077
f9c331286118,Raichur,Khairwadgi,2025.0,1.0,pigeon_pea,2025-06-01,1.0,"POLYGON((76.3812034 16.0942180, 76.3801798 16.0942756, 76.3801825 16.0946638, 76.3812779 16.0946168, 76.3812034 16.0942180))",0.4954286340675364,16.094445576320357,76.3807142785699,010609445025638071
0efc792359db,Raichur,Khairwadgi,2025.0,1.0,pearl_millet,2025-06-01,1.0,"POLYGON((76.3794841 16.0799475, 76.3789333 16.0799134, 76.3790734 16.0806501, 76.3798730 16.0805470, 76.3794841 16.0799475))",0.5444065515546593,16.080289527360335,76.37934038037389,010608029025637934
692cdd2c8e6f,Raichur,Gundasagar,2025.0,1.0,pigeon_pea,2025-06-01,0.0,"POLYGON((76.4006860 16.0907746, 76.4004875 16.0906474, 76.3997874 16.0907821, 76.3998049 16.0910375, 76.4007158 16.0909541, 76.4006860 16.0907746))",0.3024233258250062,16.09085389332823,76.40024470282363,010609085025640024
f8cc55b3ec8a,Raichur,Gundasagar,2025.0,1.0,pigeon_pea,2025-06-01,0.0,"POLYGON((76.4007316 16.0920645, 76.4006444 16.0915713, 76.3998612 16.0916802, 76.3997526 16.0913316, 76.3996104 16.0915120, 76.3998682 16.0921531, 76.4007316 16.0920645))",0.5861489105348665,16.09183472466827,76.40018394557238,010609183025640018
0db617784a85,Raichur,Gundasagar,2025.0,1.0,pigeon_pea,2025-06-01,0.0,"POLYGON((76.3998351 16.0910784, 76.3999055 16.0916190, 76.4006665 16.0915301, 76.4007671 16.0912588, 76.4007121 16.0909834, 76.3998351 16.0910784))",0.5531549399711652,16.091294624520028,76.40029866889505,010609129025640030
9fb320759d0e,Raichur,Gundasagar,2025.0,1.0,cotton,2025-06-01,1.0,"POLYGON((76.4189062 16.1017655, 76.4195895 16.1017204, 76.4199114 16.1025924, 76.4192630 16.1026168, 76.4187939 16.1022967, 76.4189062 16.1017655))",0.8610853205736161,16.102180353889977,76.4193328834884,010610218025641933
72dcf5c15731,Raichur,Gundasagar,2025.0,1.0,cotton,2025-06-01,1.0,"POLYGON((76.4208592 16.1070840, 76.4209481 16.1077881, 76.4214811 16.1079266, 76.4236319 16.1075047, 76.4235552 16.1068218, 76.4208592 16.1070840))",2.541989340049093,16.10735363556544,76.42221451119043,010610735025642221
a69f6d394bf6,Raichur,Gundasagar,2025.0,1.0,pigeon_pea,2025-06-01,0.0,"POLYGON((76.4249690 16.1073752, 76.4250217 16.1076544, 76.4231850 16.1084726, 76.4227197 16.1077798, 76.4249690 16.1073752))",1.3616150438140886,16.107865763424726,76.42380983633059,010610787025642381
7a4feed69539,Raichur,Gundasagar,2025.0,1.0,pigeon_pea,2025-06-01,1.0,"POLYGON((76.4186987 16.1052189, 76.4186719 16.1056290, 76.4204921 16.1054025, 76.4203949 16.1050463, 76.4186987 16.1052189))",0.804985170733801,16.1053282070033,76.41954955753089,010610533025641955
29e64f8c5d6e,Raichur,Gundasagar,2025.0,1.0,pigeon_pea,2025-06-01,1.0,"POLYGON((76.4214533 16.0918065, 76.4215251 16.0915558, 76.4196462 16.0914383, 76.4195768 16.0917784, 76.4214533 16.0918065))",0.6620880083040953,16.09164261395082,76.42050345614138,010609164025642050
8c98bd89644d,Gadag,Narasapur,2025.0,1.0,green_gram,2025-06-26,1.0,"POLYGON((75.6984894 15.4552853, 75.6992498 15.4553290, 75.6992578 15.4538037, 75.6983777 15.4537558, 75.6984894 15.4552853))",1.483563163606508,15.45452486771407,75.69884314401511,010545452025569884
e0e985ae07d3,Gadag,Narasapur,2025.0,1.0,green_gram,2025-06-18,1.0,"POLYGON((75.6985712 15.4596152, 75.6990372 15.4596181, 75.6989839 15.4584160, 75.6984770 15.4584900, 75.6985712 15.4596152))",0.6747169205529069,15.459025556038586,75.69876929211547,010545903025569877
50a60266841a,Gadag,Narasapur,2025.0,1.0,green_gram,2025-06-26,0.0,"POLYGON((75.6976760 15.4595574, 75.6976230 15.4580295, 75.6983640 15.4581158, 75.6984810 15.4595929, 75.6976760 15.4595574))",1.3716905205860677,15.458834588765225,75.69803419699812,010545883025569803
ac449a6481d7,Gadag,Narasapur,2025.0,1.0,green_gram,2025-06-19,1.0,"POLYGON((75.7020570 15.4589230, 75.7024838 15.4588791, 75.7024379 15.4592979, 75.7020440 15.4592500, 75.7020570 15.4589230))",0.18162426954314906,15.459085602162725,75.70226426544988,010545909025570226
6c71bafb8814,Gadag,Narasapur,2025.0,1.0,green_gram,2025-06-11,1.0,"POLYGON((75.7024862 15.4584293, 75.7020959 15.4584347, 75.7020899 15.4588655, 75.7024979 15.4588532, 75.7024862 15.4584293))",0.2024024539250622,15.458647278124783,75.70229199473157,010545865025570229
a63c35175995,Gadag,Narasapur,2025.0,1.0,onion,2025-06-25,1.0,"POLYGON((75.6974540 15.4609210, 75.6967060 15.4610842, 75.6966353 15.4605274, 75.6975700 15.4604709, 75.6974540 15.4609210))",0.4995915835486814,15.46074367735586,75.69707341991557,010546074025569707
739acd52e6d2,Gadag,Narasapur,2025.0,1.0,chilli,2025-06-17,1.0,"POLYGON((75.6976502 15.4601329, 75.6986523 15.4600747, 75.6986550 15.4596304, 75.6976998 15.4596362, 75.6976502 15.4601329))",0.5452887868756252,15.459870598269779,75.69815538781212,010545987025569816
a402b44696cf,Gadag,Narasapur,2025.0,1.0,maize,2025-06-12,0.0,"POLYGON((75.6609344 15.4577920, 75.6591115 15.4580260, 75.6591628 15.4585737, 75.6611735 15.4583194, 75.6609344 15.4577920))",1.2644651266536018,15.458181996602006,75.66009775093589,010545818025566010
b3a7a3315ab5,Gadag,Narasapur,2025.0,1.0,maize,2025-06-11,0.0,"POLYGON((75.6604778 15.4568323, 75.6583783 15.4571551, 75.6583887 15.4576385, 75.6606152 15.4573112, 75.6604778 15.4568323))",1.2632871169117463,15.45723576107462,75.65947067173998,010545724025565947
1ea7a6245415,Gadag,Narasapur,2025.0,1.0,maize,2025-06-19,1.0,"POLYGON((75.6606531 15.4573419, 75.6595065 15.4575057, 75.6595715 15.4579552, 75.6609126 15.4577668, 75.6606531 15.4573419))",0.6791172606259436,15.457647955539825,75.66016370152306,010545765025566016
807dbf197719,Gadag,Narasapur,2025.0,1.0,maize,2025-06-19,1.0,"POLYGON((75.6612382 15.4621464, 75.6630939 15.4620911, 75.6629715 15.4618804, 75.6612241 15.4620090, 75.6612382 15.4621464))",0.37936603459971147,15.462028967604086,75.66219890014054,010546203025566220
6f44144d430f,Gadag,Narasapur,2025.0,1.0,maize,2025-06-19,1.0,"POLYGON((75.6609837 15.4616920, 75.6605301 15.4617114, 75.6605512 15.4618969, 75.6609824 15.4618617, 75.6609837 15.4616920))",0.09351485480360984,15.461790019880894,75.66075822447456,010546179025566076
74a167c80666,Gadag,Narasapur,2025.0,1.0,maize,2025-07-16,1.0,"POLYGON((75.6611969 15.4583817, 75.6602971 15.4585068, 75.6604794 15.4587721, 75.6613371 15.4586616, 75.6611969 15.4583817))",0.30670584117002264,15.45857904968788,75.66082911529901,010545858025566083
e808c7be7c2f,Gadag,Narasapur,2025.0,1.0,maize,2025-06-18,0.0,"POLYGON((75.6620740 15.4603452, 75.6614434 15.4603581, 75.6614454 15.4605879, 75.6621598 15.4605682, 75.6620740 15.4603452))",0.18146690009897967,15.460467230221658,75.66177993793238,010546047025566178
e7a6f62c414e,Gadag,Narasapur,2025.0,1.0,onion,2025-07-08,1.0,"POLYGON((75.6611396 15.4600673, 75.6611523 15.4601962, 75.6609280 15.4602321, 75.6608922 15.4601141, 75.6611396 15.4600673))",0.035734787430136535,15.460151171950637,75.66102889348554,010546015025566103
3ce31d499d31,Gadag,Narasapur,2025.0,1.0,maize,2025-06-27,0.0,"POLYGON((75.6617243 15.4594691, 75.6612050 15.4595470, 75.6612409 15.4597102, 75.6617635 15.4596058, 75.6617243 15.4594691))",0.09674076868583013,15.459584530783038,75.66147629476094,010545958025566148
34cb04475bc7,Gadag,Narasapur,2025.0,1.0,maize,2025-06-24,1.0,"POLYGON((75.6617163 15.4594207, 75.6612479 15.4595124, 75.6611805 15.4593450, 75.6616475 15.4592759, 75.6617163 15.4594207))",0.09310235499544864,15.459389694999162,75.66144297953542,010545939025566144
0a200d82413d,Gadag,Narasapur,2025.0,1.0,maize,2025-06-19,1.0,"POLYGON((75.6620462 15.4601794, 75.6615470 15.4601875, 75.6615637 15.4603080, 75.6620536 15.4602738, 75.6620462 15.4601794))",0.06334118900677431,15.460237488120644,75.66179245076201,010546024025566179
0e94fab56de8,Gadag,Narasapur,2025.0,1.0,maize,2025-06-26,1.0,"POLYGON((75.6618216 15.4600146, 75.6618189 15.4601513, 75.6621106 15.4601303, 75.6620549 15.4600162, 75.6618216 15.4600146))",0.039353961500748755,15.460080725655896,75.66194845437865,010546008025566195
b67c498046fc,Gadag,Narasapur,2025.0,1.0,green_gram,2025-06-19,1.0,"POLYGON((75.7007501 15.4554776, 75.7006988 15.4567469, 75.7012846 15.4566206, 75.7013127 15.4555002, 75.7007501 15.4554776))",0.8114643235537623,15.456090033271844,75.70100555434595,010545609025570101
ac4d17b854ec,Gadag,Narasapur,2025.0,1.0,green_gram,2025-06-20,1.0,"POLYGON((75.6994389 15.4573412, 75.6994744 15.4583339, 75.7006760 15.4583617, 75.7006834 15.4573687, 75.6994389 15.4573412))",1.440247837324422,15.457848479374869,75.70006826732164,010545785025570007
2fb1bb7dd289,Gadag,Narasapur,2025.0,3.0,green_gram,2025-05-15,1.0,"POLYGON((75.6997983 15.4595402, 75.6998727 15.4584535, 75.6990372 15.4584535, 75.6990258 15.4595234, 75.6997983 15.4595402))",1.0289882390575917,15.458985699787613,75.69943485988325,010545899025569943
60a8d78353ef,Gadag,Narasapur,2025.0,1.0,onion,2025-06-13,,"POLYGON((75.7053142 15.4557015, 75.7053347 15.4580489, 75.7042108 15.4582111, 75.7040291 15.4555978, 75.7053142 15.4557015))",3.5478640190101034,15.456864324254518,75.70471026641185,010545686025570471
2cf28a627d8c,Gadag,Narasapur,2025.0,1.0,maize,2025-06-10,1.0,"POLYGON((75.7009379 15.4538496, 75.7010267 15.4523113, 75.6994687 15.4520732, 75.6994814 15.4536053, 75.7009379 15.4538496))",2.7560464532005136,15.452951545762764,75.70023072709851,010545295025570023
c89826b3145e,Gadag,Narasapur,2025.0,1.0,green_gram,2025-06-06,1.0,"POLYGON((75.6988481 15.4520486, 75.6987643 15.4536618, 75.6994043 15.4537377, 75.6994674 15.4521346, 75.6988481 15.4520486))",1.2084035833591287,15.452899931512498,75.6991204126727,010545290025569912
13f9110bffc6,Gadag,Narasapur,2025.0,1.0,green_gram,2025-06-10,1.0,"POLYGON((75.6957388 15.4565178, 75.6956801 15.4561394, 75.6967124 15.4561129, 75.6967282 15.4565065, 75.6957388 15.4565178))",0.46375821466918105,15.456317700540277,75.6962178450844,010545632025569622
a23b40a4374f,Gadag,Narasapur,2025.0,1.0,chilli,2025-06-18,1.0,"POLYGON((75.6987593 15.4608005, 75.6986587 15.4596698, 75.6976579 15.4596275, 75.6976750 15.4609255, 75.6987593 15.4608005))",1.5048754516888787,15.46026516949742,75.69817641002574,010546027025569818
042b774b82ad,Tumkur,Haralur,2025.0,1.0,finger_millet,2025-06-13,0.0,"POLYGON((77.1673827 13.2437124, 77.1675074 13.2445090, 77.1669911 13.2446030, 77.1669327 13.2437972, 77.1673827 13.2437124))",0.4736083566323554,13.244164495739641,77.16720467971132,010324416025716720
91dffcaa4cc1,Tumkur,Haralur,2025.0,1.0,finger_millet,2025-07-17,0.0,"POLYGON((77.1627083 13.2566398, 77.1627495 13.2570239, 77.1630439 13.2569315, 77.1630104 13.2565814, 77.1627083 13.2566398))",0.13455712734678446,13.256794299281374,77.1628755893294,010325679025716288
275e4963d77d,Tumkur,Haralur,2025.0,1.0,finger_millet,2025-07-16,0.0,"POLYGON((77.1664563 13.2570980, 77.1663524 13.2568248, 77.1665210 13.2567638, 77.1665680 13.2570366, 77.1664563 13.2570980))",0.05136704746838886,13.256922959295558,77.16647118401406,010325692025716647
00f8468ac85d,Tumkur,Haralur,2025.0,1.0,finger_millet,2025-06-10,0.0,"POLYGON((77.1614959 13.2538208, 77.1623955 13.2535075, 77.1622295 13.2528636, 77.1615140 13.2532148, 77.1614959 13.2538208))",0.6340694921729714,13.253357932679638,77.161921687108,010325336025716192
41cb6ad9ee87,Tumkur,Haralur,2025.0,1.0,finger_millet,2025-06-15,0.0,"POLYGON((77.1651243 13.2493192, 77.1654827 13.2492046, 77.1652973 13.2486332, 77.1651668 13.2486332, 77.1651243 13.2493192))",0.18901848654609135,13.24899829414801,77.1652715524734,010324900025716527
33468c8af73c,Tumkur,Haralur,2025.0,1.0,pigeon_pea,2025-07-15,0.0,"POLYGON((77.1612837 13.2476949, 77.1614111 13.2479331, 77.1616599 13.2478551, 77.1615472 13.2475807, 77.1612837 13.2476949))",0.09249820585181544,13.247762894740596,77.16147657756909,010324776025716148
8a33eb78fc52,Tumkur,Haralur,2025.0,1.0,finger_millet,2025-07-07,0.0,"POLYGON((77.1633185 13.2468682, 77.1636061 13.2468611, 77.1635783 13.2466065, 77.1633208 13.2467583, 77.1633185 13.2468682))",0.06074102589249717,13.24676915085723,77.16347474196111,010324677025716347
e1d573e286f7,Tumkur,Haralur,2025.0,1.0,finger_millet,2025-06-17,0.0,"POLYGON((77.1635810 13.2483479, 77.1633885 13.2483766, 77.1635810 13.2490163, 77.1637389 13.2489811, 77.1635810 13.2483479))",0.1402867738801408,13.248671098170155,77.16356948018074,010324867025716357
f0bcba0ca447,Tumkur,Haralur,2025.0,1.0,finger_millet,2025-07-15,0.0,"POLYGON((77.1663155 13.2501468, 77.1664134 13.2508347, 77.1666588 13.2507525, 77.1666421 13.2500962, 77.1663155 13.2501468))",0.23486783625472643,13.250442892728996,77.16650440831653,010325044025716650
ab0b8a887608,Tumkur,Haralur,2025.0,1.0,finger_millet,2025-06-19,0.0,"POLYGON((77.1639575 13.2492888, 77.1637426 13.2493257, 77.1636172 13.2490457, 77.1638321 13.2489931, 77.1639575 13.2492888))",0.08083549872466649,13.249162437145742,77.1637879432215,010324916025716379
a0419769f2b4,Tumkur,Haralur,2025.0,1.0,finger_millet,2025-06-18,0.0,"POLYGON((77.1608860 13.2514078, 77.1608364 13.2507796, 77.1605739 13.2507982, 77.1606812 13.2513905, 77.1608860 13.2514078))",0.1709314352259746,13.251080459251936,77.16074378578004,010325108025716074
d602fa3c0567,Tumkur,Haralur,2025.0,1.0,finger_millet,2025-06-23,0.0,"POLYGON((77.1666146 13.2452897, 77.1670099 13.2452329, 77.1667336 13.2425358, 77.1664808 13.2426458, 77.1666146 13.2452897))",1.0573067665799554,13.244019027366194,77.16671775157552,010324402025716672
8d8b1c77f036,Tumkur,Haralur,2025.0,1.0,finger_millet,2025-06-18,0.0,"POLYGON((77.1674621 13.2445181, 77.1670008 13.2446392, 77.1670575 13.2452658, 77.1674461 13.2452166, 77.1674621 13.2445181))",0.3394025233930271,13.244899651702722,77.16724436334175,010324490025716724
502eb6dd7874,Tumkur,Haralur,2025.0,1.0,finger_millet,2025-06-19,0.0,"POLYGON((77.1682125 13.2450224, 77.1682135 13.2442088, 77.1676244 13.2443974, 77.1676382 13.2450687, 77.1682125 13.2450224))",0.5183789638425819,13.244670778792319,77.16793121204029,010324467025716793
cb69b96aa34c,Tumkur,Haralur,2025.0,1.0,finger_millet,2025-06-20,0.0,"POLYGON((77.1674122 13.2592489, 77.1672439 13.2592658, 77.1673173 13.2587150, 77.1674779 13.2587104, 77.1674122 13.2592489))",0.10641697773125994,13.258986736504093,77.16736230254634,010325899025716736
37edbb1e4705,Tumkur,Haralur,2025.0,1.0,finger_millet,2025-06-18,0.0,"POLYGON((77.1628487 13.2470226, 77.1627804 13.2467785, 77.1622962 13.2469635, 77.1624176 13.2472155, 77.1628487 13.2470226))",0.1574861257668335,13.246994708755645,77.16258103403322,010324699025716258
afa594a22b2a,Tumkur,Haralur,2025.0,1.0,finger_millet,2025-06-18,0.0,"POLYGON((77.1634204 13.2483101, 77.1634083 13.2479015, 77.1637064 13.2478839, 77.1637141 13.2482676, 77.1634204 13.2483101))",0.14081034825060534,13.248090506163418,77.1635607221543,010324809025716356
3ad1dbc9af82,Tumkur,Haralur,2025.0,1.0,finger_millet,2025-06-12,0.0,"POLYGON((77.1638039 13.2483052, 77.1644101 13.2481505, 77.1643997 13.2479547, 77.1637755 13.2480885, 77.1638039 13.2483052))",0.15540002349094767,13.248125696102758,77.16409116312283,010324813025716409
43addc578b27,Gadag,Narasapur,2025.0,1.0,onion,2025-06-04,1.0,"POLYGON((75.6918211 15.4610622, 75.6920212 15.4618126, 75.6910573 15.4620200, 75.6909829 15.4611411, 75.6918211 15.4610622))",0.8941514242275829,15.461521346681751,75.69146267700937,010546152025569146
f720a1cd6709,Gadag,Narasapur,2025.0,1.0,other:78_mixed,2025-06-10,,"POLYGON((75.6936252 15.4608906, 75.6926924 15.4609504, 75.6926535 15.4602350, 75.6936215 15.4600815, 75.6936252 15.4608906))",0.8621470648250946,15.460535826958276,75.69315738619935,010546054025569316
39028d067a56,Gadag,Narasapur,2025.0,1.0,onion,2025-06-12,1.0,"POLYGON((75.6926572 15.4609630, 75.6927565 15.4617163, 75.6922619 15.4617712, 75.6920836 15.4610067, 75.6926572 15.4609630))",0.4889777983351338,15.461355420578785,75.6924370912288,010546136025569244
f24375d739bc,Gadag,Narasapur,2025.0,1.0,maize,2025-06-10,1.0,"POLYGON((75.6926311 15.4610054, 75.6927337 15.4617247, 75.6918921 15.4618549, 75.6918080 15.4610687, 75.6926311 15.4610054))",0.7540253596870587,15.46141608230389,75.69226058196377,010546142025569226
a34d3b224ae4,Gadag,Narasapur,2025.0,1.0,onion,2025-06-04,1.0,"POLYGON((75.6937341 15.4615747, 75.6936755 15.4612177, 75.6931870 15.4613201, 75.6931964 15.4616500, 75.6937341 15.4615747))",0.2127006388489758,15.461442436306951,75.69345285237955,010546144025569345
bdb9c8badead,Gadag,Narasapur,2025.0,1.0,green_gram,2025-06-11,1.0,"POLYGON((75.6633172 15.4640872, 75.6632847 15.4642552, 75.6629209 15.4642316, 75.6629353 15.4640791, 75.6633172 15.4640872))",0.07133159276796038,15.464162825891712,75.66311776276429,010546416025566312
4dc2b9432313,Gadag,Narasapur,2025.0,1.0,onion,2025-06-20,1.0,"POLYGON((75.6625766 15.4635155, 75.6626232 15.4640232, 75.6633886 15.4640364, 75.6632052 15.4634719, 75.6625766 15.4635155))",0.44538012811447597,15.463769564055792,75.66295657475945,010546377025566296
c898ac99b34a,Gadag,Narasapur,2025.0,1.0,chilli,2025-06-10,1.0,"POLYGON((75.6592305 15.4628457, 75.6593700 15.4624624, 75.6611071 15.4624072, 75.6612177 15.4629016, 75.6592305 15.4628457))",0.9694320248757172,15.462659185469084,75.6602704661075,010546266025566027
79c7d69fb2f8,Gadag,Narasapur,2025.0,1.0,green_gram,2025-06-18,1.0,"POLYGON((75.6596242 15.4612170, 75.6596754 15.4614542, 75.6592222 15.4615411, 75.6591973 15.4613566, 75.6596242 15.4612170))",0.1151897479442938,15.461390349632206,75.65943977956317,010546139025565944
4e48d0916eae,Gadag,Narasapur,2025.0,1.0,chilli,2025-06-12,1.0,"POLYGON((75.6600919 15.4629759, 75.6601197 15.4631769, 75.6608741 15.4631976, 75.6608784 15.4630256, 75.6600919 15.4629759))",0.16993467996826922,15.463092939280267,75.66048143421303,010546309025566048
d9094217b3ea,Raichur,Gundasagar,2025.0,1.0,pigeon_pea,2025-06-01,0.0,"POLYGON((76.4230160 16.0915349, 76.4230402 16.0912646, 76.4197317 16.0911370, 76.4196663 16.0914070, 76.4230160 16.0915349))",1.0702844587171807,16.09133611915681,76.42136221714559,010609134025642136
c5da8db73584,Raichur,Gundasagar,2025.0,1.0,pigeon_pea,2025-06-01,0.0,"POLYGON((76.4215365 16.0924375, 76.4228642 16.0925728, 76.4229081 16.0919456, 76.4217282 16.0918048, 76.4215365 16.0924375))",0.9533192045838101,16.092195839844305,76.42225457707015,010609220025642225
bb9b3867d77c,Raichur,Gundasagar,2025.0,1.0,pearl_millet,2025-06-01,1.0,"POLYGON((76.4179557 16.1017236, 76.4182370 16.1017529, 76.4187369 16.1006087, 76.4182947 16.1006355, 76.4179557 16.1017236))",0.4781660626682265,16.101144266744566,76.41832110560847,010610114025641832
b4c88c13728f,Raichur,Gundasagar,2025.0,1.0,pearl_millet,2025-06-12,1.0,"POLYGON((76.4177482 16.1021324, 76.4181203 16.1021546, 76.4180855 16.1018505, 76.4177381 16.1018022, 76.4177482 16.1021324))",0.13398574942429264,16.101986627674954,76.41792045382388,010610199025641792
061972a3d619,Raichur,Gundasagar,2025.0,1.0,sunflower,2025-06-02,1.0,"POLYGON((76.4131401 16.1016337, 76.4130966 16.1022413, 76.4144336 16.1022245, 76.4144407 16.1016695, 76.4131401 16.1016337))",0.9068648206953861,16.101943426432737,76.41376773055408,010610194025641377
6bff53ed8f59,Raichur,Gundasagar,2025.0,1.0,pigeon_pea,2025-06-01,1.0,"POLYGON((76.4138439 16.1023208, 76.4135740 16.1023598, 76.4136286 16.1030163, 76.4139344 16.1029676, 76.4138439 16.1023208))",0.22558197994219423,16.102673008594042,76.41374584896548,010610267025641375
5418339ab2d8,Raichur,Gundasagar,2025.0,1.0,pigeon_pea,2025-06-01,1.0,"POLYGON((76.4146278 16.1029467, 76.4146077 16.1026603, 76.4141342 16.1026835, 76.4141222 16.1029354, 76.4146278 16.1029467))",0.1558276862457492,16.102807881639723,76.41437826246316,010610281025641438
e35c4eaa30ae,Raichur,Gundasagar,2025.0,1.0,pigeon_pea,2025-06-01,1.0,"POLYGON((76.4031067 16.1096197, 76.4029746 16.1080407, 76.4026199 16.1081309, 76.4026976 16.1095797, 76.4031067 16.1096197))",0.6868110938845058,16.108857433807533,76.40285351574886,010610886025640285
88c8731d6512,Raichur,Gundasagar,2025.0,1.0,pigeon_pea,2025-06-01,1.0,"POLYGON((76.4037018 16.1087129, 76.4036642 16.1078023, 76.4030953 16.1078583, 76.4031472 16.1087529, 76.4037018 16.1087129))",0.6021309560547637,16.10827950893672,76.40340280425494,010610828025640340
1f4f41bfc91e,Raichur,Gundasagar,2025.0,1.0,pigeon_pea,2025-06-01,1.0,"POLYGON((76.4032663 16.1096673, 76.4037263 16.1095771, 76.4037383 16.1091049, 76.4037078 16.1087967, 76.4031868 16.1088869, 76.4032663 16.1096673))",0.46866626367286274,16.109222627210354,76.40347650397622,010610922025640348
913877f4efb7,Raichur,Gundasagar,2025.0,1.0,pigeon_pea,2025-06-01,1.0,"POLYGON((76.4002256 16.1122600, 76.4003011 16.1130308, 76.3989979 16.1132144, 76.3989228 16.1124304, 76.4002256 16.1122600))",1.2136780278370238,16.11273420361788,76.3996100333508,010611273025639961
d52cf1f8020e,Raichur,Gundasagar,2025.0,1.0,pigeon_pea,2025-06-01,1.0,"POLYGON((76.4000604 16.1103383, 76.3998270 16.1103650, 76.4003453 16.1120062, 76.4005680 16.1119508, 76.4000604 16.1103383))",0.463518112247713,16.111164165361718,76.4001995279238,010611116025640020
da41bdd92e35,Raichur,Gundasagar,2025.0,1.0,pigeon_pea,2025-06-02,1.0,"POLYGON((76.4111828 16.0923586, 76.4115737 16.0923390, 76.4112582 16.0909199, 76.4108750 16.0908964, 76.4111828 16.0923586))",0.6587812932013692,16.091633762305815,76.41122262897555,010609163025641122
453a584bdc87,Raichur,Gundasagar,2025.0,1.0,pigeon_pea,2025-06-01,1.0,"POLYGON((76.4123824 16.0940112, 76.4110953 16.0939223, 76.4110856 16.0943491, 76.4125356 16.0945933, 76.4125212 16.0941597, 76.4123824 16.0940112))",0.8367146955216401,16.09422827123044,76.41183413933268,010609423025641183
49503fabb19f,Raichur,Gundasagar,2025.0,1.0,other:sevanti flower_mixed,2025-06-03,1.0,"POLYGON((76.4149647 16.0945085, 76.4151847 16.0942457, 76.4147780 16.0942167, 76.4147337 16.0943526, 76.4149647 16.0945085))",0.08963628739151694,16.094332648249484,76.4149378018067,010609433025641494
48f53665c75c,Gadag,Betigeri(Rural),2025.0,1.0,green_gram,2025-07-16,1.0,"POLYGON((75.6345435 15.4773270, 75.6358390 15.4776950, 75.6355714 15.4782863, 75.6342672 15.4779070, 75.6345435 15.4773270))",1.023601378607581,15.477804721832342,75.63505650646019,010547780025563506
a9a1d0e7d111,Gadag,Betigeri(Rural),2025.0,1.0,other:hesari,2025-06-15,1.0,"POLYGON((75.6350102 15.4760497, 75.6346307 15.4765431, 75.6335611 15.4763580, 75.6337281 15.4758116, 75.6350102 15.4760497))",0.7937819866073949,15.476182048308061,75.6342342344824,010547618025563423
b5953e5e5bae,Gadag,Betigeri(Rural),2025.0,1.0,green_gram,2025-06-26,1.0,"POLYGON((75.6351805 15.4761059, 75.6359721 15.4762572, 75.6360935 15.4758035, 75.6355158 15.4756568, 75.6351805 15.4761059))",0.40695718076266824,15.475965511454598,75.63568026882322,010547597025563568
94f4f9db9d60,Gadag,Betigeri(Rural),2025.0,1.0,green_gram,2025-06-08,,"POLYGON((75.6360908 15.4741268, 75.6358564 15.4745395, 75.6351664 15.4744018, 75.6353126 15.4739892, 75.6360908 15.4741268))",0.39040215129101347,15.474260933482537,75.63561057189892,010547426025563561
9e5a20c64353,Gadag,Betigeri(Rural),2025.0,1.0,green_gram,2025-06-11,1.0,"POLYGON((75.6322898 15.4734660, 75.6321996 15.4743065, 75.6309366 15.4742402, 75.6309064 15.4733872, 75.6322898 15.4734660))",1.331685727067279,15.47384351462439,75.63158252919452,010547384025563158
253c558b38dd,Gadag,Betigeri(Rural),2025.0,1.0,green_gram,2025-06-14,1.0,"POLYGON((75.6355916 15.4751602, 75.6343128 15.4750215, 75.6341455 15.4757893, 75.6350524 15.4759376, 75.6355916 15.4751602))",1.061694981567031,15.475457584202244,75.63479142179987,010547546025563479
1b2748a98ed8,Gadag,Betigeri(Rural),2025.0,1.0,green_gram,2025-06-08,1.0,"POLYGON((75.6360884 15.4741039, 75.6358554 15.4745336, 75.6340376 15.4742260, 75.6342189 15.4737607, 75.6360884 15.4741039))",1.0587810062664615,15.474153312165772,75.63504228882188,010547415025563504
8461e7648208,Gadag,Betigeri(Rural),2025.0,1.0,maize,2025-07-09,0.0,"POLYGON((75.6371600 15.4705909, 75.6370292 15.4709912, 75.6376817 15.4710591, 75.6377444 15.4707133, 75.6371600 15.4705909))",0.28460251228077793,15.470839895067112,75.63739448906645,010547084025563739
27bf21cbe46e,Gadag,Betigeri(Rural),2025.0,1.0,green_gram,2025-07-16,1.0,"POLYGON((75.6372713 15.4684879, 75.6368163 15.4706141, 75.6334310 15.4699288, 75.6336657 15.4680242, 75.6372713 15.4684879))",8.592106274995228,15.469261203420997,75.63533380582594,010546926025563533
61345fd6f5f4,Gadag,Betigeri(Rural),2025.0,1.0,green_gram,2025-06-19,1.0,"POLYGON((75.6377849 15.4684482, 75.6373957 15.4698599, 75.6389004 15.4701026, 75.6394556 15.4687018, 75.6377849 15.4684482))",2.7877507075440167,15.469266458999435,75.63838948973859,010546927025563839
68cd2608834b,Gadag,Betigeri(Rural),2025.0,1.0,green_gram,2025-06-13,1.0,"POLYGON((75.6379727 15.4673596, 75.6376753 15.4684246, 75.6392843 15.4686246, 75.6394201 15.4674216, 75.6379727 15.4673596))",2.0895906419098815,15.467970202853856,75.63859961923104,010546797025563860
109268ba954e,Gadag,Betigeri(Rural),2025.0,1.0,green_gram,2025-06-04,1.0,"POLYGON((75.6424533 15.4692405, 75.6415893 15.4691633, 75.6417040 15.4681816, 75.6426421 15.4683251, 75.6424533 15.4692405))",1.0338051631711875,15.468719783916198,75.64209390021014,010546872025564209
76e56a7dd56e,Gadag,Betigeri(Rural),2025.0,1.0,green_gram,2025-06-10,1.0,"POLYGON((75.6352650 15.4662150, 75.6353555 15.4655739, 75.6368344 15.4658188, 75.6368284 15.4663026, 75.6352650 15.4662150))",1.0244570676995226,15.465975689635425,75.63603344929048,010546598025563603
33f078201c3b,Gadag,Betigeri(Rural),2025.0,1.0,maize,2025-06-04,,"POLYGON((75.6368924 15.4706859, 75.6365283 15.4706064, 75.6366517 15.4697730, 75.6370809 15.4698952, 75.6368924 15.4706859))",0.4007261888404561,15.470227934651176,75.63678960067928,010547023025563679
6a729f9f7cae,Gadag,Betigeri(Rural),2025.0,1.0,green_gram,2025-06-10,,"POLYGON((75.6320671 15.4623900, 75.6320544 15.4626227, 75.6316202 15.4625144, 75.6316561 15.4622630, 75.6320671 15.4623900))",0.1247405834914335,15.462447541281271,75.6318457949116,010546245025563185
e80acf768725,Gadag,Betigeri(Rural),2025.0,1.0,green_gram,2025-06-12,1.0,"POLYGON((75.6309751 15.4621913, 75.6307120 15.4631675, 75.6318562 15.4633330, 75.6321426 15.4624395, 75.6309751 15.4621913))",1.3493345831853432,15.46277839011262,75.63141467882974,010546278025563141
87463142b534,Gadag,Betigeri(Rural),2025.0,1.0,sunflower,2025-07-07,1.0,"POLYGON((75.6290721 15.4626689, 75.6288240 15.4634719, 75.6277384 15.4632409, 75.6280274 15.4625587, 75.6290721 15.4626689))",0.9927318891782038,15.462991805668173,75.62842671116407,010546299025562843
398c9190ed72,Gadag,Betigeri(Rural),2025.0,1.0,green_gram,2025-06-10,1.0,"POLYGON((75.6291895 15.4635339, 75.6304833 15.4637417, 75.6306771 15.4629584, 75.6294905 15.4627426, 75.6291895 15.4635339))",1.2205749981954563,15.463248865551655,75.62995515147296,010546325025562996
ec7162c1e409,Gadag,Betigeri(Rural),2025.0,1.0,chilli,2025-06-18,1.0,"POLYGON((75.6307237 15.4631265, 75.6309899 15.4621386, 75.6320893 15.4623154, 75.6318894 15.4633262, 75.6307237 15.4631265))",1.3947318423296453,15.462731916611059,75.63142296980406,010546273025563142
bce855cefff1,Gadag,Betigeri(Rural),2025.0,1.0,green_gram,2025-07-16,1.0,"POLYGON((75.6384411 15.4636186, 75.6383378 15.4642846, 75.6390996 15.4642264, 75.6391777 15.4636525, 75.6384411 15.4636186))",0.5496893893679305,15.46394649825595,75.63875465229056,010546395025563875
0b6acbdbc89d,Gadag,Betigeri(Rural),2025.0,1.0,green_gram,2025-06-06,1.0,"POLYGON((75.6347953 15.4628579, 75.6347094 15.4635197, 75.6334532 15.4633956, 75.6335078 15.4627300, 75.6347953 15.4628579))",1.0119947681764083,15.463124446257213,75.63411644724296,010546312025563412
2f90b14dee45,Gadag,Betigeri(Rural),2025.0,1.0,green_gram,2025-06-06,1.0,"POLYGON((75.6382761 15.4632693, 75.6364774 15.4631242, 75.6362856 15.4637640, 75.6381232 15.4639333, 75.6382761 15.4632693))",1.4383787586288674,15.463524447679651,75.63729496364617,010546352025563729
a9d670eca5dd,Gadag,Betigeri(Rural),2025.0,1.0,cotton,2025-07-16,0.0,"POLYGON((75.6396856 15.4580709, 75.6411290 15.4586050, 75.6413670 15.4575332, 75.6398221 15.4572174, 75.6396856 15.4580709))",1.8008518724700122,15.457862246655248,75.6405318229137,010545786025564053
4ef6927eab0f,Gadag,Betigeri(Rural),2025.0,1.0,green_gram,2025-07-08,1.0,"POLYGON((75.6393369 15.4568051, 75.6376673 15.4567563, 75.6374175 15.4591253, 75.6392042 15.4593360, 75.6393369 15.4568051))",5.052532512285077,15.458021579978633,75.63841421267409,010545802025563841
66e17c8f875e,Gadag,Betigeri(Rural),2025.0,1.0,green_gram,2025-06-18,0.0,"POLYGON((75.6397540 15.4527434, 75.6396330 15.4534013, 75.6409362 15.4534540, 75.6410532 15.4528862, 75.6397540 15.4527434))",0.9599233389566311,15.453119539784927,75.64032842412482,010545312025564033
25c29237da8e,Gadag,Betigeri(Rural),2025.0,1.0,green_gram,2025-06-26,1.0,"POLYGON((75.6354182 15.4517403, 75.6350625 15.4517587, 75.6350394 15.4520887, 75.6353274 15.4521226, 75.6354182 15.4517403))",0.1365145298002138,15.451922234516326,75.63521678159887,010545192025563522
aa3eb2ea2d06,Gadag,Betigeri(Rural),2025.0,1.0,green_gram,2025-06-04,1.0,"POLYGON((75.6342934 15.4502758, 75.6342736 15.4513548, 75.6329432 15.4513661, 75.6331970 15.4504034, 75.6342934 15.4502758))",1.4583175260577115,15.450866910894447,75.63368738356722,010545087025563369
f4e05e2f08f0,Gadag,Betigeri(Rural),2025.0,1.0,green_gram,2025-06-11,1.0,"POLYGON((75.6354742 15.4514020, 75.6344161 15.4514020, 75.6343997 15.4502069, 75.6355362 15.4503084, 75.6354742 15.4514020))",1.4911813231564421,15.450822470648658,75.63494887330981,010545082025563495
32f97ead0b72,Gadag,Betigeri(Rural),2025.0,1.0,green_gram,2025-06-18,1.0,"POLYGON((75.6385108 15.4502512, 75.6384136 15.4506713, 75.6381303 15.4506726, 75.6381631 15.4502489, 75.6385108 15.4502512))",0.15795372928406012,15.450453780675533,75.63830534567965,010545045025563831
30345522bd08,Gadag,Betigeri(Rural),2025.0,1.0,green_gram,2025-06-19,1.0,"POLYGON((75.6401278 15.4511205, 75.6401114 15.4511958, 75.6401771 15.4512100, 75.6401962 15.4511338, 75.6401278 15.4511205))",0.006318341764462018,15.451164817213678,75.64015331704785,010545116025564015
585469bccd39,Gadag,Betigeri(Rural),2025.0,1.0,green_gram,2025-06-10,1.0,"POLYGON((75.6334833 15.4626935, 75.6332963 15.4640671, 75.6345344 15.4642904, 75.6349887 15.4628566, 75.6334833 15.4626935))",2.357951488060071,15.463457053264458,75.63408818804025,010546346025563409
cd821f2c6015,Gadag,Betigeri(Rural),2025.0,1.0,green_gram,2025-06-10,1.0,"POLYGON((75.6372066 15.4639925, 75.6380934 15.4640090, 75.6382195 15.4633139, 75.6372344 15.4631788, 75.6372066 15.4639925))",0.8445171184201734,15.463615265058147,75.6376778643714,010546362025563768
0d7c71392d22,Gadag,Betigeri(Rural),2025.0,1.0,green_gram,2025-06-04,1.0,"POLYGON((75.6362480 15.4623836, 75.6373548 15.4625232, 75.6374208 15.4621031, 75.6362618 15.4620213, 75.6362480 15.4623836))",0.5309700277835264,15.46225792968733,75.636836530455,010546226025563684
416554a5aaf6,Gadag,Betigeri(Rural),2025.0,1.0,green_gram,2025-07-22,1.0,"POLYGON((75.6369136 15.4630686, 75.6362420 15.4629691, 75.6362668 15.4626560, 75.6369548 15.4628198, 75.6369136 15.4630686))",0.23174805035805499,15.462875232056888,75.63658233225513,010546288025563658
f8728198eebb,Gadag,Betigeri(Rural),2025.0,1.0,green_gram,2025-06-12,1.0,"POLYGON((75.6370778 15.4602040, 75.6351587 15.4599804, 75.6352154 15.4595845, 75.6371617 15.4598404, 75.6370778 15.4602040))",0.8905837998881285,15.459900291968614,75.63614149350832,010545990025563614
7c072fe2058c,Gadag,Betigeri(Rural),2025.0,1.0,onion,2025-07-02,1.0,"POLYGON((75.6363201 15.4613191, 75.6372518 15.4614054, 75.6373152 15.4611039, 75.6363238 15.4610089, 75.6363201 15.4613191))",0.35251670972325694,15.461207681103076,75.63680211479505,010546121025563680
f2ae2dfd9af8,Gadag,Betigeri(Rural),2025.0,1.0,onion,2025-06-10,1.0,"POLYGON((75.6351758 15.4600544, 75.6350900 15.4606334, 75.6362115 15.4606444, 75.6362631 15.4601810, 75.6351758 15.4600544))",0.6885436825539951,15.460377756241522,75.63566437043241,010546038025563566
8df164d668aa,Gadag,Betigeri(Rural),2025.0,1.0,green_gram,2025-06-16,1.0,"POLYGON((75.6396176 15.4445842, 75.6394456 15.4454868, 75.6399401 15.4457085, 75.6400732 15.4449768, 75.6396176 15.4445842))",0.5161875583353388,15.445184492337729,75.63976045511279,010544518025563976
1630748fe271,Gadag,Betigeri(Rural),2025.0,1.0,maize,2025-06-14,,"POLYGON((75.6400511 15.4450586, 75.6399766 15.4457867, 75.6402284 15.4456232, 75.6403317 15.4451484, 75.6400511 15.4450586))",0.1860705189264126,15.445392836455499,75.64013914627664,010544539025564014
2e2587665410,Gadag,Betigeri(Rural),2025.0,1.0,maize,2025-06-14,,"POLYGON((75.6408088 15.4447160, 75.6409422 15.4443454, 75.6412239 15.4444588, 75.6410542 15.4447936, 75.6408088 15.4447160))",0.12745919779622694,15.444573029029494,75.64100818936066,010544457025564101
4d189f2f54b7,Raichur,Gundasagar,2025.0,1.0,pigeon_pea,2025-06-08,1.0,"POLYGON((76.4222744 16.0990338, 76.4225762 16.0990512, 76.4225731 16.0984827, 76.4223056 16.0984672, 76.4222744 16.0990338))",0.19134580255289757,16.098764434518326,76.4224321830907,010609876025642243
81ba2a716915,Raichur,Gundasagar,2025.0,1.0,sunflower,2025-06-02,1.0,"POLYGON((76.4221514 16.1000598, 76.4223827 16.1001333, 76.4224461 16.0992626, 76.4222536 16.0992400, 76.4221514 16.1000598))",0.21651768901479762,16.099688380746553,76.42230790333151,010609969025642231
e8baf4e7e711,Raichur,Gundasagar,2025.0,1.0,sunflower,2025-06-02,1.0,"POLYGON((76.4218315 16.1029341, 76.4221661 16.1029683, 76.4221658 16.1004515, 76.4219351 16.1004728, 76.4218315 16.1029341))",0.8323661326853448,16.101783778154363,76.4220235326438,010610178025642202
fe27f9213451,Raichur,Gundasagar,2025.0,1.0,sunflower,2025-06-01,1.0,"POLYGON((76.4209742 16.1022818, 76.4211231 16.1023037, 76.4212019 16.1006384, 76.4210738 16.1006432, 76.4209742 16.1022818))",0.2714283427020758,16.10148882396372,76.42109222093497,010610149025642109
d2b06a197697,Raichur,Gundasagar,2025.0,1.0,sunflower,2025-06-01,1.0,"POLYGON((76.4205166 16.1025788, 76.4208917 16.1026239, 76.4209990 16.1005456, 76.4207154 16.1005781, 76.4205166 16.1025788))",0.7956671763873839,16.101631799972147,76.42077792751306,010610163025642078
0f74b4b14d43,Raichur,Gundasagar,2025.0,1.0,sunflower,2025-06-04,1.0,"POLYGON((76.4200696 16.1014089, 76.4205953 16.1014836, 76.4205823 16.1004982, 76.4201702 16.1005282, 76.4200696 16.1014089))",0.5185390350354514,16.10099954941314,76.42035759589704,010610100025642036
693541894558,Raichur,Gundasagar,2025.0,1.0,sunflower,2025-06-01,1.0,"POLYGON((76.4196918 16.1014163, 76.4200059 16.1014540, 76.4200328 16.1006123, 76.4197910 16.1006255, 76.4196918 16.1014163))",0.2692213722230814,16.10104568702986,76.4198802826588,010610105025641988
b25dbf9b986f,Raichur,Gundasagar,2025.0,1.0,sunflower,2025-06-05,1.0,"POLYGON((76.4231173 16.1036067, 76.4235501 16.1037159, 76.4235612 16.1029126, 76.4230120 16.1029628, 76.4231173 16.1036067))",0.41856172611857184,16.103284444452047,76.42331859312468,010610328025642332
9b38d960dd9e,Raichur,Gundasagar,2025.0,1.0,pigeon_pea,2025-06-20,1.0,"POLYGON((76.4218815 16.1039591, 76.4220055 16.1039707, 76.4220102 16.1038667, 76.4218855 16.1038522, 76.4218815 16.1039591))",0.01558563620200564,16.103912090375974,76.42194539803215,010610391025642195
4a06a8a8dc6e,Raichur,Gundasagar,2025.0,1.0,cotton,2025-06-03,1.0,"POLYGON((76.4158911 16.1046401, 76.4159930 16.1045879, 76.4159756 16.1044304, 76.4158619 16.1044520, 76.4158911 16.1046401))",0.023046107778955615,16.104527201039964,76.41592854871992,010610453025641593
ff82e70d1860,Raichur,Gundasagar,2025.0,1.0,pigeon_pea,2025-06-03,1.0,"POLYGON((76.4124327 16.1106755, 76.4132538 16.1105692, 76.4131432 16.1093091, 76.4123801 16.1092557, 76.4124327 16.1106755))",1.2577123290251784,16.10996218355099,76.412795262586,010610996025641280
bde160714f52,Raichur,Gundasagar,2025.0,1.0,sunflower,2025-06-20,1.0,"POLYGON((76.4100117 16.1127992, 76.4106172 16.1126761, 76.4110537 16.1114112, 76.4097991 16.1107416, 76.4100117 16.1127992))",1.86333342021782,16.111796396700274,76.41034980542832,010611180025641035
7a05662ea3d7,Raichur,Gundasagar,2025.0,1.0,sunflower,2025-06-15,1.0,"POLYGON((76.4148501 16.1090978, 76.4150422 16.1090833, 76.4150365 16.1089464, 76.4148507 16.1089600, 76.4148501 16.1090978))",0.030735565597659196,16.109022288971563,76.41494480604968,010610902025641494
9abfbc58a75c,Raichur,Gundasagar,2025.0,1.0,pigeon_pea,2025-06-08,1.0,"POLYGON((76.4126483 16.1076071, 76.4127760 16.1075733, 76.4127633 16.1071616, 76.4126118 16.1071371, 76.4126483 16.1076071))",0.07293187045051347,16.107364437983442,76.41269798775953,010610736025641270
0212b3227824,Raichur,Gundasagar,2025.0,1.0,pigeon_pea,2025-07-03,1.0,"POLYGON((76.4125682 16.1074956, 76.4129283 16.1074477, 76.4129480 16.1068414, 76.4125541 16.1068424, 76.4125682 16.1074956))",0.2806892217369236,16.107152197183414,76.4127471997896,010610715025641275
89716613a732,Raichur,Gundasagar,2025.0,1.0,cotton,2025-06-10,1.0,"POLYGON((76.4134721 16.1080793, 76.4135911 16.1079231, 76.4133406 16.1077330, 76.4132173 16.1078864, 76.4134721 16.1080793))",0.07368787764575148,16.107905642168387,76.41340506665416,010610791025641341
8ec4602001fd,Raichur,Gundasagar,2025.0,1.0,pigeon_pea,2025-06-05,1.0,"POLYGON((76.4122604 16.1103586, 76.4154680 16.1100184, 76.4153231 16.1050762, 76.4124106 16.1051484, 76.4122604 16.1103586))",18.368986458697314,16.107692013895733,76.41385303154306,010610769025641385
c77a7fb634a7,Raichur,Gundasagar,2025.0,1.0,cotton,2025-07-15,1.0,"POLYGON((76.4142744 16.1032785, 76.4172191 16.1029332, 76.4169831 16.0983000, 76.4141510 16.0981712, 76.4142744 16.1032785))",16.65915446580083,16.10068985208075,76.41563437804702,010610069025641563
128af58cb404,Raichur,Advibhavi (Mudgal),2025.0,1.0,paddy,2025-07-10,1.0,"POLYGON((76.4780972 16.1595592, 76.4810366 16.1595128, 76.4810312 16.1549944, 76.4781830 16.1548862, 76.4780972 16.1595592))",15.724716404487582,16.15724995098152,76.47957874937912,010615725025647958
f6e2c16302a2,Raichur,Advibhavi (Mudgal),2025.0,1.0,paddy,2025-07-10,1.0,"POLYGON((76.4783175 16.1584231, 76.4796103 16.1585339, 76.4797089 16.1565505, 76.4784858 16.1565373, 76.4783175 16.1584231))",2.8870638370552086,16.157521180898566,76.47903503412724,010615752025647904
d2cd6b8928d0,Gadag,Neeralagi,2025.0,1.0,green_gram,2025-06-18,1.0,"POLYGON((75.7098264 15.5166974, 75.7108188 15.5165091, 75.7106371 15.5177144, 75.7098753 15.5177144, 75.7098264 15.5166974))",1.1484676714323923,15.517134339617975,75.71030162593624,010551713025571030
d248d429c4a4,Gadag,Neeralagi,2025.0,1.0,green_gram,2025-06-18,1.0,"POLYGON((75.7210984 15.5166273, 75.7210903 15.5177325, 75.7218591 15.5176763, 75.7217887 15.5166312, 75.7210984 15.5166273))",0.931267098261886,15.517176766509392,75.72145617789823,010551718025572146
7f1b75b9514a,Gadag,Neeralagi,2025.0,1.0,other:green gar,2025-06-11,1.0,"POLYGON((75.7196976 15.5189210, 75.7195165 15.5177144, 75.7216958 15.5177725, 75.7214457 15.5188315, 75.7196976 15.5189210))",2.6376589954960132,15.518289085539282,75.72056772767881,010551829025572057
24301f29a6f0,Gadag,Neeralagi,2025.0,1.0,green_gram,2025-06-18,1.0,"POLYGON((75.7198418 15.5163233, 75.7210746 15.5164512, 75.7210705 15.5160057, 75.7198766 15.5158891, 75.7198418 15.5163233))",0.6352176909141801,15.516168710660073,75.72046752324611,010551617025572047
38fe2a345c84,Gadag,Neeralagi,2025.0,1.0,maize,2025-06-20,1.0,"POLYGON((75.7199205 15.5175348, 75.7198501 15.5165123, 75.7209505 15.5165272, 75.7209894 15.5176249, 75.7199205 15.5175348))",1.3603238184718223,15.517047212656877,75.72043406606979,010551705025572043
73502c701803,Gadag,Neeralagi,2025.0,1.0,green_gram,2025-06-16,1.0,"POLYGON((75.7182824 15.5133195, 75.7182629 15.5143342, 75.7197804 15.5144283, 75.7196946 15.5132517, 75.7182824 15.5133195))",1.9030529740506397,15.513839836761049,75.71902319624638,010551384025571902
d83ec8cb6b44,Gadag,Neeralagi,2025.0,1.0,green_gram,2025-06-19,1.0,"POLYGON((75.7129632 15.5109628, 75.7118441 15.5110274, 75.7116634 15.5127965, 75.7131979 15.5127642, 75.7129632 15.5109628))",2.8110879735988945,15.51193408343625,75.71242079185167,010551193025571242
3f0d06ca89b9,Gadag,Neeralagi,2025.0,1.0,chilli,2025-07-16,1.0,"POLYGON((75.7251854 15.5108432, 75.7236123 15.5108377, 75.7234017 15.5131864, 75.7250580 15.5132449, 75.7251854 15.5108432))",4.555184523754724,15.512038761212628,75.72431648665805,010551204025572432
514ac521c113,Gadag,Neeralagi,2025.0,1.0,green_gram,2025-07-06,1.0,"POLYGON((75.7204694 15.5190115, 75.7207618 15.5202061, 75.7212667 15.5201412, 75.7210967 15.5189695, 75.7204694 15.5190115))",0.8090769221297627,15.519562007187996,75.72089334049713,010551956025572089
918522a1bea9,Gadag,Neeralagi,2025.0,1.0,green_gram,2025-07-10,1.0,"POLYGON((75.7189248 15.5064892, 75.7186639 15.5074229, 75.7207805 15.5073583, 75.7208104 15.5063674, 75.7189248 15.5064892))",2.2678813065368684,15.506918585576754,75.71980529820071,010550692025571981
cd5fd4645a3c,Gadag,Neeralagi,2025.0,1.0,onion,2025-06-12,1.0,"POLYGON((75.7116359 15.5128779, 75.7119115 15.5134239, 75.7131279 15.5133185, 75.7132351 15.5128546, 75.7116359 15.5128779))",0.8495619073688289,15.513108822979083,75.71245280527754,010551311025571245
d314f7c0c1cf,Gadag,Neeralagi,2025.0,1.0,onion,2025-06-03,1.0,"POLYGON((75.7167408 15.5204687, 75.7166570 15.5207676, 75.7185114 15.5207427, 75.7185037 15.5204306, 75.7167408 15.5204687))",0.65378557940671,15.520603584189429,75.71761037555318,010552060025571761
5630394f9da6,Chamarajanagar,Kothalavadi,2025.0,1.0,other:mallesh lamani,2025-06-04,1.0,"POLYGON((75.6620837 15.2956703, 75.6620482 15.2962586, 75.6626051 15.2964316, 75.6627694 15.2958239, 75.6620837 15.2956703))",0.46045281690906925,15.296037632519882,75.6623826287013,010529604025566238
e78af9e10055,Chitradurga,Muddapura,2025.0,1.0,finger_millet,2025-07-10,1.0,"POLYGON((76.1086886 13.8837706, 76.1093461 13.8837839, 76.1093672 13.8834008, 76.1087222 13.8833572, 76.1086886 13.8837706))",0.3108450524587279,13.883578456310861,76.10902681562493,010388358025610903
92063ff339f9,Gadag,Kalasapur,2025.0,2.0,pigeon_pea,2025-11-05,,"POLYGON((75.6639341 15.2907109, 75.6635962 15.2913953, 75.6631093 15.2911660, 75.6635626 15.2904635, 75.6639341 15.2907109))",0.4652764643433846,15.29094286758754,75.66354122703787,010529094025566354
5373c4b80621,Gadag,Kalasapur,2025.0,2.0,pigeon_pea,2025-11-20,1.0,"POLYGON((75.6636760 15.2885819, 75.6636699 15.2885525, 75.6643395 15.2888064, 75.6635325 15.2904069, 75.6630463 15.2901146, 75.6636760 15.2885819))",1.300418360354306,15.289444923375065,75.6636668325501,010528944025566367
