parcel_uid,district,sws_code,mws_code,mws_name,kgis_village_code,survey_hissa,area_ha,owner_female,social_group,farmer_category,has_fruits_id,ag_code,soil_phase,bunding_type,proposed_rmt,actual_rmt,actual_rmt_source,actual_rmt_measured,proposed_waste_weirs,actual_waste_weirs,proposed_spillways,actual_spillways,proposed_farm_pond,actual_farm_pond,proposed_horti_plants,actual_horti_plants,proposed_forestry_plants,actual_forestry_plants,proposed_total_cost_rs,actual_total_cost_rs,parcel_any_actual_work,parcel_any_measured_work
def464b24579,Koppal,4D4A2,4D4A2M1c,Muralapur-2,0805020010,133/*/1,1.37,0.0,OTHER,small,1,AG3,AWDmA1,TCB,276.18,226.46760000000003,formula_82pct_of_proposed,,1.0,,0.0,28686.02,0,0,0.0,0.0,0.0,0.0,28686.02,11640.434640000001,1,0
5e15d400cfe5,Koppal,4D4A2,4D4A2M1c,Muralapur-2,0805020010,133/*/2A,0.59,0.0,OBC,small,0,AG3,AWDmA1,TCB,118.0,96.76,formula_82pct_of_proposed,,0.0,0.0,0.0,,0,0,0.0,0.0,0.0,0.0,7316.0,4973.464,1,0
a7dd61c44ef3,Koppal,4D4A2,4D4A2M1c,Muralapur-2,0805020010,133/*/2B,0.56,0.0,OBC,small,0,AG3,AWDmA1,TCB,112.00000000000001,91.84000000000002,formula_82pct_of_proposed,,0.0,0.0,0.0,,0,0,0.0,0.0,0.0,0.0,6944.000000000001,4720.576000000001,1,0
e704218e3d7d,Koppal,4D4A2,4D4A2M1c,Muralapur-2,0805020010,133/*/2C,0.62,1.0,OTHER,small,1,AG3,AWDmA1,TCB,124.0,101.68,formula_82pct_of_proposed,,0.0,0.0,0.0,,0,0,0.0,0.0,0.0,0.0,7688.0,5226.352,1,0
067a2426537e,Koppal,4D4A2,4D4A2M1c,Muralapur-2,0805020010,133/*/3A+3B,1.38,0.0,OTHER,small,1,AG3,AWDmA1,TCB,276.0,226.32,formula_82pct_of_proposed,,1.0,,0.0,,0,0,0.0,0.0,0.0,0.0,28864.0,11632.848,1,0
512c1dfa8d4a,Koppal,4D4A2,4D4A2M1c,Muralapur-2,0805020010,133/*/4ಅ,0.55,0.0,OBC,small,0,AG3,AWDmA1,TCB,110.00000000000001,90.20000000000002,formula_82pct_of_proposed,,0.0,0.0,0.0,,0,0,0.0,0.0,0.0,0.0,6820.000000000001,4636.280000000001,1,0
58445cd22ea8,Koppal,4D4A2,4D4A2M1c,Muralapur-2,0805020010,133/*/4ಬ,1.16,0.0,OTHER,small,1,AG3,AWDmA1,TCB,231.99999999999997,190.23999999999995,formula_82pct_of_proposed,,1.0,,0.0,,0,0,0.0,0.0,0.0,0.0,24947.999999999996,9778.335999999998,1,0
81f40b87ff85,Koppal,4D4A2,4D4A2M1c,Muralapur-2,0805020010,133/*/5,0.55,0.0,OTHER,small,1,AG3,AWDmA1,TCB,110.00000000000001,90.20000000000002,formula_82pct_of_proposed,,0.0,0.0,0.0,,0,0,0.0,0.0,0.0,0.0,6820.000000000001,4636.280000000001,1,0
9a917e6e3474,Koppal,4D4A2,4D4A2M1c,Muralapur-2,0805020010,134/*/1,3.8,0.0,OTHER,medium,1,AG3,AWDmA1,TCB,760.0,623.2,formula_82pct_of_proposed,,3.0,,0.0,,0,0,0.0,0.0,0.0,0.0,80540.0,32032.480000000003,1,0
d34ec69424a9,Koppal,4D4A2,4D4A2M1c,Muralapur-2,0805020010,134/*/2,4.23,0.0,OTHER,medium,1,AG3,AWDmA1,TCB,846.0000000000001,693.7200000000001,formula_82pct_of_proposed,,3.0,,0.0,,0,0,0.0,0.0,0.0,0.0,185694.0,35657.208000000006,1,0
a109782e1155,Koppal,4D4A2,4D4A2M1c,Muralapur-2,0805020010,136/*/5,2.34,0.0,OBC,small,1,AG3,AWDmA1,TCB,468.0,383.76,formula_82pct_of_proposed,,2.0,,0.0,,0,0,0.0,0.0,0.0,0.0,50252.0,19725.264,1,0
6f5c3244c8dc,Koppal,4D4A2,4D4A2M1c,Muralapur-2,0805020010,136/*/1,0.69,0.0,OBC,small,0,AG3,AWDmA1,TCB,138.0,113.16,formula_82pct_of_proposed,,0.0,0.0,0.0,,0,0,0.0,0.0,0.0,0.0,8556.0,5816.424,1,0
00ee5f06aa1a,Koppal,4D4A2,4D4A2M1c,Muralapur-2,0805020010,136/*/2A,1.19,0.0,OBC,small,1,AG3,AWDmA1,TCB,238.0,195.16,formula_82pct_of_proposed,,1.0,,0.0,,0,0,0.0,0.0,0.0,0.0,25482.0,10031.224,1,0
10afeca85dbc,Koppal,4D4A2,4D4A2M1c,Muralapur-2,0805020010,136/*/2B,1.19,0.0,OTHER,small,1,AG3,AWDmA1,TCB,238.0,195.16,formula_82pct_of_proposed,,1.0,,0.0,,0,0,0.0,0.0,0.0,0.0,25482.0,10031.224,1,0
147b32fa36a6,Koppal,4D4A2,4D4A2M1c,Muralapur-2,0805020010,136/*/3,2.83,0.0,OBC,medium,1,AG3,AWDmA1,TCB,566.0,0.0,value,0.0,2.0,,0.0,,0,0,0.0,0.0,0.0,0.0,58974.0,0.0,0,0
6d1a1911b9cc,Koppal,4D4A2,4D4A2M1c,Muralapur-2,0805020010,136/*/4,1.52,0.0,OBC,small,0,AG3,AWDmA1,TCB,304.0,249.28,formula_82pct_of_proposed,,1.0,,0.0,,0,0,0.0,0.0,0.0,0.0,31356.0,12812.992,1,0
d05d39676d37,Koppal,4D4A2,4D4A2M1c,Muralapur-2,0805020010,136/*/6,1.6,0.0,OBC,small,1,AG3,AWDmA1,TCB,320.0,262.4,formula_82pct_of_proposed,,1.0,,0.0,,0,0,0.0,0.0,0.0,0.0,32780.0,13487.359999999999,1,0
e80db5817c3b,Koppal,4D4A2,4D4A2M1c,Muralapur-2,0805020010,137/*/1,1.44,0.0,OBC,small,1,AG3,AWDmA1,TCB,288.0,236.16,formula_82pct_of_proposed,,1.0,,0.0,,0,0,0.0,0.0,0.0,0.0,29932.0,12138.624,1,0
452f370dbe7e,Koppal,4D4A2,4D4A2M1c,Muralapur-2,0805020010,137/*/2,3.2,0.0,OTHER,medium,1,AG3,AWDmA1,TCB,640.0,524.8,formula_82pct_of_proposed,,3.0,,0.0,,0,1,0.0,0.0,0.0,0.0,167360.0,160261.72,1,1
be3b6a94e601,Koppal,4D4A2,4D4A2M1c,Muralapur-2,0805020010,137/*/3,0.8,0.0,OTHER,small,1,AG3,AWDmA1,TCB,160.0,131.2,formula_82pct_of_proposed,,0.0,0.0,0.0,,0,0,0.0,0.0,0.0,0.0,9920.0,6743.679999999999,1,0
d361720f38b8,Koppal,4D4A2,4D4A2M1c,Muralapur-2,0805020010,137/*/4,3.2,0.0,OTHER,medium,1,AG3,AWDmA1,TCB,640.0,0.0,value,0.0,3.0,,0.0,,1,1,0.0,0.0,0.0,0.0,167360.0,0.0,1,1
507b66abf4c4,Koppal,4D4A2,4D4A2M1c,Muralapur-2,0805020010,137/*/5,1.6,0.0,OTHER,small,1,AG3,AWDmA1,TCB,320.0,0.0,value,0.0,1.0,,0.0,,0,0,0.0,0.0,0.0,0.0,32780.0,0.0,0,0
e6749d00eb24,Koppal,4D4A2,4D4A2M1c,Muralapur-2,0805020010,137/*/6,1.45,0.0,OTHER,small,1,AG3,AWDmA1,TCB,290.0,237.8,formula_82pct_of_proposed,,1.0,,0.0,,0,0,0.0,0.0,0.0,0.0,30110.0,12222.92,1,0
74ce23729a61,Koppal,4D4A2,4D4A2M1c,Muralapur-2,0805020010,138/*/*,10.44,0.0,OTHER,large,1,AG3,AWDmA1,TCB,2088.0,1712.16,formula_82pct_of_proposed,,3.0,,0.0,,0,0,0.0,0.0,0.0,0.0,198732.0,88005.024,1,0
88c84a211479,Koppal,4D4A2,4D4A2M1c,Muralapur-2,0805020010,139/*/3,0.66,0.0,OTHER,small,1,AG3,AWDmA1,TCB,132.0,108.24,formula_82pct_of_proposed,,0.0,0.0,0.0,,0,0,0.0,0.0,0.0,0.0,8184.0,5563.535999999999,1,0
7ee5d287d3ed,Koppal,4D4A2,4D4A2M1c,Muralapur-2,0805020010,139/*/1,1.92,0.0,OBC,small,0,AG3,AWDmA1,TCB,384.0,314.88,formula_82pct_of_proposed,,1.0,,0.0,,0,0,0.0,0.0,0.0,0.0,38476.0,16184.831999999999,1,0
0170b1c2fe7b,Koppal,4D4A2,4D4A2M1c,Muralapur-2,0805020010,139/*/4,0.52,0.0,OTHER,small,1,AG3,AWDmA1,TCB,104.0,85.28,formula_82pct_of_proposed,,0.0,0.0,0.0,,0,0,0.0,0.0,0.0,0.0,6448.0,4383.392,1,0
c6b89274bbf3,Koppal,4D4A2,4D4A2M1c,Muralapur-2,0805020010,139/*/2,1.91,0.0,OBC,small,1,AG3,AWDmA1,TCB,382.0,313.24,formula_82pct_of_proposed,,1.0,,0.0,,0,0,0.0,0.0,0.0,0.0,38298.0,16100.536,1,0
2bc70dbc4237,Koppal,4D4A2,4D4A2M1c,Muralapur-2,0805020010,139/*/5,0.52,0.0,OBC,small,1,AG3,AWDmA1,TCB,104.0,85.28,formula_82pct_of_proposed,,0.0,0.0,0.0,,0,0,0.0,0.0,0.0,0.0,6448.0,4383.392,1,0
7a4e42e20592,Koppal,4D4A2,4D4A2M1c,Muralapur-2,0805020010,139/*/7,0.55,0.0,OBC,small,1,AG3,AWDmA1,TCB,110.00000000000001,90.20000000000002,formula_82pct_of_proposed,,0.0,0.0,0.0,,0,0,0.0,0.0,0.0,0.0,6820.000000000001,4636.280000000001,1,0
fa9eec9b005e,Koppal,4D4A2,4D4A2M1c,Muralapur-2,0805020010,139/*/6,0.52,0.0,OBC,small,1,AG3,AWDmA1,TCB,104.0,85.28,formula_82pct_of_proposed,,0.0,0.0,0.0,,0,0,0.0,0.0,0.0,0.0,6448.0,4383.392,1,0
88c84a211479,Koppal,4D4A2,4D4A2M1c,Muralapur-2,0805020010,139/*/3,1.3,0.0,OTHER,small,1,AG3,AWDmA1,TCB,260.0,0.0,value,0.0,1.0,,0.0,,0,0,0.0,0.0,0.0,0.0,27440.0,0.0,0,0
49209ce312fc,Koppal,4D4A2,4D4A2M1c,Muralapur-2,0805020010,140/*/*,8.49,0.0,OTHER,medium,1,AG3,AWDmA1,TCB,1698.0,0.0,value,0.0,3.0,,0.0,,0,0,0.0,0.0,0.0,0.0,164022.0,0.0,0,0
e19df09c7eaa,Koppal,4D4A2,4D4A2M1c,Muralapur-2,0805020010,141/*/1,0.8,1.0,OTHER,small,1,AG3,AWDmA1,TCB,160.0,131.2,formula_82pct_of_proposed,,0.0,0.0,0.0,,0,0,0.0,0.0,0.0,0.0,9920.0,6743.679999999999,1,0
e19df09c7eaa,Koppal,4D4A2,4D4A2M1c,Muralapur-2,0805020010,141/*/1,2.11,0.0,OBC,small,1,AG3,AWDmA1,TCB,422.0,346.04,formula_82pct_of_proposed,,2.0,,0.0,,0,0,0.0,0.0,0.0,0.0,46158.0,17786.456000000002,1,0
ddad222be109,Koppal,4D4A2,4D4A2M1c,Muralapur-2,0805020010,141/*/2,0.9,0.0,SC,small,1,AG3,AWDmA1,TCB,180.0,0.0,value,0.0,0.0,0.0,0.0,,0,0,0.0,0.0,0.0,0.0,11160.0,0.0,0,0
2878a9fba6db,Koppal,4D4A2,4D4A2M1c,Muralapur-2,0805020010,141/*/3,2.85,0.0,OTHER,medium,1,AG3,AWDmA1,TCB,570.0,467.4,formula_82pct_of_proposed,,2.0,,0.0,,0,0,0.0,0.0,0.0,0.0,59330.0,24024.359999999997,1,0
fcb01b51c531,Koppal,4D4A2,4D4A2M1c,Muralapur-2,0805020010,141/*/4,0.91,0.0,SC,small,1,AG3,AWDmA1,TCB,182.0,0.0,value,0.0,0.0,0.0,0.0,,0,0,0.0,0.0,0.0,0.0,11284.0,0.0,0,0
0b2e7cfe020f,Koppal,4D4A2,4D4A2M1c,Muralapur-2,0805020010,141/*/5,0.9,0.0,OBC,small,1,AG3,AWDmA1,TCB,180.0,147.6,formula_82pct_of_proposed,,0.0,0.0,0.0,,0,0,0.0,0.0,0.0,0.0,11160.0,7586.639999999999,1,0
c7c3944b9996,Koppal,4D4A2,4D4A2M1c,Muralapur-2,0805020010,141/*/6,0.91,0.0,SC,small,1,AG3,AWDmA1,TCB,182.0,149.24,formula_82pct_of_proposed,,0.0,0.0,0.0,,0,0,0.0,0.0,0.0,0.0,11284.0,7670.936000000001,1,0
9e70ea6d3de0,Koppal,4D4A2,4D4A2M1c,Muralapur-2,0805020010,142/*/1A+1B+1C+1D,3.49,0.0,OTHER,medium,1,AG3,AWDmA2g1Ca,TCB,698.0,572.36,formula_82pct_of_proposed,,3.0,,0.0,,0,0,0.0,0.0,0.0,0.0,75022.0,29419.304,1,0
80a54ce8c2c9,Koppal,4D4A2,4D4A2M1c,Muralapur-2,0805020010,142/*/2,3.27,0.0,OTHER,medium,1,AG3,AWDmA2g1Ca,TCB,654.0,0.0,value,0.0,3.0,,0.0,,0,0,0.0,0.0,0.0,0.0,71106.0,0.0,0,0
4cffe1fdc4d1,Koppal,4D4A2,4D4A2M1c,Muralapur-2,0805020010,143/*/1,1.44,0.0,OBC,small,0,AG3,AWDmB2g1Ca,TCB,288.0,0.0,value,0.0,1.0,,0.0,,0,0,0.0,0.0,0.0,0.0,29932.0,0.0,0,0
6d572783fa84,Koppal,4D4A2,4D4A2M1c,Muralapur-2,0805020010,144/*/1,0.75,0.0,OBC,small,1,AG3,AWDmB2g1Ca,TCB,150.0,123.0,formula_82pct_of_proposed,,0.0,0.0,0.0,,0,0,0.0,0.0,0.0,0.0,9300.0,6322.2,1,0
6d572783fa84,Koppal,4D4A2,4D4A2M1c,Muralapur-2,0805020010,144/*/1,0.8,0.0,OBC,small,0,AG3,AWDmB2g1Ca,TCB,160.0,131.2,formula_82pct_of_proposed,,0.0,0.0,0.0,,0,0,0.0,0.0,0.0,0.0,9920.0,6743.679999999999,1,0
5dbcb92689ca,Koppal,4D4A2,4D4A2M1c,Muralapur-2,0805020010,144/*/2,3.11,0.0,OTHER,medium,1,AG3,AWDmB2g1Ca,TCB,622.0,510.04,formula_82pct_of_proposed,,3.0,,0.0,,0,0,0.0,0.0,0.0,0.0,68258.0,26216.056,1,0
420015b9b514,Koppal,4D4A2,4D4A2M1c,Muralapur-2,0805020010,144/*/3,1.51,0.0,OBC,small,0,AG3,AWDmB2g1Ca,TCB,302.0,247.64,formula_82pct_of_proposed,,1.0,,0.0,,0,0,0.0,0.0,0.0,0.0,31178.0,12728.695999999998,1,0
c587666f0ea6,Koppal,4D4A2,4D4A2M1c,Muralapur-2,0805020010,144/*/4,1.6,0.0,OTHER,small,1,AG3,AWDmB2g1Ca,TCB,320.0,262.4,formula_82pct_of_proposed,,1.0,,0.0,,0,0,0.0,0.0,0.0,0.0,32780.0,13487.359999999999,1,0
72ee99d52eb6,Koppal,4D4A2,4D4A2M1c,Muralapur-2,0805020010,144/*/5,1.55,0.0,OTHER,small,1,AG3,AWDmB2g1Ca,TCB,310.0,254.2,formula_82pct_of_proposed,,1.0,,0.0,,0,0,0.0,0.0,0.0,0.0,31890.0,13065.88,1,0
9bc2b75835a3,Koppal,4D4A2,4D4A2M1c,Muralapur-2,0805020010,147/*/1,6.08,0.0,OTHER,medium,1,AG3,AWDmB2g1Ca,TCB,1216.0,997.12,formula_82pct_of_proposed,,3.0,,0.0,,0,0,0.0,0.0,0.0,0.0,121124.0,51251.968,1,0
9bb9306ccbf4,Koppal,4D4A2,4D4A2M1c,Muralapur-2,0805020010,147/*/3,2.47,0.0,OBC,medium,1,AG3,AWDmB2g1Ca,TCB,494.00000000000006,0.0,value,0.0,2.0,,0.0,,0,0,0.0,0.0,0.0,0.0,52566.00000000001,0.0,0,0
ae691f2d0804,Koppal,4D4A2,4D4A2M1c,Muralapur-2,0805020010,147/*/4,1.2,0.0,OBC,small,0,AG3,AWDmB2g1Ca,TCB,240.0,0.0,value,0.0,1.0,,0.0,,0,0,0.0,0.0,0.0,0.0,25660.0,0.0,0,0
c63bc4801e12,Koppal,4D4A2,4D4A2M1c,Muralapur-2,0805020010,148/*/1,1.88,0.0,OBC,small,0,AG3,RNKmB2g2Ca,TCB,376.0,308.32,formula_82pct_of_proposed,,1.0,,0.0,,0,0,0.0,0.0,0.0,0.0,26712.0,15847.648,1,0
7f244f10f15c,Koppal,4D4A2,4D4A2M1c,Muralapur-2,0805020010,148/*/2,1.76,0.0,OTHER,small,1,AG3,RNKmB2g2Ca,TCB,352.0,288.64,formula_82pct_of_proposed,,1.0,,0.0,,0,0,0.0,0.0,0.0,0.0,25224.0,14836.096,1,0
aaed91b992fa,Koppal,4D4A2,4D4A2M1c,Muralapur-2,0805020010,148/*/3,1.69,0.0,OBC,small,1,AG3,RNKmB2g2Ca,TCB,338.0,277.16,formula_82pct_of_proposed,,1.0,,0.0,,0,0,0.0,0.0,0.0,0.0,24356.0,14246.024000000001,1,0
87edceb82562,Koppal,4D4A2,4D4A2M1c,Muralapur-2,0805020010,148/*/4,1.76,0.0,OBC,small,0,AG3,RNKmB2g2Ca,TCB,352.0,288.64,formula_82pct_of_proposed,,1.0,,0.0,,0,0,0.0,0.0,0.0,0.0,25224.0,14836.096,1,0
ef7d7077c5a2,Koppal,4D4A2,4D4A2M1c,Muralapur-2,0805020010,148/*/5,1.75,0.0,OTHER,small,1,AG3,RNKmB2g2Ca,TCB,350.0,0.0,value,0.0,1.0,,0.0,,0,0,0.0,0.0,0.0,0.0,25100.0,0.0,0,0
fb00e02c3d6f,Koppal,4D4A2,4D4A2M1c,Muralapur-2,0805020010,148/*/6,1.8,0.0,SC,small,1,AG3,RNKmB2g2Ca,TCB,360.0,0.0,value,0.0,1.0,,0.0,,0,0,0.0,0.0,0.0,0.0,25720.0,0.0,0,0
37f54a6ba2a4,Koppal,4D4A2,4D4A2M1c,Muralapur-2,0805020010,149/*/1,0.82,1.0,SC,small,1,AG3,AWDmB2g1Ca,TCB,164.0,134.48,formula_82pct_of_proposed,,0.0,0.0,0.0,,0,0,0.0,0.0,0.0,0.0,10168.0,6912.271999999999,1,0
18560f41a20e,Koppal,4D4A2,4D4A2M1c,Muralapur-2,0805020010,149/*/2A,1.85,0.0,OBC,small,1,AG3,AWDmB2g1Ca,TCB,370.0,303.4,formula_82pct_of_proposed,,1.0,,0.0,,0,0,0.0,0.0,0.0,0.0,37230.0,15594.759999999998,1,0
00632da3b421,Koppal,4D4A2,4D4A2M1c,Muralapur-2,0805020010,149/*/2B,1.96,0.0,OBC,small,1,AG3,AWDmB2g1Ca,TCB,392.0,321.44,formula_82pct_of_proposed,,1.0,,0.0,,0,0,0.0,0.0,0.0,0.0,39188.0,16522.016,1,0
c0222dab3ac2,Koppal,4D4A2,4D4A2M1c,Muralapur-2,0805020010,149/*/4,0.82,1.0,SC,small,1,AG3,AWDmB2g1Ca,TCB,164.0,134.48,formula_82pct_of_proposed,,0.0,0.0,0.0,,0,0,0.0,0.0,0.0,0.0,10168.0,6912.271999999999,1,0
88c39ead920f,Koppal,4D4A2,4D4A2M1c,Muralapur-2,0805020010,149/*/5,0.83,0.0,SC,small,1,AG3,AWDmB2g1Ca,TCB,166.0,136.12,formula_82pct_of_proposed,,0.0,0.0,0.0,,0,0,0.0,0.0,0.0,0.0,10292.0,6996.568,1,0
033309b6d74a,Koppal,4D4A2,4D4A2M1c,Muralapur-2,0805020010,149/*/3,0.83,0.0,SC,small,1,AG3,AWDmB2g1Ca,TCB,166.0,136.12,formula_82pct_of_proposed,,0.0,0.0,0.0,,0,0,0.0,0.0,0.0,0.0,10292.0,6996.568,1,0
07afcc98d9c8,Koppal,4D4A2,4D4A2M1c,Muralapur-2,0805020010,150/*/1+2/ಅ,0.98,0.0,SC,small,1,AG3,AWDmB2g1Ca,TCB,196.0,0.0,value,0.0,0.0,0.0,0.0,,0,0,0.0,0.0,0.0,0.0,12152.0,0.0,0,0
89aba248b528,Koppal,4D4A2,4D4A2M1c,Muralapur-2,0805020010,150/*/1+2/ಕ,2.69,0.0,OTHER,medium,1,AG3,AWDmB2g1Ca,TCB,538.0,441.16,formula_82pct_of_proposed,,2.0,,0.0,,0,0,0.0,0.0,0.0,0.0,56482.0,22675.624,1,0
584cf26dd69a,Koppal,4D4A2,4D4A2M1c,Muralapur-2,0805020010,150/*/1+2/ಬ,1.6,0.0,OBC,small,1,AG3,AWDmB2g1Ca,TCB,320.0,262.4,formula_82pct_of_proposed,,1.0,,0.0,,0,0,0.0,0.0,0.0,0.0,32780.0,13487.359999999999,1,0
ecd23b2cbdd8,Koppal,4D4A2,4D4A2M1c,Muralapur-2,0805020010,150/*/3,0.99,0.0,SC,small,1,AG3,AWDmB2g1Ca,TCB,198.0,162.36,formula_82pct_of_proposed,,0.0,0.0,0.0,,0,0,0.0,0.0,0.0,0.0,12276.0,8345.304,1,0
f9faa7290480,Koppal,4D4A2,4D4A2M1c,Muralapur-2,0805020010,150/*/4,0.98,0.0,OBC,small,0,AG3,AWDmB2g1Ca,TCB,196.0,160.72,formula_82pct_of_proposed,,0.0,0.0,0.0,,0,0,0.0,0.0,0.0,0.0,12152.0,8261.008,1,0
2aec06a3fbab,Koppal,4D4A2,4D4A2M1c,Muralapur-2,0805020010,150/*/5,0.98,0.0,OBC,small,0,AG3,AWDmB2g1Ca,TCB,196.0,160.72,formula_82pct_of_proposed,,0.0,0.0,0.0,,0,0,0.0,0.0,0.0,0.0,12152.0,8261.008,1,0
61f087e6074d,Koppal,4D4A2,4D4A2M1c,Muralapur-2,0805020010,151/*/1,1.6,0.0,OTHER,small,1,AG3,AWDmB2g1Ca,TCB,320.0,262.4,formula_82pct_of_proposed,,1.0,,0.0,,0,0,0.0,0.0,0.0,0.0,32780.0,13487.359999999999,1,0
4e746a15b3ba,Koppal,4D4A2,4D4A2M1c,Muralapur-2,0805020010,151/*/2,2.26,0.0,OBC,small,1,AG3,AWDmB2g1Ca,TCB,451.99999999999994,0.0,value,0.0,2.0,,0.0,,0,0,0.0,0.0,0.0,0.0,48827.99999999999,0.0,0,0
b8fbfd72f768,Koppal,4D4A2,4D4A2M1c,Muralapur-2,0805020010,151/*/3,1.28,0.0,SC,small,1,AG3,AWDmB2g1Ca,TCB,256.0,209.92,formula_82pct_of_proposed,,1.0,,0.0,,0,0,0.0,0.0,0.0,0.0,27084.0,10789.887999999999,1,0
02ac5d5cd9a0,Koppal,4D4A2,4D4A2M1c,Muralapur-2,0805020010,151/*/4,1.28,0.0,SC,small,1,AG3,AWDmB2g1Ca,TCB,256.0,209.92,formula_82pct_of_proposed,,1.0,,0.0,,0,0,0.0,0.0,0.0,0.0,27084.0,10789.887999999999,1,0
ee8209e1ba44,Koppal,4D4A2,4D4A2M1c,Muralapur-2,0805020010,151/*/5,0.97,0.0,OTHER,small,1,AG3,AWDmB2g1Ca,TCB,194.0,0.0,value,0.0,0.0,0.0,0.0,,0,0,0.0,0.0,0.0,0.0,12028.0,0.0,0,0
278cf4b4f738,Koppal,4D4A2,4D4A2M1c,Muralapur-2,0805020010,152/*/1A,1.62,1.0,ST,small,1,AG3,AWDmB2g1Ca,TCB,324.0,0.0,value,0.0,1.0,,0.0,,0,0,0.0,0.0,0.0,0.0,33136.0,0.0,0,0
84012418d322,Koppal,4D4A2,4D4A2M1c,Muralapur-2,0805020010,152/*/1B,1.64,0.0,OTHER,small,1,AG3,AWDmB2g1Ca,TCB,328.0,268.96,formula_82pct_of_proposed,,1.0,,0.0,,0,0,0.0,0.0,0.0,0.0,33492.0,13824.543999999998,1,0
04b97dae18f0,Koppal,4D4A2,4D4A2M1c,Muralapur-2,0805020010,152/*/1ಕ,1.61,0.0,OTHER,small,1,AG3,AWDmB2g1Ca,TCB,322.0,264.04,formula_82pct_of_proposed,,1.0,,0.0,,0,0,0.0,0.0,0.0,0.0,32958.0,13571.656,1,0
f86ae167c9c4,Koppal,4D4A2,4D4A2M1c,Muralapur-2,0805020010,152/*/2,2.18,0.0,OTHER,small,1,AG3,AWDmB2g1Ca,TCB,436.00000000000006,357.5200000000001,formula_82pct_of_proposed,,2.0,,0.0,,0,0,0.0,0.0,0.0,0.0,47404.00000000001,18376.528000000006,1,0
2629e38a87b4,Koppal,4D4A2,4D4A2M1c,Muralapur-2,0805020010,154/*/1+2/ಬ,1.53,0.0,OBC,small,1,AG3,RNKmB2g2Ca,TCB,306.0,0.0,value,0.0,1.0,,0.0,,0,0,0.0,0.0,0.0,0.0,22372.0,0.0,0,0
d427e1ef7b62,Koppal,4D4A2,4D4A2M1c,Muralapur-2,0805020010,155/*/1ಅ,1.68,0.0,SC,small,1,AG3,BGPmA1,TCB,336.0,275.52,formula_82pct_of_proposed,,1.0,,1.0,1.0,0,0,0.0,0.0,0.0,0.0,144204.0,114161.728,1,0
e3a3250aab18,Koppal,4D4A2,4D4A2M1c,Muralapur-2,0805020010,155/*/1ಬ,1.64,0.0,OBC,small,0,AG3,BGPmA1,TCB,328.0,268.96,formula_82pct_of_proposed,,1.0,,0.0,,0,0,0.0,0.0,0.0,0.0,33492.0,13824.543999999998,1,0
c736630bb10e,Koppal,4D4A2,4D4A2M1c,Muralapur-2,0805020010,155/*/2,2.08,0.0,OTHER,small,1,AG3,BGPmA1,TCB,416.0,0.0,value,0.0,2.0,,0.0,,0,0,0.0,0.0,0.0,0.0,45624.0,0.0,0,0
dce373365971,Koppal,4D4A2,4D4A2M1c,Muralapur-2,0805020010,155/*/3,2.07,0.0,OTHER,small,1,AG3,BGPmA1,TCB,413.99999999999994,350.0,value,350.0,2.0,,1.0,1.0,0,1,0.0,0.0,0.0,0.0,252946.0,246277.0,1,1
6c300e34b78a,Koppal,4D4A2,4D4A2M1c,Muralapur-2,0805020010,156/*/1,2.45,0.0,OTHER,medium,1,AG3,BGPmA1,TCB,490.00000000000006,0.0,value,0.0,2.0,,0.0,,0,0,0.0,0.0,0.0,0.0,52210.00000000001,0.0,0,0
ad846b473ca7,Koppal,4D4A2,4D4A2M1c,Muralapur-2,0805020010,156/*/2,2.85,0.0,OBC,medium,1,AG3,BGPmA1,TCB,570.0,0.0,value,0.0,2.0,,0.0,,0,0,0.0,0.0,0.0,0.0,59330.0,0.0,0,0
7e949dd16690,Koppal,4D4A2,4D4A2M1c,Muralapur-2,0805020010,156/*/2+3/4,1.44,0.0,OBC,small,0,AG3,BGPmA1,TCB,288.0,236.16,formula_82pct_of_proposed,,1.0,,0.0,,0,0,0.0,0.0,0.0,0.0,29932.0,12138.624,1,0
1a0b6656e0de,Koppal,4D4A2,4D4A2M1c,Muralapur-2,0805020010,156/*/3,2.07,0.0,OTHER,small,1,AG3,BGPmA1,TCB,413.99999999999994,339.4799999999999,formula_82pct_of_proposed,,2.0,,0.0,,0,0,0.0,0.0,0.0,0.0,45445.99999999999,17449.271999999994,1,0
2e320dc470da,Koppal,4D4A2,4D4A2M1c,Muralapur-2,0805020010,157/*/1,4.48,0.0,OTHER,medium,1,AG3,AWDmA1,TCB,896.0000000000001,734.7200000000001,formula_82pct_of_proposed,,3.0,,0.0,,0,0,0.0,0.0,0.0,0.0,92644.00000000001,37764.60800000001,1,0
70d5af9b03ad,Koppal,4D4A2,4D4A2M1c,Muralapur-2,0805020010,157/*/2,4.6,0.0,OTHER,medium,1,AG3,AWDmA1,TCB,919.9999999999999,754.3999999999999,formula_82pct_of_proposed,,3.0,,0.0,,0,0,0.0,0.0,0.0,0.0,94779.99999999999,38776.15999999999,1,0
8906d94ca0ab,Koppal,4D4A2,4D4A2M1c,Muralapur-2,0805020010,158/*/1,0.42,0.0,OBC,small,0,AG3,BGPmA1,TCB,84.0,178.73,value,178.73,0.0,0.0,0.0,,0,0,0.0,0.0,0.0,0.0,5208.0,9186.722,1,1
dd8a4a62db9d,Koppal,4D4A2,4D4A2M1c,Muralapur-2,0805020010,158/*/2,0.8,0.0,OBC,small,0,AG3,BGPmA1,TCB,160.0,178.73,value,178.73,0.0,0.0,0.0,,0,0,0.0,0.0,0.0,0.0,9920.0,9186.722,1,1
3744ae58dcc9,Koppal,4D4A2,4D4A2M1c,Muralapur-2,0805020010,158/*/9,0.8,0.0,OBC,small,0,AG3,BGPmA1,TCB,160.0,174.11,value,174.11,0.0,1.0,0.0,,0,0,0.0,0.0,0.0,0.0,9920.0,12806.254,1,1
66e9a1216886,Koppal,4D4A2,4D4A2M1c,Muralapur-2,0805020010,158/*/3,0.92,0.0,OBC,small,0,AG3,BGPmA1,TCB,184.0,178.73,value,178.73,0.0,0.0,0.0,,0,0,0.0,0.0,0.0,0.0,11408.0,9186.722,1,1
ae8ae153d5cd,Koppal,4D4A2,4D4A2M1c,Muralapur-2,0805020010,158/*/4,2.81,0.0,OTHER,medium,1,AG3,BGPmA1,TCB,562.0,178.73,value,178.73,2.0,,0.0,,0,0,0.0,0.0,0.0,0.0,58618.0,9186.722,1,1
6c2cd493e4f0,Koppal,4D4A2,4D4A2M1c,Muralapur-2,0805020010,158/*/5,0.42,0.0,OTHER,small,1,AG3,BGPmA1,TCB,84.0,0.0,value,0.0,0.0,0.0,0.0,,0,0,0.0,0.0,0.0,0.0,5208.0,0.0,0,0
15034eeb5248,Koppal,4D4A2,4D4A2M1c,Muralapur-2,0805020010,158/*/6,0.42,0.0,OBC,small,0,AG3,BGPmA1,TCB,84.0,174.11,value,174.11,0.0,0.0,0.0,,0,0,0.0,0.0,0.0,0.0,5208.0,8949.254,1,1
b6ff2453383c,Koppal,4D4A2,4D4A2M1c,Muralapur-2,0805020010,158/*/7,0.92,0.0,OTHER,small,1,AG3,BGPmA1,TCB,184.0,174.11,value,174.11,0.0,1.0,0.0,,0,0,0.0,0.0,0.0,0.0,11408.0,12806.254,1,1
ddf73f9505b8,Koppal,4D4A2,4D4A2M1c,Muralapur-2,0805020010,158/*/10,0.92,0.0,OTHER,small,1,AG3,BGPmA1,TCB,184.0,174.11,value,174.11,0.0,1.0,0.0,,0,0,0.0,0.0,0.0,0.0,11408.0,12806.254,1,1
e458a3085f12,Koppal,4D4A2,4D4A2M1c,Muralapur-2,0805020010,162/*/1+2,4.21,0.0,OTHER,medium,1,AG3,BGPmA1,TCB,842.0,690.44,formula_82pct_of_proposed,,3.0,,0.0,,1,1,0.0,0.0,0.0,0.0,185338.0,35488.616,1,1
0223b3dc6c2b,Koppal,4D4A2,4D4A2M1c,Muralapur-2,0805020010,162/*/3,2.1,0.0,OTHER,small,1,AG3,BGPmA1,TCB,420.0,344.4,formula_82pct_of_proposed,,2.0,,0.0,,0,0,0.0,0.0,0.0,0.0,45980.0,17702.16,1,0
1afa869966e0,Koppal,4D4A2,4D4A2M1c,Muralapur-2,0805020010,163/*/1,3.06,0.0,OTHER,medium,1,AG3,BGPmA1,TCB,612.0,501.84,formula_82pct_of_proposed,,3.0,,0.0,,0,0,0.0,0.0,0.0,0.0,67368.0,25794.575999999997,1,0
16357951b582,Koppal,4D4A2,4D4A2M1c,Muralapur-2,0805020010,163/*/2,0.62,0.0,OTHER,small,1,AG3,BGPmA1,TCB,124.0,101.68,formula_82pct_of_proposed,,0.0,0.0,0.0,,0,0,0.0,0.0,0.0,0.0,7688.0,5226.352,1,0
64bddeadd981,Koppal,4D4A2,4D4A2M1c,Muralapur-2,0805020010,163/*/3,0.62,0.0,OBC,small,1,AG3,BGPmA1,TCB,124.0,101.68,formula_82pct_of_proposed,,0.0,0.0,0.0,,0,0,0.0,0.0,0.0,0.0,7688.0,5226.352,1,0
3b1a50120a0c,Koppal,4D4A2,4D4A2M1c,Muralapur-2,0805020010,163/*/4,0.93,0.0,OBC,small,0,AG3,BGPmA1,TCB,186.0,152.52,formula_82pct_of_proposed,,0.0,0.0,0.0,,0,0,0.0,0.0,0.0,0.0,11532.0,7839.528,1,0
0bddcea1cf76,Koppal,4D4A2,4D4A2M1c,Muralapur-2,0805020010,163/*/5,0.92,0.0,OBC,small,1,AG3,BGPmA1,TCB,184.0,150.88,formula_82pct_of_proposed,,0.0,0.0,0.0,,0,0,0.0,0.0,0.0,0.0,11408.0,7755.232,1,0
b380ce1e46b7,Koppal,4D4A2,4D4A2M1c,Muralapur-2,0704020014,101/*/2,1.67,0.0,OBC,small,1,AG1,GGRmB2g1Ca,TCB,334.0,151.01,value,151.01,1.0,1.0,0.0,,0,0,0.0,0.0,0.0,0.0,34026.0,11432.914,1,1
f6975b85eb71,Koppal,4D4A2,4D4A2M1c,Muralapur-2,0704020014,101/*/3,0.7,0.0,OBC,small,0,AG1,GGRmB2g1Ca,TCB,140.0,160.24,value,160.24,0.0,0.0,0.0,,0,0,0.0,0.0,0.0,0.0,8680.0,8236.336,1,1
02c0e770c372,Koppal,4D4A2,4D4A2M1c,Muralapur-2,0704020014,102/*/5,0.97,0.0,OBC,small,1,AG1,GGRmB2g1Ca,TCB,194.0,174.36,value,174.36,0.0,0.0,0.0,,0,0,0.0,0.0,0.0,0.0,12028.0,8962.104000000001,1,1
93cf1223717a,Koppal,4D4A2,4D4A2M1c,Muralapur-2,0704020014,104/*/*,0.85,0.0,OBC,small,1,AG1,DRLmB2g2Ca,TCB,170.0,139.4,formula_82pct_of_proposed,,0.0,0.0,0.0,,0,0,0.0,0.0,0.0,0.0,10540.0,7165.16,1,0
93cf1223717a,Koppal,4D4A2,4D4A2M1c,Muralapur-2,0704020014,104/*/*,0.71,1.0,OTHER,small,1,AG1,DRLmB2g2Ca,TCB,142.0,116.44,formula_82pct_of_proposed,,0.0,0.0,0.0,,0,0,0.0,0.0,0.0,0.0,8804.0,5985.016,1,0
93cf1223717a,Koppal,4D4A2,4D4A2M1c,Muralapur-2,0704020014,104/*/*,2.75,0.0,OTHER,medium,1,AG1,DRLmB2g2Ca,TCB,550.0,0.0,value,0.0,2.0,,0.0,,0,0,0.0,0.0,0.0,0.0,57550.0,0.0,0,0
6fb07efc3cc0,Koppal,4D4A2,4D4A2M1c,Muralapur-2,0704020014,101/*/1,1.35,0.0,OTHER,small,1,AG1,GGRmB2g1Ca,TCB,270.0,167.36,value,167.36,1.0,1.0,0.0,,0,0,0.0,0.0,0.0,0.0,28330.0,12273.304,1,1
1d5b9fae8e95,Koppal,4D4A2,4D4A2M1c,Muralapur-2,0704020014,103/*/10,0.37,0.0,OTHER,small,1,AG1,GGRmB2g1Ca,TCB,74.0,60.68,formula_82pct_of_proposed,,0.0,0.0,0.0,,0,0,0.0,0.0,0.0,0.0,4588.0,3118.9519999999998,1,0
2f6d70a38182,Koppal,4D4A2,4D4A2M1c,Muralapur-2,0704020014,103/*/15,0.53,0.0,OBC,small,1,AG1,GGRmB2g1Ca,TCB,106.0,145.26,value,145.26,0.0,1.0,0.0,,0,0,0.0,0.0,0.0,0.0,6572.0,11137.364,1,1
93cf1223717a,Koppal,4D4A2,4D4A2M1c,Muralapur-2,0704020014,104/*/*,0.71,0.0,OTHER,small,1,AG1,DRLmB2g2Ca,TCB,142.0,116.44,formula_82pct_of_proposed,,0.0,0.0,0.0,,0,0,0.0,0.0,0.0,0.0,8804.0,5985.016,1,0
93cf1223717a,Koppal,4D4A2,4D4A2M1c,Muralapur-2,0704020014,104/*/*,1.65,0.0,OTHER,small,1,AG1,DRLmB2g2Ca,TCB,330.0,0.0,value,0.0,1.0,,0.0,,0,0,0.0,0.0,0.0,0.0,33670.0,0.0,0,0
8571f828b525,Koppal,4D4A2,4D4A2M1c,Muralapur-2,0704020014,103/*/14,0.44,0.0,OTHER,small,1,AG1,GGRmB2g1Ca,TCB,88.0,72.16,formula_82pct_of_proposed,,0.0,0.0,0.0,,0,0,0.0,0.0,0.0,0.0,5456.0,3709.024,1,0
93cf1223717a,Koppal,4D4A2,4D4A2M1c,Muralapur-2,0704020014,104/*/*,2.75,0.0,OTHER,medium,1,AG1,DRLmB2g2Ca,TCB,550.0,460.0,value,460.0,2.0,,1.0,1.0,0,1,0.0,0.0,0.0,0.0,265050.0,306931.0,1,1
183b0f1a3679,Koppal,4D4A2,4D4A2M1c,Muralapur-2,0704020014,102/*/2,3.44,0.0,OTHER,medium,1,AG1,GGRmB2g1Ca,TCB,688.0,329.99,value,329.99,3.0,2.0,0.0,,0,0,0.0,0.0,0.0,0.0,171632.0,24303.486,1,1
07846cf14211,Koppal,4D4A2,4D4A2M1c,Muralapur-2,0704020014,103/*/12,0.4,0.0,OBC,small,1,AG1,GGRmB2g1Ca,TCB,80.0,131.91,value,131.91,0.0,0.0,0.0,,0,0,0.0,0.0,0.0,0.0,4960.0,6780.174,1,1
83bfb8462506,Koppal,4D4A2,4D4A2M1c,Muralapur-2,0704020014,105/*/*,3.25,0.0,OTHER,medium,1,AG1,DRLmB2g1Ca,TCB,650.0,0.0,value,0.0,3.0,,0.0,,0,0,0.0,0.0,0.0,0.0,70750.0,0.0,0,0
b380ce1e46b7,Koppal,4D4A2,4D4A2M1c,Muralapur-2,0704020014,101/*/2,1.67,0.0,OTHER,small,1,AG1,GGRmB2g1Ca,TCB,334.0,273.88,formula_82pct_of_proposed,,1.0,,0.0,,0,0,0.0,0.0,0.0,0.0,34026.0,14077.431999999999,1,0
8e2d9c6da789,Koppal,4D4A2,4D4A2M1c,Muralapur-2,0704020014,103/*/9,0.22,0.0,OBC,small,0,AG1,GGRmB2g1Ca,TCB,44.0,0.0,value,0.0,0.0,0.0,0.0,,0,0,0.0,0.0,0.0,0.0,2728.0,0.0,0,0
93cf1223717a,Koppal,4D4A2,4D4A2M1c,Muralapur-2,0704020014,104/*/*,1.65,0.0,OTHER,small,1,AG1,DRLmB2g2Ca,TCB,330.0,270.6,formula_82pct_of_proposed,,1.0,,0.0,,0,0,0.0,0.0,0.0,0.0,33670.0,13908.84,1,0
e509f5ab19b6,Koppal,4D4A2,4D4A2M1c,Muralapur-2,0704020014,101/*/4,0.2,0.0,OTHER,small,1,AG1,GGRmB2g1Ca,TCB,40.0,0.0,value,0.0,0.0,0.0,0.0,,0,0,0.0,0.0,0.0,0.0,2480.0,0.0,0,0
3ce340eb255d,Koppal,4D4A2,4D4A2M1c,Muralapur-2,0704020014,102/*/1,1.5,0.0,OTHER,small,1,AG1,GGRmB2g1Ca,TCB,300.0,169.75,value,169.75,1.0,1.0,0.0,,0,0,0.0,0.0,0.0,0.0,31000.0,12396.15,1,1
f7975b2797e9,Koppal,4D4A2,4D4A2M1c,Muralapur-2,0704020014,103/*/13,0.52,0.0,OTHER,small,1,AG1,GGRmB2g1Ca,TCB,104.0,0.0,value,0.0,0.0,0.0,0.0,,0,0,0.0,0.0,0.0,0.0,6448.0,0.0,0,0
faab9485e455,Koppal,4D4A2,4D4A2M1c,Muralapur-2,0704020014,107/*/*,2.07,0.0,OTHER,small,1,AG1,DRLmB2g1Ca,TCB,413.99999999999994,339.4799999999999,formula_82pct_of_proposed,,2.0,,0.0,,0,0,0.0,0.0,0.0,0.0,45445.99999999999,17449.271999999994,1,0
a348b6a50361,Koppal,4D4A2,4D4A2M1c,Muralapur-2,0704020014,100/*/*,0.1,0.0,OBC,small,0,AG1,GGRmB2g1Ca,TCB,20.0,16.4,formula_82pct_of_proposed,,0.0,0.0,0.0,,0,0,0.0,0.0,0.0,0.0,1240.0,842.9599999999999,1,0
af9b5f02eb5c,Koppal,4D4A2,4D4A2M1c,Muralapur-2,0704020014,102/*/3,0.98,0.0,OTHER,small,1,AG1,GGRmB2g1Ca,TCB,196.0,160.24,value,160.24,0.0,0.0,0.0,,0,0,0.0,0.0,0.0,0.0,12152.0,8236.336,1,1
2531842e31ad,Koppal,4D4A2,4D4A2M1c,Muralapur-2,0704020014,103/*/1,0.4,0.0,OTHER,small,1,AG1,GGRmB2g1Ca,TCB,80.0,131.99,value,131.99,0.0,1.0,0.0,,0,0,0.0,0.0,0.0,0.0,4960.0,10455.286,1,1
aec2a6cb39e9,Koppal,4D4A2,4D4A2M1c,Muralapur-2,0704020014,103/*/17,0.37,0.0,OTHER,small,1,AG1,GGRmB2g1Ca,TCB,74.0,60.68,formula_82pct_of_proposed,,0.0,0.0,0.0,,0,0,0.0,0.0,0.0,0.0,4588.0,3118.9519999999998,1,0
98bebc4eb52d,Koppal,4D4A2,4D4A2M1c,Muralapur-2,0704020014,103/*/2,0.47,0.0,OTHER,small,1,AG1,GGRmB2g1Ca,TCB,94.0,131.99,value,131.99,0.0,1.0,0.0,,0,0,0.0,0.0,0.0,0.0,5828.0,10461.286,1,1
acc63789fa20,Koppal,4D4A2,4D4A2M1c,Muralapur-2,0704020014,103/*/3,0.51,0.0,OTHER,small,1,AG1,GGRmB2g1Ca,TCB,102.0,83.64,formula_82pct_of_proposed,,0.0,0.0,0.0,,0,0,0.0,0.0,0.0,0.0,6324.0,4299.096,1,0
faab9485e455,Koppal,4D4A2,4D4A2M1c,Muralapur-2,0704020014,107/*/*,2.07,0.0,OTHER,small,1,AG1,DRLmB2g1Ca,TCB,413.99999999999994,339.4799999999999,formula_82pct_of_proposed,,2.0,,0.0,,0,0,0.0,0.0,0.0,0.0,45445.99999999999,17449.271999999994,1,0
86414b09e2fd,Koppal,4D4A2,4D4A2M1c,Muralapur-2,0704020014,70/*/ಆ,3.05,1.0,OBC,medium,0,AG1,DRLmB2g1Ca,TCB,610.0,536.9,value,536.9,3.0,2.0,0.0,,0,0,0.0,0.0,0.0,0.0,67190.0,35130.66,1,1
2787b9d1dcc4,Koppal,4D4A2,4D4A2M1c,Muralapur-2,0704020014,71/*/3,1.22,0.0,OBC,small,0,AG1,DRLmB2g1Ca,TCB,244.0,200.08,formula_82pct_of_proposed,,1.0,,0.0,,0,0,0.0,0.0,0.0,0.0,26016.0,10284.112000000001,1,0
0262a9442ee9,Koppal,4D4A2,4D4A2M1c,Muralapur-2,0704020014,71/*/4,1.24,0.0,OTHER,small,1,AG1,DRLmB2g1Ca,TCB,248.0,203.36,formula_82pct_of_proposed,,1.0,,0.0,,0,0,0.0,0.0,0.0,0.0,26372.0,10452.704,1,0
c214309aa7c0,Koppal,4D4A2,4D4A2M1c,Muralapur-2,0704020014,72/*/4,1.65,0.0,OBC,small,0,AG1,DRLmB2g1Ca,TCB,330.0,0.0,value,0.0,1.0,,0.0,,0,0,0.0,0.0,0.0,0.0,33670.0,0.0,0,0
631ddc5ed1bf,Koppal,4D4A2,4D4A2M1c,Muralapur-2,0704020014,71/*/5,1.22,0.0,OBC,small,1,AG1,DRLmB2g1Ca,TCB,244.0,0.0,value,0.0,1.0,,0.0,,0,0,0.0,0.0,0.0,0.0,26016.0,0.0,0,0
526fe5885e8f,Koppal,4D4A2,4D4A2M1c,Muralapur-2,0704020014,71/*/6,1.22,0.0,OTHER,small,1,AG1,DRLmB2g1Ca,TCB,244.0,0.0,value,0.0,1.0,,0.0,,0,0,0.0,0.0,0.0,0.0,26016.0,0.0,0,0
82906df8f841,Koppal,4D4A2,4D4A2M1c,Muralapur-2,0704020014,72/*/3,0.76,0.0,OTHER,small,1,AG1,DRLmB2g1Ca,TCB,152.0,124.64,formula_82pct_of_proposed,,0.0,0.0,0.0,,0,0,0.0,0.0,0.0,0.0,9424.0,6406.496,1,0
78b260a0f3de,Koppal,4D4A2,4D4A2M1c,Muralapur-2,0704020014,73/*/1,1.91,0.0,OBC,small,0,AG1,DRLmB2g1Ca,TCB,382.0,0.0,value,0.0,1.0,,0.0,,0,0,0.0,0.0,0.0,0.0,38298.0,0.0,0,0
459ca7ccd87d,Koppal,4D4A2,4D4A2M1c,Muralapur-2,0704020014,79/*/6,1.61,0.0,OTHER,small,1,AG1,BGPmA2g1Ca,TCB,322.0,264.04,formula_82pct_of_proposed,,1.0,,0.0,,0,0,0.0,0.0,0.0,0.0,32958.0,13571.656,1,0
1396be8f951a,Koppal,4D4A2,4D4A2M1c,Muralapur-2,0704020014,80/*/2,1.62,0.0,OBC,small,1,AG1,RNKmB2g1Ca,TCB,324.0,0.0,value,0.0,1.0,,0.0,,0,0,0.0,0.0,0.0,0.0,23488.0,0.0,0,0
692430267d34,Koppal,4D4A2,4D4A2M1c,Muralapur-2,0704020014,80/*/4,1.1,0.0,OBC,small,1,AG1,RNKmB2g1Ca,TCB,220.00000000000003,0.0,value,0.0,1.0,,0.0,,0,0,0.0,0.0,0.0,0.0,17040.0,0.0,0,0
d343ba751de5,Koppal,4D4A2,4D4A2M1c,Muralapur-2,0704020014,70/*/ಅ,3.68,0.0,OBC,medium,0,AG1,DRLmB2g1Ca,TCB,736.0,461.99,value,461.99,3.0,1.0,0.0,,0,0,0.0,0.0,0.0,0.0,175904.0,27513.286,1,1
ad77ba4be4f6,Koppal,4D4A2,4D4A2M1c,Muralapur-2,0704020014,73/*/3,1.9,1.0,OBC,small,1,AG1,DRLmB2g1Ca,TCB,380.0,311.6,formula_82pct_of_proposed,,1.0,,0.0,,0,0,0.0,0.0,0.0,0.0,38120.0,16016.240000000002,1,0
a19f6351e349,Koppal,4D4A2,4D4A2M1c,Muralapur-2,0704020014,73/*/4,1.9,0.0,OBC,small,0,AG1,DRLmB2g1Ca,TCB,380.0,311.6,formula_82pct_of_proposed,,1.0,,0.0,,0,0,0.0,0.0,0.0,0.0,38120.0,16016.240000000002,1,0
83d4abcbef22,Koppal,4D4A2,4D4A2M1c,Muralapur-2,0704020014,75/*/1,1.51,1.0,OTHER,small,1,AG1,DRLmB2g1Ca,TCB,302.0,247.64,formula_82pct_of_proposed,,1.0,,0.0,,0,0,0.0,0.0,0.0,0.0,31178.0,12728.695999999998,1,0
2220612f10df,Koppal,4D4A2,4D4A2M1c,Muralapur-2,0704020014,75/*/4,1.61,0.0,OTHER,small,1,AG1,DRLmB2g1Ca,TCB,322.0,264.04,formula_82pct_of_proposed,,1.0,,0.0,,0,0,0.0,0.0,0.0,0.0,32958.0,13571.656,1,0
ba250fb07f63,Koppal,4D4A2,4D4A2M1c,Muralapur-2,0704020014,72/*/1,0.42,0.0,OTHER,small,1,AG1,DRLmB2g1Ca,TCB,84.0,0.0,value,0.0,0.0,0.0,0.0,,0,0,0.0,0.0,0.0,0.0,5208.0,0.0,0,0
a2c2d6248827,Koppal,4D4A2,4D4A2M1c,Muralapur-2,0704020014,74/*/2,1.3,0.0,OTHER,small,1,AG1,DRLmB2g1Ca,TCB,260.0,213.2,formula_82pct_of_proposed,,1.0,,0.0,,0,0,0.0,0.0,0.0,0.0,27440.0,10958.48,1,0
9e31a84ffbdb,Koppal,4D4A2,4D4A2M1c,Muralapur-2,0704020014,74/*/6,1.07,0.0,OTHER,small,1,AG1,DRLmB2g1Ca,TCB,214.0,175.48,formula_82pct_of_proposed,,1.0,,0.0,,0,0,0.0,0.0,0.0,0.0,23346.0,9019.671999999999,1,0
66619925259b,Koppal,4D4A2,4D4A2M1c,Muralapur-2,0704020014,87/*/2,3.22,0.0,OBC,medium,1,AG2,RNKmB2g2Ca,TCB,644.0,338.98,value,338.98,3.0,1.0,1.0,1.0,0,1,0.0,0.0,0.0,0.0,257628.0,269378.572,1,1
049a2c51877a,Koppal,4D4A2,4D4A2M1c,Muralapur-2,0704020014,88/*/1,2.88,0.0,OTHER,medium,1,AG2,RNKmB2g2Ca,TCB,576.0,277.48,value,277.48,2.0,1.0,0.0,,0,0,0.0,0.0,0.0,0.0,42512.0,17950.472,1,1
e708b0da4a78,Koppal,4D4A2,4D4A2M1c,Muralapur-2,0704020014,71/*/1,0.61,0.0,OTHER,small,1,AG1,DRLmB2g1Ca,TCB,122.0,0.0,value,0.0,0.0,0.0,0.0,,0,0,0.0,0.0,0.0,0.0,7564.0,0.0,0,0
621343350d16,Koppal,4D4A2,4D4A2M1c,Muralapur-2,0704020014,71/*/7,0.62,0.0,OBC,small,0,AG1,DRLmB2g1Ca,TCB,124.0,0.0,value,0.0,0.0,0.0,0.0,,0,0,0.0,0.0,0.0,0.0,7688.0,0.0,0,0
c393f77d4e93,Koppal,4D4A2,4D4A2M1c,Muralapur-2,0704020014,75/*/5,2.56,1.0,OBC,medium,0,AG1,DRLmB2g1Ca,TCB,512.0,419.84,formula_82pct_of_proposed,,2.0,,0.0,,0,0,0.0,0.0,0.0,0.0,54168.0,21579.775999999998,1,0
a3dfef3b44ca,Koppal,4D4A2,4D4A2M1c,Muralapur-2,0704020014,79/*/4,1.58,0.0,OBC,small,1,AG1,BGPmA2g1Ca,TCB,316.0,259.12,formula_82pct_of_proposed,,1.0,,0.0,,0,0,0.0,0.0,0.0,0.0,32424.0,13318.768,1,0
ade173f0f6e0,Koppal,4D4A2,4D4A2M1c,Muralapur-2,0704020014,82/*/2,1.17,0.0,OTHER,small,1,AG2,RNKmB2g2Ca,TCB,234.0,188.75,value,188.75,1.0,2.0,0.0,,0,0,0.0,0.0,0.0,0.0,17908.0,17043.75,1,1
008b343341d1,Koppal,4D4A2,4D4A2M1c,Muralapur-2,0704020014,83/*/2,1.75,0.0,OTHER,small,1,AG2,RNKmB2g2Ca,TCB,350.0,0.0,value,0.0,1.0,,0.0,,0,0,0.0,0.0,0.0,0.0,25100.0,0.0,0,0
151971e73cd6,Koppal,4D4A2,4D4A2M1c,Muralapur-2,0704020014,84/*/1,2.08,0.0,OBC,small,0,AG2,RNKmB2g2Ca,TCB,416.0,268.88,value,268.88,2.0,1.0,0.0,,0,0,0.0,0.0,0.0,0.0,32592.0,17491.432,1,1
b51acc418dfb,Koppal,4D4A2,4D4A2M1c,Muralapur-2,0704020014,77/*/2,3.35,0.0,OBC,medium,1,AG1,RNKmA2g1Ca,TCB,670.0,549.4,formula_82pct_of_proposed,,3.0,,0.0,,0,0,0.0,0.0,0.0,0.0,51740.0,28239.16,1,0
e06e356d6125,Koppal,4D4A2,4D4A2M1c,Muralapur-2,0704020014,79/*/1,1.58,0.0,OTHER,small,1,AG1,BGPmA2g1Ca,TCB,316.0,259.12,formula_82pct_of_proposed,,1.0,,0.0,,0,0,0.0,0.0,0.0,0.0,32424.0,13318.768,1,0
c91773e970b7,Koppal,4D4A2,4D4A2M1c,Muralapur-2,0704020014,80/*/1,1.1,1.0,OTHER,small,1,AG1,RNKmB2g1Ca,TCB,220.00000000000003,180.40000000000003,formula_82pct_of_proposed,,1.0,,0.0,,0,0,0.0,0.0,0.0,0.0,17040.0,9272.560000000001,1,0
b905d1503fc9,Koppal,4D4A2,4D4A2M1c,Muralapur-2,0704020014,85/*/2,2.84,1.0,OTHER,medium,1,AG2,RNKmB2g2Ca,TCB,568.0,296.87,value,296.87,2.0,1.0,0.0,,0,0,0.0,0.0,0.0,0.0,42016.0,18927.118000000002,1,1
97c7deddc09d,Koppal,4D4A2,4D4A2M1c,Muralapur-2,0704020014,76/*/3,1.6,0.0,OBC,small,1,AG1,RNKmA2g1Ca,TCB,320.0,262.4,formula_82pct_of_proposed,,1.0,,0.0,,0,0,0.0,0.0,0.0,0.0,23240.0,13487.359999999999,1,0
38c7d596e7f4,Koppal,4D4A2,4D4A2M1c,Muralapur-2,0704020014,76/*/4,2.6,0.0,OTHER,medium,1,AG1,RNKmA2g1Ca,TCB,520.0,426.4,formula_82pct_of_proposed,,2.0,,0.0,,0,0,0.0,0.0,0.0,0.0,39040.0,21916.96,1,0
c7eb9cb62d85,Koppal,4D4A2,4D4A2M1c,Muralapur-2,0704020014,76/*/5,1.1,0.0,OTHER,small,1,AG1,RNKmA2g1Ca,TCB,220.00000000000003,0.0,value,0.0,1.0,,0.0,,0,0,0.0,0.0,0.0,0.0,17040.0,0.0,0,0
3c1944043a95,Koppal,4D4A2,4D4A2M1c,Muralapur-2,0704020014,79/*/3,1.58,1.0,OTHER,small,1,AG1,BGPmA2g1Ca,TCB,316.0,0.0,value,0.0,1.0,,0.0,,0,0,0.0,0.0,0.0,0.0,32424.0,0.0,0,0
5b965e0b5b95,Koppal,4D4A2,4D4A2M1c,Muralapur-2,0704020014,88/*/3,0.93,1.0,OTHER,small,1,AG2,RNKmB2g2Ca,TCB,186.0,268.62,value,268.62,0.0,1.0,0.0,,0,0,0.0,0.0,0.0,0.0,11532.0,17475.068,1,1
cf92450dade4,Koppal,4D4A2,4D4A2M1c,Muralapur-2,0704020014,92/*/6,0.89,1.0,SC,small,1,AG2,AWDmB2g1Ca,TCB,178.0,188.5,value,188.5,0.0,0.0,0.0,,0,0,0.0,0.0,0.0,0.0,11036.0,9688.9,1,1
442f05a5ac9d,Koppal,4D4A2,4D4A2M1c,Muralapur-2,0704020014,74/*/1,1.3,0.0,OTHER,small,1,AG1,DRLmB2g1Ca,TCB,260.0,0.0,value,0.0,1.0,,0.0,,0,0,0.0,0.0,0.0,0.0,27440.0,0.0,0,0
3190fc07b485,Koppal,4D4A2,4D4A2M1c,Muralapur-2,0704020014,74/*/4,1.37,0.0,OTHER,small,1,AG1,DRLmB2g1Ca,TCB,274.0,0.0,value,0.0,1.0,,0.0,,0,0,0.0,0.0,0.0,0.0,28686.0,0.0,0,0
a6fd98503acc,Koppal,4D4A2,4D4A2M1c,Muralapur-2,0704020014,78/*/3,1.27,1.0,OTHER,small,1,AG1,BGPmA2g1Ca,TCB,254.0,0.0,value,0.0,1.0,,0.0,,0,0,0.0,0.0,0.0,0.0,26906.0,0.0,0,0
9f2f9bf0a77b,Koppal,4D4A2,4D4A2M1c,Muralapur-2,0704020014,81/*/*,1.6,0.0,OTHER,small,1,AG1,RNKmB2g1Ca,TCB,320.0,0.0,value,0.0,1.0,,0.0,,0,0,0.0,0.0,0.0,0.0,23240.0,0.0,0,0
d8470be822b2,Koppal,4D4A2,4D4A2M1c,Muralapur-2,0704020014,72/*/6,0.9,0.0,OBC,small,0,AG1,DRLmB2g1Ca,TCB,180.0,0.0,value,0.0,0.0,0.0,0.0,,0,0,0.0,0.0,0.0,0.0,11160.0,0.0,0,0
5dbef8bc1f48,Koppal,4D4A2,4D4A2M1c,Muralapur-2,0704020014,84/*/2,1.03,0.0,OTHER,small,1,AG2,RNKmB2g2Ca,TCB,206.0,358.52,value,358.52,1.0,1.0,0.0,,0,0,0.0,0.0,0.0,0.0,16172.0,22098.928,1,1
c0f2e9117c20,Koppal,4D4A2,4D4A2M1c,Muralapur-2,0704020014,84/*/5,1.04,0.0,OBC,small,0,AG2,RNKmB2g2Ca,TCB,208.0,353.62,value,353.62,1.0,1.0,0.0,,0,0,0.0,0.0,0.0,0.0,16296.0,21847.068,1,1
e912861810ed,Koppal,4D4A2,4D4A2M1c,Muralapur-2,0704020014,88/*/4,0.53,0.0,OTHER,small,1,AG2,RNKmB2g2Ca,TCB,106.0,193.38,value,193.38,0.0,0.0,0.0,,0,0,0.0,0.0,0.0,0.0,6572.0,9939.732,1,1
47e4ee66341b,Koppal,4D4A2,4D4A2M1c,Muralapur-2,0704020014,90/*/5,0.93,0.0,OTHER,small,1,AG2,RNKmB2g2Ca,TCB,186.0,244.98,value,244.98,0.0,1.0,0.0,,0,0,0.0,0.0,0.0,0.0,11532.0,16613.972,1,1
8f2a1e05ef60,Koppal,4D4A2,4D4A2M1c,Muralapur-2,0704020014,92/*/12,0.86,1.0,SC,small,1,AG2,AWDmB2g1Ca,TCB,172.0,94.24,value,94.24,0.0,1.0,0.0,,0,0,0.0,0.0,0.0,0.0,10664.0,8865.936,1,1
ae5d5214910a,Koppal,4D4A2,4D4A2M1c,Muralapur-2,0704020014,99/*/2,1.21,0.0,OTHER,small,1,AG2,GGRmB2g1Ca,TCB,242.0,146.12,value,146.12,1.0,1.0,0.0,,0,0,0.0,0.0,0.0,0.0,25838.0,11181.568,1,1
0a2f8190bf16,Koppal,4D4A2,4D4A2M1c,Muralapur-2,0704020014,82/*/6,1.62,0.0,OBC,small,1,AG2,RNKmB2g2Ca,TCB,324.0,272.59,value,272.59,1.0,1.0,0.0,,0,0,0.0,0.0,0.0,0.0,23488.0,17682.125999999997,1,1
8838c4475f4d,Koppal,4D4A2,4D4A2M1c,Muralapur-2,0704020014,83/*/1,2.64,0.0,OTHER,medium,1,AG2,RNKmB2g2Ca,TCB,528.0,483.83,value,483.83,2.0,1.0,0.0,,0,0,0.0,0.0,0.0,0.0,39536.0,28539.861999999997,1,1
d2d4cb32cb68,Koppal,4D4A2,4D4A2M1c,Muralapur-2,0704020014,83/*/3,2.64,0.0,OBC,medium,1,AG2,RNKmB2g2Ca,TCB,528.0,456.01,value,456.01,2.0,1.0,0.0,,0,0,0.0,0.0,0.0,0.0,39536.0,27109.914,1,1
9c98fe72bbcc,Koppal,4D4A2,4D4A2M1c,Muralapur-2,0704020014,92/*/13,0.85,1.0,SC,small,1,AG2,AWDmB2g1Ca,TCB,170.0,145.26,value,145.26,0.0,1.0,0.0,,0,0,0.0,0.0,0.0,0.0,10540.0,11488.364,1,1
9273c2988af3,Koppal,4D4A2,4D4A2M1c,Muralapur-2,0704020014,92/*/3,0.94,1.0,SC,small,1,AG2,AWDmB2g1Ca,TCB,188.0,207.51,value,207.51,0.0,1.0,0.0,,0,0,0.0,0.0,0.0,0.0,11656.0,14688.014,1,1
aaef4786a154,Koppal,4D4A2,4D4A2M1c,Muralapur-2,0704020014,95/*/1,2.02,0.0,OBC,large,0,AG2,AWDmB2g1Ca,TCB,404.0,160.24,value,160.24,2.0,1.0,0.0,,0,0,0.0,0.0,0.0,0.0,44556.0,12258.336,1,1
9f2f9bf0a77b,Koppal,4D4A2,4D4A2M1c,Muralapur-2,0704020014,81/*/*,1.6,0.0,OTHER,small,1,AG1,RNKmB2g1Ca,TCB,320.0,0.0,value,0.0,1.0,,0.0,,0,0,0.0,0.0,0.0,0.0,23240.0,0.0,0,0
d7a2de4ba485,Koppal,4D4A2,4D4A2M1c,Muralapur-2,0704020014,82/*/1,1.52,0.0,OTHER,small,1,AG2,RNKmB2g2Ca,TCB,304.0,201.85,value,201.85,1.0,1.0,0.0,,0,0,0.0,0.0,0.0,0.0,22248.0,14046.09,1,1
d4190d6cc8be,Koppal,4D4A2,4D4A2M1c,Muralapur-2,0704020014,88/*/2,0.93,1.0,OTHER,small,1,AG2,RNKmB2g2Ca,TCB,186.0,268.62,value,268.62,0.0,1.0,0.0,,0,0,0.0,0.0,0.0,0.0,11532.0,17475.068,1,1
073c14932834,Koppal,4D4A2,4D4A2M1c,Muralapur-2,0704020014,84/*/4,2.08,0.0,OTHER,small,1,AG2,RNKmB2g2Ca,TCB,416.0,0.0,value,0.0,2.0,,0.0,,0,0,0.0,0.0,0.0,0.0,32592.0,0.0,0,0
6bd17f670b26,Koppal,4D4A2,4D4A2M1c,Muralapur-2,0704020014,85/*/1,2.83,0.0,OBC,medium,1,AG2,RNKmB2g2Ca,TCB,566.0,296.87,value,296.87,2.0,1.0,0.0,,0,0,0.0,0.0,0.0,0.0,41892.0,18927.118000000002,1,1
ff7070e7dace,Koppal,4D4A2,4D4A2M1c,Muralapur-2,0704020014,86/*/1,2.4,0.0,OBC,medium,0,AG2,RNKmB2g2Ca,TCB,480.0,425.6,value,425.6,2.0,1.0,0.0,,0,0,0.0,0.0,0.0,0.0,36560.0,25543.84,1,1
959b9855b993,Koppal,4D4A2,4D4A2M1c,Muralapur-2,0704020014,88/*/5,0.52,1.0,OBC,small,0,AG2,RNKmB2g2Ca,TCB,104.0,193.38,value,193.38,0.0,1.0,0.0,,0,0,0.0,0.0,0.0,0.0,6448.0,13607.732,1,1
eac5493bcf8e,Koppal,4D4A2,4D4A2M1c,Muralapur-2,0704020014,89/*/1,1.03,0.0,OTHER,small,1,AG2,RNKmB2g2Ca,TCB,206.0,356.91,value,356.91,1.0,1.0,0.0,,0,0,0.0,0.0,0.0,0.0,16172.0,22013.174,1,1
f101a5f0741e,Koppal,4D4A2,4D4A2M1c,Muralapur-2,0704020014,90/*/3,1.71,0.0,OTHER,small,1,AG2,RNKmB2g2Ca,TCB,342.0,207.51,value,207.51,1.0,,0.0,,0,0,0.0,0.0,0.0,0.0,24604.0,10666.014,1,1
c84849a662d5,Koppal,4D4A2,4D4A2M1c,Muralapur-2,0704020014,90/*/4,0.06,0.0,OBC,small,1,AG2,RNKmB2g2Ca,TCB,12.0,9.84,formula_82pct_of_proposed,,0.0,0.0,0.0,,0,0,0.0,0.0,0.0,0.0,744.0,505.77599999999995,1,0
79dba377688a,Koppal,4D4A2,4D4A2M1c,Muralapur-2,0704020014,89/*/3,1.16,0.0,OTHER,small,1,AG2,RNKmB2g2Ca,TCB,231.99999999999997,376.8,value,376.8,1.0,1.0,0.0,,0,0,0.0,0.0,0.0,0.0,17784.0,23035.52,1,1
63ef326950eb,Koppal,4D4A2,4D4A2M1c,Muralapur-2,0704020014,89/*/4,0.44,0.0,OBC,small,0,AG2,RNKmB2g2Ca,TCB,88.0,72.16,formula_82pct_of_proposed,,0.0,0.0,0.0,,0,0,0.0,0.0,0.0,0.0,5456.0,3709.024,1,0
37708389112c,Koppal,4D4A2,4D4A2M1c,Muralapur-2,0704020014,98/*/7,0.84,0.0,OBC,small,0,AG2,RNKmB2g2Ca,TCB,168.0,240.37,value,240.37,0.0,1.0,0.0,,0,0,0.0,0.0,0.0,0.0,10416.0,16023.018,1,1
2a7df043c40b,Koppal,4D4A2,4D4A2M1c,Muralapur-2,0704020014,95/*/3,1.5,0.0,OBC,large,0,AG2,AWDmB2g1Ca,TCB,300.0,160.24,value,160.24,1.0,1.0,0.0,,0,0,0.0,0.0,0.0,0.0,31000.0,12258.336,1,1
d1c9f104c84b,Koppal,4D4A2,4D4A2M1c,Muralapur-2,0704020014,95/*/4,0.86,0.0,OBC,large,0,AG2,AWDmB2g1Ca,TCB,172.0,154.75,value,154.75,0.0,1.0,0.0,,0,0,0.0,0.0,0.0,0.0,10664.0,11976.15,1,1
4f45ad0f5ce1,Koppal,4D4A2,4D4A2M1c,Muralapur-2,0704020014,95/*/8,1.42,0.0,OBC,large,0,AG2,AWDmB2g1Ca,TCB,284.0,122.76,value,122.76,1.0,1.0,0.0,,0,0,0.0,0.0,0.0,0.0,29576.0,10331.864000000001,1,1
02d7689925de,Koppal,4D4A2,4D4A2M1c,Muralapur-2,0704020014,98/*/5,0.85,0.0,OTHER,small,1,AG2,RNKmB2g2Ca,TCB,170.0,139.4,formula_82pct_of_proposed,,0.0,0.0,0.0,,0,0,0.0,0.0,0.0,0.0,10540.0,7165.16,1,0
aa25402d8a76,Koppal,4D4A2,4D4A2M1c,Muralapur-2,0704020014,73/*/2,1.9,0.0,OBC,small,0,AG1,DRLmB2g1Ca,TCB,380.0,311.6,formula_82pct_of_proposed,,1.0,,0.0,,0,0,0.0,0.0,0.0,0.0,38120.0,16016.240000000002,1,0
bbcf1a61b513,Koppal,4D4A2,4D4A2M1c,Muralapur-2,0704020014,79/*/5,1.61,0.0,OTHER,small,1,AG1,BGPmA2g1Ca,TCB,322.0,264.04,formula_82pct_of_proposed,,1.0,,0.0,,0,0,0.0,0.0,0.0,0.0,32958.0,13571.656,1,0
c0a5030b6990,Koppal,4D4A2,4D4A2M1c,Muralapur-2,0704020014,82/*/4,1.52,0.0,ST,small,1,AG2,RNKmB2g2Ca,TCB,304.0,264.0,value,264.0,1.0,1.0,0.0,,0,0,0.0,0.0,0.0,0.0,22248.0,17240.6,1,1
8838c4475f4d,Koppal,4D4A2,4D4A2M1c,Muralapur-2,0704020014,83/*/1,2.64,0.0,OTHER,medium,1,AG2,RNKmB2g2Ca,TCB,528.0,432.96,formula_82pct_of_proposed,,2.0,,0.0,,0,0,0.0,0.0,0.0,0.0,39536.0,22254.143999999997,1,0
ea1770fba5c4,Koppal,4D4A2,4D4A2M1c,Muralapur-2,0704020014,90/*/2,1.67,0.0,OTHER,small,1,AG2,RNKmB2g2Ca,TCB,334.0,259.11,value,259.11,1.0,1.0,0.0,,0,0,0.0,0.0,0.0,0.0,24108.0,17340.254,1,1
ae544274d9c7,Koppal,4D4A2,4D4A2M1c,Muralapur-2,0704020014,92/*/*,3.89,0.0,OTHER,medium,1,AG2,AWDmB2g1Ca,TCB,778.0,386.33,value,386.33,3.0,1.0,0.0,,0,0,0.0,0.0,0.0,0.0,82142.0,23879.361999999997,1,1
ae544274d9c7,Koppal,4D4A2,4D4A2M1c,Muralapur-2,0704020014,92/*/*,3.93,0.0,OTHER,medium,1,AG2,AWDmB2g1Ca,TCB,778.0,457.38,value,457.38,3.0,1.0,0.0,,0,0,0.0,0.0,0.0,0.0,82142.0,27531.332,1,1
60224c415985,Koppal,4D4A2,4D4A2M1c,Muralapur-2,0704020014,92/*/10,0.89,1.0,SC,small,1,AG2,AWDmB2g1Ca,TCB,178.0,65.14,value,65.14,0.0,1.0,0.0,,0,0,0.0,0.0,0.0,0.0,11036.0,7370.196,1,1
d2d4cb32cb68,Koppal,4D4A2,4D4A2M1c,Muralapur-2,0704020014,83/*/3,2.64,0.0,OTHER,medium,1,AG2,RNKmB2g2Ca,TCB,528.0,0.0,value,0.0,2.0,,0.0,,0,0,0.0,0.0,0.0,0.0,39536.0,0.0,0,0
151971e73cd6,Koppal,4D4A2,4D4A2M1c,Muralapur-2,0704020014,84/*/1,2.08,0.0,OBC,small,0,AG2,RNKmB2g2Ca,TCB,416.0,0.0,value,0.0,2.0,,0.0,,0,0,0.0,0.0,0.0,0.0,32592.0,0.0,0,0
b452c7c629b4,Koppal,4D4A2,4D4A2M1c,Muralapur-2,0704020014,84/*/3,2.08,0.0,OTHER,small,1,AG2,RNKmB2g2Ca,TCB,416.0,0.0,value,0.0,2.0,,0.0,,0,0,0.0,0.0,0.0,0.0,32592.0,0.0,0,0
2a6e36024f18,Koppal,4D4A2,4D4A2M1c,Muralapur-2,0704020014,87/*/1,1.59,0.0,OBC,small,1,AG2,RNKmB2g2Ca,TCB,318.0,277.0,value,277.0,1.0,1.0,0.0,,0,0,0.0,0.0,0.0,0.0,23116.0,17905.8,1,1
c7b282f5d345,Koppal,4D4A2,4D4A2M1c,Muralapur-2,0704020014,92/*/11,0.89,1.0,SC,small,1,AG2,AWDmB2g1Ca,TCB,178.0,65.14,value,65.14,0.0,0.0,0.0,,0,0,0.0,0.0,0.0,0.0,11036.0,3348.196,1,1
b428ff336f2e,Koppal,4D4A2,4D4A2M1c,Muralapur-2,0704020014,95/*/2,2.02,0.0,OBC,large,0,AG2,AWDmB2g1Ca,TCB,404.0,230.86,value,230.86,2.0,,0.0,,0,0,0.0,0.0,0.0,0.0,44556.0,11866.204,1,1
b2ec1ebeb11a,Koppal,4D4A2,4D4A2M1c,Muralapur-2,0704020014,95/*/6,1.19,0.0,OBC,large,0,AG2,AWDmB2g1Ca,TCB,238.0,131.99,value,131.99,1.0,1.0,0.0,,0,0,0.0,0.0,0.0,0.0,25482.0,10806.286,1,1
852da9204ff7,Koppal,4D4A2,4D4A2M1c,Muralapur-2,0704020014,71/*/2,1.22,0.0,OTHER,small,1,AG1,DRLmB2g1Ca,TCB,244.0,200.08,formula_82pct_of_proposed,,1.0,,0.0,,0,0,0.0,0.0,0.0,0.0,26016.0,10284.112000000001,1,0
931e92abec0a,Koppal,4D4A2,4D4A2M1c,Muralapur-2,0704020014,72/*/2,0.46,0.0,OTHER,small,1,AG1,DRLmB2g1Ca,TCB,92.0,0.0,value,0.0,0.0,0.0,0.0,,0,0,0.0,0.0,0.0,0.0,5704.0,0.0,0,0
bcb9eef97547,Koppal,4D4A2,4D4A2M1c,Muralapur-2,0704020014,91/*/*,3.14,1.0,OBC,medium,0,AG2,RNKmB2g2Ca,TCB,628.0,528.0,value,528.0,3.0,2.0,0.0,,0,0,0.0,0.0,0.0,0.0,49136.0,35183.2,1,1
7ba88363eda9,Koppal,4D4A2,4D4A2M1c,Muralapur-2,0704020014,92/*/5,0.88,1.0,SC,small,1,AG2,AWDmB2g1Ca,TCB,176.0,188.5,value,188.5,0.0,0.0,0.0,,0,0,0.0,0.0,0.0,0.0,10912.0,9688.9,1,1
6cfea91fa82d,Koppal,4D4A2,4D4A2M1c,Muralapur-2,0704020014,95/*/9,1.28,0.0,OBC,large,0,AG2,AWDmB2g1Ca,TCB,256.0,179.2,value,179.2,1.0,1.0,0.0,,0,0,0.0,0.0,0.0,0.0,27084.0,13232.88,1,1
02ae5e2c9e53,Koppal,4D4A2,4D4A2M1c,Muralapur-2,0704020014,99/*/1,1.21,0.0,OTHER,small,1,AG2,GGRmB2g1Ca,TCB,242.0,155.63,value,155.63,1.0,1.0,0.0,,0,0,0.0,0.0,0.0,0.0,25838.0,11670.382,1,1
1e912e020ee1,Koppal,4D4A2,4D4A2M1c,Muralapur-2,0704020014,99/*/6,1.21,0.0,OTHER,small,1,AG2,GGRmB2g1Ca,TCB,242.0,146.12,value,146.12,1.0,,0.0,,0,0,0.0,0.0,0.0,0.0,25838.0,7510.568,1,1
807cfd6b819b,Koppal,4D4A2,4D4A2M1c,Muralapur-2,0704020014,98/*/6,0.84,0.0,OTHER,small,1,AG2,RNKmB2g2Ca,TCB,168.0,356.91,value,356.91,0.0,1.0,0.0,,0,0,0.0,0.0,0.0,0.0,10416.0,22013.174,1,1
668de5b55194,Koppal,4D4A2,4D4A2M1c,Muralapur-2,0704020014,74/*/5,1.52,0.0,OTHER,small,1,AG1,DRLmB2g1Ca,TCB,304.0,249.28,formula_82pct_of_proposed,,1.0,,0.0,,0,0,0.0,0.0,0.0,0.0,31356.0,12812.992,1,0
206ccaed488d,Koppal,4D4A2,4D4A2M1c,Muralapur-2,0704020014,75/*/3,1.51,0.0,SC,small,1,AG1,DRLmB2g1Ca,TCB,302.0,247.64,formula_82pct_of_proposed,,1.0,,0.0,,0,0,0.0,0.0,0.0,0.0,31178.0,12728.695999999998,1,0
11370a1fbbbf,Koppal,4D4A2,4D4A2M1c,Muralapur-2,0704020014,76/*/2,1.21,0.0,OTHER,small,1,AG1,RNKmA2g1Ca,TCB,242.0,198.44,formula_82pct_of_proposed,,1.0,,0.0,,0,0,0.0,0.0,0.0,0.0,18404.0,10199.815999999999,1,0
38c7d596e7f4,Koppal,4D4A2,4D4A2M1c,Muralapur-2,0704020014,76/*/4,2.6,0.0,OTHER,medium,1,AG1,RNKmA2g1Ca,TCB,520.0,426.4,formula_82pct_of_proposed,,2.0,,0.0,,0,0,0.0,0.0,0.0,0.0,39040.0,21916.96,1,0
05b8e2edca6d,Koppal,4D4A2,4D4A2M1c,Muralapur-2,0704020014,98/*/2,0.83,1.0,OTHER,small,1,AG2,RNKmB2g2Ca,TCB,166.0,254.5,value,254.5,0.0,1.0,0.0,,0,0,0.0,0.0,0.0,0.0,10292.0,16749.3,1,1
b8cf95c8c4bb,Koppal,4D4A2,4D4A2M1c,Muralapur-2,0704020014,99/*/5,1.22,0.0,OTHER,small,1,AG2,GGRmB2g1Ca,TCB,244.0,146.12,value,146.12,1.0,1.0,0.0,,0,0,0.0,0.0,0.0,0.0,26016.0,11181.568,1,1
73c8a40c47fb,Koppal,4D4A2,4D4A2M1c,Muralapur-2,0704020014,77/*/1,3.36,1.0,OBC,medium,1,AG1,RNKmA2g1Ca,TCB,672.0,551.04,formula_82pct_of_proposed,,3.0,,0.0,,0,0,0.0,0.0,0.0,0.0,149364.0,28323.456,1,0
378b3592fde4,Koppal,4D4A2,4D4A2M1c,Muralapur-2,0704020014,79/*/2,1.58,0.0,OTHER,small,1,AG1,BGPmA2g1Ca,TCB,316.0,259.12,formula_82pct_of_proposed,,1.0,,0.0,,0,0,0.0,0.0,0.0,0.0,32424.0,13318.768,1,0
74100e0b66df,Koppal,4D4A2,4D4A2M1c,Muralapur-2,0704020014,80/*/3,1.63,0.0,OTHER,small,1,AG1,RNKmB2g1Ca,TCB,326.0,267.32,formula_82pct_of_proposed,,1.0,,0.0,,0,0,0.0,0.0,0.0,0.0,23612.0,13740.248,1,0
9f2f9bf0a77b,Koppal,4D4A2,4D4A2M1c,Muralapur-2,0704020014,81/*/*,1.94,1.0,OTHER,small,1,AG1,RNKmB2g1Ca,TCB,388.0,318.16,formula_82pct_of_proposed,,1.0,,0.0,,0,0,0.0,0.0,0.0,0.0,27456.0,16353.424,1,0
77305167df6c,Koppal,4D4A2,4D4A2M1c,Muralapur-2,0704020014,82/*/3,2.32,0.0,OTHER,small,1,AG2,RNKmB2g2Ca,TCB,463.99999999999994,230.86,value,230.86,2.0,1.0,0.0,,0,0,0.0,0.0,0.0,0.0,35568.0,15537.204,1,1
9dc2ab0d3f8c,Koppal,4D4A2,4D4A2M1c,Muralapur-2,0704020014,85/*/3,2.84,0.0,OTHER,medium,1,AG2,RNKmB2g2Ca,TCB,568.0,579.61,value,579.61,2.0,2.0,0.0,,0,0,0.0,0.0,0.0,0.0,42016.0,37127.954,1,1
dbf65b48f96d,Koppal,4D4A2,4D4A2M1c,Muralapur-2,0704020014,86/*/2,3.87,0.0,OTHER,medium,1,AG2,RNKmB2g2Ca,TCB,774.0,277.0,value,277.0,3.0,2.0,1.0,1.0,0,0,0.0,0.0,0.0,0.0,168188.0,131573.8,1,1
22c8ac40c8fd,Koppal,4D4A2,4D4A2M1c,Muralapur-2,0704020014,92/*/4,0.95,1.0,SC,small,1,AG2,AWDmB2g1Ca,TCB,190.0,188.5,value,188.5,0.0,1.0,0.0,,0,0,0.0,0.0,0.0,0.0,11780.0,13710.9,1,1
734d28b42428,Koppal,4D4A2,4D4A2M1c,Muralapur-2,0704020014,92/*/7,0.88,1.0,SC,small,1,AG2,AWDmB2g1Ca,TCB,176.0,65.14,value,65.14,0.0,0.0,0.0,,0,0,0.0,0.0,0.0,0.0,10912.0,3348.196,1,1
744807aefbc6,Koppal,4D4A2,4D4A2M1c,Muralapur-2,0704020014,95/*/10,1.18,0.0,OBC,large,0,AG2,AWDmB2g1Ca,TCB,236.0,235.76,value,235.76,1.0,1.0,0.0,,0,0,0.0,0.0,0.0,0.0,25304.0,16140.063999999998,1,1
3105e3f91ad7,Koppal,4D4A2,4D4A2M1c,Muralapur-2,0704020014,95/*/5,1.28,0.0,OBC,large,0,AG2,AWDmB2g1Ca,TCB,256.0,117.87,value,117.87,1.0,1.0,0.0,,0,0,0.0,0.0,0.0,0.0,27084.0,10080.518,1,1
5be69618730c,Koppal,4D4A2,4D4A2M1c,Muralapur-2,0704020014,95/*/7,1.04,0.0,OBC,large,0,AG2,AWDmB2g1Ca,TCB,208.0,103.74,value,103.74,1.0,,0.0,,0,0,0.0,0.0,0.0,0.0,22812.0,5332.236,1,1
bcb9eef97547,Koppal,4D4A2,4D4A2M1c,Muralapur-2,0704020014,91/*/*,3.15,1.0,OBC,small,0,AG2,RNKmB2g2Ca,TCB,630.0,278.13,value,278.13,3.0,1.0,0.0,,0,0,0.0,0.0,0.0,0.0,49260.0,18317.881999999998,1,1
ae544274d9c7,Koppal,4D4A2,4D4A2M1c,Muralapur-2,0704020014,92/*/*,3.89,0.0,OBC,medium,0,AG2,AWDmB2g1Ca,TCB,778.0,429.13,value,429.13,3.0,1.0,0.0,,0,0,0.0,0.0,0.0,0.0,82142.0,26079.282,1,1
32d6de2d3608,Koppal,4D4A2,4D4A2M1c,Muralapur-2,0704020014,92/*/1,3.93,1.0,OBC,small,0,AG2,AWDmB2g1Ca,TCB,178.0,207.51,value,207.51,0.0,0.0,0.0,,0,0,0.0,0.0,0.0,0.0,11036.0,10666.014,1,1
b45ccf017c28,Koppal,4D4A2,4D4A2M1c,Muralapur-2,0704020014,98/*/1,1.68,0.0,OTHER,small,1,AG2,RNKmB2g2Ca,TCB,336.0,275.52,formula_82pct_of_proposed,,1.0,,0.0,,0,0,0.0,0.0,0.0,0.0,24232.0,14161.728,1,0
d8e0dcd547dc,Koppal,4D4A2,4D4A2M1c,Muralapur-2,0704020014,98/*/3,0.83,1.0,OTHER,small,1,AG2,RNKmB2g2Ca,TCB,166.0,254.5,value,254.5,0.0,1.0,0.0,,0,0,0.0,0.0,0.0,0.0,10292.0,16749.3,1,1
4fcd862ce064,Koppal,4D4A2,4D4A2M1c,Muralapur-2,0704020014,99/*/3,1.21,0.0,OBC,small,1,AG2,GGRmB2g1Ca,TCB,242.0,179.26,value,179.26,1.0,,0.0,,0,0,0.0,0.0,0.0,0.0,25838.0,9213.964,1,1
c9d06475e7e7,Koppal,4D4A2,4D4A2M1c,Muralapur-2,0704020014,99/*/4,1.21,0.0,OBC,small,1,AG2,GGRmB2g1Ca,TCB,242.0,146.12,value,146.12,1.0,1.0,0.0,,0,0,0.0,0.0,0.0,0.0,25838.0,11181.568,1,1
e8d6d2631b80,Koppal,4D4A2,4D4A2M1c,Muralapur-2,0704020014,103/*/7,0.21,0.0,OTHER,small,1,AG1,GGRmB2g1Ca,TCB,42.0,173.47,value,173.47,0.0,0.0,0.0,,0,0,0.0,0.0,0.0,0.0,2604.0,8916.358,1,1
93cf1223717a,Koppal,4D4A2,4D4A2M1c,Muralapur-2,0704020014,104/*/*,1.65,0.0,OTHER,small,1,AG1,DRLmB2g2Ca,TCB,330.0,270.6,formula_82pct_of_proposed,,1.0,,0.0,,0,0,0.0,0.0,0.0,0.0,33670.0,13908.84,1,0
103aa617bd4e,Koppal,4D4A2,4D4A2M1c,Muralapur-2,0704020014,72/*/5,0.75,0.0,OTHER,small,1,AG1,DRLmB2g1Ca,TCB,150.0,123.0,formula_82pct_of_proposed,,0.0,0.0,0.0,,0,0,0.0,0.0,0.0,0.0,9300.0,6322.2,1,0
0e0d7e972278,Koppal,4D4A2,4D4A2M1c,Muralapur-2,0704020014,74/*/3,1.23,0.0,OBC,small,1,AG1,DRLmB2g1Ca,TCB,246.0,201.72,formula_82pct_of_proposed,,1.0,,0.0,,0,0,0.0,0.0,0.0,0.0,26194.0,10368.408,1,0
36145d6c270f,Koppal,4D4A2,4D4A2M1c,Muralapur-2,0704020014,75/*/2,1.51,0.0,OTHER,small,1,AG1,DRLmB2g1Ca,TCB,302.0,247.64,formula_82pct_of_proposed,,1.0,,0.0,,0,0,0.0,0.0,0.0,0.0,31178.0,12728.695999999998,1,0
5c1023c0fb81,Koppal,4D4A2,4D4A2M1c,Muralapur-2,0704020014,76/*/1,1.2,0.0,OTHER,small,1,AG1,RNKmA2g1Ca,TCB,240.0,196.8,formula_82pct_of_proposed,,1.0,,0.0,,0,0,0.0,0.0,0.0,0.0,18280.0,10115.52,1,0
af816d4135b0,Koppal,4D4A2,4D4A2M1c,Muralapur-2,0704020014,78/*/1,3.9,0.0,OTHER,medium,1,AG1,BGPmA2g1Ca,TCB,780.0,639.6,formula_82pct_of_proposed,,3.0,,1.0,1.0,0,0,0.0,0.0,0.0,0.0,192320.0,142875.44,1,0
55f14cbc5e07,Koppal,4D4A2,4D4A2M1c,Muralapur-2,0704020014,78/*/2,3.9,0.0,OTHER,medium,1,AG1,BGPmA2g1Ca,TCB,780.0,639.6,formula_82pct_of_proposed,,3.0,,0.0,,0,0,0.0,0.0,0.0,0.0,82320.0,32875.44,1,0
0ed0f8d2ed7a,Koppal,4D4A2,4D4A2M1c,Muralapur-2,0704020014,82/*/5,1.16,1.0,OTHER,small,1,AG2,RNKmB2g2Ca,TCB,231.99999999999997,174.15,value,174.15,1.0,1.0,0.0,,0,0,0.0,0.0,0.0,0.0,17784.0,12622.31,1,1
008b343341d1,Koppal,4D4A2,4D4A2M1c,Muralapur-2,0704020014,83/*/2,1.75,0.0,OTHER,small,1,AG2,RNKmB2g2Ca,TCB,350.0,287.0,formula_82pct_of_proposed,,1.0,,0.0,,0,0,0.0,0.0,0.0,0.0,25100.0,14751.8,1,0
6d7c09792b3b,Koppal,4D4A2,4D4A2M1c,Muralapur-2,0704020014,89/*/2,1.6,0.0,OTHER,small,1,AG2,RNKmB2g2Ca,TCB,320.0,0.0,value,0.0,1.0,,0.0,,0,0,0.0,0.0,0.0,0.0,23240.0,0.0,0,0
6df0e8e2b8a0,Koppal,4D4A2,4D4A2M1c,Muralapur-2,0704020014,90/*/1,0.8,1.0,SC,small,1,AG2,RNKmB2g2Ca,TCB,160.0,89.62,value,89.62,0.0,0.0,0.0,,0,0,0.0,0.0,0.0,0.0,9920.0,4606.468,1,1
8cbbc0d07b5b,Koppal,4D4A2,4D4A2M1c,Muralapur-2,0704020014,92/*/9,0.95,1.0,SC,small,1,AG2,AWDmB2g1Ca,TCB,190.0,207.51,value,207.51,0.0,0.0,0.0,,0,0,0.0,0.0,0.0,0.0,11780.0,10666.014,1,1
f8fd8cab9d61,Koppal,4D4A2,4D4A2M1c,Muralapur-2,0704020014,92/*/8,0.89,1.0,SC,small,1,AG2,AWDmB2g1Ca,TCB,178.0,202.61,value,202.61,0.0,1.0,0.0,,0,0,0.0,0.0,0.0,0.0,11036.0,14436.154,1,1
ed113fa58970,Koppal,4D4A2,4D4A2M1c,Muralapur-2,0704020014,98/*/4,0.84,0.0,OTHER,small,1,AG2,RNKmB2g2Ca,TCB,168.0,0.0,value,0.0,0.0,0.0,0.0,,0,0,0.0,0.0,0.0,0.0,10416.0,0.0,0,0
cb346a768b8a,Koppal,4D4A2,4D4A2M1d,Muralapur-1,0805020010,38/*/1+2A,1.03,0.0,OTHER,small,1,AG1,KVRmA2,TCB,206.0,164.8,value,164.8,1.0,,0.0,,0,0,0.0,0.0,0.0,0.0,22634.0,8470.720000000001,1,1
b0dccacdb08a,Koppal,4D4A2,4D4A2M1d,Muralapur-1,0805020010,38/*/2B,1.74,0.0,OTHER,small,1,AG1,KVRmA2,TCB,348.0,278.4,value,278.4,1.0,,0.0,,0,0,0.0,0.0,0.0,0.0,35272.0,14309.759999999998,1,1
19d863f5dfe5,Koppal,4D4A2,4D4A2M1d,Muralapur-1,0805020010,38/*/3,1.84,0.0,OTHER,small,1,AG1,KVRmA2,TCB,368.0,294.4,value,294.4,1.0,,0.0,,0,0,0.0,0.0,0.0,0.0,37052.0,15132.159999999998,1,1
9ae2abbb288a,Koppal,4D4A2,4D4A2M1d,Muralapur-1,0805020010,38/*/4+5/ಅ,1.36,0.0,OTHER,small,1,AG1,KVRmA2,TCB,272.0,217.6,value,217.6,1.0,,0.0,,0,0,0.0,0.0,0.0,0.0,28508.0,11184.64,1,1
e3caee63ae89,Koppal,4D4A2,4D4A2M1d,Muralapur-1,0805020010,38/*/4+5/ಬ,1.69,0.0,OTHER,small,1,AG1,KVRmA2,TCB,338.0,270.4,value,270.4,1.0,,0.0,,0,0,0.0,0.0,0.0,0.0,34382.0,13898.559999999998,1,1
6ee67c0cc4c0,Koppal,4D4A2,4D4A2M1d,Muralapur-1,0805020010,40/*/1,3.84,0.0,OTHER,medium,1,AG2,BGPmA2,TCB,768.0,614.4,value,614.4,3.0,,0.0,,0,0,0.0,0.0,0.0,0.0,81252.0,31580.159999999996,1,1
a38278b7da76,Koppal,4D4A2,4D4A2M1d,Muralapur-1,0805020010,40/*/2A,2.0,0.0,OBC,small,0,AG2,BGPmA2,TCB,400.0,320.0,value,320.0,2.0,,0.0,,0,0,0.0,0.0,0.0,0.0,44200.0,16448.0,1,1
1f0e2d59a203,Koppal,4D4A2,4D4A2M1d,Muralapur-1,0805020010,40/*/2B,2.0,0.0,OBC,small,0,AG2,BGPmA2,TCB,400.0,320.0,value,320.0,2.0,,0.0,,0,0,0.0,0.0,0.0,0.0,44200.0,16448.0,1,1
d8dc51f39308,Koppal,4D4A2,4D4A2M1d,Muralapur-1,0805020010,41/*/1,2.8,0.0,OTHER,medium,1,AG2,BGPmA2,TCB,560.0,541.07,value,541.07,2.0,2.0,0.0,,0,0,0.0,0.0,0.0,0.0,160240.0,44090.99800000001,1,1
8be271b166f9,Koppal,4D4A2,4D4A2M1d,Muralapur-1,0805020010,41/*/2,4.94,0.0,OBC,medium,0,AG2,BGPmA2,TCB,988.0000000000001,583.44,value,583.44,2.0,2.0,1.0,1.0,0,0,0.0,0.0,40.0,0.0,214632.0,156268.816,1,1
133524141503,Koppal,4D4A2,4D4A2M1d,Muralapur-1,0805020010,42/*/1,1.8,0.0,OTHER,small,1,AG1,BGPmA2,TCB,360.0,59.58,value,59.58,1.0,1.0,0.0,,0,0,0.0,0.0,0.0,0.0,36340.0,7132.412,1,1
2f100028fc3a,Koppal,4D4A2,4D4A2M1d,Muralapur-1,0805020010,42/*/2,1.6,0.0,OTHER,small,1,AG1,BGPmA2,TCB,320.0,202.36,value,202.36,1.0,1.0,0.0,,0,0,0.0,0.0,0.0,0.0,32780.0,14471.304,1,1
bc875505f713,Koppal,4D4A2,4D4A2M1d,Muralapur-1,0805020010,42/*/4,1.8,0.0,OTHER,small,1,AG1,BGPmA2,TCB,360.0,59.58,value,59.58,0.0,0.0,0.0,,0,0,0.0,0.0,0.0,0.0,36340.0,3062.412,1,1
5b545745a8be,Koppal,4D4A2,4D4A2M1d,Muralapur-1,0805020010,42/*/3,0.47,0.0,OTHER,small,1,AG1,BGPmA2,TCB,94.0,59.58,value,59.58,0.0,0.0,0.0,,0,0,0.0,0.0,0.0,0.0,5828.0,3062.412,1,1
fd4bc69fb629,Koppal,4D4A2,4D4A2M1d,Muralapur-1,0805020010,42/*/5,0.87,0.0,OTHER,small,1,AG1,BGPmA2,TCB,174.0,150.48,value,150.48,1.0,1.0,0.0,,0,0,0.0,0.0,0.0,0.0,10788.0,11804.671999999999,1,1
895173dd484b,Koppal,4D4A2,4D4A2M1d,Muralapur-1,0805020010,42/*/6,1.6,0.0,OTHER,small,1,AG1,BGPmA2,TCB,320.0,221.1,value,221.1,1.0,1.0,0.0,,0,0,0.0,0.0,0.0,0.0,32780.0,15434.539999999999,1,1
2df72f77cda4,Koppal,4D4A2,4D4A2M1d,Muralapur-1,0805020010,43/*/1,3.77,0.0,OTHER,medium,1,AG1,BGPmA2,TCB,754.0,235.25,value,235.25,1.0,1.0,0.0,,0,0,0.0,0.0,0.0,0.0,80006.0,16161.85,1,1
bfc700f10f55,Koppal,4D4A2,4D4A2M1d,Muralapur-1,0805020010,43/*/2,1.6,0.0,OTHER,small,1,AG1,BGPmA2,TCB,320.0,235.22,value,235.22,0.0,0.0,0.0,,0,0,0.0,0.0,0.0,0.0,32780.0,12090.307999999999,1,1
0eae426cbd82,Koppal,4D4A2,4D4A2M1d,Muralapur-1,0805020010,43/*/3,1.6,0.0,OTHER,small,1,AG1,BGPmA2,TCB,320.0,117.61,value,117.61,1.0,1.0,0.0,,0,0,0.0,0.0,0.0,0.0,32780.0,10115.153999999999,1,1
63325d380504,Koppal,4D4A2,4D4A2M1d,Muralapur-1,0805020010,43/*/4,1.6,0.0,OTHER,small,1,AG1,BGPmA2,TCB,320.0,291.72,value,291.72,1.0,1.0,0.0,,0,0,0.0,0.0,0.0,0.0,32780.0,19064.408000000003,1,1
5dda3171fee9,Koppal,4D4A2,4D4A2M1d,Muralapur-1,0805020010,43/*/5,1.6,0.0,OTHER,small,1,AG1,BGPmA2,TCB,320.0,117.61,value,117.61,0.0,0.0,0.0,,0,0,0.0,0.0,0.0,0.0,32780.0,6045.1539999999995,1,1
e17e903f24bf,Koppal,4D4A2,4D4A2M1d,Muralapur-1,0805020010,159/*/1+2/ಅ,1.12,0.0,OTHER,small,1,AG1,BGPmA2,TCB,224.00000000000003,178.73,value,178.73,1.0,1.0,0.0,,0,0,0.0,0.0,0.0,0.0,24236.000000000004,13044.722,1,1
8a453ab68f9f,Koppal,4D4A2,4D4A2M1d,Muralapur-1,0805020010,159/*/1+2/ಇ,2.6,0.0,OTHER,medium,1,AG1,BGPmA2,TCB,520.0,399.83,value,399.83,2.0,2.0,0.0,,0,0,0.0,0.0,0.0,0.0,54880.0,28265.262,1,1
1d2f71fb5c39,Koppal,4D4A2,4D4A2M1d,Muralapur-1,0805020010,159/*/1+2/ಕ,1.05,0.0,OTHER,small,1,AG1,BGPmA2,TCB,210.0,178.73,value,178.73,1.0,1.0,0.0,,0,0,0.0,0.0,0.0,0.0,22990.0,13044.722,1,1
48b99a402fc8,Koppal,4D4A2,4D4A2M1d,Muralapur-1,0805020010,159/*/1+2/ಡ,1.05,0.0,OTHER,small,1,AG1,BGPmA2,TCB,210.0,164.6,value,164.6,1.0,1.0,0.0,,0,0,0.0,0.0,0.0,0.0,22990.0,12318.439999999999,1,1
ec24c5fc1eda,Koppal,4D4A2,4D4A2M1d,Muralapur-1,0805020010,159/*/1+2/ಬ,1.02,0.0,OTHER,small,1,AG1,BGPmA2,TCB,204.0,150.48,value,150.48,1.0,1.0,0.0,,0,0,0.0,0.0,0.0,0.0,22456.0,11592.671999999999,1,1
661477fc9907,Koppal,4D4A2,4D4A2M1d,Muralapur-1,0805020010,160/*/1,1.2,0.0,OTHER,small,1,AG1,BGPmA2,TCB,240.0,263.47,value,263.47,1.0,1.0,0.0,,0,0,0.0,0.0,0.0,0.0,25660.0,17400.358,1,1
c9230cea1540,Koppal,4D4A2,4D4A2M1d,Muralapur-1,0805020010,160/*/2,2.4,0.0,OTHER,medium,1,AG1,BGPmA2,TCB,480.0,291.72,value,291.72,2.0,1.0,0.0,,0,0,0.0,0.0,0.0,0.0,51320.0,18852.408000000003,1,1
506dc2f54479,Koppal,4D4A2,4D4A2M1d,Muralapur-1,0805020010,160/*/3,2.9,0.0,OBC,medium,1,AG1,BGPmA2,TCB,580.0,263.47,value,263.47,2.0,1.0,0.0,,0,0,0.0,0.0,0.0,0.0,60220.0,17400.358,1,1
c4dd4be26e5f,Koppal,4D4A2,4D4A2M1d,Muralapur-1,0805020010,161/*/1,1.79,0.0,OBC,small,0,AG1,BGPmA2,TCB,358.0,235.22,value,235.22,1.0,1.0,1.0,1.0,0,0,0.0,0.0,0.0,0.0,146162.0,111428.30799999999,1,1
b8ef5657c64c,Koppal,4D4A2,4D4A2M1d,Muralapur-1,0805020010,161/*/2,1.67,0.0,OBC,small,0,AG1,BGPmA2,TCB,334.0,235.22,value,235.22,1.0,1.0,0.0,,0,0,0.0,0.0,0.0,0.0,34026.0,16428.307999999997,1,1
dff93d7914b5,Koppal,4D4A2,4D4A2M1d,Muralapur-1,0805020010,161/*/3,1.07,0.0,OTHER,small,1,AG1,BGPmA2,TCB,214.0,206.98,value,206.98,1.0,1.0,0.0,,0,0,0.0,0.0,0.0,0.0,23346.0,14976.771999999999,1,1
e2b40e546beb,Koppal,4D4A2,4D4A2M1d,Muralapur-1,0805020010,161/*/4,0.92,1.0,OTHER,small,1,AG1,BGPmA2,TCB,184.0,192.85,value,192.85,0.0,1.0,,,0,0,0.0,0.0,0.0,0.0,11408.0,14250.49,1,1
267c1495eba9,Koppal,4D4A2,4D4A2M1d,Muralapur-1,0805020010,161/*/5,0.92,1.0,OTHER,small,1,AG1,BGPmA2,TCB,184.0,150.48,value,150.48,0.0,1.0,0.0,,0,0,0.0,0.0,0.0,0.0,11408.0,12072.671999999999,1,1
3e32bfac0d96,Koppal,4D4A2,4D4A2M1d,Muralapur-1,0805020010,161/*/6,0.92,0.0,OTHER,small,1,AG1,BGPmA2,TCB,184.0,164.6,value,164.6,0.0,0.0,0.0,,0,0,0.0,0.0,0.0,0.0,11408.0,8460.439999999999,1,1
ccecdb3c2e46,Koppal,4D4A2,4D4A2M1d,Muralapur-1,0805020010,164/*/1,2.38,0.0,OTHER,small,1,AG1,BGPmA2,TCB,476.0,385.7,value,385.7,2.0,2.0,0.0,,0,0,0.0,0.0,0.0,0.0,50964.0,28500.98,1,1
d03b3bc7b97f,Koppal,4D4A2,4D4A2M1d,Muralapur-1,0805020010,164/*/2,2.32,0.0,OTHER,small,1,AG1,BGPmA2,TCB,463.99999999999994,357.46,value,357.46,2.0,2.0,0.0,,0,0,0.0,0.0,0.0,0.0,49895.99999999999,27049.444,1,1
fae3412576db,Koppal,4D4A2,4D4A2M1d,Muralapur-1,0805020010,164/*/3,0.8,0.0,OTHER,small,1,AG1,BGPmA2,TCB,160.0,235.22,value,235.22,0.0,1.0,0.0,,0,0,0.0,0.0,0.0,0.0,9920.0,16428.307999999997,1,1
6e5eb6ae2510,Koppal,4D4A2,4D4A2M1d,Muralapur-1,0805020010,164/*/4,0.8,0.0,OTHER,small,1,AG1,BGPmA2,TCB,160.0,206.98,value,206.98,0.0,1.0,0.0,,0,0,0.0,0.0,0.0,0.0,9920.0,14976.771999999999,1,1
f7fa64185c62,Koppal,4D4A2,4D4A2M1d,Muralapur-1,0805020010,165/*/1,3.37,0.0,OTHER,medium,1,AG1,BGPmA2,TCB,674.0,244.73,value,244.73,3.0,1.0,0.0,,0,1,0.0,0.0,40.0,95.0,174186.0,159229.122,1,1
7e07a32238eb,Koppal,4D4A2,4D4A2M1d,Muralapur-1,0805020010,165/*/2ಅ,0.7,0.0,OTHER,small,1,AG1,BGPmA2,TCB,140.0,150.48,value,150.48,0.0,0.0,0.0,,0,0,0.0,0.0,0.0,0.0,8680.0,7734.672,1,1
aeb6e021b962,Koppal,4D4A2,4D4A2M1d,Muralapur-1,0805020010,165/*/2ಕ,0.71,0.0,OTHER,small,1,AG1,BGPmA2,TCB,142.0,150.48,value,150.48,0.0,1.0,0.0,,0,0,0.0,0.0,0.0,0.0,8804.0,12072.671999999999,1,1
3d61e9e1db4f,Koppal,4D4A2,4D4A2M1d,Muralapur-1,0805020010,165/*/2ಡ,0.71,0.0,OTHER,small,1,AG1,BGPmA2,TCB,142.0,131.74,value,131.74,0.0,0.0,0.0,,0,0,0.0,0.0,0.0,0.0,8804.0,6771.436000000001,1,1
94fa2f7ba0a4,Koppal,4D4A2,4D4A2M1d,Muralapur-1,0805020010,165/*/2ಬ,0.71,0.0,OTHER,small,1,AG1,BGPmA2,TCB,142.0,145.86,value,145.86,0.0,0.0,0.0,,0,0,0.0,0.0,0.0,0.0,8804.0,7497.204000000001,1,1
7ac6cab54dce,Koppal,4D4A2,4D4A2M1d,Muralapur-1,0805020010,168/*/1,1.6,0.0,OTHER,small,1,AG1,BGPmA2,TCB,320.0,319.97,value,319.97,1.0,1.0,0.0,,0,0,0.0,0.0,0.0,0.0,32780.0,20304.458000000002,1,1
6461a76d447a,Koppal,4D4A2,4D4A2M1d,Muralapur-1,0805020010,168/*/2,1.98,0.0,OTHER,small,1,AG1,BGPmA2,TCB,396.0,206.98,value,206.98,1.0,1.0,0.0,,0,0,0.0,0.0,0.0,0.0,39544.0,14496.771999999999,1,1
6e8384470cb1,Koppal,4D4A2,4D4A2M1d,Muralapur-1,0805020010,168/*/3,4.0,0.0,OTHER,medium,1,AG1,BGPmA2,TCB,800.0,413.95,value,413.95,2.0,2.0,0.0,,0,0,0.0,0.0,40.0,0.0,87900.0,28993.03,1,1
73ec9d5f3ea4,Koppal,4D4A2,4D4A2M1d,Muralapur-1,0805020010,168/*/4,4.0,0.0,OTHER,medium,1,AG1,BGPmA2,TCB,800.0,503.25,value,503.25,2.0,2.0,0.0,,0,0,0.0,0.0,0.0,0.0,84100.0,33583.05,1,1
40584f01b1f1,Koppal,4D4A2,4D4A2M1d,Muralapur-1,0805020010,169/*/1,3.53,0.0,OBC,medium,0,AG1,DRLmB2g2Ca,TCB,706.0,235.22,value,235.22,1.0,1.0,0.0,,0,0,0.0,0.0,0.0,0.0,75734.0,16160.307999999999,1,1
245361e23467,Koppal,4D4A2,4D4A2M1d,Muralapur-1,0805020010,169/*/2,3.2,0.0,OTHER,medium,1,AG1,DRLmB2g2Ca,TCB,640.0,235.22,value,235.22,1.0,1.0,0.0,,0,0,0.0,0.0,0.0,0.0,69860.0,16160.307999999999,1,1
66278bf4bb17,Koppal,4D4A2,4D4A2M1d,Muralapur-1,0805020010,170/*/1,3.52,0.0,OTHER,medium,1,AG1,DRLmB2g2Ca,TCB,704.0,159.98,value,159.98,3.0,1.0,0.0,,0,0,0.0,0.0,0.0,0.0,75556.0,12321.972,1,1
6bb389e94024,Koppal,4D4A2,4D4A2M1d,Muralapur-1,0805020010,170/*/2,2.0,0.0,OTHER,small,1,AG1,DRLmB2g2Ca,TCB,400.0,249.35,value,249.35,2.0,1.0,0.0,,0,0,0.0,0.0,0.0,0.0,44200.0,16915.59,1,1
ed2885845186,Koppal,4D4A2,4D4A2M1d,Muralapur-1,0805020010,170/*/3,1.53,0.0,ST,small,1,AG1,DRLmB2g2Ca,TCB,306.0,235.22,value,235.22,1.0,1.0,0.0,,0,0,0.0,0.0,0.0,0.0,31534.0,16189.307999999999,1,1
19dad2d25d0a,Koppal,4D4A2,4D4A2M1d,Muralapur-1,0805020010,171/*/1,2.85,0.0,OBC,medium,0,AG1,DRLmB2g2Ca,TCB,570.0,202.36,value,202.36,2.0,1.0,0.0,,0,0,0.0,0.0,0.0,0.0,59330.0,14471.304,1,1
4cdbaf1ceac2,Koppal,4D4A2,4D4A2M1d,Muralapur-1,0805020010,171/*/2,2.74,0.0,OTHER,medium,1,AG1,DRLmB2g2Ca,TCB,548.0,150.0,value,150.0,2.0,1.0,0.0,,0,0,0.0,0.0,0.0,0.0,57372.0,11780.0,1,1
645478426974,Koppal,4D4A2,4D4A2M1d,Muralapur-1,0805020010,172/*/1,2.13,0.0,OTHER,small,1,AG1,RNKmB3g1Ca,TCB,426.0,192.85,value,192.85,2.0,1.0,0.0,,0,0,0.0,0.0,0.0,0.0,33212.0,14011.49,1,1
aa65b2508ed9,Koppal,4D4A2,4D4A2M1d,Muralapur-1,0805020010,172/*/2,2.13,0.0,OTHER,small,1,AG1,RNKmB3g1Ca,TCB,426.0,136.05,value,136.05,2.0,1.0,0.0,,0,0,0.0,0.0,0.0,0.0,33212.0,11091.970000000001,1,1
e431acca4be3,Koppal,4D4A2,4D4A2M1d,Muralapur-1,0805020010,172/*/3,2.13,0.0,OBC,small,0,AG1,RNKmB3g1Ca,TCB,426.0,178.73,value,178.73,2.0,1.0,0.0,,0,0,0.0,0.0,0.0,0.0,33212.0,13285.722,1,1
20e25159094c,Koppal,4D4A2,4D4A2M1d,Muralapur-1,0805020010,172/*/4,2.14,0.0,OTHER,small,1,AG1,RNKmB3g1Ca,TCB,428.0,206.98,value,206.98,2.0,1.0,0.0,,0,0,0.0,0.0,0.0,0.0,33336.0,14737.771999999999,1,1
386f7257a543,Koppal,4D4A2,4D4A2M1d,Muralapur-1,0805020010,173/*/1+2+3,2.58,0.0,OTHER,medium,1,AG2,RNKmB3g1Ca,TCB,516.0,235.22,value,235.22,2.0,1.0,1.0,1.0,0,0,0.0,0.0,0.0,0.0,148792.0,126190.308,1,1
7f18b191155a,Koppal,4D4A2,4D4A2M1d,Muralapur-1,0805020010,173/*/4,2.44,0.0,OTHER,medium,1,AG2,RNKmB3g1Ca,TCB,488.0,235.22,value,235.22,2.0,1.0,0.0,,0,0,0.0,0.0,0.0,0.0,37056.0,16190.307999999999,1,1
e4cd30cdcabb,Koppal,4D4A2,4D4A2M1d,Muralapur-1,0805020010,173/*/5,2.05,0.0,OTHER,small,1,AG2,RNKmB3g1Ca,TCB,409.99999999999994,291.72,value,291.72,2.0,1.0,0.0,,0,0,0.0,0.0,0.0,0.0,32219.999999999996,19094.408000000003,1,1
bc9820dc7be4,Koppal,4D4A2,4D4A2M1d,Muralapur-1,0805020010,173/*/6,0.8,0.0,OTHER,small,1,AG2,RNKmB3g1Ca,TCB,160.0,221.1,value,221.1,0.0,0.0,0.0,,0,0,0.0,0.0,0.0,0.0,9920.0,11364.539999999999,1,1
bc9820dc7be4,Koppal,4D4A2,4D4A2M1d,Muralapur-1,0805020010,173/*/6,0.95,0.0,OTHER,small,1,AG2,RNKmB3g1Ca,TCB,190.0,221.1,value,221.1,0.0,1.0,0.0,,0,0,0.0,0.0,0.0,0.0,11780.0,15463.539999999999,1,1
bc9820dc7be4,Koppal,4D4A2,4D4A2M1d,Muralapur-1,0805020010,173/*/6,0.8,0.0,OTHER,small,1,AG2,RNKmB3g1Ca,TCB,160.0,221.1,value,221.1,0.0,1.0,0.0,,0,0,0.0,0.0,0.0,0.0,9920.0,15464.539999999999,1,1
e266562d2560,Koppal,4D4A2,4D4A2M1d,Muralapur-1,0805020010,174/*/*,6.35,0.0,OTHER,medium,1,AG2,DRLmB2g2Ca,TCB,1270.0,249.35,value,249.35,3.0,,,,0,0,0.0,0.0,40.0,0.0,129730.0,12816.59,1,1
78e74e297590,Koppal,4D4A2,4D4A2M1d,Muralapur-1,0805020010,175/*/1,1.14,0.0,OBC,small,0,AG2,DRLmB2g2Ca,TCB,227.99999999999997,178.73,value,178.73,1.0,,0.0,,0,0,0.0,0.0,0.0,0.0,24591.999999999996,9186.722,1,1
eae658f7474a,Koppal,4D4A2,4D4A2M1d,Muralapur-1,0805020010,175/*/2,1.2,0.0,OTHER,small,1,AG2,DRLmB2g2Ca,TCB,240.0,235.22,value,235.22,1.0,1.0,0.0,,0,0,0.0,0.0,0.0,0.0,25660.0,16190.307999999999,1,1
2823fe4eb497,Koppal,4D4A2,4D4A2M1d,Muralapur-1,0805020010,175/*/3,1.2,0.0,OTHER,small,1,AG2,DRLmB2g2Ca,TCB,240.0,150.48,value,150.48,1.0,,0.0,,0,0,0.0,0.0,0.0,0.0,25660.0,7734.672,1,1
a0e7120fda2c,Koppal,4D4A2,4D4A2M1d,Muralapur-1,0805020010,175/*/4,1.2,0.0,OTHER,small,1,AG2,DRLmB2g2Ca,TCB,240.0,164.6,value,164.6,1.0,1.0,0.0,,0,0,0.0,0.0,0.0,0.0,25660.0,12560.439999999999,1,1
b78d862f1529,Koppal,4D4A2,4D4A2M1d,Muralapur-1,0805020010,175/*/5,1.2,0.0,OTHER,small,1,AG2,DRLmB2g2Ca,TCB,240.0,221.1,value,221.1,1.0,1.0,0.0,,0,0,0.0,0.0,0.0,0.0,25660.0,15464.539999999999,1,1
e0d7730be152,Koppal,4D4A2,4D4A2M1d,Muralapur-1,0805020010,176/*/1,1.2,0.0,OTHER,small,1,AG2,BGPmA2,TCB,240.0,192.0,value,192.0,1.0,,0.0,,0,0,0.0,0.0,0.0,0.0,25660.0,9868.8,1,1
7949b6a13dea,Koppal,4D4A2,4D4A2M1d,Muralapur-1,0805020010,176/*/2A,1.75,0.0,OTHER,small,1,AG2,BGPmA2,TCB,350.0,263.47,value,263.47,1.0,1.0,0.0,,0,0,0.0,0.0,0.0,0.0,35450.0,17612.358,1,1
61a491eed02b,Koppal,4D4A2,4D4A2M1d,Muralapur-1,0805020010,176/*/2B/2,1.87,0.0,OBC,small,0,AG2,BGPmA2,TCB,374.0,235.22,value,235.22,1.0,1.0,0.0,,0,0,0.0,0.0,0.0,0.0,37586.0,16160.307999999999,1,1
3eb89b9cfcec,Koppal,4D4A2,4D4A2M1d,Muralapur-1,0805020010,176/*/2B1,0.93,0.0,OBC,small,0,AG2,BGPmA2,TCB,186.0,235.22,value,235.22,1.0,1.0,0.0,,0,0,0.0,0.0,0.0,0.0,11532.0,16160.307999999999,1,1
594e4dc80c92,Koppal,4D4A2,4D4A2M1d,Muralapur-1,0805020010,176/*/3,2.65,0.0,OTHER,medium,1,AG2,BGPmA2,TCB,530.0,235.22,value,235.22,1.0,1.0,0.0,,0,0,0.0,0.0,0.0,0.0,55770.0,16160.307999999999,1,1
89e4ead9da07,Koppal,4D4A2,4D4A2M1d,Muralapur-1,0805020010,176/*/4,1.6,0.0,OTHER,small,1,AG2,BGPmA2,TCB,320.0,249.33,value,249.33,1.0,1.0,1.0,1.0,0,0,0.0,0.0,0.0,0.0,142780.0,111884.562,1,1
9e45612e5f7e,Koppal,4D4A2,4D4A2M1d,Muralapur-1,0805020010,176/*/5,0.94,0.0,OBC,small,1,AG2,BGPmA2,TCB,188.0,263.47,value,263.47,0.0,0.0,0.0,,0,0,0.0,0.0,0.0,0.0,11656.0,13542.358,1,1
27d9b6880d74,Koppal,4D4A2,4D4A2M1d,Muralapur-1,0805020010,177/*/1,1.6,0.0,OBC,small,0,AG2,KVRmA2,TCB,320.0,256.0,value,256.0,1.0,,0.0,,0,0,0.0,0.0,0.0,0.0,32780.0,13158.4,1,1
bb35d98e0013,Koppal,4D4A2,4D4A2M1d,Muralapur-1,0805020010,177/*/10,0.4,0.0,OBC,small,0,AG2,KVRmA2,TCB,80.0,64.0,value,64.0,0.0,0.0,0.0,,0,0,0.0,0.0,0.0,0.0,4960.0,3289.6,1,1
c87c7ec8e19e,Koppal,4D4A2,4D4A2M1d,Muralapur-1,0805020010,177/*/2,1.26,0.0,OBC,small,0,AG2,KVRmA2,TCB,252.0,201.6,value,201.6,1.0,,0.0,,0,0,0.0,0.0,0.0,0.0,26728.0,10362.24,1,1
13b47d16d071,Koppal,4D4A2,4D4A2M1d,Muralapur-1,0805020010,177/*/3,0.4,0.0,OBC,small,0,AG2,KVRmA2,TCB,80.0,0.0,value,0.0,0.0,0.0,0.0,,0,0,0.0,0.0,0.0,0.0,4960.0,0.0,0,0
f6c807e242d6,Koppal,4D4A2,4D4A2M1d,Muralapur-1,0805020010,177/*/4,2.0,0.0,OTHER,small,1,AG2,KVRmA2,TCB,400.0,0.0,value,0.0,2.0,,0.0,,0,0,0.0,0.0,0.0,0.0,44200.0,0.0,0,0
623a672a6ac1,Koppal,4D4A2,4D4A2M1d,Muralapur-1,0805020010,177/*/5,2.3,0.0,OBC,small,0,AG2,KVRmA2,TCB,459.99999999999994,0.0,value,0.0,2.0,,0.0,,0,0,0.0,0.0,0.0,0.0,49539.99999999999,0.0,0,0
a9f91facd589,Koppal,4D4A2,4D4A2M1d,Muralapur-1,0805020010,177/*/6,0.4,0.0,OTHER,small,1,AG2,KVRmA2,TCB,80.0,0.0,value,0.0,0.0,0.0,0.0,,0,0,0.0,0.0,0.0,0.0,4960.0,0.0,0,0
16f0e7fa617f,Koppal,4D4A2,4D4A2M1d,Muralapur-1,0805020010,177/*/7,0.4,0.0,OTHER,small,1,AG2,KVRmA2,TCB,80.0,64.0,value,64.0,0.0,0.0,0.0,,0,0,0.0,0.0,0.0,0.0,4960.0,3289.6,1,1
44a19465cf6f,Koppal,4D4A2,4D4A2M1d,Muralapur-1,0805020010,177/*/8,0.4,0.0,OTHER,small,1,AG2,KVRmA2,TCB,80.0,64.0,value,64.0,0.0,0.0,0.0,,0,0,0.0,0.0,0.0,0.0,4960.0,3289.6,1,1
b453ad8689c3,Koppal,4D4A2,4D4A2M1d,Muralapur-1,0805020010,177/*/9,0.4,0.0,OTHER,small,1,AG2,KVRmA2,TCB,80.0,64.0,value,64.0,0.0,0.0,0.0,,0,0,0.0,0.0,0.0,0.0,4960.0,3289.6,1,1
811846334da4,Koppal,4D4A2,4D4A2M1d,Muralapur-1,0805020010,179/*/1B,1.01,0.0,OBC,small,1,AG2,BGPmA2g1Ca,TCB,202.0,159.98,value,159.98,1.0,,0.0,,0,0,0.0,0.0,0.0,0.0,22278.0,8222.972,1,1
bc45eb2d5263,Koppal,4D4A2,4D4A2M1d,Muralapur-1,0805020010,179/*/1C,1.01,0.0,OTHER,small,1,AG2,BGPmA2g1Ca,TCB,202.0,159.98,value,159.98,1.0,,0.0,,0,0,0.0,0.0,0.0,0.0,22278.0,8222.972,1,1
2a32737a738e,Koppal,4D4A2,4D4A2M1d,Muralapur-1,0805020010,179/*/2,2.24,1.0,OBC,small,1,AG2,BGPmA2g1Ca,TCB,448.00000000000006,305.84,value,305.84,2.0,,0.0,,0,0,0.0,0.0,0.0,0.0,48472.00000000001,15720.175999999998,1,1
2a5eb5964bcd,Koppal,4D4A2,4D4A2M1d,Muralapur-1,0805020010,180/*/1,3.34,0.0,OTHER,medium,1,AG2,BGPmA2g1Ca,TCB,668.0,319.97,value,319.97,3.0,,0.0,,0,0,0.0,0.0,0.0,0.0,72352.0,16446.458000000002,1,1
c1e643ec7742,Koppal,4D4A2,4D4A2M1d,Muralapur-1,0805020010,180/*/2,1.34,0.0,OTHER,small,1,AG2,BGPmA2g1Ca,TCB,268.0,206.98,value,206.98,1.0,,0.0,,0,0,0.0,0.0,0.0,0.0,28152.0,10638.771999999999,1,1
0a688d2a997f,Koppal,4D4A2,4D4A2M1d,Muralapur-1,0805020010,180/*/3,2.0,0.0,OTHER,small,1,AG2,BGPmA2g1Ca,TCB,400.0,206.98,value,206.98,2.0,,0.0,,0,0,0.0,0.0,0.0,0.0,44200.0,10638.771999999999,1,1
4165c2049748,Koppal,4D4A2,4D4A2M1d,Muralapur-1,0805020010,181/*/*,7.2,0.0,OTHER,medium,1,AG2,BGPmB2g1Ca,TCB,1440.0,752.93,value,752.93,3.0,2.0,,,0,0,0.0,0.0,40.0,0.0,144860.0,47806.602,1,1
3e95d620de5f,Koppal,4D4A2,4D4A2M1d,Muralapur-1,0805020010,182/*/1,3.01,0.0,OTHER,medium,1,AG2,BGPmB2g1Ca,TCB,602.0,481.6,value,481.6,3.0,,0.0,,0,1,0.0,0.0,0.0,0.0,163978.0,158041.24,1,1
2bfb5359465c,Koppal,4D4A2,4D4A2M1d,Muralapur-1,0805020010,182/*/2,7.35,0.0,OTHER,medium,1,AG2,BGPmB2g1Ca,TCB,1470.0,1166.88,value,1166.88,3.0,2.0,0.0,,0,0,0.0,0.0,40.0,0.0,147530.0,69083.63200000001,1,1
5edfd67ff6a7,Koppal,4D4A2,4D4A2M1d,Muralapur-1,0805020010,183/*/1,3.58,0.0,OBC,medium,1,AG2,KVRmA2,TCB,716.0,319.97,value,319.97,3.0,1.0,0.0,,0,0,0.0,0.0,0.0,0.0,174124.0,20999.458000000002,1,1
023103ce305d,Koppal,4D4A2,4D4A2M1d,Muralapur-1,0805020010,183/*/2,3.58,0.0,SC,medium,1,AG2,KVRmA2,TCB,716.0,291.72,value,291.72,3.0,1.0,0.0,,0,0,0.0,0.0,0.0,0.0,174124.0,19547.408000000003,1,1
b788ec942029,Koppal,4D4A2,4D4A2M1d,Muralapur-1,0805020010,184/*/1A,1.67,0.0,OTHER,small,1,AG2,KVRmA2,TCB,334.0,319.97,value,319.97,1.0,1.0,0.0,,0,0,0.0,0.0,0.0,0.0,34026.0,20998.458000000002,1,1
0e47584e4541,Koppal,4D4A2,4D4A2M1d,Muralapur-1,0805020010,184/*/1B,1.63,0.0,OBC,small,1,AG2,KVRmA2,TCB,326.0,235.22,value,235.22,1.0,1.0,0.0,,0,0,0.0,0.0,0.0,0.0,33314.0,16642.307999999997,1,1
842395f83887,Koppal,4D4A2,4D4A2M1d,Muralapur-1,0805020010,184/*/1C,1.52,0.0,OBC,small,0,AG2,KVRmA2,TCB,304.0,178.73,value,178.73,1.0,,0.0,,0,0,0.0,0.0,0.0,0.0,31356.0,9186.722,1,1
13e2c9b68721,Koppal,4D4A2,4D4A2M1d,Muralapur-1,0805020010,184/*/2,5.49,0.0,OBC,medium,1,AG2,KVRmA2,TCB,1098.0,578.88,value,578.88,3.0,2.0,1.0,1.0,0,0,0.0,0.0,40.0,0.0,224422.0,138858.432,1,1
678f87b94b0d,Koppal,4D4A2,4D4A2M1d,Muralapur-1,0805020010,185/*/1,2.0,0.0,OBC,small,1,AG2,KVRmA2,TCB,400.0,320.0,value,320.0,2.0,,0.0,,0,0,0.0,0.0,0.0,0.0,44200.0,16448.0,1,1
57dd0c38beb4,Koppal,4D4A2,4D4A2M1d,Muralapur-1,0805020010,185/*/2,2.0,0.0,OTHER,small,1,AG2,KVRmA2,TCB,400.0,320.0,value,320.0,2.0,,0.0,,0,0,0.0,0.0,0.0,0.0,44200.0,16448.0,1,1
d5311ff8c79e,Koppal,4D4A2,4D4A2M1d,Muralapur-1,0805020010,185/*/3,2.3,0.0,OTHER,small,1,AG2,KVRmA2,TCB,459.99999999999994,368.0,value,368.0,2.0,,0.0,,0,0,0.0,0.0,0.0,0.0,49539.99999999999,18915.2,1,1
7f1bc0aab721,Koppal,4D4A2,4D4A2M1d,Muralapur-1,0704020014,55/*/*,1.04,0.0,OBC,small,1,AG5,RNKmB3g1Ca,TCB,208.0,141.5,value,141.5,1.0,,0.0,,0,0,0.0,0.0,0.0,0.0,16296.0,7273.099999999999,1,1
ca23f0cfb9ad,Koppal,4D4A2,4D4A2M1d,Muralapur-1,0704020014,56/*/4,1.61,0.0,OBC,small,0,AG5,RNKmB3g1Ca,TCB,322.0,320.48,value,320.48,1.0,,0.0,,0,1,0.0,0.0,0.0,0.0,120864.0,149759.672,1,1
1c7e2b6e8e15,Koppal,4D4A2,4D4A2M1d,Muralapur-1,0704020014,57/*/2,1.21,1.0,OTHER,small,1,AG5,DRLmB2g2Ca,TCB,242.0,259.63,value,259.63,1.0,,0.0,,0,0,0.0,0.0,0.0,0.0,25838.0,13344.982,1,1
b9007abc4c57,Koppal,4D4A2,4D4A2M1d,Muralapur-1,0704020014,57/*/4,2.43,0.0,OTHER,medium,1,AG5,DRLmB2g2Ca,TCB,486.00000000000006,388.8,value,388.8,2.0,,0.0,,0,0,0.0,0.0,0.0,0.0,51854.00000000001,19984.32,1,1
566fdb7eab4a,Koppal,4D4A2,4D4A2M1d,Muralapur-1,0704020014,53/*/*,0.4,0.0,OBC,small,1,AG5,DL7mB3g2Ca,TCB,80.0,64.0,value,64.0,0.0,0.0,0.0,,0,0,0.0,0.0,0.0,0.0,4960.0,3289.6,1,1
a10514754b28,Koppal,4D4A2,4D4A2M1d,Muralapur-1,0704020014,54/*/*,3.29,0.0,OBC,medium,1,AG5,DL7mB3g2Ca,TCB,658.0,292.24,value,292.24,3.0,1.0,0.0,,0,0,0.0,0.0,40.0,0.0,57496.0,18788.136,1,1
4b0f015d8c3f,Koppal,4D4A2,4D4A2M1d,Muralapur-1,0704020014,68/*/*,2.55,1.0,OTHER,medium,1,AG5,DRLmB2g1Ca,TCB,509.99999999999994,386.74,value,386.74,2.0,1.0,0.0,,0,0,0.0,0.0,0.0,0.0,53989.99999999999,23645.436,1,1
6afe328c0fe3,Koppal,4D4A2,4D4A2M1d,Muralapur-1,0704020014,69/*/2,1.14,0.0,OBC,small,0,AG5,DRLmB2g1Ca,TCB,227.99999999999997,182.4,value,182.4,1.0,,0.0,,0,0,0.0,0.0,0.0,0.0,24591.999999999996,9375.36,1,1
7f1bc0aab721,Koppal,4D4A2,4D4A2M1d,Muralapur-1,0704020014,55/*/*,1.04,1.0,OBC,small,0,AG5,RNKmB3g1Ca,TCB,208.0,141.5,value,141.5,1.0,,0.0,,0,0,0.0,0.0,0.0,0.0,16296.0,7273.099999999999,1,1
c8e948ea9fdc,Koppal,4D4A2,4D4A2M1d,Muralapur-1,0704020014,56/*/1,1.6,0.0,SC,small,1,AG5,RNKmB3g1Ca,TCB,320.0,217.0,value,217.0,1.0,,0.0,,0,0,0.0,0.0,0.0,0.0,23240.0,11153.8,1,1
55e19e5100ef,Koppal,4D4A2,4D4A2M1d,Muralapur-1,0704020014,56/*/2,1.6,0.0,OBC,small,0,AG5,RNKmB3g1Ca,TCB,320.0,202.87,value,202.87,1.0,,0.0,,0,0,0.0,0.0,0.0,0.0,23240.0,10427.518,1,1
7f1bc0aab721,Koppal,4D4A2,4D4A2M1d,Muralapur-1,0704020014,55/*/*,3.1,0.0,ST,medium,1,AG5,RNKmB3g1Ca,TCB,620.0,337.05,value,337.05,3.0,,0.0,,0,0,0.0,0.0,0.0,0.0,48640.0,17324.37,1,1
b9007abc4c57,Koppal,4D4A2,4D4A2M1d,Muralapur-1,0704020014,57/*/4,2.43,0.0,OTHER,medium,1,AG5,DRLmB2g2Ca,TCB,486.00000000000006,462.25,value,462.25,2.0,,0.0,,0,0,0.0,0.0,0.0,0.0,51854.00000000001,23759.649999999998,1,1
55e19e5100ef,Koppal,4D4A2,4D4A2M1d,Muralapur-1,0704020014,56/*/2,1.6,0.0,OBC,small,0,AG5,RNKmB3g1Ca,TCB,320.0,0.0,value,0.0,1.0,,0.0,,0,0,0.0,0.0,0.0,0.0,23240.0,0.0,0,0
0972b836b496,Koppal,4D4A2,4D4A2M1d,Muralapur-1,0704020014,56/*/6,0.81,0.0,SC,small,1,AG5,RNKmB3g1Ca,TCB,162.0,131.35,value,131.35,0.0,0.0,0.0,,0,1,0.0,0.0,0.0,0.0,107544.0,140038.39,1,1
2932a7d8e1fc,Koppal,4D4A2,4D4A2M1d,Muralapur-1,0704020014,61/*/*,1.27,0.0,OBC,small,1,AG5,DRLmA2,TCB,254.0,235.75,value,235.75,1.0,,0.0,,0,0,0.0,0.0,0.0,0.0,26906.0,12117.55,1,1
89b98a96660d,Koppal,4D4A2,4D4A2M1d,Muralapur-1,0704020014,65/*/5,1.3,1.0,OTHER,small,1,AG5,DRLmB2g1Ca,TCB,260.0,183.87,value,183.87,1.0,,0.0,,0,0,0.0,0.0,0.0,0.0,27440.0,9450.918,1,1
566fdb7eab4a,Koppal,4D4A2,4D4A2M1d,Muralapur-1,0704020014,53/*/*,1.6,0.0,OBC,small,1,AG5,DL7mB3g2Ca,TCB,320.0,386.74,value,386.74,1.0,1.0,0.0,,0,0,0.0,0.0,0.0,0.0,23240.0,23645.436,1,1
7f1bc0aab721,Koppal,4D4A2,4D4A2M1d,Muralapur-1,0704020014,55/*/*,1.03,0.0,OBC,small,1,AG5,RNKmB3g1Ca,TCB,206.0,141.5,value,141.5,1.0,,0.0,,0,0,0.0,0.0,0.0,0.0,16172.0,7273.099999999999,1,1
02afc4390178,Koppal,4D4A2,4D4A2M1d,Muralapur-1,0704020014,62/*/*,2.67,0.0,OBC,medium,0,AG5,DRLmA2,TCB,534.0,415.0,value,415.0,2.0,2.0,0.0,,0,0,0.0,0.0,0.0,0.0,56126.0,28865.0,1,1
4341bb052776,Koppal,4D4A2,4D4A2M1d,Muralapur-1,0704020014,64/*/1,2.47,0.0,OTHER,medium,1,AG5,DRLmA2,TCB,494.00000000000006,523.08,value,523.08,2.0,1.0,0.0,,0,0,0.0,0.0,0.0,0.0,52566.00000000001,30653.312,1,1
9012fb91c66a,Koppal,4D4A2,4D4A2M1d,Muralapur-1,0704020014,64/*/2,2.46,0.0,OTHER,medium,1,AG5,DRLmA2,TCB,492.0,480.72,value,480.72,2.0,1.0,0.0,,0,0,0.0,0.0,0.0,0.0,52388.0,28476.008,1,1
1ccbb2d4cc11,Koppal,4D4A2,4D4A2M1d,Muralapur-1,0704020014,67/*/*,2.21,0.0,OBC,small,0,AG5,DRLmB2g1Ca,TCB,442.0,367.73,value,367.73,2.0,1.0,0.0,,0,0,0.0,0.0,0.0,0.0,47938.0,22668.322,1,1
5c1c3c58abdb,Koppal,4D4A2,4D4A2M1d,Muralapur-1,0704020014,57/*/3,1.21,0.0,OTHER,small,1,AG5,DRLmB2g2Ca,TCB,242.0,207.5,value,207.5,1.0,,0.0,,0,0,0.0,0.0,0.0,0.0,25838.0,10665.5,1,1
b4874493efcc,Koppal,4D4A2,4D4A2M1d,Muralapur-1,0704020014,56/*/3,0.8,0.0,SC,small,1,AG5,RNKmB3g1Ca,TCB,160.0,160.24,value,160.24,0.0,0.0,0.0,,0,0,0.0,0.0,0.0,0.0,9920.0,8236.336,1,1
8a153a9886e2,Koppal,4D4A2,4D4A2M1d,Muralapur-1,0704020014,59/*/*,6.74,0.0,OTHER,medium,1,AG5,DRLmB2g2Ca,TCB,1348.0,1075.25,value,1075.25,3.0,,,,0,0,0.0,0.0,40.0,0.0,136672.0,55267.85,1,1
a22fc4652bf2,Koppal,4D4A2,4D4A2M1d,Muralapur-1,0704020014,60/*/1,2.84,0.0,OTHER,medium,1,AG5,DRLmA2,TCB,568.0,650.97,value,650.97,2.0,2.0,0.0,,0,0,0.0,0.0,0.0,0.0,59152.0,40993.858,1,1
2932a7d8e1fc,Koppal,4D4A2,4D4A2M1d,Muralapur-1,0704020014,61/*/*,1.86,0.0,OTHER,small,1,AG5,DRLmA2,TCB,372.0,504.62,value,504.62,1.0,1.0,0.0,,0,0,0.0,0.0,0.0,0.0,37408.0,29704.468,1,1
729c9ae3084d,Koppal,4D4A2,4D4A2M1d,Muralapur-1,0704020014,69/*/1,1.14,0.0,OBC,small,0,AG5,DRLmB2g1Ca,TCB,227.99999999999997,0.0,value,0.0,1.0,,0.0,,0,0,0.0,0.0,0.0,0.0,24591.999999999996,0.0,0,0
67bfcae3c7f6,Koppal,4D4A2,4D4A2M1d,Muralapur-1,0704020014,57/*/1,2.43,0.0,OTHER,medium,1,AG5,DRLmB2g2Ca,TCB,486.00000000000006,473.65,value,473.65,2.0,,0.0,,0,0,0.0,0.0,0.0,0.0,51854.00000000001,24345.609999999997,1,1
64e7f50650e5,Koppal,4D4A2,4D4A2M1d,Muralapur-1,0704020014,65/*/1,2.59,0.0,SC,medium,1,AG5,DRLmB2g1Ca,TCB,518.0,339.5,value,339.5,2.0,1.0,0.0,,0,0,0.0,0.0,0.0,0.0,54702.0,21217.3,1,1
5d415b038dc4,Koppal,4D4A2,4D4A2M1d,Muralapur-1,0704020014,65/*/2,1.29,0.0,OTHER,small,1,AG5,DRLmB2g1Ca,TCB,258.0,105.2,value,105.2,1.0,1.0,0.0,,0,0,0.0,0.0,0.0,0.0,27262.0,9174.279999999999,1,1
46db80ac7888,Koppal,4D4A2,4D4A2M1d,Muralapur-1,0704020014,69/*/3,1.14,0.0,OTHER,small,1,AG5,DRLmB2g1Ca,TCB,227.99999999999997,0.0,value,0.0,1.0,,0.0,,0,0,0.0,0.0,0.0,0.0,24591.999999999996,0.0,0,0
566fdb7eab4a,Koppal,4D4A2,4D4A2M1d,Muralapur-1,0704020014,53/*/*,1.4,0.0,SC,small,1,AG5,DL7mB3g2Ca,TCB,280.0,339.5,value,339.5,1.0,1.0,0.0,,0,0,0.0,0.0,0.0,0.0,20760.0,21217.3,1,1
c8e948ea9fdc,Koppal,4D4A2,4D4A2M1d,Muralapur-1,0704020014,56/*/1,1.6,0.0,OTHER,small,1,AG5,RNKmB3g1Ca,TCB,320.0,0.0,value,0.0,1.0,,0.0,,0,0,0.0,0.0,0.0,0.0,23240.0,0.0,0,0
42109ec62370,Koppal,4D4A2,4D4A2M1d,Muralapur-1,0704020014,56/*/5,1.61,0.0,SC,small,1,AG5,RNKmB3g1Ca,TCB,322.0,131.35,value,131.35,1.0,,0.0,,0,0,0.0,0.0,0.0,0.0,23364.0,6751.389999999999,1,1
13b49efc8048,Koppal,4D4A2,4D4A2M1d,Muralapur-1,0704020014,65/*/3,1.29,0.0,OTHER,small,1,AG5,DRLmB2g1Ca,TCB,258.0,105.2,value,105.2,1.0,,0.0,,0,0,0.0,0.0,0.0,0.0,27262.0,5407.28,1,1
2f332f0a56a0,Koppal,4D4A2,4D4A2M1d,Muralapur-1,0704020014,65/*/4,1.29,0.0,OTHER,small,1,AG5,DRLmB2g1Ca,TCB,258.0,132.0,value,132.0,1.0,1.0,0.0,,0,0,0.0,0.0,0.0,0.0,27262.0,10551.8,1,1
9b15d965d866,Koppal,4D4A2,4D4A2M1d,Muralapur-1,0704020014,66/*/1,0.97,0.0,OTHER,small,1,AG5,DRLmB2g1Ca,TCB,194.0,174.36,value,174.36,0.0,0.0,0.0,,0,0,0.0,0.0,0.0,0.0,12028.0,8962.104000000001,1,1
fc07b2346de5,Koppal,4D4A2,4D4A2M1d,Muralapur-1,0704020014,66/*/2,0.9,0.0,OBC,small,1,AG5,DRLmB2g1Ca,TCB,180.0,170.54,value,170.54,0.0,0.0,0.0,,0,0,0.0,0.0,0.0,0.0,11160.0,8765.756,1,1
2824483e4689,Koppal,4D4A2,4D4A2M1d,Muralapur-1,0704020016,14/*/2,2.26,0.0,OBC,small,1,AG4,BGPmB2g1Ca,TCB,451.99999999999994,292.22,value,292.22,2.0,1.0,0.0,,0,0,0.0,0.0,0.0,0.0,48827.99999999999,18787.108,1,1
9bd1079e030e,Koppal,4D4A2,4D4A2M1d,Muralapur-1,0704020016,17/*/2,0.94,1.0,OBC,small,1,AG4,BGPmB2g1Ca,TCB,188.0,291.72,value,291.72,0.0,0.0,0.0,,0,0,0.0,0.0,0.0,0.0,11656.0,14994.408000000001,1,1
3726d4397f32,Koppal,4D4A2,4D4A2M1d,Muralapur-1,0704020016,18/*/*,0.8,1.0,OBC,small,1,AG4,BGPmB2g1Ca,TCB,160.0,399.83,value,399.83,0.0,0.0,0.0,,0,0,0.0,0.0,0.0,0.0,9920.0,20551.262,1,1
3726d4397f32,Koppal,4D4A2,4D4A2M1d,Muralapur-1,0704020016,18/*/*,1.6,1.0,OBC,small,1,AG4,BGPmB2g1Ca,TCB,320.0,263.47,value,263.47,1.0,,0.0,,0,0,0.0,0.0,0.0,0.0,32780.0,13542.358,1,1
d178c37cd487,Koppal,4D4A2,4D4A2M1d,Muralapur-1,0704020016,21/*/*,1.41,1.0,OBC,small,1,AG4,BGPmB2g1Ca,TCB,282.0,432.96,value,432.96,1.0,,0.0,,0,0,0.0,0.0,0.0,0.0,29398.0,22254.143999999997,1,1
4b6054d89274,Koppal,4D4A2,4D4A2M1d,Muralapur-1,0704020016,13/*/4,1.08,0.0,OBC,small,1,AG4,BGPmB2g1Ca,TCB,216.0,145.9,value,145.9,1.0,1.0,0.0,,0,0,0.0,0.0,0.0,0.0,23524.0,11266.26,1,1
c887a41df12e,Koppal,4D4A2,4D4A2M1d,Muralapur-1,0704020016,13/*/5,0.65,1.0,OBC,small,0,AG4,BGPmB2g1Ca,TCB,130.0,0.0,value,0.0,0.0,0.0,0.0,,0,0,0.0,0.0,0.0,0.0,8060.0,0.0,0,0
6b8fcc9182df,Koppal,4D4A2,4D4A2M1d,Muralapur-1,0704020016,13/*/7,0.51,0.0,OBC,small,0,AG4,BGPmB2g1Ca,TCB,102.0,145.9,value,145.9,0.0,0.0,0.0,,0,0,0.0,0.0,0.0,0.0,6324.0,7499.26,1,1
c1f3e2406522,Koppal,4D4A2,4D4A2M1d,Muralapur-1,0704020016,31/*/4,2.0,1.0,OBC,small,1,AG3,BGPmB2g1Ca,TCB,400.0,216.74,value,216.74,2.0,1.0,0.0,,0,0,0.0,0.0,0.0,0.0,44200.0,14907.436,1,1
23224b5b2eb8,Koppal,4D4A2,4D4A2M1d,Muralapur-1,0704020016,14/*/1,2.26,0.0,OBC,small,0,AG4,BGPmB2g1Ca,TCB,451.99999999999994,292.22,value,292.22,2.0,2.0,0.0,,0,0,0.0,0.0,0.0,0.0,48827.99999999999,22554.108,1,1
779905629e62,Koppal,4D4A2,4D4A2M1d,Muralapur-1,0704020016,20/*/1,2.96,0.0,OBC,medium,1,AG4,BGPmB2g1Ca,TCB,592.0,526.94,value,526.94,2.0,2.0,0.0,0.0,0,0,0.0,0.0,0.0,0.0,61288.0,33608.716,1,1
6c334744c5a8,Koppal,4D4A2,4D4A2M1d,Muralapur-1,0704020016,31/*/5,0.51,0.0,OBC,small,1,AG3,BGPmB2g1Ca,TCB,102.0,0.0,value,0.0,0.0,0.0,0.0,,0,0,0.0,0.0,0.0,0.0,6324.0,0.0,0,0
53bd7d131aa0,Koppal,4D4A2,4D4A2M1d,Muralapur-1,0704020016,33/*/1,2.71,0.0,OBC,medium,1,AG3,BGPmB2g1Ca,TCB,542.0,320.48,value,320.48,2.0,2.0,0.0,,0,0,0.0,0.0,0.0,0.0,56838.0,24006.672,1,1
c63bacf49b26,Koppal,4D4A2,4D4A2M1d,Muralapur-1,0704020016,39/*/2,3.55,1.0,OBC,medium,0,AG3,KAVmB2g2Ca,TCB,710.0,443.24,value,443.24,3.0,,0.0,,0,0,0.0,0.0,0.0,0.0,76090.0,22782.536,1,1
46a21c318849,Koppal,4D4A2,4D4A2M1d,Muralapur-1,0704020016,40/*/3,0.08,0.0,OBC,small,0,AG3,RNKmB3g1Ca,TCB,16.0,0.0,value,0.0,0.0,0.0,0.0,,0,0,0.0,0.0,0.0,0.0,992.0,0.0,0,0
d178c37cd487,Koppal,4D4A2,4D4A2M1d,Muralapur-1,0704020016,21/*/*,1.41,0.0,OBC,small,1,AG4,BGPmB2g1Ca,TCB,282.0,305.84,value,305.84,1.0,,0.0,,0,0,0.0,0.0,0.0,0.0,29398.0,15720.175999999998,1,1
9a293bef281e,Koppal,4D4A2,4D4A2M1d,Muralapur-1,0704020016,27/*/2,1.71,0.0,OBC,small,1,AG3,BGPmB2g1Ca,TCB,342.0,603.49,value,603.49,1.0,,0.0,,0,0,0.0,0.0,0.0,0.0,34738.0,31019.386,1,1
52cc625de889,Koppal,4D4A2,4D4A2M1d,Muralapur-1,0704020016,14/*/4,1.14,0.0,OBC,small,1,AG4,BGPmB2g1Ca,TCB,227.99999999999997,146.11,value,146.11,1.0,,0.0,,0,0,0.0,0.0,0.0,0.0,24591.999999999996,7510.054,1,1
8950dd795ef8,Koppal,4D4A2,4D4A2M1d,Muralapur-1,0704020016,15/*/*,5.16,0.0,OBC,medium,0,AG4,BGPmB2g1Ca,TCB,1032.0,1166.88,value,1166.88,3.0,2.0,0.0,,0,0,0.0,0.0,40.0,95.0,108548.0,75526.63200000001,1,1
6f94d6d22a19,Koppal,4D4A2,4D4A2M1d,Muralapur-1,0704020016,42/*/16,0.8,1.0,OBC,small,1,AG3,DRLmA2g1Ca,TCB,160.0,0.0,value,0.0,0.0,0.0,0.0,,0,0,0.0,0.0,0.0,0.0,9920.0,0.0,0,0
d141c4286fa0,Koppal,4D4A2,4D4A2M1d,Muralapur-1,0704020016,42/*/4,0.68,0.0,OBC,small,0,AG3,DRLmA2g1Ca,TCB,136.0,339.49,value,339.49,0.0,0.0,0.0,,0,0,0.0,0.0,0.0,0.0,8432.0,17449.786,1,1
6bbd6105587b,Koppal,4D4A2,4D4A2M1d,Muralapur-1,0704020016,47/*/1,1.06,0.0,OBC,small,0,AG4,DL7mB3g2Ca,TCB,212.0,179.25,value,179.25,1.0,1.0,0.0,,0,0,0.0,0.0,0.0,0.0,23168.0,12980.449999999999,1,1
3839d47bc60e,Koppal,4D4A2,4D4A2M1d,Muralapur-1,0704020016,30/*/2,5.05,1.0,OBC,medium,1,AG3,BGPmB2g1Ca,TCB,1010.0,808.0,formula_80pct_of_proposed,,3.0,,1.0,1.0,0,0,0.0,0.0,40.0,0.0,216590.0,151531.2,1,0
0ab917bc96c6,Koppal,4D4A2,4D4A2M1d,Muralapur-1,0704020016,33/*/3,1.2,0.0,OBC,small,1,AG3,BGPmB2g1Ca,TCB,240.0,160.24,value,160.24,1.0,,0.0,,0,0,0.0,0.0,0.0,0.0,25660.0,8236.336,1,1
0b4f27e83a81,Koppal,4D4A2,4D4A2M1d,Muralapur-1,0704020016,34/*/2,1.2,0.0,OBC,small,1,AG3,BGPmA2g1Ca,TCB,240.0,146.12,value,146.12,1.0,1.0,0.0,,0,0,0.0,0.0,0.0,0.0,25660.0,11277.568,1,1
c7677530e1c8,Koppal,4D4A2,4D4A2M1d,Muralapur-1,0704020016,36/*/2,1.85,0.0,OBC,small,0,AG3,KAVmB2g2Ca,TCB,370.0,235.75,value,235.75,1.0,1.0,0.0,,0,0,0.0,0.0,0.0,0.0,37230.0,15884.55,1,1
e5e997425618,Koppal,4D4A2,4D4A2M1d,Muralapur-1,0704020016,49/*/*,1.6,0.0,OBC,small,1,AG4,BGPmB2g2Ca,TCB,320.0,160.24,value,160.24,1.0,1.0,0.0,,0,0,0.0,0.0,0.0,0.0,32780.0,12003.336,1,1
52400c5f8bde,Koppal,4D4A2,4D4A2M1d,Muralapur-1,0704020016,52/*/*,1.84,1.0,OBC,small,1,AG4,BGPmB2g1Ca,TCB,368.0,221.62,value,221.62,1.0,1.0,0.0,,0,0,0.0,0.0,0.0,0.0,37052.0,15158.268,1,1
0b54654f3566,Koppal,4D4A2,4D4A2M1d,Muralapur-1,0704020016,17/*/1,1.01,0.0,OBC,small,1,AG4,BGPmB2g1Ca,TCB,202.0,263.47,value,263.47,1.0,1.0,0.0,,0,0,0.0,0.0,0.0,0.0,22278.0,17302.358,1,1
569882242f5b,Koppal,4D4A2,4D4A2M1d,Muralapur-1,0704020016,14/*/3,1.13,0.0,OBC,small,1,AG4,BGPmB2g1Ca,TCB,225.99999999999997,146.11,value,146.11,1.0,,0.0,,0,0,0.0,0.0,0.0,0.0,24413.999999999996,7510.054,1,1
6161668d9a2f,Koppal,4D4A2,4D4A2M1d,Muralapur-1,0704020016,26/*/2,1.79,1.0,OBC,small,0,AG3,BGPmB2g1Ca,TCB,358.0,0.0,value,0.0,1.0,,0.0,,0,0,0.0,0.0,0.0,0.0,36162.0,0.0,0,0
3b6626aa3d63,Koppal,4D4A2,4D4A2M1d,Muralapur-1,0704020016,13/*/6,0.51,0.0,OBC,small,0,AG4,BGPmB2g1Ca,TCB,102.0,0.0,value,0.0,0.0,0.0,0.0,,0,0,0.0,0.0,0.0,0.0,6324.0,0.0,0,0
8950dd795ef8,Koppal,4D4A2,4D4A2M1d,Muralapur-1,0704020016,15/*/*,5.16,0.0,OBC,medium,0,AG4,BGPmB2g1Ca,TCB,1032.0,0.0,value,0.0,3.0,,0.0,,0,0,0.0,0.0,40.0,0.0,108548.0,0.0,0,0
3726d4397f32,Koppal,4D4A2,4D4A2M1d,Muralapur-1,0704020016,18/*/*,0.44,1.0,OBC,small,0,AG4,BGPmB2g1Ca,TCB,88.0,167.43,value,167.43,0.0,1.0,0.0,,0,0,0.0,0.0,0.0,0.0,5456.0,11867.902,1,1
3726d4397f32,Koppal,4D4A2,4D4A2M1d,Muralapur-1,0704020016,18/*/*,0.8,1.0,OBC,small,1,AG4,BGPmB2g1Ca,TCB,160.0,399.83,value,399.83,0.0,0.0,0.0,,0,0,0.0,0.0,0.0,0.0,9920.0,20551.262,1,1
25827863b161,Koppal,4D4A2,4D4A2M1d,Muralapur-1,0704020016,13/* /1/ಆ,1.99,1.0,OBC,small,0,AG4,BGPmB2g1Ca,TCB,398.0,334.6,value,334.6,1.0,,0.0,,0,0,0.0,0.0,0.0,0.0,39722.0,17198.440000000002,1,1
f268a22eb06e,Koppal,4D4A2,4D4A2M1d,Muralapur-1,0704020016,45/*/1,1.81,1.0,OBC,small,1,AG4,MTLmB3g2Ca,TCB,362.0,202.61,value,202.61,1.0,,0.0,,0,0,0.0,0.0,0.0,0.0,25844.0,10414.154,1,1
696c70c8ccd2,Koppal,4D4A2,4D4A2M1d,Muralapur-1,0704020016,48/*/*,1.6,1.0,OBC,small,0,AG4,BGPmB2g2Ca,TCB,320.0,179.25,value,179.25,1.0,,0.0,,0,1,0.0,0.0,0.0,0.0,130280.0,142500.45,1,1
e5e997425618,Koppal,4D4A2,4D4A2M1d,Muralapur-1,0704020016,49/*/*,2.53,0.0,OBC,medium,1,AG4,BGPmB2g2Ca,TCB,505.99999999999994,348.73,value,348.73,2.0,,0.0,,0,0,0.0,0.0,0.0,0.0,53633.99999999999,17924.722,1,1
1b454437c247,Koppal,4D4A2,4D4A2M1d,Muralapur-1,0704020016,50/*/1,1.84,1.0,OBC,small,1,AG4,AWDmB2g1Ca,TCB,368.0,405.22,value,405.22,1.0,,0.0,,0,0,0.0,0.0,0.0,0.0,37052.0,20828.308,1,1
290f2de31cbf,Koppal,4D4A2,4D4A2M1d,Muralapur-1,0704020016,13/*/3,1.09,0.0,OBC,small,1,AG4,BGPmB2g1Ca,TCB,218.00000000000003,131.99,value,131.99,1.0,1.0,0.0,,0,0,0.0,0.0,0.0,0.0,23702.000000000004,10551.286,1,1
3726d4397f32,Koppal,4D4A2,4D4A2M1d,Muralapur-1,0704020016,18/*/*,0.8,1.0,OBC,small,1,AG4,BGPmB2g1Ca,TCB,160.0,413.95,value,413.95,0.0,0.0,0.0,,0,0,0.0,0.0,0.0,0.0,9920.0,21277.03,1,1
3726d4397f32,Koppal,4D4A2,4D4A2M1d,Muralapur-1,0704020016,18/*/*,2.62,0.0,OBC,medium,1,AG4,BGPmB2g1Ca,TCB,524.0,526.94,value,526.94,2.0,,0.0,,0,0,0.0,0.0,0.0,0.0,55236.0,27084.716,1,1
3726d4397f32,Koppal,4D4A2,4D4A2M1d,Muralapur-1,0704020016,18/*/*,0.83,1.0,OBC,small,1,AG4,BGPmB2g1Ca,TCB,166.0,249.35,value,249.35,0.0,0.0,0.0,,0,0,0.0,0.0,0.0,0.0,10292.0,12816.59,1,1
a5e49c40c568,Koppal,4D4A2,4D4A2M1d,Muralapur-1,0704020016,26/*/1,1.79,0.0,OBC,small,1,AG3,BGPmB2g1Ca,TCB,358.0,286.4,formula_80pct_of_proposed,,1.0,,0.0,,0,0,0.0,0.0,0.0,0.0,36162.0,14720.96,1,0
5af7b2a10dca,Koppal,4D4A2,4D4A2M1d,Muralapur-1,0704020016,32/*/2,0.28,1.0,OBC,small,1,AG3,BGPmB2g1Ca,TCB,56.00000000000001,0.0,value,0.0,0.0,0.0,0.0,,0,0,0.0,0.0,0.0,0.0,3472.0000000000005,0.0,0,0
104d48292e91,Koppal,4D4A2,4D4A2M1d,Muralapur-1,0704020016,20/*/2,2.95,0.0,OBC,medium,1,AG4,BGPmB2g1Ca,TCB,590.0,526.94,value,526.94,2.0,2.0,0.0,,0,0,0.0,0.0,0.0,0.0,61110.0,33608.716,1,1
6161668d9a2f,Koppal,4D4A2,4D4A2M1d,Muralapur-1,0704020016,26/*/2,1.79,1.0,OBC,small,1,AG3,BGPmB2g1Ca,TCB,358.0,0.0,value,0.0,1.0,,0.0,,0,0,0.0,0.0,0.0,0.0,36162.0,0.0,0,0
825ca3494f09,Koppal,4D4A2,4D4A2M1d,Muralapur-1,0704020016,30/*/1,2.0,0.0,OBC,small,1,AG3,BGPmB2g1Ca,TCB,400.0,184.8,value,184.8,2.0,1.0,0.0,,0,1,0.0,0.0,0.0,0.0,141700.0,146552.72,1,1
3839d47bc60e,Koppal,4D4A2,4D4A2M1d,Muralapur-1,0704020016,30/*/2,5.05,1.0,OBC,medium,1,AG3,BGPmB2g1Ca,TCB,1010.0,369.6,value,369.6,3.0,1.0,1.0,1.0,0,0,0.0,0.0,40.0,0.0,216590.0,137764.44,1,1
49f3e38d2cdc,Koppal,4D4A2,4D4A2M1d,Muralapur-1,0704020016,33/*/2,1.2,0.0,OBC,small,1,AG3,BGPmB2g1Ca,TCB,240.0,160.24,value,160.24,1.0,,0.0,,0,0,0.0,0.0,0.0,0.0,25660.0,8236.336,1,1
5638e69410b0,Koppal,4D4A2,4D4A2M1d,Muralapur-1,0704020016,40/*/1,1.84,0.0,OBC,small,0,AG3,RNKmB3g1Ca,TCB,368.0,221.62,value,221.62,1.0,1.0,0.0,,0,0,0.0,0.0,0.0,0.0,26216.0,15158.268,1,1
a83932a63704,Koppal,4D4A2,4D4A2M1d,Muralapur-1,0704020016,32/*/4,0.8,1.0,OBC,small,0,AG3,BGPmB2g1Ca,TCB,160.0,131.35,value,131.35,0.0,0.0,0.0,,0,0,0.0,0.0,0.0,0.0,9920.0,6751.389999999999,1,1
b9142ad0ddff,Koppal,4D4A2,4D4A2M1d,Muralapur-1,0704020016,32/*/6,0.8,1.0,OBC,small,1,AG3,BGPmB2g1Ca,TCB,160.0,103.74,value,103.74,0.0,1.0,0.0,,0,0,0.0,0.0,0.0,0.0,9920.0,9099.236,1,1
3d0b75c3ff1a,Koppal,4D4A2,4D4A2M1d,Muralapur-1,0704020016,36/*/1,1.9,0.0,OBC,small,0,AG3,KAVmB2g2Ca,TCB,380.0,235.75,value,235.75,1.0,1.0,0.0,,0,0,0.0,0.0,0.0,0.0,38120.0,15884.55,1,1
d968cf978a47,Koppal,4D4A2,4D4A2M1d,Muralapur-1,0704020016,29/*/1,1.9,1.0,OBC,small,1,AG3,BGPmB2g1Ca,TCB,380.0,160.24,value,160.24,1.0,1.0,0.0,,0,0,0.0,0.0,0.0,0.0,38120.0,12003.336,1,1
56765073fb8d,Koppal,4D4A2,4D4A2M1d,Muralapur-1,0704020016,29/*/3,0.96,1.0,OBC,small,1,AG3,BGPmB2g1Ca,TCB,192.0,188.49,value,188.49,0.0,1.0,0.0,,0,0,0.0,0.0,0.0,0.0,11904.0,13455.386,1,1
681e22ee574f,Koppal,4D4A2,4D4A2M1d,Muralapur-1,0704020016,32/*/7,0.8,0.0,OBC,small,0,AG3,BGPmB2g1Ca,TCB,160.0,131.35,value,131.35,0.0,1.0,0.0,,0,0,0.0,0.0,0.0,0.0,9920.0,10518.39,1,1
0368c87a4909,Koppal,4D4A2,4D4A2M1d,Muralapur-1,0704020016,34/*/4,2.4,0.0,OBC,medium,1,AG3,BGPmA2g1Ca,TCB,480.0,292.24,value,292.24,2.0,1.0,0.0,,0,0,0.0,0.0,0.0,0.0,51320.0,18788.136,1,1
08b9dd36df18,Koppal,4D4A2,4D4A2M1d,Muralapur-1,0704020016,38/*/2,2.93,0.0,OBC,medium,1,AG3,DRLmA2g1Ca,TCB,586.0,528.0,value,528.0,2.0,1.0,0.0,,0,0,0.0,0.0,0.0,0.0,60754.0,30906.2,1,1
c368afd46c9a,Koppal,4D4A2,4D4A2M1d,Muralapur-1,0704020016,39/*/1,3.55,0.0,OTHER,medium,1,AG3,KAVmB2g2Ca,TCB,710.0,376.98,value,376.98,3.0,1.0,0.0,,0,0,0.0,0.0,0.0,0.0,76090.0,23143.772,1,1
462cc0ad7d9f,Koppal,4D4A2,4D4A2M1d,Muralapur-1,0704020016,40/*/4,1.79,1.0,OBC,small,0,AG3,RNKmB3g1Ca,TCB,358.0,286.4,formula_80pct_of_proposed,,1.0,,0.0,,0,0,0.0,0.0,0.0,0.0,25596.0,14720.96,1,0
8da6bfdb30a4,Koppal,4D4A2,4D4A2M1d,Muralapur-1,0704020016,40/*/5,0.08,0.0,OBC,small,0,AG3,RNKmB3g1Ca,TCB,16.0,12.8,formula_80pct_of_proposed,,0.0,0.0,0.0,,0,0,0.0,0.0,0.0,0.0,992.0,657.9200000000001,1,0
2734479f324c,Koppal,4D4A2,4D4A2M1d,Muralapur-1,0704020016,41/*/6,0.06,0.0,OBC,small,0,AG3,RNKmB3g1Ca,TCB,12.0,0.0,value,0.0,0.0,0.0,0.0,,0,0,0.0,0.0,0.0,0.0,744.0,0.0,0,0
a2a30eb07294,Koppal,4D4A2,4D4A2M1d,Muralapur-1,0704020016,42/*/13,0.06,0.0,OTHER,small,1,AG3,DRLmA2g1Ca,TCB,12.0,0.0,value,0.0,0.0,0.0,0.0,,0,0,0.0,0.0,0.0,0.0,744.0,0.0,0,0
b3965833fe07,Koppal,4D4A2,4D4A2M1d,Muralapur-1,0704020016,42/*/3,0.36,0.0,OBC,small,0,AG3,DRLmA2g1Ca,TCB,72.0,311.24,value,311.24,0.0,1.0,0.0,,0,0,0.0,0.0,0.0,0.0,4464.0,19764.736,1,1
288a81e69327,Koppal,4D4A2,4D4A2M1d,Muralapur-1,0704020016,40/*/7,0.05,1.0,OBC,small,0,AG3,RNKmB3g1Ca,TCB,10.0,221.62,value,221.62,0.0,1.0,0.0,,0,0,0.0,0.0,0.0,0.0,620.0,15158.268,1,1
9bfc97c13af4,Koppal,4D4A2,4D4A2M1d,Muralapur-1,0704020016,41/*/1,1.83,0.0,OBC,small,0,AG3,RNKmB3g1Ca,TCB,366.0,221.62,value,221.62,1.0,1.0,0.0,,0,0,0.0,0.0,0.0,0.0,26092.0,15158.268,1,1
cd78fba28ed1,Koppal,4D4A2,4D4A2M1d,Muralapur-1,0704020016,42/*/8,0.06,0.0,OTHER,small,1,AG3,DRLmA2g1Ca,TCB,12.0,0.0,value,0.0,0.0,0.0,0.0,,0,0,0.0,0.0,0.0,0.0,744.0,0.0,0,0
25379c4b780d,Koppal,4D4A2,4D4A2M1d,Muralapur-1,0704020016,41/*/5,0.86,1.0,OBC,small,0,AG3,RNKmB3g1Ca,TCB,172.0,0.0,value,0.0,0.0,0.0,0.0,,0,0,0.0,0.0,0.0,0.0,10664.0,0.0,0,0
27c9e665aa85,Koppal,4D4A2,4D4A2M1d,Muralapur-1,0704020016,41/*/9,0.66,0.0,OBC,small,0,AG3,RNKmB3g1Ca,TCB,132.0,0.0,value,0.0,0.0,0.0,0.0,,0,0,0.0,0.0,0.0,0.0,8184.0,0.0,0,0
0b2b2e6752d0,Koppal,4D4A2,4D4A2M1d,Muralapur-1,0704020016,42/*/15,0.13,0.0,OBC,small,0,AG3,DRLmA2g1Ca,TCB,26.0,0.0,value,0.0,0.0,0.0,0.0,,0,0,0.0,0.0,0.0,0.0,1612.0,0.0,0,0
48ae52931ee8,Koppal,4D4A2,4D4A2M1d,Muralapur-1,0704020016,51/*/*,1.4,0.0,OBC,small,0,AG4,MTLmB3g2Ca,TCB,280.0,131.35,value,131.35,1.0,1.0,0.0,,0,0,0.0,0.0,0.0,0.0,20760.0,10518.39,1,1
52400c5f8bde,Koppal,4D4A2,4D4A2M1d,Muralapur-1,0704020016,52/*/*,1.85,0.0,OTHER,small,1,AG4,BGPmB2g1Ca,TCB,370.0,245.5,value,245.5,1.0,1.0,0.0,,0,0,0.0,0.0,0.0,0.0,37230.0,16385.699999999997,1,1
3062bba076a1,Koppal,4D4A2,4D4A2M1d,Muralapur-1,0704020016,53/*/*,4.18,0.0,OTHER,medium,1,AG4,RNKmB1g2,TCB,836.0,523.08,value,523.08,3.0,1.0,0.0,,0,0,0.0,0.0,0.0,0.0,62032.0,30916.312,1,1
11126c009ced,Koppal,4D4A2,4D4A2M1d,Muralapur-1,0704020016,44/*/4,2.56,0.0,OBC,medium,0,AG4,BGPmB2g1Ca,TCB,512.0,202.61,value,202.61,2.0,1.0,0.0,,0,0,0.0,0.0,0.0,0.0,54168.0,14181.154,1,1
7e27aae46b2e,Koppal,4D4A2,4D4A2M1d,Muralapur-1,0704020016,47/*  /ಇ,1.06,0.0,OTHER,small,1,AG4,DL7mB3g2Ca,TCB,212.0,198.25,value,198.25,1.0,1.0,0.0,,0,0,0.0,0.0,0.0,0.0,23168.0,13957.05,1,1
3062bba076a1,Koppal,4D4A2,4D4A2M1d,Muralapur-1,0704020016,53/*/*,2.09,0.0,OTHER,small,1,AG4,RNKmB1g2,TCB,418.0,0.0,value,0.0,2.0,,0.0,,0,0,0.0,0.0,0.0,0.0,32716.0,0.0,0,0
06b4bb61957a,Koppal,4D4A2,4D4A2M1d,Muralapur-1,0704020016,44/*/2,0.82,1.0,OTHER,small,1,AG4,BGPmB2g1Ca,TCB,164.0,0.0,value,0.0,0.0,0.0,0.0,,0,0,0.0,0.0,0.0,0.0,10168.0,0.0,0,0
19e7df4c0b8a,Koppal,4D4A2,4D4A2M1d,Muralapur-1,0704020016,44/*/5,1.22,1.0,OTHER,small,1,AG4,BGPmB2g1Ca,TCB,244.0,188.48,value,188.48,1.0,1.0,0.0,,0,0,0.0,0.0,0.0,0.0,26016.0,13454.872,1,1
4bfa4728bd3a,Koppal,4D4A2,4D4A2M1d,Muralapur-1,0704020016,46/*/1,1.0,0.0,OTHER,small,1,AG4,RNKmB2g1Ca,TCB,200.0,160.24,value,160.24,0.0,1.0,0.0,,0,0,0.0,0.0,0.0,0.0,12400.0,12003.336,1,1
4bfa4728bd3a,Koppal,4D4A2,4D4A2M1d,Muralapur-1,0704020016,46/*/1,1.0,0.0,OTHER,small,1,AG4,RNKmB2g1Ca,TCB,200.0,160.24,value,160.24,0.0,0.0,0.0,,0,0,0.0,0.0,0.0,0.0,12400.0,8236.336,1,1
bfe288dac7d5,Koppal,4D4A2,4D4A2M1d,Muralapur-1,0704020016,19/*/1,2.01,0.0,OTHER,small,1,AG4,BGPmB2g1Ca,TCB,401.99999999999994,583.44,value,583.44,2.0,,0.0,,0,0,0.0,0.0,0.0,0.0,44377.99999999999,29988.816000000003,1,1
d178c37cd487,Koppal,4D4A2,4D4A2M1d,Muralapur-1,0704020016,21/*/*,1.41,0.0,OBC,small,1,AG4,BGPmB2g1Ca,TCB,282.0,0.0,value,0.0,1.0,,0.0,,0,0,0.0,0.0,0.0,0.0,29398.0,0.0,0,0
d178c37cd487,Koppal,4D4A2,4D4A2M1d,Muralapur-1,0704020016,21/*/*,1.42,0.0,OBC,small,1,AG4,BGPmB2g1Ca,TCB,284.0,321.06,value,321.06,1.0,,0.0,,0,0,0.0,0.0,0.0,0.0,29576.0,16502.484,1,1
c04f064e5fb9,Koppal,4D4A2,4D4A2M1d,Muralapur-1,0704020016,29/*/2,0.97,0.0,OBC,small,0,AG3,BGPmB2g1Ca,TCB,194.0,160.24,value,160.24,0.0,1.0,0.0,,0,0,0.0,0.0,0.0,0.0,12028.0,12003.336,1,1
0e2da6a71783,Koppal,4D4A2,4D4A2M1d,Muralapur-1,0704020016,29/*/4,1.9,0.0,OTHER,small,1,AG3,BGPmB2g1Ca,TCB,380.0,0.0,value,0.0,1.0,,0.0,,0,0,0.0,0.0,0.0,0.0,38120.0,0.0,0,0
104b3aa40417,Koppal,4D4A2,4D4A2M1d,Muralapur-1,0704020016,31/*/1,1.25,0.0,SC,small,1,AG3,BGPmB2g1Ca,TCB,250.0,160.24,value,160.24,1.0,,1.0,1.0,0,0,0.0,0.0,0.0,0.0,136550.0,118236.336,1,1
48a5e7bccab4,Koppal,4D4A2,4D4A2M1d,Muralapur-1,0704020016,32/*/1,0.8,1.0,SC,small,1,AG3,BGPmB2g1Ca,TCB,160.0,131.35,value,131.35,0.0,0.0,0.0,,0,0,0.0,0.0,0.0,0.0,9920.0,6751.389999999999,1,1
52119833f7fd,Koppal,4D4A2,4D4A2M1d,Muralapur-1,0704020016,34/*/1,1.32,0.0,OBC,small,0,AG3,BGPmA2g1Ca,TCB,264.0,160.24,value,160.24,1.0,1.0,0.0,,0,0,0.0,0.0,0.0,0.0,27796.0,12003.336,1,1
d05ef3e6a231,Koppal,4D4A2,4D4A2M1d,Muralapur-1,0704020016,40/*/6,3.66,0.0,OTHER,medium,1,AG3,RNKmB3g1Ca,TCB,732.0,262.7,value,262.7,3.0,1.0,0.0,,0,0,0.0,0.0,0.0,0.0,153084.0,17269.78,1,1
29588774bcfb,Koppal,4D4A2,4D4A2M1d,Muralapur-1,0704020016,41/*/4,0.48,0.0,OBC,small,0,AG3,RNKmB3g1Ca,TCB,96.0,0.0,value,0.0,0.0,0.0,0.0,,0,0,0.0,0.0,0.0,0.0,5952.0,0.0,0,0
a8b412e94c8a,Koppal,4D4A2,4D4A2M1d,Muralapur-1,0704020016,54/*/*,9.3,1.0,OTHER,large,1,AG4,AWDmB2g1Ca,TCB,1860.0000000000002,0.0,value,0.0,3.0,,0.0,,0,0,0.0,0.0,40.0,0.0,182240.00000000003,0.0,0,0
3062bba076a1,Koppal,4D4A2,4D4A2M1d,Muralapur-1,0704020016,53/*/*,4.18,0.0,OTHER,medium,1,AG4,RNKmB1g2,TCB,836.0,320.48,value,320.48,3.0,2.0,0.0,,0,0,0.0,0.0,0.0,0.0,62032.0,24006.672,1,1
bc607374f706,Koppal,4D4A2,4D4A2M1d,Muralapur-1,0704020016,27/*/1,3.84,0.0,OTHER,medium,1,AG3,BGPmB2g1Ca,TCB,768.0,592.24,value,592.24,3.0,3.0,0.0,,0,1,0.0,0.0,0.0,0.0,178752.0,175029.136,1,1
7e52c70127be,Koppal,4D4A2,4D4A2M1d,Muralapur-1,0704020016,31/*/2,1.25,1.0,OBC,small,0,AG3,BGPmB2g1Ca,TCB,250.0,188.49,value,188.49,1.0,,0.0,,0,0,0.0,0.0,0.0,0.0,26550.0,9688.386,1,1
bbba8da3038b,Koppal,4D4A2,4D4A2M1d,Muralapur-1,0704020016,41/*/7,1.69,0.0,OTHER,small,1,AG3,RNKmB3g1Ca,TCB,338.0,221.62,value,221.62,1.0,1.0,0.0,,0,0,0.0,0.0,0.0,0.0,24356.0,15158.268,1,1
54035c9a0f8c,Koppal,4D4A2,4D4A2M1d,Muralapur-1,0704020016,42/*/2,0.96,0.0,OBC,small,0,AG3,DRLmA2g1Ca,TCB,192.0,0.0,value,0.0,0.0,0.0,0.0,,0,0,0.0,0.0,0.0,0.0,11904.0,0.0,0,0
ee4f813a13e3,Koppal,4D4A2,4D4A2M1d,Muralapur-1,0704020016,42/*/9,0.85,1.0,OTHER,small,1,AG3,DRLmA2g1Ca,TCB,170.0,136.0,formula_80pct_of_proposed,,0.0,0.0,0.0,,0,0,0.0,0.0,0.0,0.0,10540.0,6990.4,1,0
248724feefdd,Koppal,4D4A2,4D4A2M1d,Muralapur-1,0704020016,43/*/2,2.52,1.0,OTHER,medium,1,AG4,RNKmA2g1Ca,TCB,504.0,475.2,value,475.2,2.0,1.0,0.0,,0,0,0.0,0.0,0.0,0.0,38048.0,28192.28,1,1
3062bba076a1,Koppal,4D4A2,4D4A2M1d,Muralapur-1,0704020016,53/*/*,2.1,0.0,OTHER,small,1,AG4,RNKmB1g2,TCB,420.0,339.49,value,339.49,2.0,2.0,0.0,,0,0,0.0,0.0,0.0,0.0,32840.0,24983.786,1,1
7e2b5926fc46,Koppal,4D4A2,4D4A2M1d,Muralapur-1,0704020016,35/*/*,1.78,0.0,OBC,small,0,AG3,KAVmB2g2Ca,TCB,356.0,328.99,value,328.99,1.0,,0.0,,0,0,0.0,0.0,0.0,0.0,35984.0,16910.086,1,1
c9f0bf7a1a07,Koppal,4D4A2,4D4A2M1d,Muralapur-1,0704020016,41/*/2,1.64,0.0,OBC,small,0,AG3,RNKmB3g1Ca,TCB,328.0,221.62,value,221.62,1.0,1.0,0.0,,0,0,0.0,0.0,0.0,0.0,23736.0,15158.268,1,1
dcb83159db1f,Koppal,4D4A2,4D4A2M1d,Muralapur-1,0704020016,41/*/3,0.13,0.0,OBC,small,0,AG3,RNKmB3g1Ca,TCB,26.0,20.8,formula_80pct_of_proposed,,0.0,0.0,0.0,,0,0,0.0,0.0,0.0,0.0,1612.0,1069.1200000000001,1,0
434964e54bf7,Koppal,4D4A2,4D4A2M1d,Muralapur-1,0704020016,42/*/10,0.86,0.0,SC,small,1,AG3,DRLmA2g1Ca,TCB,172.0,137.6,formula_80pct_of_proposed,,0.0,0.0,0.0,,0,0,0.0,0.0,0.0,0.0,10664.0,7072.639999999999,1,0
8d28c11850af,Koppal,4D4A2,4D4A2M1d,Muralapur-1,0704020016,45/*/2,1.81,1.0,OTHER,small,1,AG4,MTLmB3g2Ca,TCB,362.0,202.61,value,202.61,1.0,,0.0,,0,0,0.0,0.0,0.0,0.0,25844.0,10414.154,1,1
e5e997425618,Koppal,4D4A2,4D4A2M1d,Muralapur-1,0704020016,49/*/*,2.0,0.0,OTHER,small,1,AG4,BGPmB2g2Ca,TCB,400.0,188.49,value,188.49,2.0,1.0,0.0,,0,0,0.0,0.0,0.0,0.0,44200.0,13455.386,1,1
a2f3203b127a,Koppal,4D4A2,4D4A2M1d,Muralapur-1,0704020016,50/*/3,0.92,0.0,OTHER,small,1,AG4,AWDmB2g1Ca,TCB,184.0,160.24,value,160.24,0.0,1.0,0.0,,0,0,0.0,0.0,0.0,0.0,11408.0,12003.336,1,1
52400c5f8bde,Koppal,4D4A2,4D4A2M1d,Muralapur-1,0704020016,52/*/*,1.84,0.0,OBC,small,1,AG4,BGPmB2g1Ca,TCB,368.0,240.62,value,240.62,1.0,1.0,0.0,,0,0,0.0,0.0,0.0,0.0,37052.0,16134.868,1,1
52400c5f8bde,Koppal,4D4A2,4D4A2M1d,Muralapur-1,0704020016,52/*/*,1.2,0.0,OBC,small,1,AG4,BGPmB2g1Ca,TCB,240.0,193.37,value,193.37,1.0,1.0,0.0,,0,0,0.0,0.0,0.0,0.0,25660.0,13706.218,1,1
52400c5f8bde,Koppal,4D4A2,4D4A2M1d,Muralapur-1,0704020016,52/*/*,1.15,0.0,OBC,small,1,AG4,BGPmB2g1Ca,TCB,229.99999999999997,193.37,value,193.37,1.0,,0.0,,0,0,0.0,0.0,0.0,0.0,24769.999999999996,9939.218,1,1
52400c5f8bde,Koppal,4D4A2,4D4A2M1d,Muralapur-1,0704020016,52/*/*,1.18,0.0,OBC,small,1,AG4,BGPmB2g1Ca,TCB,236.0,0.0,value,0.0,1.0,,0.0,,0,0,0.0,0.0,0.0,0.0,25304.0,0.0,0,0
a8b412e94c8a,Koppal,4D4A2,4D4A2M1d,Muralapur-1,0704020016,54/*/*,9.3,1.0,OTHER,large,1,AG4,AWDmB2g1Ca,TCB,1860.0000000000002,448.11,value,448.11,3.0,2.0,1.0,1.0,0,0,0.0,0.0,40.0,0.0,292240.0,130566.85399999999,1,1
c30fbcdac0fd,Koppal,4D4A2,4D4A2M1d,Muralapur-1,0704020016,42/*/11,0.39,0.0,OBC,small,0,AG3,DRLmA2g1Ca,TCB,78.0,0.0,value,0.0,0.0,0.0,0.0,,0,0,0.0,0.0,0.0,0.0,4836.0,0.0,0,0
02e5b2b481c3,Koppal,4D4A2,4D4A2M1d,Muralapur-1,0704020016,42/*/6,1.07,0.0,OBC,small,0,AG3,DRLmA2g1Ca,TCB,214.0,311.24,value,311.24,1.0,1.0,0.0,,0,0,0.0,0.0,0.0,0.0,23346.0,19764.736,1,1
5eb29b5e2ead,Koppal,4D4A2,4D4A2M1d,Muralapur-1,0704020016,44/*/3,2.42,0.0,OTHER,medium,1,AG4,BGPmB2g1Ca,TCB,484.0,202.61,value,202.61,2.0,1.0,0.0,,0,0,0.0,0.0,0.0,0.0,51676.0,14181.154,1,1
043ce1802f38,Koppal,4D4A2,4D4A2M1d,Muralapur-1,0704020016,44/*/6,1.6,0.0,OTHER,small,1,AG4,BGPmB2g1Ca,TCB,320.0,259.2,formula_81pct_of_proposed,,1.0,1.0,0.0,,0,0,0.0,0.0,0.0,0.0,32780.0,17089.879999999997,1,1
97684e639830,Koppal,4D4A2,4D4A2M1d,Muralapur-1,0704020016,46/*/2,3.31,1.0,OTHER,medium,1,AG4,RNKmB2g1Ca,TCB,662.0,160.24,value,160.24,3.0,,0.0,,0,0,0.0,0.0,0.0,0.0,51244.0,8236.336,1,1
ae28057b4c1e,Koppal,4D4A2,4D4A2M1d,Muralapur-1,0704020016,50/*/2,0.91,0.0,OTHER,small,1,AG4,AWDmB2g1Ca,TCB,182.0,160.24,value,160.24,0.0,0.0,0.0,,0,1,0.0,0.0,0.0,0.0,108784.0,141523.336,1,1
48ae52931ee8,Koppal,4D4A2,4D4A2M1d,Muralapur-1,0704020016,51/*/*,1.39,0.0,OTHER,small,1,AG4,MTLmB3g2Ca,TCB,278.0,131.35,value,131.35,1.0,1.0,0.0,,0,0,0.0,0.0,0.0,0.0,20636.0,10518.39,1,1
48ae52931ee8,Koppal,4D4A2,4D4A2M1d,Muralapur-1,0704020016,51/*/*,1.55,0.0,OBC,small,0,AG4,MTLmB3g2Ca,TCB,310.0,160.24,value,160.24,1.0,1.0,0.0,,0,0,0.0,0.0,0.0,0.0,22620.0,12003.336,1,1
12bbd9f51b47,Koppal,4D4A2,4D4A2M1d,Muralapur-1,0704020016,13/*/2,0.8,1.0,OBC,small,0,AG4,BGPmB2g1Ca,TCB,160.0,151.0,value,151.0,0.0,0.0,0.0,,0,0,0.0,0.0,0.0,0.0,9920.0,7761.4,1,1
50999f30dc08,Koppal,4D4A2,4D4A2M1d,Muralapur-1,0704020016,17/*/4,0.1,0.0,OTHER,small,1,AG4,BGPmB2g1Ca,TCB,20.0,0.0,value,0.0,0.0,0.0,0.0,,0,0,0.0,0.0,0.0,0.0,1240.0,0.0,0,0
33f784e74c2d,Koppal,4D4A2,4D4A2M1d,Muralapur-1,0704020016,17/*/5,0.17,0.0,OBC,small,0,AG4,BGPmB2g1Ca,TCB,34.0,0.0,value,0.0,0.0,0.0,0.0,,0,0,0.0,0.0,0.0,0.0,2108.0,0.0,0,0
3726d4397f32,Koppal,4D4A2,4D4A2M1d,Muralapur-1,0704020016,18/*/*,0.83,1.0,OBC,small,0,AG4,BGPmB2g1Ca,TCB,166.0,235.22,value,235.22,0.0,0.0,0.0,,0,0,0.0,0.0,0.0,0.0,10292.0,12090.307999999999,1,1
3726d4397f32,Koppal,4D4A2,4D4A2M1d,Muralapur-1,0704020016,18/*/*,0.51,1.0,ST,small,1,AG4,BGPmB2g1Ca,TCB,102.0,192.85,value,192.85,0.0,1.0,0.0,,0,0,0.0,0.0,0.0,0.0,6324.0,13174.49,1,1
a5ce38dac790,Koppal,4D4A2,4D4A2M1d,Muralapur-1,0704020016,19/*/2,2.01,0.0,OTHER,small,1,AG4,BGPmB2g1Ca,TCB,401.99999999999994,541.07,value,541.07,2.0,,0.0,,0,0,0.0,0.0,0.0,0.0,44377.99999999999,27810.998000000003,1,1
c7a13636ca9e,Koppal,4D4A2,4D4A2M1d,Muralapur-1,0704020016,31/*/3,1.95,1.0,OTHER,small,1,AG3,BGPmB2g1Ca,TCB,390.0,188.49,value,188.49,1.0,1.0,0.0,,0,0,0.0,0.0,0.0,0.0,39010.0,13455.386,1,1
5b12481e9e46,Koppal,4D4A2,4D4A2M1d,Muralapur-1,0704020016,32/*/3,0.8,1.0,OTHER,small,1,AG3,BGPmB2g1Ca,TCB,160.0,131.35,value,131.35,0.0,0.0,0.0,,0,0,0.0,0.0,0.0,0.0,9920.0,6751.389999999999,1,1
38a085ae9d19,Koppal,4D4A2,4D4A2M1d,Muralapur-1,0704020016,32/*/5,0.8,1.0,SC,small,1,AG3,BGPmB2g1Ca,TCB,160.0,131.35,value,131.35,0.0,1.0,0.0,,0,0,0.0,0.0,0.0,0.0,9920.0,10518.39,1,1
79c9454ed3d2,Koppal,4D4A2,4D4A2M1d,Muralapur-1,0704020016,32/*/8,0.42,1.0,OTHER,small,1,AG3,BGPmB2g1Ca,TCB,84.0,103.74,value,103.74,0.0,1.0,0.0,,0,0,0.0,0.0,0.0,0.0,5208.0,9099.236,1,1
7b6a80cefd22,Koppal,4D4A2,4D4A2M1d,Muralapur-1,0704020016,37/*/1,2.7,0.0,OTHER,medium,1,AG3,KAVmB2g2Ca,TCB,540.0,443.24,value,443.24,2.0,2.0,0.0,,0,0,0.0,0.0,0.0,0.0,56660.0,30316.536,1,1
5e87d2d3a274,Koppal,4D4A2,4D4A2M1d,Muralapur-1,0704020016,37/*/2,2.7,0.0,OTHER,medium,1,AG3,KAVmB2g2Ca,TCB,540.0,567.53,value,567.53,2.0,1.0,0.0,,0,0,0.0,0.0,0.0,0.0,56660.0,32938.042,1,1
f1f6f0dd2cc2,Koppal,4D4A2,4D4A2M1d,Muralapur-1,0704020016,38/*/1,2.94,0.0,OTHER,medium,1,AG3,DRLmA2g1Ca,TCB,588.0,640.98,value,640.98,2.0,1.0,0.0,,0,0,0.0,0.0,0.0,0.0,60932.0,36713.372,1,1
c368afd46c9a,Koppal,4D4A2,4D4A2M1d,Muralapur-1,0704020016,39/*/1,3.55,0.0,OTHER,medium,1,AG3,KAVmB2g2Ca,TCB,710.0,0.0,value,0.0,3.0,,0.0,,0,0,0.0,0.0,0.0,0.0,76090.0,0.0,0,0
c39f352dce73,Koppal,4D4A2,4D4A2M1d,Muralapur-1,0704020016,40/*/2,1.68,0.0,OBC,small,0,AG3,RNKmB3g1Ca,TCB,336.0,221.62,value,221.62,1.0,1.0,0.0,,0,0,0.0,0.0,0.0,0.0,24232.0,15158.268,1,1
e1c73ca67c69,Koppal,4D4A2,4D4A2M1d,Muralapur-1,0704020016,41/*/8,1.96,1.0,OTHER,small,1,AG3,RNKmB3g1Ca,TCB,392.0,221.62,value,221.62,1.0,,0.0,,0,0,0.0,0.0,0.0,0.0,27704.0,11391.268,1,1
575cc17b6a66,Koppal,4D4A2,4D4A2M1d,Muralapur-1,0704020016,42/*/1,0.91,0.0,OTHER,small,1,AG3,DRLmA2g1Ca,TCB,182.0,311.24,value,311.24,0.0,1.0,0.0,,0,0,0.0,0.0,0.0,0.0,11284.0,19764.736,1,1
2685c37d366d,Koppal,4D4A2,4D4A2M1d,Muralapur-1,0704020016,42/*/12,0.24,0.0,OBC,small,0,AG3,DRLmA2g1Ca,TCB,48.0,0.0,value,0.0,0.0,0.0,0.0,,0,0,0.0,0.0,0.0,0.0,2976.0,0.0,0,0
5083f0cd00b8,Koppal,4D4A2,4D4A2M1d,Muralapur-1,0704020016,42/*/14,0.13,0.0,OBC,small,0,AG3,DRLmA2g1Ca,TCB,26.0,0.0,value,0.0,0.0,0.0,0.0,,0,0,0.0,0.0,0.0,0.0,1612.0,0.0,0,0
588dec5d2106,Koppal,4D4A2,4D4A2M1d,Muralapur-1,0704020016,42/*/5,0.73,0.0,OTHER,small,1,AG3,DRLmA2g1Ca,TCB,146.0,0.0,value,0.0,0.0,0.0,0.0,,0,0,0.0,0.0,0.0,0.0,9052.0,0.0,0,0
7d353ef9ae82,Koppal,4D4A2,4D4A2M1d,Muralapur-1,0704020016,42/*/7,0.32,0.0,OBC,small,0,AG3,DRLmA2g1Ca,TCB,64.0,0.0,value,0.0,0.0,0.0,0.0,,0,0,0.0,0.0,0.0,0.0,3968.0,0.0,0,0
1781b6f1ad0a,Koppal,4D4A2,4D4A2M1d,Muralapur-1,0704020016,43/*/1,2.53,1.0,OBC,medium,0,AG4,RNKmA2g1Ca,TCB,505.99999999999994,537.72,value,537.72,2.0,2.0,0.0,,0,0,0.0,0.0,0.0,0.0,38172.0,35172.808000000005,1,1
bde810a11a7f,Koppal,4D4A2,4D4A2M1d,Muralapur-1,0704020016,44/*/1,1.2,0.0,OTHER,small,1,AG4,BGPmB2g1Ca,TCB,240.0,188.48,value,188.48,1.0,1.0,0.0,,0,0,0.0,0.0,0.0,0.0,25660.0,13454.872,1,1
1a9d49bd063b,Koppal,4D4A2,4D4A2M1d,Muralapur-1,0704020016,47/*/2,1.08,0.0,OBC,small,0,AG4,DL7mB3g2Ca,TCB,216.0,131.99,value,131.99,1.0,1.0,0.0,,0,0,0.0,0.0,0.0,0.0,23524.0,10551.286,1,1
696c70c8ccd2,Koppal,4D4A2,4D4A2M1d,Muralapur-1,0704020016,48/*/*,1.6,0.0,SC,small,1,AG4,BGPmB2g2Ca,TCB,320.0,179.25,value,179.25,1.0,1.0,0.0,,0,0,0.0,0.0,0.0,0.0,32780.0,12980.449999999999,1,1
696c70c8ccd2,Koppal,4D4A2,4D4A2M1d,Muralapur-1,0704020016,48/*/*,1.63,0.0,OTHER,small,1,AG4,BGPmB2g2Ca,TCB,326.0,179.25,value,179.25,1.0,1.0,0.0,,0,0,0.0,0.0,0.0,0.0,33314.0,12980.449999999999,1,1
48ae52931ee8,Koppal,4D4A2,4D4A2M1d,Muralapur-1,0704020016,51/*/*,1.48,0.0,OTHER,small,1,AG4,MTLmB3g2Ca,TCB,296.0,131.35,value,131.35,1.0,1.0,0.0,,0,0,0.0,0.0,0.0,0.0,21752.0,10518.39,1,1
52400c5f8bde,Koppal,4D4A2,4D4A2M1d,Muralapur-1,0704020016,52/*/*,1.84,0.0,OTHER,small,1,AG4,BGPmB2g1Ca,TCB,368.0,259.63,value,259.63,1.0,,0.0,,0,0,0.0,0.0,0.0,0.0,37052.0,13344.982,1,1
18ad2fe4b507,Koppal,4D4A2,4D4A2M1e,Muralapur-4,0704020013,119/*/1,2.27,0.0,OBC,small,0,AG1,AWDmB2g1Ca,TCB,454.0,367.74,formula_81pct_of_proposed,,2.0,,0.0,,0,0,100.0,0.0,0.0,0.0,70604.0,18901.836,1,0
de5ec34cd412,Koppal,4D4A2,4D4A2M1e,Muralapur-4,0704020013,119/*/2,2.28,0.0,OBC,small,0,AG1,AWDmB2g1Ca,TCB,455.99999999999994,369.3599999999999,formula_81pct_of_proposed,,2.0,,0.0,,0,0,277.0,0.0,0.0,0.0,76672.0,18985.103999999996,1,0
7ff1416d7180,Koppal,4D4A2,4D4A2M1e,Muralapur-4,0704020013,119/*/3,0.91,0.0,OBC,small,1,AG1,AWDmB2g1Ca,TCB,182.0,147.42,formula_81pct_of_proposed,,0.0,0.0,0.0,,0,0,0.0,0.0,0.0,0.0,11284.0,7577.387999999999,1,0
e10d5073befa,Koppal,4D4A2,4D4A2M1e,Muralapur-4,0704020013,119/*/4,0.91,0.0,OBC,small,1,AG1,AWDmB2g1Ca,TCB,182.0,0.0,value,0.0,0.0,0.0,0.0,,0,0,0.0,0.0,0.0,0.0,11284.0,0.0,0,0
c5f1281dc6f5,Koppal,4D4A2,4D4A2M1e,Muralapur-4,0704020013,119/*/7,0.92,0.0,OBC,small,1,AG1,AWDmB2g1Ca,TCB,184.0,149.04,formula_81pct_of_proposed,,0.0,0.0,0.0,,0,0,0.0,0.0,0.0,0.0,11408.0,7660.655999999999,1,0
6c3f02c9bb1f,Koppal,4D4A2,4D4A2M1e,Muralapur-4,0704020013,120/*/*,2.26,1.0,OBC,small,1,AG1,KSPiB1g2,TCB,451.99999999999994,366.11999999999995,formula_81pct_of_proposed,,2.0,,0.0,,0,0,0.0,0.0,0.0,0.0,34824.0,18818.567999999996,1,0
359cda1ef2fc,Koppal,4D4A2,4D4A2M1e,Muralapur-4,0704020013,157/*/*,0.02,0.0,OBC,small,1,AG1,KSPiB1g2,TCB,4.0,0.0,value,0.0,0.0,0.0,0.0,,0,0,0.0,0.0,0.0,0.0,248.0,0.0,0,0
68390c1b421a,Koppal,4D4A2,4D4A2M1e,Muralapur-4,0704020013,158/*/11,1.73,0.0,OBC,small,0,AG1,KSPiB1g2,TCB,346.0,221.61,value,221.61,1.0,1.0,0.0,,0,0,0.0,0.0,40.0,95.0,28652.0,24182.754,1,1
6c3f02c9bb1f,Koppal,4D4A2,4D4A2M1e,Muralapur-4,0704020013,120/*/*,2.0,0.0,OBC,small,1,AG1,KSPiB1g2,TCB,400.0,324.0,formula_81pct_of_proposed,,2.0,,0.0,,0,0,0.0,0.0,0.0,0.0,31600.0,16653.6,1,0
6c3f02c9bb1f,Koppal,4D4A2,4D4A2M1e,Muralapur-4,0704020013,120/*/*,2.0,0.0,OBC,small,1,AG1,KSPiB1g2,TCB,400.0,324.0,formula_81pct_of_proposed,,2.0,,0.0,,0,0,0.0,0.0,0.0,0.0,31600.0,16653.6,1,0
125b9bba9da8,Koppal,4D4A2,4D4A2M1e,Muralapur-4,0704020013,119/*/5,0.91,0.0,OTHER,small,1,AG1,AWDmB2g1Ca,TCB,182.0,147.42,formula_81pct_of_proposed,,0.0,0.0,0.0,,0,0,249.0,0.0,0.0,0.0,36023.0,7577.387999999999,1,0
7e073cd6cd7a,Koppal,4D4A2,4D4A2M1e,Muralapur-4,0704020013,152/*/*,1.93,0.0,OTHER,small,1,AG2,KSPiB1g2,TCB,386.0,329.99,value,329.99,1.0,1.0,0.0,,0,0,0.0,0.0,0.0,0.0,27332.0,20728.486,1,1
104fbadc4efc,Koppal,4D4A2,4D4A2M1e,Muralapur-4,0704020013,156/*/*,1.27,0.0,OTHER,small,1,AG2,KSPiB1g2,TCB,254.0,179.26,value,179.26,1.0,1.0,0.0,,0,0,0.0,0.0,0.0,0.0,19148.0,12980.964,1,1
359cda1ef2fc,Koppal,4D4A2,4D4A2M1e,Muralapur-4,0704020013,157/*/*,0.31,0.0,OBC,small,0,AG1,KSPiB1g2,TCB,62.0,50.22,formula_81pct_of_proposed,,0.0,0.0,0.0,,0,0,0.0,0.0,0.0,0.0,3844.0,2581.308,1,0
7e073cd6cd7a,Koppal,4D4A2,4D4A2M1e,Muralapur-4,0704020013,152/*/*,2.2,0.0,OBC,small,0,AG2,KSPiB1g2,TCB,440.00000000000006,367.75,value,367.75,2.0,2.0,0.0,,0,0,0.0,0.0,0.0,0.0,34080.0,33970.35,1,1
104fbadc4efc,Koppal,4D4A2,4D4A2M1e,Muralapur-4,0704020013,156/*/*,1.27,1.0,OBC,small,0,AG2,KSPiB1g2,TCB,254.0,160.24,value,160.24,1.0,1.0,0.0,,0,0,0.0,0.0,0.0,0.0,19148.0,12003.336,1,1
a56dac5fd51e,Koppal,4D4A2,4D4A2M1e,Muralapur-4,0704020013,160/*/*,1.59,0.0,OTHER,small,1,AG2,KSPiB1g2,TCB,318.0,155.63,value,155.63,1.0,,0.0,,0,0,0.0,0.0,0.0,0.0,23116.0,7999.382,1,1
720eec4ce976,Koppal,4D4A2,4D4A2M1e,Muralapur-4,0704020013,191/*/2,2.62,0.0,OTHER,medium,1,AG2,MTLmA1g1,TCB,524.0,443.26,value,443.26,2.0,,0.0,,0,0,0.0,0.0,0.0,0.0,41088.0,22783.564,1,1
dfe9e2b59fb2,Koppal,4D4A2,4D4A2M1e,Muralapur-4,0704020013,194/*/2,0.56,0.0,ST,small,1,AG2,MTLmA1g1,TCB,112.00000000000001,146.12,value,146.12,0.0,1.0,0.0,,0,0,0.0,0.0,0.0,0.0,6944.000000000001,11277.568,1,1
38092f4a6d1d,Koppal,4D4A2,4D4A2M1e,Muralapur-4,0704020013,194/*/4,0.56,0.0,OBC,small,0,AG2,MTLmA1g1,TCB,112.00000000000001,90.72000000000001,formula_81pct_of_proposed,,0.0,0.0,0.0,,0,0,0.0,0.0,0.0,0.0,6944.000000000001,4663.008000000001,1,0
7e073cd6cd7a,Koppal,4D4A2,4D4A2M1e,Muralapur-4,0704020013,152/*/*,1.1,0.0,OTHER,small,1,AG2,KSPiB1g2,TCB,220.00000000000003,131.99,value,131.99,1.0,1.0,0.0,,0,0,0.0,0.0,0.0,0.0,17040.0,10551.286,1,1
cfe3f4e13da3,Koppal,4D4A2,4D4A2M1e,Muralapur-4,0704020013,197/*/*,3.61,1.0,OBC,medium,0,AG1,KVRmA2g1,TCB,722.0,584.82,formula_81pct_of_proposed,,3.0,,0.0,,0,0,0.0,0.0,0.0,0.0,174658.0,30059.748000000003,1,0
226ce75e4586,Koppal,4D4A2,4D4A2M1e,Muralapur-4,0704020013,201/*/*,0.39,1.0,OBC,small,1,AG1,KSPiB2g1Ca,TCB,78.0,63.18,formula_81pct_of_proposed,,0.0,0.0,0.0,,0,0,0.0,0.0,0.0,0.0,4836.0,3247.4519999999998,1,0
9ee03d13d4a9,Koppal,4D4A2,4D4A2M1e,Muralapur-4,0704020013,199/*/2,0.79,0.0,OTHER,small,1,AG1,KSPiB2g1Ca,TCB,158.0,127.98,formula_81pct_of_proposed,,0.0,0.0,0.0,,0,0,0.0,0.0,0.0,0.0,9796.0,6578.172,1,0
f92c3e812ed9,Koppal,4D4A2,4D4A2M1e,Muralapur-4,0704020013,204/*/5,0.4,1.0,OTHER,small,1,AG1,KSPiB1g2,TCB,80.0,0.0,value,0.0,0.0,0.0,0.0,,0,0,0.0,0.0,0.0,0.0,4960.0,0.0,0,0
359cda1ef2fc,Koppal,4D4A2,4D4A2M1e,Muralapur-4,0704020013,157/*/*,1.16,0.0,OTHER,small,1,AG1,KSPiB1g2,TCB,231.99999999999997,187.91999999999996,formula_81pct_of_proposed,,1.0,,0.0,,0,0,0.0,0.0,0.0,0.0,17784.0,9659.087999999998,1,0
a56dac5fd51e,Koppal,4D4A2,4D4A2M1e,Muralapur-4,0704020013,160/*/*,1.97,0.0,OBC,small,1,AG2,KSPiB1g2,TCB,394.0,0.0,value,0.0,1.0,,0.0,,0,0,0.0,0.0,0.0,0.0,27828.0,0.0,0,0
de75ce1f08ed,Koppal,4D4A2,4D4A2M1e,Muralapur-4,0704020013,203/*/3,1.23,0.0,OBC,small,1,AG1,KSPiB2g1Ca,TCB,246.0,0.0,value,0.0,1.0,,0.0,,0,0,0.0,0.0,0.0,0.0,18652.0,0.0,0,0
7e073cd6cd7a,Koppal,4D4A2,4D4A2M1e,Muralapur-4,0704020013,152/*/*,1.1,0.0,OTHER,small,1,AG2,KSPiB1g2,TCB,220.00000000000003,160.24,value,160.24,1.0,,0.0,,0,0,0.0,0.0,0.0,0.0,17040.0,8236.336,1,1
359cda1ef2fc,Koppal,4D4A2,4D4A2M1e,Muralapur-4,0704020013,157/*/*,0.01,0.0,OBC,small,1,AG1,KSPiB1g2,TCB,2.0,0.0,value,0.0,0.0,0.0,0.0,,0,0,0.0,0.0,0.0,0.0,124.0,0.0,0,0
a56dac5fd51e,Koppal,4D4A2,4D4A2M1e,Muralapur-4,0704020013,160/*/*,1.58,1.0,OBC,small,1,AG2,KSPiB1g2,TCB,316.0,174.63,value,174.63,1.0,1.0,0.0,,0,0,0.0,0.0,0.0,0.0,22992.0,12742.982,1,1
b87d132d0a34,Koppal,4D4A2,4D4A2M1e,Muralapur-4,0704020013,5/*/2,2.61,0.0,OTHER,medium,1,AG1,KSPiB1g2,TCB,522.0,422.82,formula_81pct_of_proposed,,2.0,,0.0,,0,0,0.0,0.0,0.0,0.0,39164.0,21732.948,1,0
023e7bb7186d,Koppal,4D4A2,4D4A2M1e,Muralapur-4,0704020013,194/*/1,0.56,0.0,ST,small,1,AG2,MTLmA1g1,TCB,112.00000000000001,160.24,value,160.24,0.0,0.0,0.0,,0,0,0.0,0.0,0.0,0.0,6944.000000000001,8236.336,1,1
d0d44174b57f,Koppal,4D4A2,4D4A2M1e,Muralapur-4,0704020013,194/*/3,0.56,0.0,OBC,small,0,AG2,MTLmA1g1,TCB,112.00000000000001,174.36,value,174.36,0.0,1.0,0.0,,0,0,0.0,0.0,0.0,0.0,6944.000000000001,12729.104000000001,1,1
7064484417fe,Koppal,4D4A2,4D4A2M1e,Muralapur-4,0704020013,198/*/*,0.55,0.0,OTHER,small,1,AG1,MTLmB2g2,TCB,110.00000000000001,89.10000000000002,formula_81pct_of_proposed,,0.0,0.0,0.0,,0,0,0.0,0.0,0.0,0.0,6820.000000000001,4579.740000000001,1,0
59d21cd566a4,Koppal,4D4A2,4D4A2M1e,Muralapur-4,0704020013,202/*/*,0.83,0.0,OBC,small,0,AG1,KSPiB2g1Ca,TCB,166.0,134.46,formula_81pct_of_proposed,,0.0,0.0,0.0,,0,0,0.0,0.0,0.0,0.0,10292.0,6911.244000000001,1,0
3bf1ce7a437b,Koppal,4D4A2,4D4A2M1e,Muralapur-4,0704020013,191/*/1,2.62,1.0,OBC,medium,0,AG2,MTLmA1g1,TCB,524.0,471.52,value,471.52,2.0,1.0,0.0,,0,0,0.0,0.0,0.0,0.0,41088.0,28003.127999999997,1,1
79e806e71b3a,Koppal,4D4A2,4D4A2M1e,Muralapur-4,0704020013,204/*/3,0.66,0.0,OBC,small,0,AG1,KSPiB1g2,TCB,132.0,106.92,formula_81pct_of_proposed,,0.0,0.0,0.0,,0,0,0.0,0.0,0.0,0.0,8184.0,5495.688,1,0
a97fde1769b9,Koppal,4D4A2,4D4A2M1e,Muralapur-4,0704020013,199/*/1,0.4,1.0,OBC,small,0,AG1,KSPiB2g1Ca,TCB,80.0,0.0,value,0.0,0.0,0.0,0.0,,0,0,0.0,0.0,0.0,0.0,4960.0,0.0,0,0
226ce75e4586,Koppal,4D4A2,4D4A2M1e,Muralapur-4,0704020013,201/*/*,0.39,0.0,OBC,small,0,AG1,KSPiB2g1Ca,TCB,78.0,63.18,formula_81pct_of_proposed,,0.0,0.0,0.0,,0,0,0.0,0.0,0.0,0.0,4836.0,3247.4519999999998,1,0
f88b5c93726a,Koppal,4D4A2,4D4A2M1e,Muralapur-4,0704020013,195/*/*,3.08,1.0,OBC,medium,1,AG2,MTLmA1g1,TCB,616.0,655.08,value,655.08,3.0,,0.0,,0,0,0.0,0.0,0.0,0.0,51092.0,33671.112,1,1
b6fbab9b1563,Koppal,4D4A2,4D4A2M1e,Muralapur-4,0704020013,200/*/*,0.79,0.0,OTHER,small,1,AG1,KSPiB2g1Ca,TCB,158.0,0.0,value,0.0,0.0,0.0,0.0,,0,0,0.0,0.0,0.0,0.0,9796.0,0.0,0,0
1b3f929c3151,Koppal,4D4A2,4D4A2M1e,Muralapur-4,0704020013,204/*/1,1.06,1.0,OTHER,small,1,AG1,KSPiB1g2,TCB,212.0,0.0,value,0.0,1.0,,0.0,,0,0,0.0,0.0,0.0,0.0,16544.0,0.0,0,0
14ebbc9891e3,Koppal,4D4A2,4D4A2M1e,Muralapur-4,0704020013,5/*/1,1.9,0.0,OTHER,small,1,AG1,KSPiB1g2,TCB,380.0,307.8,formula_81pct_of_proposed,,1.0,,0.0,,0,0,0.0,0.0,0.0,0.0,26960.0,15820.92,1,0
0a25112d607e,Koppal,4D4A2,4D4A2M1e,Muralapur-4,0704020013,4/*/*,1.92,0.0,OTHER,small,1,AG1,KSPiB1g2,TCB,384.0,311.04,formula_81pct_of_proposed,,1.0,,0.0,,0,0,0.0,0.0,0.0,0.0,27208.0,15987.456,1,0
2cb6a148c4d1,Koppal,4D4A2,4D4A2M1e,Muralapur-4,0704020013,191/*/3,1.74,1.0,OBC,small,0,AG2,MTLmA1g1,TCB,348.0,198.0,value,198.0,1.0,,0.0,,0,0,0.0,0.0,0.0,0.0,24976.0,10177.199999999999,1,1
cfe3f4e13da3,Koppal,4D4A2,4D4A2M1e,Muralapur-4,0704020013,197/*/*,3.75,0.0,OBC,medium,0,AG1,KVRmA2g1,TCB,750.0,607.5,formula_81pct_of_proposed,,3.0,,0.0,,0,0,0.0,0.0,0.0,0.0,79650.0,31225.5,1,0
008008c951d2,Koppal,4D4A2,4D4A2M1e,Muralapur-4,0704020013,204/*/2,1.05,0.0,OBC,small,1,AG1,KSPiB1g2,TCB,210.0,170.1,formula_81pct_of_proposed,,1.0,,0.0,,0,0,0.0,0.0,0.0,0.0,16420.0,8743.14,1,0
ec17607ca99c,Koppal,4D4A2,4D4A2M1e,Muralapur-4,0704020013,119/*/6,0.91,0.0,OBC,small,1,AG1,AWDmB2g1Ca,TCB,182.0,147.42,formula_81pct_of_proposed,,0.0,0.0,0.0,,0,0,249.0,0.0,0.0,0.0,36023.0,7577.387999999999,1,0
6d5070d3bf5d,Koppal,4D4A2,4D4A2M1e,Muralapur-4,0704020013,121/*/*,3.2,0.0,OTHER,medium,1,AG1,KSPiB1g2,TCB,640.0,518.4,formula_81pct_of_proposed,,3.0,,0.0,,0,1,0.0,0.0,0.0,0.0,147380.0,159932.76,1,1
359cda1ef2fc,Koppal,4D4A2,4D4A2M1e,Muralapur-4,0704020013,157/*/*,0.2,0.0,OBC,small,1,AG1,KSPiB1g2,TCB,40.0,32.4,formula_81pct_of_proposed,,0.0,0.0,0.0,,0,0,0.0,0.0,0.0,0.0,2480.0,1665.36,1,0
359cda1ef2fc,Koppal,4D4A2,4D4A2M1e,Muralapur-4,0704020013,157/*/*,1.05,0.0,OBC,small,1,AG1,KSPiB1g2,TCB,210.0,170.1,formula_81pct_of_proposed,,1.0,,0.0,,0,0,0.0,0.0,0.0,0.0,16420.0,8743.14,1,0
359cda1ef2fc,Koppal,4D4A2,4D4A2M1e,Muralapur-4,0704020013,157/*/*,1.66,0.0,OBC,small,1,AG1,KSPiB1g2,TCB,332.0,0.0,value,0.0,1.0,,0.0,,0,0,0.0,0.0,0.0,0.0,23984.0,0.0,0,0
ce38a892a8d5,Koppal,4D4A2,4D4A2M1e,Muralapur-4,0704020013,158/*/*,1.73,0.0,OBC,small,1,AG1,KSPiB1g2,TCB,346.0,0.0,value,0.0,1.0,,0.0,,0,0,0.0,0.0,0.0,0.0,24852.0,0.0,0,0
cc6d54229fc6,Koppal,4D4A2,4D4A2M1e,Muralapur-4,0704020013,194/*/5,0.8,0.0,OBC,small,0,AG2,MTLmA1g1,TCB,160.0,174.37,value,174.37,0.0,0.0,0.0,,0,0,0.0,0.0,0.0,0.0,9920.0,8962.618,1,1
110d00ba1613,Koppal,4D4A2,4D4A2M1e,Muralapur-4,0704020013,203/*/1,1.23,0.0,OTHER,small,1,AG1,KSPiB2g1Ca,TCB,246.0,0.0,value,0.0,1.0,,0.0,,0,0,0.0,0.0,0.0,0.0,18652.0,0.0,0,0
946ceeff4ba7,Koppal,4D4A2,4D4A2M1e,Muralapur-4,0704020013,203/*/2,1.25,0.0,OTHER,small,1,AG1,KSPiB2g1Ca,TCB,250.0,202.5,formula_81pct_of_proposed,,1.0,,0.0,,0,0,0.0,0.0,0.0,0.0,18900.0,10408.5,1,0
7157d0ddec7e,Koppal,4D4A2,4D4A2M1e,Muralapur-4,0805020010,186/*/1,2.0,0.0,OTHER,small,1,AG3,KVRmA1,TCB,400.0,324.0,formula_81pct_of_proposed,,2.0,,0.0,,0,0,0.0,0.0,0.0,0.0,44200.0,16653.6,1,0
16cbed7207aa,Koppal,4D4A2,4D4A2M1e,Muralapur-4,0805020010,186/*/2,8.75,0.0,OBC,medium,1,AG3,KVRmA1,TCB,1750.0,1417.5,formula_81pct_of_proposed,,3.0,,1.0,,0,0,0.0,0.0,0.0,0.0,278650.0,72859.5,1,0
8b0b0f4600ac,Koppal,4D4A2,4D4A2M1e,Muralapur-4,0805020010,187/*/*,7.22,0.0,OBC,medium,0,AG3,HDHiA1g1,TCB,1444.0,1169.64,formula_81pct_of_proposed,,3.0,,1.0,1.0,0,0,0.0,0.0,0.0,0.0,251416.0,160119.496,1,0
0bd89a1deed2,Koppal,4D4A2,4D4A2M1e,Muralapur-4,0805020010,188/*/2,0.6,0.0,OBC,small,1,AG3,KVRmA1,TCB,120.0,97.2,formula_81pct_of_proposed,,0.0,0.0,0.0,,0,0,0.0,0.0,0.0,0.0,7440.0,4996.08,1,0
d51927c1865f,Koppal,4D4A2,4D4A2M1e,Muralapur-4,0805020010,188/*/1,3.2,0.0,OTHER,medium,1,AG3,KVRmA1,TCB,640.0,518.4,formula_81pct_of_proposed,,3.0,,0.0,,0,0,0.0,0.0,0.0,0.0,167360.0,26645.76,1,0
0bd89a1deed2,Koppal,4D4A2,4D4A2M1e,Muralapur-4,0805020010,188/*/2,0.8,0.0,OTHER,small,1,AG3,KVRmA1,TCB,160.0,129.6,formula_81pct_of_proposed,,0.0,0.0,0.0,,0,0,0.0,0.0,0.0,0.0,9920.0,6661.44,1,0
0bd89a1deed2,Koppal,4D4A2,4D4A2M1e,Muralapur-4,0805020010,188/*/2,0.6,0.0,OTHER,small,1,AG3,KVRmA1,TCB,120.0,97.2,formula_81pct_of_proposed,,0.0,0.0,0.0,,0,0,0.0,0.0,0.0,0.0,7440.0,4996.08,1,0
5483bbf894dd,Koppal,4D4A2,4D4A2M1e,Muralapur-4,0805020010,188/*/3,2.43,0.0,OTHER,medium,1,AG3,KVRmA1,TCB,486.00000000000006,393.6600000000001,formula_81pct_of_proposed,,2.0,,0.0,,0,0,0.0,0.0,0.0,0.0,51854.00000000001,20234.124000000003,1,0
4ba5981d2d1a,Koppal,4D4A2,4D4A2M1e,Muralapur-4,0805020010,188/*/4,1.2,0.0,OTHER,small,1,AG3,KVRmA1,TCB,240.0,194.4,formula_81pct_of_proposed,,1.0,,0.0,,0,0,0.0,0.0,0.0,0.0,25660.0,9992.16,1,0
2ba14b09a8ac,Koppal,4D4A2,4D4A2M1e,Muralapur-4,0805020010,188/*/5,1.2,0.0,OTHER,small,1,AG3,KVRmA1,TCB,240.0,194.4,formula_81pct_of_proposed,,1.0,,0.0,,0,0,0.0,0.0,0.0,0.0,25660.0,9992.16,1,0
8293a3a7bc35,Koppal,4D4A2,4D4A2M1e,Muralapur-4,0805020010,189/*/1,3.2,0.0,OBC,medium,0,AG3,KVRmA2,TCB,640.0,0.0,value,0.0,3.0,,0.0,,0,0,0.0,0.0,0.0,0.0,167360.0,0.0,0,0
1384d3474ca8,Koppal,4D4A2,4D4A2M1e,Muralapur-4,0805020010,189/*/2,3.01,0.0,OBC,medium,1,AG3,KVRmA2,TCB,602.0,0.0,value,0.0,3.0,,0.0,,0,0,0.0,0.0,0.0,0.0,66478.0,0.0,0,0
ae8a6dcf33ad,Koppal,4D4A2,4D4A2M1e,Muralapur-4,0805020010,189/*/3,3.0,0.0,ST,medium,1,AG3,KVRmA2,TCB,600.0,0.0,value,0.0,3.0,,1.0,,0,0,0.0,0.0,0.0,0.0,176300.0,0.0,0,0
7eadf8494064,Koppal,4D4A2,4D4A2M1e,Muralapur-4,0805020010,190/*/1,2.03,0.0,OTHER,small,1,AG3,HDHiA1g1,TCB,405.99999999999994,328.8599999999999,formula_81pct_of_proposed,,2.0,,0.0,,0,0,0.0,0.0,0.0,0.0,44733.99999999999,16903.403999999995,1,0
cb7543d0dd54,Koppal,4D4A2,4D4A2M1e,Muralapur-4,0805020010,190/*/2,2.0,0.0,OTHER,small,1,AG3,HDHiA1g1,TCB,400.0,324.0,formula_81pct_of_proposed,,2.0,,0.0,,0,0,0.0,0.0,0.0,0.0,44200.0,16653.6,1,0
9958e41d57ea,Koppal,4D4A2,4D4A2M1e,Muralapur-4,0805020010,190/*/3,2.0,0.0,OBC,small,0,AG3,HDHiA1g1,TCB,400.0,324.0,formula_81pct_of_proposed,,2.0,,0.0,,0,0,0.0,0.0,0.0,0.0,44200.0,16653.6,1,0
99f0904508c8,Koppal,4D4A2,4D4A2M1e,Muralapur-4,0805020010,190/*/4,1.0,0.0,OBC,small,1,AG3,HDHiA1g1,TCB,200.0,162.0,formula_81pct_of_proposed,,0.0,0.0,0.0,,0,0,0.0,0.0,0.0,0.0,17800.0,8326.8,1,0
531c3d18097e,Koppal,4D4A2,4D4A2M1e,Muralapur-4,0805020010,190/*/5,1.0,0.0,OTHER,small,1,AG3,HDHiA1g1,TCB,200.0,162.0,formula_81pct_of_proposed,,0.0,0.0,0.0,,0,0,0.0,0.0,0.0,0.0,17800.0,8326.8,1,0
b8469a507e9b,Koppal,4D4A2,4D4A2M1e,Muralapur-4,0805020010,190/*/6,1.05,0.0,OTHER,small,1,AG3,HDHiA1g1,TCB,210.0,170.1,formula_81pct_of_proposed,,1.0,,0.0,,0,0,0.0,0.0,0.0,0.0,22990.0,8743.14,1,0
b62577dc4b61,Koppal,4D4A2,4D4A2M1e,Muralapur-4,0805020010,190/*/7,1.05,0.0,OBC,small,1,AG3,HDHiA1g1,TCB,210.0,170.1,formula_81pct_of_proposed,,1.0,,0.0,,0,0,0.0,0.0,0.0,0.0,22990.0,8743.14,1,0
edc22994054e,Koppal,4D4A2,4D4A2M1e,Muralapur-4,0805020010,191/*/*,6.71,0.0,OBC,medium,0,AG1,HDHiA1g1,TCB,1342.0,1087.02,formula_81pct_of_proposed,,3.0,,1.0,1.0,0,0,0.0,0.0,0.0,0.0,242338.0,155872.82799999998,1,0
58b44cc31b55,Koppal,4D4A2,4D4A2M1e,Muralapur-4,0805020010,192/*/1,2.0,0.0,OBC,small,0,AG3,HDHiA1g1,TCB,400.0,324.0,formula_81pct_of_proposed,,2.0,,0.0,,0,0,0.0,0.0,0.0,0.0,44200.0,16653.6,1,0
1af7c5759a08,Koppal,4D4A2,4D4A2M1e,Muralapur-4,0805020010,192/*/2,0.28,0.0,OTHER,small,1,AG3,HDHiA1g1,TCB,56.00000000000001,0.0,value,0.0,0.0,0.0,0.0,,0,0,0.0,0.0,0.0,0.0,3472.0000000000005,0.0,0,0
1af7c5759a08,Koppal,4D4A2,4D4A2M1e,Muralapur-4,0805020010,192/*/2,0.83,0.0,OTHER,small,1,AG3,HDHiA1g1,TCB,166.0,134.46,formula_81pct_of_proposed,,0.0,0.0,0.0,,0,0,0.0,0.0,0.0,0.0,10292.0,6911.244000000001,1,0
c5c877ea6e80,Koppal,4D4A2,4D4A2M1e,Muralapur-4,0805020010,192/*/3,0.55,0.0,OTHER,small,1,AG3,HDHiA1g1,TCB,110.00000000000001,0.0,value,0.0,0.0,0.0,0.0,,0,0,0.0,0.0,0.0,0.0,6820.000000000001,0.0,0,0
c5c877ea6e80,Koppal,4D4A2,4D4A2M1e,Muralapur-4,0805020010,192/*/3,0.55,0.0,OTHER,small,1,AG3,HDHiA1g1,TCB,110.00000000000001,89.10000000000002,formula_81pct_of_proposed,,0.0,0.0,0.0,,0,0,0.0,0.0,0.0,0.0,6820.000000000001,4579.740000000001,1,0
7af9f36631a5,Koppal,4D4A2,4D4A2M1e,Muralapur-4,0805020010,192/*/4,0.82,0.0,OTHER,small,1,AG3,HDHiA1g1,TCB,164.0,132.84,formula_81pct_of_proposed,,0.0,0.0,0.0,,0,0,0.0,0.0,0.0,0.0,10168.0,6827.976,1,0
7af9f36631a5,Koppal,4D4A2,4D4A2M1e,Muralapur-4,0805020010,192/*/4,0.28,0.0,OTHER,small,1,AG3,HDHiA1g1,TCB,56.00000000000001,45.36000000000001,formula_81pct_of_proposed,,0.0,0.0,0.0,,0,0,0.0,0.0,0.0,0.0,3472.0000000000005,2331.5040000000004,1,0
01b2063ef40c,Koppal,4D4A2,4D4A2M1e,Muralapur-4,0805010001,83/*/4,1.48,1.0,OBC,small,1,AG3,HDHiA1g1,TCB,296.0,239.76,formula_81pct_of_proposed,,1.0,,0.0,,0,0,0.0,0.0,0.0,0.0,30644.0,12323.663999999999,1,0
8669d47fec52,Koppal,4D4A2,4D4A2M1e,Muralapur-4,0805010001,84/*/1,2.2,0.0,OBC,medium,1,AG3,HDHiA1g1,TCB,440.00000000000006,0.0,value,0.0,2.0,,0.0,,0,0,0.0,0.0,0.0,0.0,47760.00000000001,0.0,0,0
29fffd6b5c3c,Koppal,4D4A2,4D4A2M1e,Muralapur-4,0805010001,85/*/9,0.55,0.0,OBC,small,1,AG3,HDHiA1g1,TCB,110.00000000000001,89.10000000000002,formula_81pct_of_proposed,,0.0,0.0,0.0,,0,0,0.0,0.0,0.0,0.0,6820.000000000001,4579.740000000001,1,0
0b43b8ab60af,Koppal,4D4A2,4D4A2M1e,Muralapur-4,0805010001,85/*/1+2ಅ/2,0.34,1.0,OBC,small,1,AG3,HDHiA1g1,TCB,68.0,55.08,formula_81pct_of_proposed,,0.0,0.0,0.0,,0,0,0.0,0.0,0.0,0.0,4216.0,2831.1119999999996,1,0
7674f185475e,Koppal,4D4A2,4D4A2M1e,Muralapur-4,0805010001,85/*/1+2ಅ/3,0.34,0.0,OBC,small,1,AG3,HDHiA1g1,TCB,68.0,0.0,value,0.0,0.0,0.0,0.0,,0,0,0.0,0.0,0.0,0.0,4216.0,0.0,0,0
fff41d630882,Koppal,4D4A2,4D4A2M1e,Muralapur-4,0805010001,85/*/1+2ಅ/4,0.34,0.0,OBC,small,1,AG3,HDHiA1g1,TCB,68.0,55.08,formula_81pct_of_proposed,,0.0,0.0,0.0,,0,0,0.0,0.0,0.0,0.0,4216.0,2831.1119999999996,1,0
c19171f2729a,Koppal,4D4A2,4D4A2M1e,Muralapur-4,0805010001,85/*/1+2ಅ/5,0.34,0.0,OBC,small,1,AG3,HDHiA1g1,TCB,68.0,0.0,value,0.0,0.0,0.0,0.0,,0,0,0.0,0.0,0.0,0.0,4216.0,0.0,0,0
5359793299ed,Koppal,4D4A2,4D4A2M1e,Muralapur-4,0805010001,85/*/1+2ಅ/6,0.34,0.0,OBC,small,1,AG3,HDHiA1g1,TCB,68.0,55.08,formula_81pct_of_proposed,,0.0,0.0,0.0,,0,0,0.0,0.0,0.0,0.0,4216.0,2831.1119999999996,1,0
479cf9b3aa79,Koppal,4D4A2,4D4A2M1e,Muralapur-4,0805010001,85/*/1+2ಅ/ಬ1,0.28,1.0,OBC,small,1,AG3,HDHiA1g1,TCB,56.00000000000001,45.36000000000001,formula_81pct_of_proposed,,0.0,0.0,0.0,,0,0,0.0,0.0,0.0,0.0,3472.0000000000005,2331.5040000000004,1,0
85be301587cb,Koppal,4D4A2,4D4A2M1e,Muralapur-4,0805010001,85/*/1+2ಅ/ಬ2,0.28,0.0,OBC,small,1,AG3,HDHiA1g1,TCB,56.00000000000001,45.36000000000001,formula_81pct_of_proposed,,0.0,0.0,0.0,,0,0,0.0,0.0,0.0,0.0,3472.0000000000005,2331.5040000000004,1,0
1a5d5dabdd4d,Koppal,4D4A2,4D4A2M1e,Muralapur-4,0805010001,85/*/1+2ಅ/ಬ3,0.28,0.0,OBC,small,1,AG3,HDHiA1g1,TCB,56.00000000000001,45.36000000000001,formula_81pct_of_proposed,,0.0,0.0,0.0,,0,0,0.0,0.0,0.0,0.0,3472.0000000000005,2331.5040000000004,1,0
6b2a2f496b5a,Koppal,4D4A2,4D4A2M1e,Muralapur-4,0805010001,85/*/1+2ಅ/ಬ4,0.28,0.0,OBC,small,1,AG3,HDHiA1g1,TCB,56.00000000000001,45.36000000000001,formula_81pct_of_proposed,,0.0,0.0,0.0,,0,0,0.0,0.0,0.0,0.0,3472.0000000000005,2331.5040000000004,1,0
bbf22062562a,Koppal,4D4A2,4D4A2M1e,Muralapur-4,0805010001,85/*/1+2ಅ/ಬ5,0.28,0.0,OBC,small,1,AG3,HDHiA1g1,TCB,56.00000000000001,45.36000000000001,formula_81pct_of_proposed,,0.0,0.0,0.0,,0,0,0.0,0.0,0.0,0.0,3472.0000000000005,2331.5040000000004,1,0
36ee3525d8f9,Koppal,4D4A2,4D4A2M1e,Muralapur-4,0805010001,85/*/3,1.17,0.0,OBC,small,1,AG3,HDHiA1g1,TCB,234.0,189.54,formula_81pct_of_proposed,,1.0,,0.0,,0,0,0.0,0.0,0.0,0.0,25126.0,9742.356,1,0
267e1b0905fe,Koppal,4D4A2,4D4A2M1e,Muralapur-4,0805010001,85/*/2ಬ,0.56,1.0,OBC,small,1,AG3,HDHiA1g1,TCB,112.00000000000001,90.72000000000001,formula_81pct_of_proposed,,0.0,0.0,0.0,,0,0,0.0,0.0,0.0,0.0,6944.000000000001,4663.008000000001,1,0
c71a357cfc12,Koppal,4D4A2,4D4A2M1e,Muralapur-4,0805010001,161/*/5,2.09,1.0,OBC,medium,1,AG4,BPRiA1g1,TCB,418.0,338.58,formula_81pct_of_proposed,,2.0,,0.0,,0,0,0.0,0.0,0.0,0.0,34516.0,17403.012,1,0
dc74d76450d9,Koppal,4D4A2,4D4A2M1e,Muralapur-4,0805010001,162/*/1+2+3+4+5/ಕ,1.78,0.0,OBC,small,1,AG4,BPRiA1g1,TCB,356.0,0.0,value,0.0,1.0,,0.0,,0,0,0.0,0.0,0.0,0.0,25472.0,0.0,0,0
3288766f75d8,Koppal,4D4A2,4D4A2M1e,Muralapur-4,0805010001,162/*/1+2+3+4+5/ಡ,1.78,0.0,OBC,small,1,AG4,BPRiA1g1,TCB,356.0,0.0,value,0.0,1.0,,0.0,,0,0,0.0,0.0,0.0,0.0,25472.0,0.0,0,0
8039a7800eb2,Koppal,4D4A2,4D4A2M1e,Muralapur-4,0805010001,162/*/1+2+3+4+5/ಬ,1.78,0.0,OBC,small,1,AG4,BPRiA1g1,TCB,356.0,288.36,formula_81pct_of_proposed,,1.0,,0.0,,0,0,0.0,0.0,0.0,0.0,25472.0,14821.704,1,0
010418ef9cae,Koppal,4D4A2,4D4A2M1e,Muralapur-4,0805010001,163/*/1,3.2,0.0,OBC,medium,0,AG4,BPRiA1g1,TCB,640.0,518.4,formula_81pct_of_proposed,,3.0,,0.0,,0,0,0.0,0.0,0.0,0.0,150080.0,26645.76,1,0
4274395e495a,Koppal,4D4A2,4D4A2M1e,Muralapur-4,0805010001,163/*/2,6.59,0.0,OBC,medium,0,AG4,BPRiA1g1,TCB,1318.0,1067.58,formula_81pct_of_proposed,,3.0,,1.0,1.0,0,0,0.0,0.0,0.0,0.0,204616.0,149873.612,1,0
9ff59d0484e8,Koppal,4D4A2,4D4A2M1e,Muralapur-4,0805010001,164/*/*,10.45,1.0,OBC,large,0,AG4,BPRiA1g1,TCB,2090.0,1692.9,formula_81pct_of_proposed,,3.0,,1.0,,0,0,0.0,0.0,0.0,0.0,252480.0,87015.06,1,0
d5d5c3ad7846,Koppal,4D4A2,4D4A2M1e,Muralapur-4,0805010001,166/*/3,1.8,0.0,OBC,small,1,AG4,KVRmA2g1Ca,TCB,360.0,291.6,formula_81pct_of_proposed,,1.0,,0.0,,0,0,0.0,0.0,0.0,0.0,36340.0,14988.240000000002,1,0
64c335fb1c44,Koppal,4D4A2,4D4A2M1e,Muralapur-4,0805010001,166/*/1,1.69,0.0,OBC,small,0,AG4,KVRmA2g1Ca,TCB,338.0,273.78,formula_81pct_of_proposed,,1.0,,0.0,,0,0,0.0,0.0,0.0,0.0,34382.0,14072.291999999998,1,0
3adcd6324cee,Koppal,4D4A2,4D4A2M1e,Muralapur-4,0805010001,166/*/5,1.51,0.0,OBC,small,1,AG4,KVRmA2g1Ca,TCB,302.0,0.0,value,0.0,1.0,,0.0,,0,0,0.0,0.0,0.0,0.0,31178.0,0.0,0,0
17cccd48d982,Koppal,4D4A2,4D4A2M1e,Muralapur-4,0805010001,168/*/1,3.68,0.0,OBC,medium,1,AG4,BPRiA1g1,TCB,736.0,596.16,formula_81pct_of_proposed,,3.0,,0.0,,0,1,0.0,0.0,0.0,0.0,156032.0,163929.624,1,1
297fb0286fc1,Koppal,4D4A2,4D4A2M1e,Muralapur-4,0805010001,169/*/*,8.13,0.0,OBC,medium,1,AG4,BPRiA1g1,TCB,1626.0000000000002,1317.0600000000004,formula_81pct_of_proposed,,3.0,,1.0,1.0,0,0,0.0,0.0,0.0,0.0,223712.0,177696.88400000002,1,0
37583be09b32,Koppal,4D4A2,4D4A2M1e,Muralapur-4,0805010001,170/*/1,1.54,0.0,OBC,small,1,AG4,BPRiA1g1,TCB,308.0,249.48,formula_81pct_of_proposed,,1.0,,0.0,,0,0,0.0,0.0,0.0,0.0,22496.0,12823.271999999999,1,0
66530b8c1e49,Koppal,4D4A2,4D4A2M1e,Muralapur-4,0805010001,170/*/2,2.9,1.0,OBC,medium,1,AG4,BPRiA1g1,TCB,580.0,469.8,formula_81pct_of_proposed,,2.0,,0.0,,0,0,0.0,0.0,0.0,0.0,44560.0,24147.72,1,0
0c4ae8b55a77,Koppal,4D4A2,4D4A2M1e,Muralapur-4,0805010001,170/*/3,2.01,0.0,OBC,medium,1,AG4,BPRiA1g1,TCB,401.99999999999994,325.61999999999995,formula_81pct_of_proposed,,2.0,,0.0,,0,0,0.0,0.0,0.0,0.0,33524.0,16736.868,1,0
bdaede7484e1,Koppal,4D4A2,4D4A2M1e,Muralapur-4,0805010001,170/*/4,2.01,1.0,OBC,medium,1,AG4,BPRiA1g1,TCB,401.99999999999994,325.61999999999995,formula_81pct_of_proposed,,2.0,,0.0,,0,0,0.0,0.0,0.0,0.0,33524.0,16736.868,1,0
2311b2f80e12,Koppal,4D4A2,4D4A2M1e,Muralapur-4,0704020016,11/*/1,2.28,0.0,OBC,small,0,AG2,RNKmB1g2,TCB,455.99999999999994,259.78,value,259.78,2.0,1.0,0.0,,0,0,0.0,0.0,0.0,0.0,35072.0,17180.692,1,1
ce874676822d,Koppal,4D4A2,4D4A2M1e,Muralapur-4,0704020016,11/*/2,2.28,0.0,OBC,small,0,AG2,RNKmB1g2,TCB,455.99999999999994,240.77,value,240.77,2.0,1.0,0.0,,0,0,0.0,0.0,0.0,0.0,35072.0,16203.578,1,1
5d7d9b0054c7,Koppal,4D4A2,4D4A2M1e,Muralapur-4,0704020016,16/*/1,2.55,0.0,OBC,medium,0,AG2,BGPmB2g1Ca,TCB,509.99999999999994,781.18,value,781.18,2.0,2.0,0.0,,0,0,0.0,0.0,0.0,0.0,53989.99999999999,47672.651999999995,1,1
30d0d915be5a,Koppal,4D4A2,4D4A2M1e,Muralapur-4,0704020016,22/*/1,1.75,0.0,OBC,small,1,AG2,KVRmA2g1Ca,TCB,350.0,376.46,value,376.46,1.0,1.0,0.0,,0,0,277.0,0.0,0.0,0.0,75403.0,23111.043999999998,1,1
7a9e6f1e3495,Koppal,4D4A2,4D4A2M1e,Muralapur-4,0704020016,25/*/1,1.54,0.0,OBC,small,0,AG2,KVRmA2g1Ca,TCB,308.0,319.97,value,319.97,1.0,1.0,0.0,,0,0,0.0,0.0,0.0,0.0,31712.0,20207.458000000002,1,1
2d2da8f2c3db,Koppal,4D4A2,4D4A2M1e,Muralapur-4,0704020016,23/*/1,0.85,0.0,OTHER,small,1,AG2,KVRmA2g1Ca,TCB,170.0,536.45,value,536.45,0.0,0.0,0.0,,0,0,0.0,0.0,0.0,0.0,10540.0,27573.530000000002,1,1
e007d0f001db,Koppal,4D4A2,4D4A2M1e,Muralapur-4,0704020016,12/*/4,1.78,0.0,OTHER,small,1,AG2,BGPmB2g1Ca,TCB,356.0,642.4,value,642.4,1.0,1.0,0.0,,0,0,0.0,0.0,0.0,0.0,35984.0,36847.36,1,1
3d9edaffa508,Koppal,4D4A2,4D4A2M1e,Muralapur-4,0704020016,16/*/2,2.55,0.0,OBC,medium,0,AG2,BGPmB2g1Ca,TCB,509.99999999999994,639.94,value,639.94,2.0,2.0,0.0,,0,0,0.0,0.0,0.0,0.0,53989.99999999999,40412.916000000005,1,1
09e020177568,Koppal,4D4A2,4D4A2M1e,Muralapur-4,0704020016,12/*/1,1.05,0.0,OTHER,small,1,AG2,BGPmB2g1Ca,TCB,210.0,224.63,value,224.63,1.0,1.0,0.0,,0,0,0.0,0.0,0.0,0.0,22990.0,15373.982,1,1
c5b2752c5f9e,Koppal,4D4A2,4D4A2M1e,Muralapur-4,0704020016,12/*/2,1.0,1.0,OTHER,small,1,AG2,BGPmB2g1Ca,TCB,200.0,319.97,value,319.97,0.0,1.0,0.0,,0,0,0.0,0.0,0.0,0.0,17800.0,20274.458000000002,1,1
fde1dfc3c856,Koppal,4D4A2,4D4A2M1e,Muralapur-4,0704020016,16/*/3,1.6,0.0,OBC,small,0,AG2,BGPmB2g1Ca,TCB,320.0,259.2,formula_81pct_of_proposed,,1.0,,0.0,,0,0,0.0,0.0,0.0,0.0,32780.0,13322.88,1,0
2575f3ad70dd,Koppal,4D4A2,4D4A2M1e,Muralapur-4,0704020016,10/*/*,2.55,0.0,OBC,medium,0,AG2,MTLmB2g2,TCB,509.99999999999994,668.18,value,668.18,2.0,,0.0,,0,0,0.0,0.0,40.0,0.0,44020.0,34344.452,1,1
c93dd91b4642,Koppal,4D4A2,4D4A2M1e,Muralapur-4,0704020016,25/*/3,2.35,0.0,OBC,small,0,AG2,KVRmA2g1Ca,TCB,470.0,634.35,value,634.35,2.0,,0.0,,0,0,0.0,0.0,0.0,0.0,50430.0,32605.59,1,1
c3258923a6d2,Koppal,4D4A2,4D4A2M1e,Muralapur-4,0704020016,28/*/2,1.46,0.0,OBC,small,0,AG2,KVRmA2g1Ca,TCB,292.0,236.52,formula_81pct_of_proposed,,1.0,,0.0,,0,0,277.0,0.0,0.0,0.0,70241.0,12157.128,1,0
2575f3ad70dd,Koppal,4D4A2,4D4A2M1e,Muralapur-4,0704020016,10/*/*,1.6,0.0,OTHER,small,1,AG2,MTLmB2g2,TCB,320.0,376.46,value,376.46,1.0,,0.0,,0,0,0.0,0.0,40.0,0.0,27040.0,19350.043999999998,1,1
2575f3ad70dd,Koppal,4D4A2,4D4A2M1e,Muralapur-4,0704020016,10/*/*,2.49,1.0,OBC,medium,0,AG2,MTLmB2g2,TCB,498.00000000000006,894.17,value,894.17,2.0,,0.0,,0,0,0.0,0.0,40.0,0.0,43276.0,45960.337999999996,1,1
7a0a52ff676e,Koppal,4D4A2,4D4A2M1e,Muralapur-4,0704020016,22/*/2,3.84,0.0,OTHER,medium,1,AG2,KVRmA2g1Ca,TCB,768.0,588.06,value,588.06,3.0,2.0,0.0,,0,0,277.0,0.0,0.0,0.0,121205.0,37748.284,1,1
30d0d915be5a,Koppal,4D4A2,4D4A2M1e,Muralapur-4,0704020016,22/*/1,0.4,0.0,OBC,small,1,AG2,KVRmA2g1Ca,TCB,80.0,188.23,value,188.23,0.0,0.0,0.0,,0,0,0.0,0.0,0.0,0.0,4960.0,9675.021999999999,1,1
14a19217e7ae,Koppal,4D4A2,4D4A2M1e,Muralapur-4,0704020016,24/*/2,3.7,0.0,OBC,medium,0,AG2,KVRmA2g1Ca,TCB,740.0,842.03,value,842.03,3.0,2.0,0.0,,0,0,0.0,0.0,0.0,0.0,78760.0,50802.342,1,1
b15d63beb84c,Koppal,4D4A2,4D4A2M1e,Muralapur-4,0704020016,25/*/2,1.54,0.0,OBC,small,1,AG2,KVRmA2g1Ca,TCB,308.0,348.22,value,348.22,1.0,1.0,0.0,,0,0,0.0,0.0,0.0,0.0,31712.0,21659.508,1,1
fd9d8048df8a,Koppal,4D4A2,4D4A2M1e,Muralapur-4,0704020016,23/*/2,0.78,0.0,OBC,small,1,AG2,KVRmA2g1Ca,TCB,156.0,126.36,formula_81pct_of_proposed,,0.0,0.0,0.0,,0,0,0.0,0.0,0.0,0.0,9672.0,6494.9039999999995,1,0
1f1063dd78ea,Koppal,4D4A2,4D4A2M1e,Muralapur-4,0704020016,28/*/3,1.46,0.0,OBC,small,1,AG2,KVRmA2g1Ca,TCB,292.0,236.52,formula_81pct_of_proposed,,1.0,,0.0,,0,0,277.0,0.0,0.0,0.0,70241.0,12157.128,1,0
a5778f73ae1b,Koppal,4D4A2,4D4A2M1e,Muralapur-4,0704020016,28/*/1,1.46,1.0,OBC,small,0,AG2,KVRmA2g1Ca,TCB,292.0,236.52,formula_81pct_of_proposed,,1.0,,0.0,,0,0,277.0,0.0,0.0,0.0,70241.0,12157.128,1,0
bee6c6ae1d15,Koppal,4D4A2,4D4A2M1e,Muralapur-4,0704020016,8/*/2,1.22,0.0,OBC,small,1,AG2,RNKmB1g2,TCB,244.0,177.41,value,177.41,1.0,1.0,0.0,,0,0,0.0,0.0,40.0,0.0,22328.0,12947.874,1,1
60c9f4ad18a3,Koppal,4D4A2,4D4A2M1e,Muralapur-4,0704020016,24/*/1,1.06,0.0,OBC,small,0,AG2,KVRmA2g1Ca,TCB,212.0,470.45,value,470.45,1.0,,0.0,,0,0,0.0,0.0,0.0,0.0,23168.0,24181.129999999997,1,1
1c7675ce4cef,Koppal,4D4A2,4D4A2M1e,Muralapur-4,0704020016,8/*/3,2.0,0.0,OBC,small,1,AG2,RNKmB1g2,TCB,400.0,196.42,value,196.42,2.0,,0.0,,0,0,0.0,0.0,40.0,0.0,35400.0,10095.988,1,1
dec674d2bb9f,Koppal,4D4A2,4D4A2M1e,Muralapur-4,0704020016,6/*/2,2.0,0.0,OBC,small,1,AG2,RNKmB1g2,TCB,400.0,402.34,value,402.34,2.0,,0.0,,0,0,0.0,0.0,40.0,0.0,35400.0,20680.275999999998,1,1
14a19217e7ae,Koppal,4D4A2,4D4A2M1e,Muralapur-4,0704020016,24/*/2,3.7,0.0,OBC,medium,0,AG2,KVRmA2g1Ca,TCB,740.0,0.0,value,0.0,3.0,,0.0,,0,0,0.0,0.0,0.0,0.0,78760.0,0.0,0,0
08803878aba7,Koppal,4D4A2,4D4A2M1e,Muralapur-4,0704020016,8/*/4,2.0,0.0,OTHER,small,1,AG2,RNKmB1g2,TCB,400.0,196.42,value,196.42,2.0,1.0,0.0,,0,0,0.0,0.0,40.0,0.0,35400.0,13924.988,1,1
750fe17cb4c1,Koppal,4D4A2,4D4A2M1e,Muralapur-4,0704020016,9/*/1,0.7,0.0,OBC,small,0,AG2,RNKmB1g2,TCB,140.0,196.42,value,196.42,0.0,1.0,0.0,,0,0,0.0,0.0,0.0,0.0,8680.0,13923.988,1,1
d96c8c9c32b8,Koppal,4D4A2,4D4A2M1e,Muralapur-4,0704020016,6/*/3,2.0,0.0,OBC,small,1,AG2,RNKmB1g2,TCB,400.0,430.85,value,430.85,2.0,1.0,0.0,,0,0,0.0,0.0,40.0,0.0,35400.0,25974.690000000002,1,1
247d354bc4b6,Koppal,4D4A2,4D4A2M1e,Muralapur-4,0704020016,9/*/2,0.7,0.0,ST,small,1,AG2,RNKmB1g2,TCB,140.0,272.45,value,272.45,0.0,0.0,0.0,,0,0,0.0,0.0,0.0,0.0,8680.0,14003.929999999998,1,1
8315f8d8b5cf,Koppal,4D4A2,4D4A2M1e,Muralapur-4,0704020016,12/*/3,1.3,0.0,OTHER,small,1,AG2,BGPmB2g1Ca,TCB,260.0,206.98,value,206.98,1.0,,0.0,,0,0,0.0,0.0,40.0,0.0,31240.0,10638.771999999999,1,1
8ed3ddc613c6,Koppal,4D4A2,4D4A2M1e,Muralapur-4,0704020016,16/*/4,1.6,0.0,OBC,small,0,AG2,BGPmB2g1Ca,TCB,320.0,319.97,value,319.97,1.0,1.0,0.0,,0,0,0.0,0.0,40.0,95.0,36580.0,29231.458000000002,1,1
7a0a52ff676e,Koppal,4D4A2,4D4A2M1e,Muralapur-4,0704020016,22/*/2,3.84,0.0,OTHER,medium,1,AG2,KVRmA2g1Ca,TCB,768.0,0.0,value,0.0,3.0,,0.0,,0,0,100.0,0.0,0.0,0.0,102850.0,0.0,0,0
74621fb6ffc8,Koppal,4D4A2,4D4A2M1e,Muralapur-4,0704020016,6/*/1,2.0,0.0,OTHER,small,1,AG2,RNKmB1g2,TCB,400.0,0.0,value,0.0,2.0,,0.0,,0,0,0.0,0.0,40.0,0.0,35400.0,0.0,0,0
722c490f3c7b,Koppal,4D4A2,4D4A2M1e,Muralapur-4,0704020016,6/*/4,2.29,0.0,OBC,small,0,AG2,RNKmB1g2,TCB,458.0,468.86,value,468.86,2.0,1.0,0.0,,0,0,0.0,0.0,0.0,0.0,35196.0,27928.404,1,1
5f082f4261ff,Koppal,4D4A2,4D4A2M1e,Muralapur-4,0704020016,8/*/1,1.22,0.0,OBC,small,1,AG2,RNKmB1g2,TCB,244.0,164.74,value,164.74,1.0,1.0,0.0,,0,0,0.0,0.0,40.0,0.0,22328.0,12295.636,1,1
366dc4f73d65,Koppal,4D4A2,4D4A2M1e,Muralapur-4,0704020016,9/*/3,1.4,0.0,OBC,small,1,AG2,RNKmB1g2,TCB,280.0,392.83,value,392.83,1.0,,0.0,,0,0,0.0,0.0,40.0,0.0,24560.0,20191.462,1,1
0651738200bf,Koppal,4D4A2,4D4A2M2a,Gatareddihal-4,0805020013,44/*/*,6.7,0.0,OTHER,medium,1,AG1,BGPmB1g1Ca,TCB,1340.0,1306.38,value,1306.38,3.0,2.0,1.0,,0,0,0.0,0.0,0.0,0.0,242160.0,74681.932,1,1
fe7ed64e3e52,Koppal,4D4A2,4D4A2M2a,Gatareddihal-4,0805020013,94/*/1A,0.81,0.0,ST,small,1,AG1,BGPmB1g1Ca,TCB,162.0,202.61,value,202.61,0.0,1.0,0.0,,0,0,0.0,0.0,0.0,0.0,10044.0,14181.154,1,1
77da39537754,Koppal,4D4A2,4D4A2M2a,Gatareddihal-4,0805020013,94/*/1B,0.84,0.0,ST,small,1,AG1,BGPmB1g1Ca,TCB,168.0,174.36,value,174.36,0.0,1.0,0.0,,0,0,0.0,0.0,0.0,0.0,10416.0,12729.104000000001,1,1
cadf29628238,Koppal,4D4A2,4D4A2M2a,Gatareddihal-4,0805020013,94/*/1C,0.82,0.0,ST,small,1,AG1,BGPmB1g1Ca,TCB,164.0,131.99,value,131.99,0.0,0.0,0.0,,0,0,0.0,0.0,0.0,0.0,10168.0,6784.286,1,1
ae092d30fc13,Koppal,4D4A2,4D4A2M2a,Gatareddihal-4,0805020013,94/*/2,0.4,0.0,OBC,small,0,AG1,BGPmB1g1Ca,TCB,80.0,207.51,value,207.51,0.0,0.0,0.0,,0,0,0.0,0.0,0.0,0.0,4960.0,10666.014,1,1
ab36f3ca233c,Koppal,4D4A2,4D4A2M2a,Gatareddihal-4,0805020013,94/*/3,0.4,0.0,OBC,small,0,AG1,BGPmB1g1Ca,TCB,80.0,207.51,value,207.51,0.0,0.0,0.0,,0,0,0.0,0.0,0.0,0.0,4960.0,10666.014,1,1
515cd83d4399,Koppal,4D4A2,4D4A2M2a,Gatareddihal-4,0805020013,94/*/4,0.4,0.0,OTHER,small,1,AG1,BGPmB1g1Ca,TCB,80.0,221.62,value,221.62,0.0,1.0,0.0,,0,0,0.0,0.0,0.0,0.0,4960.0,15158.268,1,1
3eaf4aa353a0,Koppal,4D4A2,4D4A2M2a,Gatareddihal-4,0805020013,94/*/5,0.91,0.0,OBC,small,0,AG1,BGPmB1g1Ca,TCB,182.0,193.37,value,193.37,0.0,0.0,0.0,,0,0,0.0,0.0,0.0,0.0,11284.0,9939.218,1,1
59acd0c011d6,Koppal,4D4A2,4D4A2M2a,Gatareddihal-4,0805020013,94/*/6,0.91,0.0,OBC,small,1,AG1,BGPmB1g1Ca,TCB,182.0,183.87,value,183.87,0.0,0.0,0.0,,0,0,0.0,0.0,0.0,0.0,11284.0,9450.918,1,1
9a8da4461a17,Koppal,4D4A2,4D4A2M2a,Gatareddihal-4,0805020013,95/*/1,1.4,0.0,OBC,small,0,AG1,BGPmB1g1Ca,TCB,280.0,221.62,value,221.62,1.0,1.0,0.0,,0,0,0.0,0.0,0.0,0.0,29220.0,15158.268,1,1
4dcd69789591,Koppal,4D4A2,4D4A2M2a,Gatareddihal-4,0805020013,95/*/2,5.86,0.0,OTHER,medium,1,AG1,BGPmB1g1Ca,TCB,1172.0,797.38,value,797.38,3.0,3.0,1.0,1.0,0,1,0.0,0.0,0.0,0.0,324708.0,237851.332,1,1
c3c61e13f872,Koppal,4D4A2,4D4A2M2a,Gatareddihal-4,0805020013,96/*/1,1.43,0.0,ST,small,1,AG1,BGPmB1g1Ca,TCB,286.0,443.24,value,443.24,1.0,,0.0,,0,0,0.0,0.0,0.0,0.0,29754.0,22782.536,1,1
c3c61e13f872,Koppal,4D4A2,4D4A2M2a,Gatareddihal-4,0805020013,96/*/1,1.2,0.0,OBC,small,0,AG1,BGPmB1g1Ca,TCB,240.0,244.98,value,244.98,1.0,,0.0,,0,0,0.0,0.0,0.0,0.0,25660.0,12591.972,1,1
c3c61e13f872,Koppal,4D4A2,4D4A2M2a,Gatareddihal-4,0805020013,96/*/1,1.2,0.0,OBC,small,0,AG1,BGPmB1g1Ca,TCB,240.0,263.99,value,263.99,1.0,,0.0,,0,0,0.0,0.0,0.0,0.0,25660.0,13569.086,1,1
bab314ae5186,Koppal,4D4A2,4D4A2M2a,Gatareddihal-4,0805020013,96/*/2A,1.2,0.0,OBC,small,0,AG1,BGPmB1g1Ca,TCB,240.0,183.87,value,183.87,1.0,1.0,0.0,,0,0,0.0,0.0,0.0,0.0,25660.0,13217.918,1,1
443bc41b0402,Koppal,4D4A2,4D4A2M2a,Gatareddihal-4,0805020013,96/*/2B,2.78,0.0,OBC,medium,0,AG1,BGPmB1g1Ca,TCB,556.0,160.24,value,160.24,2.0,,0.0,,0,0,0.0,0.0,0.0,0.0,58084.0,8236.336,1,1
717f7f70999e,Koppal,4D4A2,4D4A2M2a,Gatareddihal-4,0704020014,19/*/1,1.33,0.0,ST,small,1,AG1,KVRmB2g1Ca,TCB,266.0,188.75,value,188.75,1.0,1.0,0.0,,0,0,0.0,0.0,0.0,0.0,27974.0,13734.75,1,1
ec077d35fac3,Koppal,4D4A2,4D4A2M2a,Gatareddihal-4,0704020014,20/*/1,1.15,0.0,OTHER,small,1,AG1,KVRmB2g1Ca,TCB,229.99999999999997,160.24,value,160.24,1.0,1.0,0.0,,0,0,0.0,0.0,0.0,0.0,24769.999999999996,11980.336,1,1
8e1f6f765836,Koppal,4D4A2,4D4A2M2a,Gatareddihal-4,0704020014,21/*/1,1.12,1.0,OBC,small,0,AG1,KVRmB2g1Ca,TCB,224.00000000000003,264.79,value,264.79,1.0,1.0,0.0,,0,0,0.0,0.0,0.0,0.0,24236.000000000004,17354.206,1,1
4bb80742eef4,Koppal,4D4A2,4D4A2M2a,Gatareddihal-4,0704020014,21/*/3,1.12,0.0,OTHER,small,1,AG1,KVRmB2g1Ca,TCB,224.00000000000003,202.88,value,202.88,1.0,1.0,0.0,,0,0,0.0,0.0,0.0,0.0,24236.000000000004,14172.032,1,1
8a74439d22fa,Koppal,4D4A2,4D4A2M2a,Gatareddihal-4,0704020014,21/*/4,1.12,0.0,OBC,small,0,AG1,KVRmB2g1Ca,TCB,224.00000000000003,160.24,value,160.24,1.0,1.0,0.0,,0,0,0.0,0.0,0.0,0.0,24236.000000000004,11980.336,1,1
7e6a5859e40f,Koppal,4D4A2,4D4A2M2a,Gatareddihal-4,0704020014,22/*/1,1.36,0.0,OBC,small,0,AG1,GGRmB1g1Ca,TCB,272.0,207.51,value,207.51,1.0,1.0,0.0,,0,0,0.0,0.0,0.0,0.0,28508.0,14410.014,1,1
1720088502f6,Koppal,4D4A2,4D4A2M2a,Gatareddihal-4,0704020014,23/*/*,1.1,0.0,OBC,small,0,AG2,GGRmB1g1Ca,TCB,220.00000000000003,0.0,value,0.0,1.0,,0.0,,0,0,0.0,0.0,0.0,0.0,23880.000000000004,0.0,0,0
00a00321f00a,Koppal,4D4A2,4D4A2M2a,Gatareddihal-4,0704020014,25/*/4,1.03,1.0,OTHER,small,1,AG2,BGPmB1g1Ca,TCB,206.0,164.8,value,164.8,1.0,,0.0,,0,0,0.0,0.0,0.0,0.0,22634.0,8470.720000000001,1,1
f38344ef4f81,Koppal,4D4A2,4D4A2M2a,Gatareddihal-4,0704020014,26/*/3,1.38,0.0,OTHER,small,1,AG2,BGPmB1g1Ca,TCB,276.0,220.8,value,220.8,1.0,,0.0,,0,0,0.0,0.0,0.0,0.0,28864.0,11349.12,1,1
d59041d1f284,Koppal,4D4A2,4D4A2M2a,Gatareddihal-4,0704020014,27/*/*,4.46,0.0,OTHER,medium,1,AG2,BGPmB1g1Ca,TCB,892.0,713.6,value,713.6,3.0,,0.0,,0,0,0.0,0.0,0.0,0.0,92288.0,36679.04,1,1
d59041d1f284,Koppal,4D4A2,4D4A2M2a,Gatareddihal-4,0704020014,27/*/*,4.45,0.0,OTHER,medium,1,AG2,BGPmB1g1Ca,TCB,890.0,712.0,value,712.0,3.0,,0.0,,0,1,0.0,0.0,0.0,0.0,189610.0,169883.8,1,1
1500ac67a560,Koppal,4D4A2,4D4A2M2a,Gatareddihal-4,0704020014,12/*/2,2.23,1.0,OTHER,small,1,AG1,AWDmB2g1Ca,TCB,446.0,356.8,value,356.8,2.0,,0.0,,0,0,0.0,0.0,0.0,0.0,48294.0,18339.52,1,1
d4ffb1432cd1,Koppal,4D4A2,4D4A2M2a,Gatareddihal-4,0704020014,12/*/1,2.22,1.0,OTHER,small,1,AG1,AWDmB2g1Ca,TCB,444.00000000000006,355.2,value,355.2,2.0,,0.0,,0,0,0.0,0.0,0.0,0.0,48116.00000000001,18257.28,1,1
cf5aea127c6e,Koppal,4D4A2,4D4A2M2a,Gatareddihal-4,0704020014,31/*/2,1.53,0.0,OTHER,small,1,AG2,RNKmB1g1Ca,TCB,306.0,244.8,value,244.8,1.0,,0.0,,0,0,0.0,0.0,0.0,0.0,22372.0,12582.72,1,1
3b06863cd5b8,Koppal,4D4A2,4D4A2M2a,Gatareddihal-4,0704020014,20/*/4,3.42,1.0,OTHER,medium,1,AG1,KVRmB2g1Ca,TCB,684.0,348.32,value,348.32,3.0,,0.0,,0,0,0.0,0.0,0.0,0.0,73776.0,17903.647999999997,1,1
b856bd80aa74,Koppal,4D4A2,4D4A2M2a,Gatareddihal-4,0704020014,24/*/*,1.06,0.0,OTHER,small,1,AG2,BGPmB1g1Ca,TCB,212.0,169.6,value,169.6,1.0,,0.0,,0,0,0.0,0.0,0.0,0.0,23168.0,8717.439999999999,1,1
b90f895ffb9c,Koppal,4D4A2,4D4A2M2a,Gatareddihal-4,0704020014,29/*/*,8.26,0.0,ST,medium,1,AG2,RNKmB1g1Ca,TCB,1652.0,1321.6,value,1321.6,3.0,,1.0,1.0,0,1,0.0,0.0,0.0,0.0,320124.0,567791.24,1,1
b189da963ba4,Koppal,4D4A2,4D4A2M2a,Gatareddihal-4,0704020014,13/*/3,1.16,1.0,OTHER,small,1,AG1,DRLmB2g1Ca,TCB,231.99999999999997,212.12,value,212.12,1.0,1.0,0.0,,0,0,0.0,0.0,0.0,0.0,24947.999999999996,14658.968,1,1
b8388adac7a2,Koppal,4D4A2,4D4A2M2a,Gatareddihal-4,0704020014,16/*/1,1.89,0.0,OTHER,small,1,AG1,KVRmB2g1Ca,TCB,378.0,302.4,value,302.4,1.0,,0.0,,0,0,0.0,0.0,0.0,0.0,37942.0,15543.359999999999,1,1
73b3bdda01e2,Koppal,4D4A2,4D4A2M2a,Gatareddihal-4,0704020014,19/*/4,1.32,0.0,ST,small,1,AG1,KVRmB2g1Ca,TCB,264.0,273.5,value,273.5,1.0,1.0,0.0,,0,0,0.0,0.0,0.0,0.0,27796.0,17809.9,1,1
b6bc81d8f043,Koppal,4D4A2,4D4A2M2a,Gatareddihal-4,0704020014,20/*/2,1.13,1.0,OTHER,small,1,AG1,KVRmB2g1Ca,TCB,225.99999999999997,160.24,value,160.24,1.0,1.0,0.0,,0,0,0.0,0.0,0.0,0.0,24413.999999999996,11980.336,1,1
b2bc409ce7fa,Koppal,4D4A2,4D4A2M2a,Gatareddihal-4,0704020014,18/*/*,4.44,0.0,OTHER,medium,1,AG1,KVRmB2g1Ca,TCB,888.0000000000001,301.74,value,301.74,3.0,1.0,0.0,,0,0,0.0,0.0,0.0,0.0,91932.00000000001,19261.436,1,1
a41cbe3c3021,Koppal,4D4A2,4D4A2M2a,Gatareddihal-4,0704020014,19/*/5,1.33,0.0,ST,small,1,AG1,KVRmB2g1Ca,TCB,266.0,264.0,value,264.0,1.0,1.0,0.0,,0,0,0.0,0.0,0.0,0.0,27974.0,17321.6,1,1
1720088502f6,Koppal,4D4A2,4D4A2M2a,Gatareddihal-4,0704020014,23/*/*,1.11,1.0,OTHER,small,1,AG2,GGRmB1g1Ca,TCB,222.00000000000003,0.0,value,0.0,1.0,,0.0,,0,0,0.0,0.0,0.0,0.0,24058.000000000004,0.0,0,0
51f709aa19ce,Koppal,4D4A2,4D4A2M2a,Gatareddihal-4,0704020014,13/*/2,1.16,0.0,OTHER,small,1,AG1,DRLmB2g1Ca,TCB,231.99999999999997,212.12,value,212.12,1.0,1.0,0.0,,0,0,0.0,0.0,0.0,0.0,24947.999999999996,14654.968,1,1
841bbe52e703,Koppal,4D4A2,4D4A2M2a,Gatareddihal-4,0704020014,20/*/3,1.16,0.0,OBC,small,0,AG1,KVRmB2g1Ca,TCB,231.99999999999997,291.98,value,291.98,1.0,,0.0,,0,0,0.0,0.0,0.0,0.0,24947.999999999996,15007.772,1,1
1a8acf5f6432,Koppal,4D4A2,4D4A2M2a,Gatareddihal-4,0704020014,25/*/3,0.81,0.0,OTHER,small,1,AG2,BGPmB1g1Ca,TCB,162.0,129.6,value,129.6,0.0,0.0,0.0,,0,0,0.0,0.0,0.0,0.0,10044.0,6661.44,1,1
7fd801914f35,Koppal,4D4A2,4D4A2M2a,Gatareddihal-4,0704020014,26/*/2,1.38,0.0,OTHER,small,1,AG2,BGPmB1g1Ca,TCB,276.0,220.8,value,220.8,1.0,,0.0,,0,0,0.0,0.0,0.0,0.0,28864.0,11349.12,1,1
e466d2c0bcc9,Koppal,4D4A2,4D4A2M2a,Gatareddihal-4,0704020014,33/*/4,2.4,0.0,OBC,medium,1,AG1,KVRmB2g1Ca,TCB,480.0,292.25,value,292.25,2.0,1.0,0.0,,0,0,0.0,0.0,0.0,0.0,51320.0,18765.65,1,1
1246ec3dfc7f,Koppal,4D4A2,4D4A2M2a,Gatareddihal-4,0704020014,13/*/1,2.31,0.0,OTHER,small,1,AG1,DRLmB2g1Ca,TCB,462.0,395.98,value,395.98,2.0,2.0,0.0,,0,0,0.0,0.0,0.0,0.0,49718.0,27857.372,1,1
3839ce972d80,Koppal,4D4A2,4D4A2M2a,Gatareddihal-4,0704020014,35/*/2,1.45,1.0,OTHER,small,1,AG1,KVRmB2g1Ca,TCB,290.0,198.52,value,198.52,1.0,1.0,0.0,,0,0,0.0,0.0,0.0,0.0,30110.0,13955.928,1,1
b04e2d74441e,Koppal,4D4A2,4D4A2M2a,Gatareddihal-4,0704020014,21/*/5,2.24,1.0,OTHER,small,1,AG1,KVRmB2g1Ca,TCB,448.00000000000006,273.5,value,273.5,2.0,1.0,0.0,,0,0,0.0,0.0,0.0,0.0,48472.00000000001,17801.9,1,1
ca1828727327,Koppal,4D4A2,4D4A2M2a,Gatareddihal-4,0704020014,21/*/6,2.24,1.0,OTHER,small,1,AG1,KVRmB2g1Ca,TCB,448.00000000000006,245.25,value,245.25,2.0,1.0,0.0,,0,0,0.0,0.0,0.0,0.0,48472.00000000001,16349.85,1,1
1720088502f6,Koppal,4D4A2,4D4A2M2a,Gatareddihal-4,0704020014,23/*/*,1.14,0.0,OTHER,small,1,AG2,GGRmB1g1Ca,TCB,227.99999999999997,182.4,value,182.4,1.0,,0.0,,0,0,0.0,0.0,0.0,0.0,24591.999999999996,9375.36,1,1
7bf073ce9a0c,Koppal,4D4A2,4D4A2M2a,Gatareddihal-4,0704020014,16/*/2,1.04,0.0,OTHER,small,1,AG1,KVRmB2g1Ca,TCB,208.0,166.4,value,166.4,1.0,,0.0,,0,0,0.0,0.0,0.0,0.0,22812.0,8552.960000000001,1,1
b239639c3008,Koppal,4D4A2,4D4A2M2a,Gatareddihal-4,0704020014,23/*   /ಅ,2.05,1.0,OBC,small,0,AG2,GGRmB1g1Ca,TCB,409.99999999999994,328.0,value,328.0,2.0,,0.0,,0,0,0.0,0.0,0.0,0.0,45089.99999999999,16859.2,1,1
1720088502f6,Koppal,4D4A2,4D4A2M2a,Gatareddihal-4,0704020014,23/*/*,1.15,0.0,OTHER,small,1,AG2,GGRmB1g1Ca,TCB,229.99999999999997,184.0,value,184.0,1.0,,0.0,,0,0,0.0,0.0,0.0,0.0,24769.999999999996,9457.6,1,1
838e98b19520,Koppal,4D4A2,4D4A2M2a,Gatareddihal-4,0704020014,22/*/3,2.73,1.0,OTHER,medium,1,AG1,GGRmB1g1Ca,TCB,546.0,358.24,value,358.24,2.0,2.0,0.0,,0,0,0.0,0.0,0.0,0.0,57194.0,25901.536,1,1
b856bd80aa74,Koppal,4D4A2,4D4A2M2a,Gatareddihal-4,0704020014,24/*/*,1.05,0.0,OBC,small,1,AG2,BGPmB1g1Ca,TCB,210.0,168.0,value,168.0,1.0,,0.0,,0,0,0.0,0.0,0.0,0.0,22990.0,8635.199999999999,1,1
b856bd80aa74,Koppal,4D4A2,4D4A2M2a,Gatareddihal-4,0704020014,24/*/*,1.05,1.0,OTHER,small,1,AG2,BGPmB1g1Ca,TCB,210.0,168.0,value,168.0,1.0,,0.0,,0,0,0.0,0.0,0.0,0.0,22990.0,8635.199999999999,1,1
b856bd80aa74,Koppal,4D4A2,4D4A2M2a,Gatareddihal-4,0704020014,24/*/*,1.05,0.0,OTHER,small,1,AG2,BGPmB1g1Ca,TCB,210.0,168.0,value,168.0,1.0,,0.0,,0,0,0.0,0.0,0.0,0.0,22990.0,8635.199999999999,1,1
b856bd80aa74,Koppal,4D4A2,4D4A2M2a,Gatareddihal-4,0704020014,24/*/*,1.05,0.0,OTHER,small,1,AG2,BGPmB1g1Ca,TCB,210.0,168.0,value,168.0,1.0,,0.0,,0,0,0.0,0.0,0.0,0.0,22990.0,8635.199999999999,1,1
b856bd80aa74,Koppal,4D4A2,4D4A2M2a,Gatareddihal-4,0704020014,24/*/*,1.06,0.0,OTHER,small,1,AG2,BGPmB1g1Ca,TCB,212.0,169.6,value,169.6,1.0,,0.0,,0,0,0.0,0.0,0.0,0.0,23168.0,8717.439999999999,1,1
d482f099b87d,Koppal,4D4A2,4D4A2M2a,Gatareddihal-4,0704020014,28/*/2,1.68,0.0,OTHER,small,1,AG2,RNKmB1g1Ca,TCB,336.0,268.8,value,268.8,1.0,,0.0,,0,0,0.0,0.0,0.0,0.0,24232.0,13816.32,1,1
47188c9b6e11,Koppal,4D4A2,4D4A2M2a,Gatareddihal-4,0704020014,28/*/3,0.8,0.0,OBC,small,0,AG2,RNKmB1g1Ca,TCB,160.0,160.0,value,160.0,0.0,0.0,0.0,,0,0,0.0,0.0,0.0,0.0,9920.0,8224.0,1,1
6a9904c73778,Koppal,4D4A2,4D4A2M2a,Gatareddihal-4,0704020014,33/*/3,1.17,0.0,OBC,small,0,AG1,KVRmB2g1Ca,TCB,234.0,140.57,value,140.57,1.0,1.0,0.0,,0,0,0.0,0.0,0.0,0.0,25126.0,10969.297999999999,1,1
5cf0445b8431,Koppal,4D4A2,4D4A2M2a,Gatareddihal-4,0704020014,35/*/4,1.95,1.0,OBC,small,0,AG1,KVRmB2g1Ca,TCB,390.0,198.52,value,198.52,1.0,1.0,0.0,,0,0,277.0,0.0,0.0,0.0,78963.0,13955.928,1,1
6a02ec30838a,Koppal,4D4A2,4D4A2M2a,Gatareddihal-4,0704020014,35/*/5,1.75,0.0,OTHER,small,1,AG1,KVRmB2g1Ca,TCB,350.0,321.51,value,321.51,1.0,1.0,0.0,,0,0,277.0,0.0,0.0,0.0,62938.0,20558.613999999998,1,1
8131d89eb9b0,Koppal,4D4A2,4D4A2M2a,Gatareddihal-4,0704020014,33/*/5,1.25,0.0,OBC,small,0,AG1,KVRmB2g1Ca,TCB,250.0,200.0,value,200.0,1.0,,0.0,,0,0,0.0,0.0,0.0,0.0,26550.0,10280.0,1,1
aa2771cd954f,Koppal,4D4A2,4D4A2M2a,Gatareddihal-4,0704020014,28/*/1,0.84,1.0,OBC,small,0,AG2,RNKmB1g1Ca,TCB,168.0,134.4,value,134.4,0.0,0.0,0.0,,0,0,0.0,0.0,0.0,0.0,10416.0,6908.16,1,1
6ccd380d7d65,Koppal,4D4A2,4D4A2M2a,Gatareddihal-4,0704020014,34/*/*,7.89,1.0,OTHER,medium,1,AG1,KVRmB2g1Ca,TCB,1578.0,1074.97,value,1074.97,3.0,2.0,1.0,1.0,0,0,0.0,0.0,0.0,0.0,263342.0,157741.45799999998,1,1
d26103a2c692,Koppal,4D4A2,4D4A2M2a,Gatareddihal-4,0704020014,35/*/1,0.9,0.0,OTHER,small,1,AG1,KVRmB2g1Ca,TCB,180.0,198.52,value,198.52,0.0,0.0,1.0,1.0,0,0,0.0,0.0,0.0,0.0,121160.0,105203.928,1,1
cbacd8a72e1c,Koppal,4D4A2,4D4A2M2a,Gatareddihal-4,0704020014,21/*/2,1.12,0.0,OTHER,small,1,AG1,KVRmB2g1Ca,TCB,224.00000000000003,188.75,value,188.75,1.0,1.0,0.0,,0,0,0.0,0.0,0.0,0.0,24236.000000000004,13445.75,1,1
051d22e8521b,Koppal,4D4A2,4D4A2M2a,Gatareddihal-4,0704020014,22/*/2,1.36,0.0,OBC,small,0,AG1,GGRmB1g1Ca,TCB,272.0,169.75,value,169.75,1.0,1.0,0.0,,0,0,0.0,0.0,0.0,0.0,28508.0,12469.15,1,1
b856bd80aa74,Koppal,4D4A2,4D4A2M2a,Gatareddihal-4,0704020014,24/*/*,1.05,0.0,OTHER,small,1,AG2,BGPmB1g1Ca,TCB,210.0,168.0,value,168.0,1.0,,0.0,,0,0,0.0,0.0,0.0,0.0,22990.0,8635.199999999999,1,1
1720088502f6,Koppal,4D4A2,4D4A2M2a,Gatareddihal-4,0704020014,23/*/*,1.11,1.0,OTHER,small,1,AG2,GGRmB1g1Ca,TCB,222.00000000000003,0.0,value,0.0,1.0,,0.0,,0,0,0.0,0.0,0.0,0.0,24058.000000000004,0.0,0,0
03fb364f570e,Koppal,4D4A2,4D4A2M2a,Gatareddihal-4,0704020014,30/*/2,0.37,0.0,OTHER,small,1,AG2,RNKmB1g1Ca,TCB,74.0,0.0,value,0.0,0.0,0.0,0.0,,0,0,0.0,0.0,0.0,0.0,4588.0,0.0,0,0
ace05eb2d364,Koppal,4D4A2,4D4A2M2a,Gatareddihal-4,0704020014,30/*/3,0.76,1.0,OTHER,small,1,AG2,RNKmB1g1Ca,TCB,152.0,0.0,value,0.0,0.0,0.0,0.0,,0,0,0.0,0.0,0.0,0.0,9424.0,0.0,0,0
a75ba3621d67,Koppal,4D4A2,4D4A2M2a,Gatareddihal-4,0704020014,25/*/1,1.26,0.0,OBC,small,0,AG2,BGPmB1g1Ca,TCB,252.0,201.6,value,201.6,1.0,,0.0,,0,0,0.0,0.0,0.0,0.0,26728.0,10362.24,1,1
01706ec96050,Koppal,4D4A2,4D4A2M2a,Gatareddihal-4,0704020014,25/*/2,1.03,0.0,OTHER,small,1,AG2,BGPmB1g1Ca,TCB,206.0,164.8,value,164.8,1.0,,0.0,,0,0,0.0,0.0,0.0,0.0,22634.0,8470.720000000001,1,1
fc3cec1c6ffa,Koppal,4D4A2,4D4A2M2a,Gatareddihal-4,0704020014,26/*/1,1.37,0.0,OTHER,small,1,AG2,BGPmB1g1Ca,TCB,274.0,219.2,value,219.2,1.0,,0.0,,0,0,0.0,0.0,0.0,0.0,28686.0,11266.88,1,1
ba33f290471f,Koppal,4D4A2,4D4A2M2a,Gatareddihal-4,0704020014,30/*/1,1.16,0.0,OBC,small,0,AG2,RNKmB1g1Ca,TCB,231.99999999999997,185.6,value,185.6,1.0,,0.0,,0,0,0.0,0.0,0.0,0.0,17784.0,9539.84,1,1
2668c66fd7ce,Koppal,4D4A2,4D4A2M2a,Gatareddihal-4,0704020014,37/*/*,7.35,1.0,OBC,medium,1,AG1,KVRmB2g1Ca,TCB,1470.0,1176.0,value,1176.0,3.0,,0.0,,0,0,0.0,0.0,0.0,0.0,143730.0,60446.4,1,1
95cbcc657c9d,Koppal,4D4A2,4D4A2M2a,Gatareddihal-4,0704020014,31/*/1,0.78,0.0,OTHER,small,1,AG2,RNKmB1g1Ca,TCB,156.0,80.0,value,80.0,0.0,0.0,0.0,,0,0,0.0,0.0,0.0,0.0,9672.0,4112.0,1,1
0e20a668cc3c,Koppal,4D4A2,4D4A2M2a,Gatareddihal-4,0704020014,32/*/*,1.54,0.0,OTHER,small,1,AG2,MTLmB3g1Ca,TCB,308.0,226.25,value,226.25,1.0,1.0,0.0,,0,0,0.0,0.0,40.0,0.0,26296.0,15373.25,1,1
0e20a668cc3c,Koppal,4D4A2,4D4A2M2a,Gatareddihal-4,0704020014,32/*/*,3.08,0.0,OTHER,medium,1,AG2,MTLmB3g1Ca,TCB,616.0,226.25,value,226.25,3.0,1.0,0.0,,0,0,0.0,0.0,0.0,0.0,51092.0,15373.25,1,1
19d8cb3d82bc,Koppal,4D4A2,4D4A2M2a,Gatareddihal-4,0704020014,33/*/1,2.37,0.0,OTHER,small,1,AG1,KVRmB2g1Ca,TCB,474.0,471.23,value,471.23,2.0,2.0,0.0,,0,0,0.0,0.0,0.0,0.0,50786.0,31709.222,1,1
8e79a3cc109a,Koppal,4D4A2,4D4A2M2a,Gatareddihal-4,0704020014,33/*/2,2.4,0.0,OBC,medium,0,AG1,KVRmB2g1Ca,TCB,480.0,452.5,value,452.5,2.0,1.0,0.0,,0,0,0.0,0.0,0.0,0.0,51320.0,27002.5,1,1
6db3e0b212a5,Koppal,4D4A2,4D4A2M2a,Gatareddihal-4,0704020014,35/*/3,1.45,0.0,OTHER,small,1,AG1,KVRmB2g1Ca,TCB,290.0,198.52,value,198.52,1.0,1.0,0.0,,0,0,0.0,0.0,0.0,0.0,30110.0,13955.928,1,1
dfebaeb47a57,Koppal,4D4A2,4D4A2M2a,Gatareddihal-4,0704020014,15/*/*,2.07,0.0,OBC,small,0,AG1,KVRmB2g1Ca,TCB,413.99999999999994,331.2,value,331.2,2.0,,0.0,,0,0,0.0,0.0,0.0,0.0,45445.99999999999,17023.68,1,1
ceeb99c4c04b,Koppal,4D4A2,4D4A2M2a,Gatareddihal-4,0704020014,17/*/*,3.17,1.0,OTHER,medium,1,AG1,KVRmB2g1Ca,TCB,634.0,507.2,value,507.2,3.0,,0.0,,0,0,0.0,0.0,0.0,0.0,69326.0,26070.079999999998,1,1
362d6505aa9e,Koppal,4D4A2,4D4A2M2a,Gatareddihal-4,0704020014,19/*/2,1.33,0.0,ST,small,1,AG1,KVRmB2g1Ca,TCB,266.0,160.24,value,160.24,1.0,1.0,0.0,,0,0,0.0,0.0,0.0,0.0,27974.0,12269.336,1,1
6ba79157e37b,Koppal,4D4A2,4D4A2M2a,Gatareddihal-4,0704020014,19/*/3,1.33,0.0,ST,small,1,AG1,KVRmB2g1Ca,TCB,266.0,287.62,value,287.62,1.0,1.0,0.0,,0,0,0.0,0.0,0.0,0.0,27974.0,18535.667999999998,1,1
1720088502f6,Koppal,4D4A2,4D4A2M2a,Gatareddihal-4,0704020014,23/*/*,1.04,0.0,OTHER,small,1,AG2,GGRmB1g1Ca,TCB,208.0,166.4,value,166.4,1.0,,0.0,,0,0,0.0,0.0,0.0,0.0,22812.0,8552.960000000001,1,1
b856bd80aa74,Koppal,4D4A2,4D4A2M2a,Gatareddihal-4,0704020014,24/*/*,1.05,0.0,OTHER,small,1,AG2,BGPmB1g1Ca,TCB,210.0,168.0,value,168.0,1.0,,0.0,,0,0,0.0,0.0,0.0,0.0,22990.0,8635.199999999999,1,1
fc3cec1c6ffa,Koppal,4D4A2,4D4A2M2a,Gatareddihal-4,0704020014,26/*/1,1.37,0.0,OTHER,small,1,AG2,BGPmB1g1Ca,TCB,274.0,0.0,value,0.0,1.0,,0.0,,0,0,0.0,0.0,0.0,0.0,28686.0,0.0,0,0
0e20a668cc3c,Koppal,4D4A2,4D4A2M2a,Gatareddihal-4,0704020014,32/*/*,1.54,0.0,OTHER,small,1,AG2,MTLmB3g1Ca,TCB,308.0,226.25,value,226.25,1.0,,0.0,,0,0,0.0,0.0,40.0,0.0,26296.0,11629.25,1,1
c354fbc788b9,Koppal,4D4A2,4D4A2M2a,Gatareddihal-4,0704020014,93/*/*,3.84,0.0,OBC,medium,0,AG2,BGPmB1g1Ca,TCB,768.0,614.4,value,614.4,3.0,,0.0,,0,0,0.0,0.0,0.0,0.0,81252.0,31580.159999999996,1,1
45f6dc9f597c,Koppal,4D4A2,4D4A2M2a,Gatareddihal-4,0704020002,1485/*/2,1.19,0.0,OBC,small,1,AG3,AWDmB1g1Ca,TCB,238.0,278.39,value,278.39,1.0,1.0,0.0,,0,0,0.0,0.0,0.0,0.0,25482.0,18076.246,1,1
c6af795e3afb,Koppal,4D4A2,4D4A2M2a,Gatareddihal-4,0704020002,1489/*/2,8.73,0.0,OBC,medium,0,AG3,MLRmA2g1Ca,TCB,1746.0,1396.8,formula_80pct_of_proposed,,3.0,2.0,1.0,1.0,0,0,0.0,0.0,0.0,0.0,278294.0,189329.52,1,1
757febb5b17f,Koppal,4D4A2,4D4A2M2a,Gatareddihal-4,0704020002,1490/*/8,0.58,0.0,OBC,small,1,AG3,KVRmB1g1Ca,TCB,115.99999999999999,92.8,value,92.8,0.0,0.0,0.0,,0,0,0.0,0.0,0.0,0.0,7191.999999999999,4769.92,1,1
54e231731e27,Koppal,4D4A2,4D4A2M2a,Gatareddihal-4,0704020002,1495/*/3,0.22,1.0,OBC,small,1,AG3,KVRmB1g1Ca,TCB,44.0,188.48,value,188.48,0.0,0.0,0.0,,0,0,0.0,0.0,0.0,0.0,2728.0,9687.872,1,1
3fd9d6c67f42,Koppal,4D4A2,4D4A2M2a,Gatareddihal-4,0704020002,1498/*/2,1.34,0.0,OBC,small,0,AG3,BGPmB1g1Ca,TCB,268.0,131.99,value,131.99,1.0,1.0,0.0,,0,0,0.0,0.0,0.0,0.0,28152.0,10551.286,1,1
307bda565c84,Koppal,4D4A2,4D4A2M2a,Gatareddihal-4,0704020002,1499/*/*,8.94,0.0,OBC,medium,0,AG3,DRLmB1g1Ca,TCB,1788.0,419.35,value,419.35,3.0,2.0,1.0,1.0,0,0,0.0,0.0,40.0,0.0,285832.0,139088.59,1,1
24d3f76bb3c3,Koppal,4D4A2,4D4A2M2a,Gatareddihal-4,0704020002,1502/*/*,3.6,1.0,OBC,medium,1,AG4,MTLmB2g2Ca,TCB,720.0,576.0,value,576.0,3.0,,0.0,,0,1,0.0,0.0,40.0,95.0,158840.0,171918.4,1,1
66f44ee0d002,Koppal,4D4A2,4D4A2M2a,Gatareddihal-4,0704020002,1504/*/*,17.08,0.0,OBC,large,1,AG4,MLRmA2g1Ca,TCB,3415.9999999999995,2569.11,value,2569.11,3.0,3.0,1.0,,0,0,0.0,0.0,0.0,0.0,426923.99999999994,144142.25400000002,1,1
873f7a58172d,Koppal,4D4A2,4D4A2M2a,Gatareddihal-4,0704020002,1486/*/*,2.38,0.0,OBC,medium,1,AG3,AWDmB1g1Ca,TCB,476.0,380.8,value,380.8,2.0,,0.0,,0,0,0.0,0.0,0.0,0.0,50964.0,19573.12,1,1
dc988f93974a,Koppal,4D4A2,4D4A2M2a,Gatareddihal-4,0704020002,1487/*/1,1.24,1.0,OBC,small,0,AG3,AWDmB1g1Ca,TCB,248.0,198.4,value,198.4,1.0,,0.0,,0,0,0.0,0.0,0.0,0.0,26372.0,10197.76,1,1
5f51a0eb05db,Koppal,4D4A2,4D4A2M2a,Gatareddihal-4,0704020002,1488/*/3,0.73,0.0,OBC,small,0,AG3,AWDmB1g1Ca,TCB,146.0,0.0,value,0.0,0.0,0.0,0.0,,0,0,0.0,0.0,0.0,0.0,9052.0,0.0,0,0
b5f9a70752fe,Koppal,4D4A2,4D4A2M2a,Gatareddihal-4,0704020002,1490/*/1,0.88,1.0,OBC,small,1,AG3,KVRmB1g1Ca,TCB,176.0,325.38,value,325.38,0.0,0.0,0.0,,0,0,0.0,0.0,0.0,0.0,10912.0,16724.532,1,1
5123085ec9cf,Koppal,4D4A2,4D4A2M2a,Gatareddihal-4,0704020002,1490/*/4,0.96,0.0,ST,small,1,AG3,KVRmB1g1Ca,TCB,192.0,320.48,value,320.48,0.0,1.0,0.0,,0,0,0.0,0.0,0.0,0.0,11904.0,20239.672,1,1
a69dcf2fe69d,Koppal,4D4A2,4D4A2M2a,Gatareddihal-4,0704020002,1573/*/2,1.32,0.0,OBC,small,1,AG4,MLRmA2g1Ca,TCB,264.0,283.0,value,283.0,1.0,1.0,0.0,,0,0,100.0,100.0,0.0,0.0,50394.0,40913.2,1,1
375fa6589318,Koppal,4D4A2,4D4A2M2a,Gatareddihal-4,0704020002,1574/*/1,3.2,0.0,OBC,medium,1,AG4,MLRmA2g1Ca,TCB,640.0,292.25,value,292.25,3.0,1.0,0.0,,0,1,0.0,0.0,0.0,0.0,167360.0,152075.65,1,1
8d59c1e5f62d,Koppal,4D4A2,4D4A2M2a,Gatareddihal-4,0704020002,1579/*/1,2.02,0.0,OBC,medium,1,AG4,MTLmB2g2Ca,TCB,404.0,323.2,value,323.2,2.0,,0.0,,0,0,0.0,0.0,40.0,95.0,37448.0,25637.48,1,1
83ce3f78a5ba,Koppal,4D4A2,4D4A2M2a,Gatareddihal-4,0704020002,1581/*/2,2.98,1.0,OBC,medium,1,AG4,MTLmB2g2Ca,TCB,596.0,476.8,value,476.8,2.0,,0.0,,0,0,0.0,0.0,0.0,0.0,45552.0,24507.52,1,1
8f563b796dcf,Koppal,4D4A2,4D4A2M2a,Gatareddihal-4,0704020002,1484/*/1,2.53,0.0,OBC,medium,1,AG3,AWDmB1g1Ca,TCB,505.99999999999994,565.46,value,565.46,2.0,2.0,0.0,,0,1,0.0,0.0,0.0,0.0,151134.0,169885.644,1,1
f6651323d341,Koppal,4D4A2,4D4A2M2a,Gatareddihal-4,0704020002,1485/*/1,1.6,1.0,OBC,small,1,AG3,AWDmB1g1Ca,TCB,320.0,296.6,value,296.6,1.0,1.0,0.0,,0,0,0.0,0.0,0.0,0.0,32780.0,19012.24,1,1
617993d484a9,Koppal,4D4A2,4D4A2M2a,Gatareddihal-4,0704020002,1493/*/4,2.59,0.0,OBC,medium,1,AG3,BGPmB1g1Ca,TCB,518.0,396.0,value,396.0,2.0,2.0,0.0,,0,0,0.0,0.0,0.0,0.0,54702.0,27888.399999999998,1,1
692f3ae2ad16,Koppal,4D4A2,4D4A2M2a,Gatareddihal-4,0704020002,1493/*/6,2.59,0.0,OBC,medium,1,AG3,BGPmB1g1Ca,TCB,518.0,344.4,value,344.4,2.0,2.0,0.0,,0,0,0.0,0.0,0.0,0.0,54702.0,25236.16,1,1
bc032dd82ee0,Koppal,4D4A2,4D4A2M2a,Gatareddihal-4,0704020002,1494/*/*,0.72,0.0,ST,small,1,AG3,MTLmB2g1Ca,TCB,144.0,0.0,value,0.0,0.0,0.0,0.0,,0,0,0.0,0.0,0.0,0.0,8928.0,0.0,0,0
bc032dd82ee0,Koppal,4D4A2,4D4A2M2a,Gatareddihal-4,0704020002,1494/*/*,0.37,0.0,OBC,small,1,AG3,MTLmB2g1Ca,TCB,74.0,0.0,value,0.0,0.0,0.0,0.0,,0,1,0.0,0.0,0.0,0.0,4588.0,0.0,1,1
e9de356ef1ed,Koppal,4D4A2,4D4A2M2a,Gatareddihal-4,0704020002,1495/*/5,0.59,0.0,OBC,small,1,AG3,KVRmB1g1Ca,TCB,118.0,94.24,value,94.24,0.0,0.0,0.0,,0,0,0.0,0.0,0.0,0.0,7316.0,4843.936,1,1
4352b9de2943,Koppal,4D4A2,4D4A2M2a,Gatareddihal-4,0704020002,1496/*/*,1.42,0.0,SC,small,0,AG3,DRLmB1g1Ca,TCB,284.0,188.49,value,188.49,1.0,1.0,0.0,,0,0,0.0,0.0,0.0,0.0,29576.0,13455.386,1,1
67d9a31c5fbc,Koppal,4D4A2,4D4A2M2a,Gatareddihal-4,0704020002,1498/*/3,1.34,1.0,OBC,small,0,AG3,BGPmB1g1Ca,TCB,268.0,131.99,value,131.99,1.0,1.0,0.0,,0,0,0.0,0.0,0.0,0.0,28152.0,10811.286,1,1
9dde18b37290,Koppal,4D4A2,4D4A2M2a,Gatareddihal-4,0704020002,1500/*/2,3.34,0.0,OBC,medium,1,AG3,MTLmB2g2Ca,TCB,668.0,617.35,value,617.35,3.0,2.0,0.0,,0,1,0.0,0.0,40.0,95.0,155616.0,133066.79,1,1
1b6ba6e25f2d,Koppal,4D4A2,4D4A2M2a,Gatareddihal-4,0704020002,1501/*/*,8.41,0.0,OBC,large,1,AG4,MTLmB2g2Ca,TCB,1682.0,1385.94,value,1385.94,3.0,3.0,1.0,1.0,0,1,0.0,0.0,40.0,95.0,328484.0,276339.316,1,1
24d3f76bb3c3,Koppal,4D4A2,4D4A2M2a,Gatareddihal-4,0704020002,1502/*/*,3.47,1.0,OBC,medium,1,AG4,MTLmB2g2Ca,TCB,694.0,555.2,value,555.2,3.0,,0.0,,0,1,0.0,0.0,0.0,0.0,153428.0,113313.28,1,1
88502be70e7e,Koppal,4D4A2,4D4A2M2a,Gatareddihal-4,0704020002,1503/*/1,2.0,0.0,OBC,medium,1,AG4,DRLmB1g1Ca,TCB,400.0,320.0,value,320.0,2.0,,0.0,,0,0,0.0,0.0,0.0,0.0,44200.0,16448.0,1,1
6771a6c006e5,Koppal,4D4A2,4D4A2M2a,Gatareddihal-4,0704020002,1503/*/3,2.0,0.0,OBC,medium,1,AG4,DRLmB1g1Ca,TCB,400.0,320.0,value,320.0,2.0,,0.0,,0,1,0.0,0.0,0.0,0.0,141700.0,149735.0,1,1
31c9ff4fc04d,Koppal,4D4A2,4D4A2M2a,Gatareddihal-4,0704020002,1484/*/2,2.53,1.0,OBC,medium,1,AG3,AWDmB1g1Ca,TCB,505.99999999999994,480.21,value,480.21,2.0,1.0,0.0,,0,0,0.0,0.0,0.0,0.0,53633.99999999999,28449.793999999998,1,1
fc83d72da5cc,Koppal,4D4A2,4D4A2M2a,Gatareddihal-4,0704020002,1488/*/4,1.11,0.0,SC,small,1,AG3,AWDmB1g1Ca,TCB,222.00000000000003,0.0,value,0.0,1.0,,0.0,,0,0,100.0,0.0,0.0,0.0,45656.0,0.0,0,0
66ad17571084,Koppal,4D4A2,4D4A2M2a,Gatareddihal-4,0704020002,1489/*/3,8.73,0.0,OBC,large,1,AG3,MLRmA2g1Ca,TCB,1746.0,1396.8,formula_80pct_of_proposed,,3.0,,1.0,1.0,0,0,0.0,0.0,40.0,0.0,282094.0,166795.52,1,0
84e452526063,Koppal,4D4A2,4D4A2M2a,Gatareddihal-4,0704020002,1490/*/2,0.03,0.0,OBC,small,0,AG3,KVRmB1g1Ca,TCB,6.0,0.0,value,0.0,0.0,0.0,0.0,,0,0,0.0,0.0,0.0,0.0,372.0,0.0,0,0
ee4f77f23598,Koppal,4D4A2,4D4A2M2a,Gatareddihal-4,0704020002,1490/*/5,1.78,0.0,OBC,small,0,AG3,KVRmB1g1Ca,TCB,356.0,320.48,value,320.48,1.0,1.0,0.0,,0,0,0.0,0.0,0.0,0.0,35984.0,20239.672,1,1
3f9123de9cd7,Koppal,4D4A2,4D4A2M2a,Gatareddihal-4,0704020002,1490/*/6,0.86,1.0,OBC,small,0,AG3,KVRmB1g1Ca,TCB,172.0,226.51,value,226.51,0.0,1.0,0.0,,0,0,0.0,0.0,0.0,0.0,10664.0,15675.614,1,1
07bd794cf066,Koppal,4D4A2,4D4A2M2a,Gatareddihal-4,0704020002,1495/*/1,1.91,0.0,OBC,small,0,AG3,KVRmB1g1Ca,TCB,382.0,188.48,value,188.48,1.0,1.0,0.0,,0,0,0.0,0.0,0.0,0.0,38298.0,13454.872,1,1
a91d95ee1180,Koppal,4D4A2,4D4A2M2a,Gatareddihal-4,0704020002,1573/*/1,1.33,0.0,OBC,small,1,AG4,MLRmA2g1Ca,TCB,266.0,170.0,value,170.0,1.0,1.0,0.0,,0,0,100.0,100.0,0.0,0.0,50572.0,35105.0,1,1
14c14e2b56be,Koppal,4D4A2,4D4A2M2a,Gatareddihal-4,0704020002,1573/*/5,1.6,0.0,OBC,small,0,AG4,MLRmA2g1Ca,TCB,320.0,127.38,value,127.38,1.0,1.0,0.0,,0,0,0.0,0.0,0.0,0.0,32780.0,10314.331999999999,1,1
4352b9de2943,Koppal,4D4A2,4D4A2M2a,Gatareddihal-4,0704020002,1496/*/*,1.4,0.0,SC,small,0,AG3,DRLmB1g1Ca,TCB,280.0,188.49,value,188.49,1.0,1.0,0.0,,0,0,0.0,0.0,0.0,0.0,29220.0,13455.386,1,1
9906ce0d934b,Koppal,4D4A2,4D4A2M2a,Gatareddihal-4,0704020002,1575/*/3,2.47,1.0,OBC,medium,0,AG4,MLRmA2g1Ca,TCB,494.00000000000006,372.36,value,372.36,3.0,,0.0,,0,0,0.0,0.0,0.0,0.0,56866.00000000001,19139.304,1,1
7292454222ce,Koppal,4D4A2,4D4A2M2a,Gatareddihal-4,0704020002,1576/*/4,1.22,0.0,OBC,small,1,AG4,MTLmB2g2Ca,TCB,244.0,227.1,value,227.1,1.0,,0.0,,0,0,0.0,0.0,0.0,0.0,18528.0,11672.939999999999,1,1
52885ec8f779,Koppal,4D4A2,4D4A2M2a,Gatareddihal-4,0704020002,1579/*/2,1.63,0.0,OBC,medium,1,AG4,MTLmB2g2Ca,TCB,326.0,260.8,value,260.8,2.0,,0.0,,0,0,0.0,0.0,0.0,0.0,28812.0,13405.12,1,1
a108f0d1f97f,Koppal,4D4A2,4D4A2M2a,Gatareddihal-4,0704020002,1580/*/3,1.73,0.0,OBC,small,1,AG4,MTLmB2g2Ca,TCB,346.0,276.8,value,276.8,1.0,,0.0,,0,0,0.0,0.0,0.0,0.0,24852.0,14227.52,1,1
52cad5a128c9,Koppal,4D4A2,4D4A2M2a,Gatareddihal-4,0704020002,1584/*/2,0.95,1.0,OBC,small,1,AG4,MTLmB2g2Ca,TCB,190.0,152.0,value,152.0,0.0,0.0,0.0,,0,0,0.0,0.0,0.0,0.0,11780.0,7812.8,1,1
f999b643cd51,Koppal,4D4A2,4D4A2M2a,Gatareddihal-4,0704020002,1584/*/3,0.95,1.0,OBC,small,0,AG4,MTLmB2g2Ca,TCB,190.0,152.0,value,152.0,0.0,0.0,0.0,,0,0,0.0,0.0,0.0,0.0,11780.0,7812.8,1,1
78c6288a0f18,Koppal,4D4A2,4D4A2M2a,Gatareddihal-4,0704020002,1585/*/2,1.2,1.0,OBC,small,1,AG4,MTLmB2g2Ca,TCB,240.0,192.0,value,192.0,1.0,,0.0,,0,0,0.0,0.0,0.0,0.0,18280.0,9868.8,1,1
45f6dc9f597c,Koppal,4D4A2,4D4A2M2a,Gatareddihal-4,0704020002,1485/*/2,1.19,0.0,OBC,small,1,AG3,AWDmB1g1Ca,TCB,238.0,0.0,value,0.0,1.0,,0.0,,0,0,0.0,0.0,0.0,0.0,25482.0,0.0,0,0
3db5f7ede295,Koppal,4D4A2,4D4A2M2a,Gatareddihal-4,0704020002,1487/*/2,1.23,0.0,OBC,small,1,AG3,AWDmB1g1Ca,TCB,246.0,196.08,value,196.08,1.0,,0.0,,0,0,0.0,0.0,0.0,0.0,26194.0,10078.512,1,1
74db98d5a9be,Koppal,4D4A2,4D4A2M2a,Gatareddihal-4,0704020002,1490/*/7,0.88,0.0,OBC,small,0,AG3,KVRmB1g1Ca,TCB,176.0,198.26,value,198.26,0.0,0.0,0.0,,0,0,0.0,0.0,0.0,0.0,10912.0,10190.563999999998,1,1
df699cdfbfd9,Koppal,4D4A2,4D4A2M2a,Gatareddihal-4,0704020002,1491/*/1,2.56,1.0,OBC,medium,1,AG3,MTLmB2g1Ca,TCB,512.0,509.5,value,509.5,2.0,2.0,0.0,,0,0,0.0,0.0,0.0,0.0,40344.0,33722.3,1,1
672c70d0bd72,Koppal,4D4A2,4D4A2M2a,Gatareddihal-4,0704020002,1493/*/1,2.59,0.0,OBC,small,0,AG3,BGPmB1g1Ca,TCB,518.0,942.92,value,942.92,2.0,2.0,0.0,,0,0,0.0,0.0,0.0,0.0,54702.0,56000.087999999996,1,1
d066f67bb51f,Koppal,4D4A2,4D4A2M2a,Gatareddihal-4,0704020002,1493/*/2,2.6,0.0,OBC,small,0,AG3,BGPmB1g1Ca,TCB,520.0,416.0,value,416.0,2.0,,0.0,,0,0,0.0,0.0,0.0,0.0,54880.0,21382.399999999998,1,1
9c07dc3ffd1b,Koppal,4D4A2,4D4A2M2a,Gatareddihal-4,0704020002,1493/*/5,2.59,0.0,OBC,medium,1,AG3,BGPmB1g1Ca,TCB,518.0,415.0,value,415.0,2.0,2.0,0.0,,0,0,0.0,0.0,0.0,0.0,54702.0,28865.0,1,1
b4e7f18d505d,Koppal,4D4A2,4D4A2M2a,Gatareddihal-4,0704020002,1495/*/2,0.74,0.0,OBC,small,1,AG3,KVRmB1g1Ca,TCB,148.0,94.24,value,94.24,0.0,1.0,0.0,,0,0,0.0,0.0,0.0,0.0,9176.0,8610.936,1,1
8fb3530ca8eb,Koppal,4D4A2,4D4A2M2a,Gatareddihal-4,0704020002,1573/*/6,2.66,1.0,OBC,medium,1,AG4,MLRmA2g1Ca,TCB,532.0,297.3,value,297.3,2.0,1.0,0.0,,0,0,0.0,0.0,0.0,0.0,55948.0,19048.22,1,1
5b6754c5ee3f,Koppal,4D4A2,4D4A2M2a,Gatareddihal-4,0704020002,1577/*/*,4.82,0.0,OBC,medium,1,AG4,RNKmB1g1Ca,TCB,964.0,852.64,value,852.64,3.0,2.0,0.0,,0,0,0.0,0.0,40.0,0.0,73768.0,51359.695999999996,1,1
6917aaa75ebd,Koppal,4D4A2,4D4A2M2a,Gatareddihal-4,0704020002,1578/*/*,3.05,0.0,OBC,small,0,AG4,MTLmB2g2Ca,TCB,610.0,488.0,value,488.0,3.0,,0.0,,0,0,0.0,0.0,40.0,95.0,54520.0,34108.2,1,1
7e03936683b2,Koppal,4D4A2,4D4A2M2a,Gatareddihal-4,0704020002,1579/*/3,2.01,0.0,OBC,medium,1,AG4,MTLmB2g2Ca,TCB,401.99999999999994,321.6,value,321.6,2.0,,0.0,,0,0,0.0,0.0,0.0,0.0,33524.0,16530.24,1,1
c8a542b3b619,Koppal,4D4A2,4D4A2M2a,Gatareddihal-4,0704020002,1580/*/2,1.6,1.0,OBC,small,0,AG4,MTLmB2g2Ca,TCB,320.0,256.0,value,256.0,1.0,,0.0,,0,0,0.0,0.0,0.0,0.0,23240.0,13158.4,1,1
fe83db8afee1,Koppal,4D4A2,4D4A2M2a,Gatareddihal-4,0704020002,1583/*/*,2.09,0.0,OBC,medium,1,AG4,KVRmA1g1Ca,TCB,418.0,334.4,value,334.4,2.0,,0.0,,0,0,0.0,0.0,0.0,0.0,45802.0,17188.16,1,1
75e7ee768479,Koppal,4D4A2,4D4A2M2a,Gatareddihal-4,0704020002,1584/*/1,1.06,0.0,OBC,small,0,AG4,MTLmB2g2Ca,TCB,212.0,169.6,value,169.6,1.0,,0.0,,0,0,0.0,0.0,0.0,0.0,16544.0,8717.439999999999,1,1
70d2c932c0e9,Koppal,4D4A2,4D4A2M2a,Gatareddihal-4,0704020002,1599/*/3,0.92,0.0,OBC,small,0,AG3,MLRmA2g1Ca,TCB,184.0,147.2,value,147.2,0.0,0.0,0.0,,0,0,0.0,0.0,0.0,0.0,11408.0,7566.079999999999,1,1
f6651323d341,Koppal,4D4A2,4D4A2M2a,Gatareddihal-4,0704020002,1485/*/1,1.6,1.0,OBC,small,1,AG3,AWDmB1g1Ca,TCB,320.0,256.0,value,256.0,1.0,,0.0,,0,0,0.0,0.0,0.0,0.0,32780.0,13158.4,1,1
26394961af5d,Koppal,4D4A2,4D4A2M2a,Gatareddihal-4,0704020002,1489/*/*,8.74,0.0,OBC,medium,0,AG3,MLRmA2g1Ca,TCB,1748.0,1398.4,formula_80pct_of_proposed,,3.0,2.0,1.0,,0,0,0.0,0.0,40.0,0.0,282272.0,79411.76000000001,1,1
4352b9de2943,Koppal,4D4A2,4D4A2M2a,Gatareddihal-4,0704020002,1496/*/*,1.41,0.0,SC,small,0,AG3,DRLmB1g1Ca,TCB,282.0,188.49,value,188.49,1.0,1.0,0.0,,0,0,0.0,0.0,0.0,0.0,29398.0,13455.386,1,1
d67cdaec99dc,Koppal,4D4A2,4D4A2M2a,Gatareddihal-4,0704020002,1497/*/*,0.97,0.0,SC,small,1,AG3,BGPmB1g1Ca,TCB,194.0,150.74,value,150.74,0.0,0.0,0.0,,0,0,0.0,0.0,0.0,0.0,12028.0,7748.036,1,1
38774e3e2ef9,Koppal,4D4A2,4D4A2M2a,Gatareddihal-4,0704020002,1491/*/2,2.56,0.0,OBC,medium,1,AG3,MTLmB2g1Ca,TCB,512.0,509.5,value,509.5,2.0,2.0,0.0,,0,0,0.0,0.0,0.0,0.0,40344.0,33722.3,1,1
bc032dd82ee0,Koppal,4D4A2,4D4A2M2a,Gatareddihal-4,0704020002,1494/*/*,0.94,0.0,ST,small,1,AG3,MTLmB2g1Ca,TCB,188.0,150.4,value,150.4,0.0,0.0,0.0,,0,0,0.0,0.0,0.0,0.0,11656.0,7730.56,1,1
cf4b1bafc10c,Koppal,4D4A2,4D4A2M2a,Gatareddihal-4,0704020002,1498/*/1,1.4,0.0,OBC,small,1,AG3,BGPmB1g1Ca,TCB,280.0,131.99,value,131.99,1.0,1.0,0.0,,0,0,0.0,0.0,0.0,0.0,29220.0,10551.286,1,1
873f7a58172d,Koppal,4D4A2,4D4A2M2a,Gatareddihal-4,0704020002,1486/*/*,2.38,0.0,OBC,medium,1,AG3,AWDmB1g1Ca,TCB,476.0,0.0,value,0.0,2.0,,0.0,,0,0,0.0,0.0,0.0,0.0,50964.0,0.0,0,0
3bcad4930a59,Koppal,4D4A2,4D4A2M2a,Gatareddihal-4,0704020002,1495/*/4,0.95,1.0,OBC,small,0,AG3,KVRmB1g1Ca,TCB,190.0,158.4,value,158.4,0.0,2.0,0.0,,0,0,0.0,0.0,0.0,0.0,11780.0,15675.76,1,1
3ef9d79d58c4,Koppal,4D4A2,4D4A2M2a,Gatareddihal-4,0704020002,1500/*/1,3.34,0.0,OBC,medium,1,AG3,MTLmB2g2Ca,TCB,668.0,881.4,value,881.4,3.0,2.0,0.0,,0,1,0.0,0.0,0.0,0.0,151816.0,186124.96,1,1
307bda565c84,Koppal,4D4A2,4D4A2M2a,Gatareddihal-4,0704020002,1499/*/*,8.93,0.0,OBC,small,0,AG3,DRLmB1g1Ca,TCB,1786.0,1197.25,value,1197.25,3.0,2.0,1.0,1.0,0,1,0.0,0.0,40.0,95.0,383154.0,262873.65,1,1
05f144cb12c8,Koppal,4D4A2,4D4A2M2a,Gatareddihal-4,0704020002,1503/*/2,2.02,1.0,OBC,small,0,AG4,DRLmB1g1Ca,TCB,404.0,323.2,value,323.2,2.0,,0.0,,0,0,0.0,0.0,0.0,0.0,44556.0,16612.48,1,1
dcd22c7111df,Koppal,4D4A2,4D4A2M2a,Gatareddihal-4,0704020002,1574/*/3,4.77,0.0,OBC,medium,1,AG4,MLRmA2g1Ca,TCB,953.9999999999999,287.36,value,287.36,3.0,1.0,0.0,,0,0,0.0,0.0,0.0,0.0,97805.99999999999,18537.304,1,1
9ac3f80ffccf,Koppal,4D4A2,4D4A2M2a,Gatareddihal-4,0704020002,1575/*/1,2.31,0.0,OBC,medium,1,AG4,MLRmA2g1Ca,TCB,462.0,306.38,value,306.38,2.0,1.0,0.0,,0,0,0.0,0.0,0.0,0.0,49718.0,19514.932,1,1
6917aaa75ebd,Koppal,4D4A2,4D4A2M2a,Gatareddihal-4,0704020002,1578/*/*,2.05,0.0,OBC,medium,1,AG4,MTLmB2g2Ca,TCB,409.99999999999994,328.0,value,328.0,2.0,,0.0,,0,0,0.0,0.0,0.0,0.0,34020.0,16859.2,1,1
d4daae1bb6ca,Koppal,4D4A2,4D4A2M2a,Gatareddihal-4,0704020002,1580/*/1,1.53,0.0,OBC,small,1,AG4,MTLmB2g2Ca,TCB,306.0,244.8,value,244.8,1.0,,0.0,,0,0,0.0,0.0,0.0,0.0,22372.0,12582.72,1,1
104d78c3cfe5,Koppal,4D4A2,4D4A2M2a,Gatareddihal-4,0704020002,1581/*/1,1.78,0.0,OBC,small,0,AG4,MTLmB2g2Ca,TCB,356.0,284.8,value,284.8,1.0,,0.0,,0,0,0.0,0.0,0.0,0.0,25472.0,14638.72,1,1
9a3aca535bfb,Koppal,4D4A2,4D4A2M2a,Gatareddihal-4,0704020002,1585/*/1,2.5,0.0,OBC,medium,1,AG4,MTLmB2g2Ca,TCB,500.0,400.0,value,400.0,3.0,,0.0,,0,0,0.0,0.0,0.0,0.0,43900.0,20560.0,1,1
78c6288a0f18,Koppal,4D4A2,4D4A2M2a,Gatareddihal-4,0704020002,1585/*/2,0.9,0.0,OBC,small,1,AG4,MTLmB2g2Ca,TCB,180.0,144.0,value,144.0,0.0,0.0,0.0,,0,0,0.0,0.0,0.0,0.0,11160.0,7401.599999999999,1,1
956a656a51d3,Koppal,4D4A2,4D4A2M2a,Gatareddihal-4,0704020002,1599/*/1,1.0,0.0,OBC,small,0,AG3,MLRmA2g1Ca,TCB,200.0,216.74,value,216.74,0.0,1.0,0.0,,0,0,0.0,0.0,0.0,0.0,17800.0,14907.436,1,1
5e27f42a30f1,Koppal,4D4A2,4D4A2M2a,Gatareddihal-4,0704020002,1500/*/3,3.34,0.0,OBC,medium,1,AG3,MTLmB2g2Ca,TCB,668.0,461.98,value,461.98,3.0,2.0,0.0,,0,1,0.0,0.0,0.0,0.0,151816.0,164566.772,1,1
6917aaa75ebd,Koppal,4D4A2,4D4A2M2a,Gatareddihal-4,0704020002,1578/*/*,1.03,0.0,OBC,small,1,AG4,MTLmB2g2Ca,TCB,206.0,164.8,value,164.8,1.0,,0.0,,0,1,0.0,0.0,0.0,0.0,113672.0,141757.72,1,1
6917aaa75ebd,Koppal,4D4A2,4D4A2M2a,Gatareddihal-4,0704020002,1578/*/*,2.03,0.0,OBC,small,0,AG4,MTLmB2g2Ca,TCB,405.99999999999994,324.8,value,324.8,2.0,,0.0,,0,0,0.0,0.0,0.0,0.0,33772.0,16694.72,1,1
52885ec8f779,Koppal,4D4A2,4D4A2M2a,Gatareddihal-4,0704020002,1579/*/2,2.03,0.0,OBC,medium,1,AG4,MTLmB2g2Ca,TCB,405.99999999999994,324.8,value,324.8,2.0,,0.0,,0,0,0.0,0.0,0.0,0.0,33772.0,16694.72,1,1
6eb24c858d23,Koppal,4D4A2,4D4A2M2a,Gatareddihal-4,0704020002,1488/*/1,1.48,1.0,OBC,small,1,AG3,AWDmB1g1Ca,TCB,296.0,236.8,value,236.8,1.0,,0.0,,0,0,100.0,0.0,0.0,0.0,52242.0,12171.52,1,1
3c5d994d34ef,Koppal,4D4A2,4D4A2M2a,Gatareddihal-4,0704020002,1488/*/2,1.1,0.0,SC,small,1,AG3,AWDmB1g1Ca,TCB,220.00000000000003,0.0,value,0.0,1.0,,0.0,,0,0,0.0,0.0,0.0,0.0,23880.000000000004,0.0,0,0
283328efb93f,Koppal,4D4A2,4D4A2M2a,Gatareddihal-4,0704020002,1490/*/3,0.3,0.0,OBC,small,1,AG3,KVRmB1g1Ca,TCB,60.0,226.51,value,226.51,0.0,1.0,0.0,,0,0,0.0,0.0,0.0,0.0,3720.0,15675.614,1,1
4ecbdb5b712d,Koppal,4D4A2,4D4A2M2a,Gatareddihal-4,0704020002,1490/*/9,0.84,0.0,ST,small,1,AG3,KVRmB1g1Ca,TCB,168.0,134.4,value,134.4,0.0,0.0,0.0,,0,0,0.0,0.0,0.0,0.0,10416.0,6908.16,1,1
6da957534c0e,Koppal,4D4A2,4D4A2M2a,Gatareddihal-4,0704020002,1493/*/3,2.6,0.0,OBC,medium,1,AG3,BGPmB1g1Ca,TCB,520.0,490.48,value,490.48,2.0,2.0,0.0,,0,0,0.0,0.0,0.0,0.0,54880.0,32744.672,1,1
bc032dd82ee0,Koppal,4D4A2,4D4A2M2a,Gatareddihal-4,0704020002,1494/*/*,1.17,1.0,ST,small,1,AG3,MTLmB2g1Ca,TCB,234.0,187.2,value,187.2,1.0,,0.0,,0,0,0.0,0.0,0.0,0.0,17908.0,9622.08,1,1
4352b9de2943,Koppal,4D4A2,4D4A2M2a,Gatareddihal-4,0704020002,1496/*/*,1.42,0.0,SC,small,0,AG3,DRLmB1g1Ca,TCB,284.0,188.49,value,188.49,1.0,1.0,0.0,,0,0,0.0,0.0,0.0,0.0,29576.0,13721.386,1,1
7e03936683b2,Koppal,4D4A2,4D4A2M2a,Gatareddihal-4,0704020002,1579/*/3,2.01,0.0,OBC,medium,1,AG4,MTLmB2g2Ca,TCB,401.99999999999994,0.0,value,0.0,2.0,,0.0,,0,0,0.0,0.0,0.0,0.0,33524.0,0.0,0,0
3a14807b5b94,Koppal,4D4A2,4D4A2M2a,Gatareddihal-4,0704020002,1573/*/4,0.8,0.0,OBC,small,0,AG4,MLRmA2g1Ca,TCB,160.0,268.86,value,268.86,0.0,1.0,0.0,,0,0,0.0,0.0,0.0,0.0,9920.0,17586.404000000002,1,1
d6baae45f5b7,Koppal,4D4A2,4D4A2M2a,Gatareddihal-4,0704020002,1574/*/2,1.57,0.0,OBC,small,0,AG4,MLRmA2g1Ca,TCB,314.0,273.23,value,273.23,1.0,1.0,0.0,,0,0,0.0,0.0,0.0,0.0,32246.0,18077.022,1,1
708c83cf22ec,Koppal,4D4A2,4D4A2M2a,Gatareddihal-4,0704020002,1576/*/3,1.43,1.0,OBC,small,0,AG4,MTLmB2g2Ca,TCB,286.0,141.5,value,141.5,1.0,1.0,0.0,,0,0,0.0,0.0,0.0,0.0,21132.0,11572.099999999999,1,1
522c333a52b2,Koppal,4D4A2,4D4A2M2a,Gatareddihal-4,0704020002,1573/*/3,2.4,0.0,OBC,medium,1,AG4,MLRmA2g1Ca,TCB,480.0,384.0,value,384.0,2.0,,0.0,,0,0,0.0,0.0,0.0,0.0,51320.0,19737.6,1,1
f751f406c7e1,Koppal,4D4A2,4D4A2M2a,Gatareddihal-4,0704020002,1575/*/2,2.31,0.0,OBC,medium,1,AG4,MLRmA2g1Ca,TCB,462.0,320.48,value,320.48,2.0,1.0,0.0,,0,0,0.0,0.0,0.0,0.0,49718.0,20239.672,1,1
11442cf8343c,Koppal,4D4A2,4D4A2M2a,Gatareddihal-4,0704020002,1576/*/2,1.84,0.0,OBC,small,1,AG4,MTLmB2g2Ca,TCB,368.0,207.51,value,207.51,1.0,1.0,0.0,,0,0,0.0,0.0,0.0,0.0,26216.0,14433.014,1,1
6917aaa75ebd,Koppal,4D4A2,4D4A2M2a,Gatareddihal-4,0704020002,1578/*/*,1.0,1.0,OBC,small,1,AG4,MTLmB2g2Ca,TCB,200.0,160.0,value,160.0,0.0,0.0,0.0,,0,1,0.0,0.0,0.0,0.0,109900.0,141511.0,1,1
3823e4d6af6a,Koppal,4D4A2,4D4A2M2a,Gatareddihal-4,0704020002,1581/*/3,1.2,0.0,OBC,small,1,AG4,MTLmB2g2Ca,TCB,240.0,192.0,value,192.0,1.0,,0.0,,0,0,0.0,0.0,0.0,0.0,18280.0,9868.8,1,1
1840cc618ff5,Koppal,4D4A2,4D4A2M2a,Gatareddihal-4,0704020002,1576/*/1,1.74,0.0,OBC,small,1,AG4,MTLmB2g2Ca,TCB,348.0,207.51,value,207.51,1.0,1.0,0.0,,0,0,0.0,0.0,0.0,0.0,24976.0,14433.014,1,1
4d733b86c22f,Koppal,4D4A2,4D4A2M2a,Gatareddihal-4,0704020002,1576/*/5,1.62,0.0,OBC,small,1,AG4,MTLmB2g2Ca,TCB,324.0,227.1,value,227.1,1.0,,0.0,,0,0,0.0,0.0,0.0,0.0,23488.0,11672.939999999999,1,1
78c6288a0f18,Koppal,4D4A2,4D4A2M2a,Gatareddihal-4,0704020002,1585/*/2,1.6,0.0,OBC,small,1,AG4,MTLmB2g2Ca,TCB,320.0,256.0,value,256.0,1.0,,0.0,,0,0,0.0,0.0,0.0,0.0,23240.0,13158.4,1,1
4270c6a58080,Koppal,4D4A2,4D4A2M2a,Gatareddihal-4,0704020002,1599/*/2,1.92,0.0,OBC,small,0,AG3,MLRmA2g1Ca,TCB,384.0,216.74,value,216.74,1.0,1.0,0.0,,0,0,0.0,0.0,0.0,0.0,38476.0,15173.436,1,1
d3f4d699e424,Koppal,4D4A2,4D4A2M2b,Gatareddihal-1,0704020002,100/*/2,1.07,1.0,OBC,small,1,AG1,MLRmA2,TCB,214.0,235.22,value,235.22,1.0,,0.0,,0,0,0.0,0.0,0.0,0.0,23346.0,12090.307999999999,1,1
8f1dec9702f4,Koppal,4D4A2,4D4A2M2b,Gatareddihal-1,0704020002,100/*/1,1.07,0.0,OBC,small,1,AG1,MLRmA2,TCB,214.0,244.73,value,244.73,1.0,,0.0,,0,0,0.0,0.0,0.0,0.0,23346.0,12579.122,1,1
0437dc2f31fd,Koppal,4D4A2,4D4A2M2b,Gatareddihal-1,0704020002,100/*/3,2.82,0.0,OBC,medium,1,AG1,MLRmA2,TCB,564.0,461.08,value,461.08,2.0,1.0,0.0,,0,0,0.0,0.0,0.0,0.0,58796.0,27460.512,1,1
1af823f7978b,Koppal,4D4A2,4D4A2M2b,Gatareddihal-1,0704020002,101/*/*,2.73,1.0,OBC,medium,1,AG1,BGPmB2,TCB,546.0,583.44,value,583.44,2.0,1.0,0.0,,0,0,0.0,0.0,0.0,0.0,57194.0,33749.816000000006,1,1
bc7d889f43d9,Koppal,4D4A2,4D4A2M2b,Gatareddihal-1,0704020002,102/*/1,1.89,1.0,OBC,medium,1,AG1,BGPmB2,TCB,378.0,302.4,formula_80pct_of_proposed,,1.0,,0.0,,0,0,0.0,0.0,0.0,0.0,37942.0,15543.359999999999,1,0
3b786f50a6bf,Koppal,4D4A2,4D4A2M2b,Gatareddihal-1,0704020002,102/*/3,1.15,0.0,OBC,small,1,AG1,BGPmB2,TCB,229.99999999999997,183.99999999999997,formula_80pct_of_proposed,,1.0,,0.0,,0,0,99.0,0.0,0.0,0.0,46162.0,9457.599999999999,1,0
23f26d1b7499,Koppal,4D4A2,4D4A2M2b,Gatareddihal-1,0704020002,103/*/1,1.2,0.0,OBC,small,1,AG1,BGPmB2,TCB,240.0,319.97,value,319.97,1.0,,0.0,,0,0,0.0,0.0,0.0,0.0,25660.0,16446.458000000002,1,1
b49c7db11307,Koppal,4D4A2,4D4A2M2b,Gatareddihal-1,0704020002,105/*/4,1.8,0.0,OBC,small,1,AG1,MLRmB2,TCB,360.0,348.22,value,348.22,1.0,1.0,0.0,,0,0,0.0,0.0,40.0,0.0,40140.0,21659.508,1,1
57069104414e,Koppal,4D4A2,4D4A2M2b,Gatareddihal-1,0704020002,104/*/1,1.73,0.0,OBC,small,1,AG1,BGPmB2,TCB,346.0,512.82,value,512.82,1.0,,0.0,,0,0,0.0,0.0,0.0,0.0,35094.0,26358.948,1,1
7e6f7a9695a9,Koppal,4D4A2,4D4A2M2b,Gatareddihal-1,0704020002,107/*/5,0.83,0.0,OBC,small,1,AG1,MLRmB2,TCB,166.0,206.98,value,206.98,0.0,0.0,0.0,,0,0,0.0,0.0,0.0,0.0,10292.0,10638.771999999999,1,1
836ef0890a21,Koppal,4D4A2,4D4A2M2b,Gatareddihal-1,0704020002,102/*/2,1.15,1.0,OBC,small,1,AG1,BGPmB2,TCB,229.99999999999997,183.99999999999997,formula_80pct_of_proposed,,1.0,,0.0,,0,0,0.0,0.0,0.0,0.0,24769.999999999996,9457.599999999999,1,0
0d2084aea9ca,Koppal,4D4A2,4D4A2M2b,Gatareddihal-1,0704020002,103/*/2,0.8,0.0,OBC,small,1,AG1,BGPmB2,TCB,160.0,206.98,value,206.98,0.0,0.0,0.0,,0,0,0.0,0.0,0.0,0.0,9920.0,10638.771999999999,1,1
3b42c2994d16,Koppal,4D4A2,4D4A2M2b,Gatareddihal-1,0704020002,106/*/3,2.1,0.0,OBC,medium,1,AG1,MLRmB2,TCB,420.0,381.08,value,381.08,2.0,,0.0,,0,0,0.0,0.0,40.0,0.0,49780.0,19587.512,1,1
001c1e96fba7,Koppal,4D4A2,4D4A2M2b,Gatareddihal-1,0704020002,109/*/*,2.4,0.0,OBC,small,0,AG1,MLRmB2,TCB,480.0,319.97,value,319.97,2.0,1.0,0.0,,0,0,0.0,0.0,0.0,0.0,51320.0,20206.458000000002,1,1
b9040be2d8ca,Koppal,4D4A2,4D4A2M2b,Gatareddihal-1,0704020002,107/*/4,0.82,0.0,OBC,small,1,AG1,MLRmB2,TCB,164.0,145.86,value,145.86,0.0,0.0,0.0,,0,0,0.0,0.0,0.0,0.0,10168.0,7497.204000000001,1,1
eed10b9f2aaf,Koppal,4D4A2,4D4A2M2b,Gatareddihal-1,0704020002,110/*/2,1.26,0.0,ST,small,1,AG1,MLRmA2,TCB,252.0,247.99,value,247.99,1.0,,0.0,,0,0,0.0,0.0,0.0,0.0,26728.0,12746.686,1,1
3a2eb7f57bfb,Koppal,4D4A2,4D4A2M2b,Gatareddihal-1,0704020002,110/*/1,0.31,0.0,OBC,small,0,AG1,MLRmA2,TCB,62.0,49.6,formula_80pct_of_proposed,,0.0,0.0,0.0,,0,0,0.0,0.0,0.0,0.0,3844.0,2549.44,1,0
a4a51281a328,Koppal,4D4A2,4D4A2M2b,Gatareddihal-1,0704020002,105/*/1,1.79,0.0,OBC,small,1,AG1,MLRmB2,TCB,358.0,155.36,value,155.36,1.0,1.0,0.0,,0,0,0.0,0.0,0.0,0.0,36162.0,11746.504,1,1
63d0eeb40f55,Koppal,4D4A2,4D4A2M2b,Gatareddihal-1,0704020002,105/*/2,1.8,0.0,OBC,small,1,AG1,MLRmB2,TCB,360.0,362.34,value,362.34,1.0,,0.0,,0,0,0.0,0.0,0.0,0.0,36340.0,18624.275999999998,1,1
039d17206347,Koppal,4D4A2,4D4A2M2b,Gatareddihal-1,0704020002,105/*/3,1.79,1.0,OBC,small,1,AG1,MLRmB2,TCB,358.0,206.98,value,206.98,1.0,1.0,0.0,,0,0,0.0,0.0,0.0,0.0,36162.0,14399.771999999999,1,1
92ed33394265,Koppal,4D4A2,4D4A2M2b,Gatareddihal-1,0704020002,103/*/3,1.49,0.0,OBC,small,0,AG1,BGPmB2,TCB,298.0,291.72,value,291.72,1.0,1.0,0.0,,0,0,0.0,0.0,0.0,0.0,30822.0,18755.408000000003,1,1
02a77733f448,Koppal,4D4A2,4D4A2M2b,Gatareddihal-1,0704020002,111/*/1,1.18,1.0,OBC,small,1,AG1,MLRmA2,TCB,236.0,188.8,formula_80pct_of_proposed,,1.0,,0.0,,0,0,0.0,0.0,0.0,0.0,25304.0,9704.32,1,0
76e619d5e8a0,Koppal,4D4A2,4D4A2M2b,Gatareddihal-1,0704020002,111/*/5,1.71,0.0,OBC,small,1,AG1,MLRmA2,TCB,342.0,273.6,formula_80pct_of_proposed,,1.0,,0.0,,0,0,0.0,0.0,0.0,0.0,34738.0,14063.04,1,0
698913cffd47,Koppal,4D4A2,4D4A2M2b,Gatareddihal-1,0704020002,111/*/6,1.72,0.0,OBC,small,1,AG1,MLRmA2,TCB,344.0,275.2,formula_80pct_of_proposed,,1.0,,0.0,,0,0,0.0,0.0,0.0,0.0,34916.0,14145.279999999999,1,0
1c56b7b56108,Koppal,4D4A2,4D4A2M2b,Gatareddihal-1,0704020002,113/*/3,1.23,0.0,ST,small,1,AG1,MLRmA2,TCB,246.0,241.7,value,241.7,1.0,,0.0,,0,0,0.0,0.0,0.0,0.0,26194.0,12423.38,1,1
c5a8fb29a3a2,Koppal,4D4A2,4D4A2M2b,Gatareddihal-1,0704020002,104/*/2,1.72,0.0,OBC,small,1,AG1,BGPmB2,TCB,344.0,362.34,value,362.34,1.0,1.0,0.0,,0,0,0.0,0.0,0.0,0.0,34916.0,22385.275999999998,1,1
ad3ddaf0f16a,Koppal,4D4A2,4D4A2M2b,Gatareddihal-1,0704020002,107/*/3,0.83,1.0,OBC,small,1,AG1,MLRmB2,TCB,166.0,192.85,value,192.85,0.0,1.0,0.0,,0,0,0.0,0.0,0.0,0.0,10292.0,13672.49,1,1
354e8291def9,Koppal,4D4A2,4D4A2M2b,Gatareddihal-1,0704020002,111/*/2,0.8,1.0,OBC,small,1,AG1,MLRmA2,TCB,160.0,178.73,value,178.73,0.0,0.0,0.0,,0,0,0.0,0.0,0.0,0.0,9920.0,9186.722,1,1
64ff6b8d23fb,Koppal,4D4A2,4D4A2M2b,Gatareddihal-1,0704020002,106/*/1,2.1,1.0,OBC,medium,1,AG1,MLRmB2,TCB,420.0,381.08,value,381.08,2.0,,0.0,,0,0,0.0,0.0,0.0,0.0,45980.0,19587.512,1,1
c5888a3105bb,Koppal,4D4A2,4D4A2M2b,Gatareddihal-1,0704020002,106/*/2,2.1,0.0,OBC,medium,1,AG1,MLRmB2,TCB,420.0,409.33,value,409.33,2.0,2.0,0.0,,0,0,0.0,0.0,0.0,0.0,45980.0,28559.561999999998,1,1
76e619d5e8a0,Koppal,4D4A2,4D4A2M2b,Gatareddihal-1,0704020002,111/*/5,1.71,0.0,OBC,small,1,AG1,MLRmA2,TCB,342.0,235.22,value,235.22,1.0,,0.0,,0,0,0.0,0.0,0.0,0.0,34738.0,12090.307999999999,1,1
698913cffd47,Koppal,4D4A2,4D4A2M2b,Gatareddihal-1,0704020002,111/*/6,1.72,0.0,OBC,small,1,AG1,MLRmA2,TCB,344.0,206.98,value,206.98,1.0,1.0,0.0,,0,0,0.0,0.0,0.0,0.0,34916.0,14377.771999999999,1,1
6c9b2bc7fb5b,Koppal,4D4A2,4D4A2M2b,Gatareddihal-1,0704020002,112/*/2,0.69,1.0,OBC,small,0,AG1,MLRmA2,TCB,138.0,110.4,formula_80pct_of_proposed,,0.0,0.0,0.0,,0,0,0.0,0.0,0.0,0.0,8556.0,5674.56,1,0
39a16cca5286,Koppal,4D4A2,4D4A2M2b,Gatareddihal-1,0704020002,112/*/3,1.29,1.0,OBC,small,1,AG1,MLRmA2,TCB,258.0,206.4,formula_80pct_of_proposed,,1.0,,0.0,,0,0,100.0,0.0,0.0,0.0,48860.0,10608.96,1,0
cb5dfc2ae970,Koppal,4D4A2,4D4A2M2b,Gatareddihal-1,0704020002,110/*/5,1.26,0.0,ST,small,1,AG1,MLRmA2,TCB,252.0,319.97,value,319.97,1.0,1.0,0.0,,0,0,0.0,0.0,0.0,0.0,26728.0,20185.458000000002,1,1
213e17852577,Koppal,4D4A2,4D4A2M2b,Gatareddihal-1,0704020002,107/*/1,1.65,0.0,OBC,small,1,AG1,MLRmB2,TCB,330.0,112.99,value,112.99,1.0,1.0,0.0,,0,0,0.0,0.0,0.0,0.0,33670.0,9567.686,1,1
3593cbe76b0f,Koppal,4D4A2,4D4A2M2b,Gatareddihal-1,0704020002,107/*/2,0.82,0.0,OBC,small,1,AG1,MLRmB2,TCB,164.0,174.11,value,174.11,0.0,0.0,0.0,,0,0,0.0,0.0,0.0,0.0,10168.0,8949.254,1,1
02a77733f448,Koppal,4D4A2,4D4A2M2b,Gatareddihal-1,0704020002,111/*/1,1.18,1.0,OBC,small,1,AG1,MLRmA2,TCB,236.0,70.62,value,70.62,1.0,,0.0,,0,0,0.0,0.0,0.0,0.0,25304.0,3629.868,1,1
6e5ca4562f51,Koppal,4D4A2,4D4A2M2b,Gatareddihal-1,0704020002,113/*/1,1.23,0.0,OBC,small,0,AG1,MLRmA2,TCB,246.0,196.8,formula_80pct_of_proposed,,1.0,,0.0,,0,0,0.0,0.0,0.0,0.0,26194.0,10115.52,1,0
200c5dfe31d0,Koppal,4D4A2,4D4A2M2b,Gatareddihal-1,0704020002,113/*/2,1.23,0.0,ST,small,1,AG1,MLRmA2,TCB,246.0,196.8,formula_80pct_of_proposed,,1.0,,0.0,,0,0,0.0,0.0,0.0,0.0,26194.0,10115.52,1,0
6855fd8a087e,Koppal,4D4A2,4D4A2M2b,Gatareddihal-1,0704020002,113/*/5,1.24,0.0,OBC,small,0,AG1,MLRmA2,TCB,248.0,198.4,formula_80pct_of_proposed,,1.0,,0.0,,0,0,0.0,0.0,0.0,0.0,26372.0,10197.76,1,0
843c83ef7cbb,Koppal,4D4A2,4D4A2M2b,Gatareddihal-1,0704020002,108/*/*,1.13,0.0,OBC,small,1,AG1,MLRmB2,TCB,225.99999999999997,159.98,value,159.98,1.0,1.0,0.0,,0,0,0.0,0.0,0.0,0.0,24413.999999999996,11982.972,1,1
fde83c757ae2,Koppal,4D4A2,4D4A2M2b,Gatareddihal-1,0704020002,111/*/4,3.18,0.0,OBC,medium,1,AG1,MLRmA2,TCB,636.0,465.83,value,465.83,3.0,2.0,0.0,,0,0,0.0,0.0,0.0,0.0,69504.0,31421.662,1,1
08ae74433f69,Koppal,4D4A2,4D4A2M2b,Gatareddihal-1,0704020002,110/*/4,0.64,0.0,ST,small,1,AG1,MLRmA2,TCB,128.0,159.98,value,159.98,0.0,0.0,0.0,,0,0,0.0,0.0,0.0,0.0,7936.0,8222.972,1,1
42d60a63ce49,Koppal,4D4A2,4D4A2M2b,Gatareddihal-1,0704020002,110/*/7,0.32,0.0,OBC,small,0,AG1,MLRmA2,TCB,64.0,51.2,formula_80pct_of_proposed,,0.0,0.0,0.0,,0,0,0.0,0.0,0.0,0.0,3968.0,2631.6800000000003,1,0
fde83c757ae2,Koppal,4D4A2,4D4A2M2b,Gatareddihal-1,0704020002,111/*/4,3.18,0.0,OBC,medium,1,AG1,MLRmA2,TCB,636.0,508.8,formula_80pct_of_proposed,,3.0,,0.0,,0,0,0.0,0.0,0.0,0.0,69504.0,26152.32,1,0
e3f59a9eb902,Koppal,4D4A2,4D4A2M2b,Gatareddihal-1,0704020002,112/*/1,0.6,1.0,OBC,small,0,AG1,MLRmA2,TCB,120.0,96.0,formula_80pct_of_proposed,,0.0,0.0,0.0,,0,0,0.0,0.0,0.0,0.0,7440.0,4934.4,1,0
001c1e96fba7,Koppal,4D4A2,4D4A2M2b,Gatareddihal-1,0704020002,109/*/*,1.49,0.0,OBC,small,0,AG1,MLRmB2,TCB,298.0,323.75,value,323.75,1.0,1.0,0.0,,0,0,0.0,0.0,0.0,0.0,30822.0,20400.75,1,1
147f17e3a53e,Koppal,4D4A2,4D4A2M2b,Gatareddihal-1,0704020002,120/*/*,6.1,0.0,ST,large,1,AG1,MLRmA2,TCB,1220.0,976.0,formula_80pct_of_proposed,,3.0,,0.0,,0,0,0.0,0.0,0.0,0.0,121480.0,50166.4,1,0
201e39c95f44,Koppal,4D4A2,4D4A2M2b,Gatareddihal-1,0704020002,110/*/3,1.26,0.0,OBC,small,1,AG1,MLRmA2,TCB,252.0,0.0,value,0.0,1.0,,0.0,,0,0,0.0,0.0,0.0,0.0,26728.0,0.0,0,0
77db12b83ef6,Koppal,4D4A2,4D4A2M2b,Gatareddihal-1,0704020002,126/*/6,3.5,1.0,OBC,medium,1,AG1,MLRmA2,TCB,700.0,0.0,value,0.0,3.0,,0.0,,0,0,0.0,0.0,0.0,0.0,75200.0,0.0,0,0
354e8291def9,Koppal,4D4A2,4D4A2M2b,Gatareddihal-1,0704020002,111/*/2,0.8,1.0,OBC,small,1,AG1,MLRmA2,TCB,160.0,128.0,formula_80pct_of_proposed,,0.0,0.0,0.0,,0,0,0.0,0.0,0.0,0.0,9920.0,6579.2,1,0
2dfd2f441b33,Koppal,4D4A2,4D4A2M2b,Gatareddihal-1,0704020002,111/*/3,0.8,0.0,OBC,small,0,AG1,MLRmA2,TCB,160.0,128.0,formula_80pct_of_proposed,,0.0,0.0,0.0,,0,0,0.0,0.0,0.0,0.0,9920.0,6579.2,1,0
ce81bc1f3768,Koppal,4D4A2,4D4A2M2b,Gatareddihal-1,0704020002,110/*/6,1.26,1.0,ST,small,1,AG1,MLRmA2,TCB,252.0,0.0,value,0.0,1.0,,0.0,,0,0,0.0,0.0,0.0,0.0,26728.0,0.0,0,0
7e0d2078a768,Koppal,4D4A2,4D4A2M2b,Gatareddihal-1,0704020002,111/*/7,0.4,1.0,OBC,small,0,AG1,MLRmA2,TCB,80.0,70.62,value,70.62,0.0,0.0,0.0,,0,0,0.0,0.0,0.0,0.0,4960.0,3629.868,1,1
2dfd2f441b33,Koppal,4D4A2,4D4A2M2b,Gatareddihal-1,0704020002,111/*/3,0.8,0.0,OBC,small,0,AG1,MLRmA2,TCB,160.0,128.0,formula_80pct_of_proposed,,0.0,0.0,0.0,,0,0,0.0,0.0,0.0,0.0,9920.0,6579.2,1,0
3facb7dcdc20,Koppal,4D4A2,4D4A2M2b,Gatareddihal-1,0704020002,112/*/4,1.47,1.0,OBC,small,1,AG1,MLRmA2,TCB,294.0,0.0,value,0.0,1.0,,0.0,,0,0,100.0,0.0,0.0,0.0,52064.0,0.0,0,0
921499d122d6,Koppal,4D4A2,4D4A2M2b,Gatareddihal-1,0704020002,113/*/4,1.23,0.0,OBC,small,0,AG1,MLRmA2,TCB,246.0,196.8,formula_80pct_of_proposed,,1.0,,0.0,,0,0,0.0,0.0,0.0,0.0,26194.0,10115.52,1,0
4bdf574bcba4,Koppal,4D4A2,4D4A2M2b,Gatareddihal-1,0704020002,126/*/3,2.13,0.0,OBC,medium,1,AG1,MLRmA2,TCB,426.0,340.8,formula_80pct_of_proposed,,2.0,,0.0,,0,0,0.0,0.0,0.0,0.0,46514.0,17517.12,1,0
7639db4d96a6,Koppal,4D4A2,4D4A2M2b,Gatareddihal-1,0704020002,126/*/4,2.14,0.0,OBC,medium,1,AG1,MLRmA2,TCB,428.0,342.4,formula_80pct_of_proposed,,2.0,,0.0,,0,0,0.0,0.0,0.0,0.0,46692.0,17599.359999999997,1,0
96280a820b29,Koppal,4D4A2,4D4A2M2b,Gatareddihal-1,0704020002,126/*/8,5.93,1.0,OBC,large,1,AG1,MLRmA2,TCB,1186.0,948.8,formula_80pct_of_proposed,,3.0,,1.0,1.0,0,0,0.0,0.0,0.0,0.0,228454.0,148768.32,1,0
a2bee5387165,Koppal,4D4A2,4D4A2M2b,Gatareddihal-1,0704020002,127/*/*,1.91,0.0,OBC,small,1,AG1,MLRmA2,TCB,382.0,0.0,value,0.0,1.0,,0.0,,0,0,0.0,0.0,0.0,0.0,38298.0,0.0,0,0
6cdae2678e43,Koppal,4D4A2,4D4A2M2b,Gatareddihal-1,0704020002,126/*/2,2.13,0.0,OBC,medium,1,AG1,MLRmA2,TCB,426.0,0.0,value,0.0,2.0,,0.0,,0,0,0.0,0.0,0.0,0.0,46514.0,0.0,0,0
4bdf574bcba4,Koppal,4D4A2,4D4A2M2b,Gatareddihal-1,0704020002,126/*/3,2.13,0.0,OBC,medium,1,AG1,MLRmA2,TCB,426.0,0.0,value,0.0,2.0,,0.0,,0,0,0.0,0.0,0.0,0.0,46514.0,0.0,0,0
7f8be3176549,Koppal,4D4A2,4D4A2M2b,Gatareddihal-1,0704020002,126/*/7,1.06,1.0,OBC,small,1,AG1,MLRmA2,TCB,212.0,169.6,formula_80pct_of_proposed,,1.0,,0.0,,0,0,0.0,0.0,0.0,0.0,23168.0,8717.439999999999,1,0
85f12e6e358b,Koppal,4D4A2,4D4A2M2b,Gatareddihal-1,0704020002,128/*/2,1.29,1.0,OBC,small,1,AG1,MLRmA2,TCB,258.0,174.11,value,174.11,1.0,,0.0,,0,0,0.0,0.0,0.0,0.0,27262.0,8949.254,1,1
9d555f87f8bd,Koppal,4D4A2,4D4A2M2b,Gatareddihal-1,0704020002,131/*/1,0.4,0.0,OBC,small,1,AG1,MLRmA2,TCB,80.0,0.0,value,0.0,0.0,0.0,0.0,,0,0,0.0,0.0,0.0,0.0,4960.0,0.0,0,0
176d7059c62a,Koppal,4D4A2,4D4A2M2b,Gatareddihal-1,0704020002,128/*/3,0.64,0.0,OBC,small,1,AG1,MLRmA2,TCB,128.0,159.98,value,159.98,0.0,0.0,0.0,,0,0,0.0,0.0,0.0,0.0,7936.0,8222.972,1,1
7f41cb07b63d,Koppal,4D4A2,4D4A2M2b,Gatareddihal-1,0704020002,128/*/5,1.93,0.0,OBC,small,0,AG1,MLRmA2,TCB,386.0,174.11,value,174.11,1.0,1.0,0.0,,0,0,0.0,0.0,0.0,0.0,38654.0,12688.254,1,1
6dea55d55005,Koppal,4D4A2,4D4A2M2b,Gatareddihal-1,0704020002,131/*/5,2.47,0.0,OBC,medium,1,AG1,MLRmA2,TCB,494.00000000000006,0.0,value,0.0,2.0,,0.0,,0,0,0.0,0.0,0.0,0.0,52566.00000000001,0.0,0,0
5a8a0bbc904b,Koppal,4D4A2,4D4A2M2b,Gatareddihal-1,0704020002,131/*/8,2.47,0.0,OBC,medium,1,AG1,MLRmA2,TCB,494.00000000000006,0.0,value,0.0,2.0,,0.0,,0,0,0.0,0.0,0.0,0.0,52566.00000000001,0.0,0,0
eda1d9cc39d6,Koppal,4D4A2,4D4A2M2b,Gatareddihal-1,0704020002,126/*/1,1.6,1.0,OBC,small,1,AG1,MLRmA2,TCB,320.0,256.0,formula_80pct_of_proposed,,1.0,,0.0,,0,0,0.0,0.0,0.0,0.0,32780.0,13158.4,1,0
19c97a0d6d49,Koppal,4D4A2,4D4A2M2b,Gatareddihal-1,0704020002,126/*/5,3.49,1.0,OBC,medium,1,AG1,MLRmA2,TCB,698.0,558.4,formula_80pct_of_proposed,,3.0,,0.0,,0,1,0.0,0.0,0.0,0.0,172522.0,161988.76,1,1
f83c75b7de17,Koppal,4D4A2,4D4A2M2b,Gatareddihal-1,0704020002,134/*/*,1.2,1.0,OBC,small,1,AG1,MLRmB2,TCB,240.0,192.0,formula_80pct_of_proposed,,1.0,,0.0,,0,0,0.0,0.0,0.0,0.0,25660.0,9868.8,1,0
611014b0a6ac,Koppal,4D4A2,4D4A2M2b,Gatareddihal-1,0704020002,132/*/1,3.27,1.0,OBC,small,0,AG1,MLRmB2,TCB,654.0,244.73,value,244.73,3.0,1.0,0.0,,0,0,0.0,0.0,0.0,0.0,71106.0,16318.122,1,1
6752b724b8b8,Koppal,4D4A2,4D4A2M2b,Gatareddihal-1,0704020002,133/*/1,1.44,0.0,OBC,small,1,AG1,MLRmB2,TCB,288.0,178.73,value,178.73,1.0,,0.0,,0,0,0.0,0.0,0.0,0.0,29932.0,9186.722,1,1
6cdae2678e43,Koppal,4D4A2,4D4A2M2b,Gatareddihal-1,0704020002,126/*/2,2.13,0.0,OBC,medium,1,AG1,MLRmA2,TCB,426.0,340.8,formula_80pct_of_proposed,,2.0,,0.0,,0,0,0.0,0.0,0.0,0.0,46514.0,17517.12,1,0
77db12b83ef6,Koppal,4D4A2,4D4A2M2b,Gatareddihal-1,0704020002,126/*/6,3.5,1.0,OBC,medium,1,AG1,MLRmA2,TCB,700.0,560.0,formula_80pct_of_proposed,,3.0,,0.0,,0,0,0.0,0.0,0.0,0.0,75200.0,28784.0,1,0
419bd36fe3b4,Koppal,4D4A2,4D4A2M2b,Gatareddihal-1,0704020002,131/*/6,2.87,0.0,OBC,medium,1,AG1,MLRmA2,TCB,574.0,0.0,value,0.0,2.0,,0.0,,0,0,0.0,0.0,0.0,0.0,59686.0,0.0,0,0
7ab9903c668b,Koppal,4D4A2,4D4A2M2b,Gatareddihal-1,0704020002,131/*/7,0.28,0.0,OBC,small,1,AG1,MLRmA2,TCB,56.00000000000001,0.0,value,0.0,0.0,0.0,0.0,,0,0,0.0,0.0,0.0,0.0,3472.0000000000005,0.0,0,0
08c2c059e348,Koppal,4D4A2,4D4A2M2b,Gatareddihal-1,0704020002,131/*/3,5.34,0.0,OBC,medium,1,AG1,MLRmA2,TCB,1068.0,0.0,value,0.0,3.0,,0.0,,0,0,0.0,0.0,0.0,0.0,107952.0,0.0,0,0
eda1d9cc39d6,Koppal,4D4A2,4D4A2M2b,Gatareddihal-1,0704020002,126/*/1,1.6,1.0,OBC,small,1,AG1,MLRmA2,TCB,320.0,0.0,value,0.0,1.0,,0.0,,0,0,0.0,0.0,0.0,0.0,32780.0,0.0,0,0
0b6084838236,Koppal,4D4A2,4D4A2M2b,Gatareddihal-1,0704020002,132/*/2,0.2,0.0,OBC,small,0,AG1,MLRmB2,TCB,40.0,117.61,value,117.61,0.0,0.0,0.0,,0,0,0.0,0.0,0.0,0.0,2480.0,6045.1539999999995,1,1
9518a5b9c8c1,Koppal,4D4A2,4D4A2M2b,Gatareddihal-1,0704020002,133/*/2,3.73,0.0,OBC,medium,1,AG1,MLRmB2,TCB,746.0,348.22,value,348.22,3.0,2.0,0.0,,0,0,0.0,0.0,0.0,0.0,79294.0,25376.508,1,1
7b82941abebc,Koppal,4D4A2,4D4A2M2b,Gatareddihal-1,0704020002,1477/*/2,1.66,0.0,OBC,small,0,AG2,MLRmB2g1Ca,TCB,332.0,376.99,value,376.99,1.0,,0.0,,0,0,0.0,0.0,0.0,0.0,33848.0,19377.286,1,1
d60019ce97f2,Koppal,4D4A2,4D4A2M2b,Gatareddihal-1,0704020002,1477/*/3,1.66,0.0,OBC,small,1,AG2,MLRmB2g1Ca,TCB,332.0,424.24,value,424.24,1.0,,0.0,,0,1,0.0,0.0,0.0,0.0,131348.0,155092.936,1,1
f69135852310,Koppal,4D4A2,4D4A2M2b,Gatareddihal-1,0704020002,1478/*/1,1.15,0.0,OBC,small,0,AG2,MLRmB2g1Ca,TCB,229.99999999999997,357.81,value,357.81,1.0,1.0,0.0,,0,0,0.0,0.0,0.0,0.0,24769.999999999996,22158.434,1,1
97aaabed0dbe,Koppal,4D4A2,4D4A2M2b,Gatareddihal-1,0704020002,1480/*/5,1.2,1.0,OBC,small,1,AG2,MLRmB2g1Ca,TCB,240.0,206.98,value,206.98,1.0,1.0,0.0,,0,1,0.0,0.0,0.0,0.0,123160.0,146931.772,1,1
f4a8e4e71dfe,Koppal,4D4A2,4D4A2M2b,Gatareddihal-1,0704020002,1483/*/3,1.44,0.0,OBC,small,0,AG2,MLRmB3g1Ca,TCB,288.0,282.22,value,282.22,1.0,,0.0,,0,0,0.0,0.0,0.0,0.0,29932.0,14506.108,1,1
1cbc988f3022,Koppal,4D4A2,4D4A2M2b,Gatareddihal-1,0704020002,1483/*/5,1.23,0.0,OBC,small,0,AG2,MLRmB3g1Ca,TCB,246.0,0.0,value,0.0,1.0,,0.0,,0,0,0.0,0.0,0.0,0.0,26194.0,0.0,0,0
c89c06a1c3f9,Koppal,4D4A2,4D4A2M2b,Gatareddihal-1,0704020002,1505/*/2,2.89,0.0,ST,medium,1,AG2,MLRmB2g2Ca,TCB,578.0,508.2,value,508.2,2.0,,0.0,,0,1,0.0,0.0,0.0,0.0,157542.0,110897.48,1,1
158ca7e6810e,Koppal,4D4A2,4D4A2M2b,Gatareddihal-1,0704020002,1509/*/1,0.77,1.0,SC,small,1,AG2,MLRmB3g1Ca,TCB,154.0,159.98,value,159.98,0.0,0.0,0.0,,0,0,0.0,0.0,0.0,0.0,9548.0,8222.972,1,1
42975c297ece,Koppal,4D4A2,4D4A2M2b,Gatareddihal-1,0704020002,1509/*/4,2.95,0.0,OBC,medium,1,AG2,MLRmB3g1Ca,TCB,590.0,0.0,value,0.0,2.0,,0.0,,0,0,0.0,0.0,0.0,0.0,61110.0,0.0,0,0
c87bb83b0e77,Koppal,4D4A2,4D4A2M2b,Gatareddihal-1,0704020002,1509/*/7,0.57,1.0,SC,small,1,AG2,MLRmB3g1Ca,TCB,113.99999999999999,145.86,value,145.86,0.0,0.0,0.0,,0,0,0.0,0.0,0.0,0.0,7067.999999999999,7497.204000000001,1,1
52b9d14f37cb,Koppal,4D4A2,4D4A2M2b,Gatareddihal-1,0704020002,1510/*/*,2.1,0.0,OBC,medium,1,AG2,AWDmB2,TCB,420.0,0.0,value,0.0,2.0,,0.0,,0,0,0.0,0.0,0.0,0.0,45980.0,0.0,0,0
704ca98901ec,Koppal,4D4A2,4D4A2M2b,Gatareddihal-1,0704020002,1518/*/*,0.7,0.0,OBC,small,1,AG2,MLRmB2g1Ca,TCB,140.0,320.76,value,320.76,0.0,1.0,0.0,,0,0,0.0,0.0,0.0,0.0,8680.0,20539.064,1,1
704ca98901ec,Koppal,4D4A2,4D4A2M2b,Gatareddihal-1,0704020002,1518/*/*,0.7,0.0,OBC,small,0,AG2,MLRmB2g1Ca,TCB,140.0,112.0,formula_80pct_of_proposed,,0.0,0.0,0.0,,0,0,0.0,0.0,0.0,0.0,8680.0,5756.8,1,0
704ca98901ec,Koppal,4D4A2,4D4A2M2b,Gatareddihal-1,0704020002,1518/*/*,2.55,1.0,OBC,small,0,AG2,MLRmB2g1Ca,TCB,509.99999999999994,0.0,value,0.0,2.0,,0.0,,0,0,0.0,0.0,0.0,0.0,53989.99999999999,0.0,0,0
704ca98901ec,Koppal,4D4A2,4D4A2M2b,Gatareddihal-1,0704020002,1518/*/*,3.35,0.0,OBC,medium,1,AG2,MLRmB2g1Ca,TCB,670.0,0.0,value,0.0,3.0,,0.0,,0,0,0.0,0.0,0.0,0.0,72530.0,0.0,0,0
8572826fc436,Koppal,4D4A2,4D4A2M2b,Gatareddihal-1,0704020002,131/*/2,4.94,0.0,OBC,medium,1,AG1,MLRmA2,TCB,988.0000000000001,0.0,value,0.0,3.0,,0.0,,0,0,0.0,0.0,0.0,0.0,100832.00000000001,0.0,0,0
e46522b1b1c9,Koppal,4D4A2,4D4A2M2b,Gatareddihal-1,0704020002,131/*/4,3.15,0.0,OBC,medium,1,AG1,MLRmA2,TCB,630.0,504.0,formula_80pct_of_proposed,,3.0,,0.0,,0,0,0.0,0.0,0.0,0.0,68970.0,25905.6,1,0
f83c75b7de17,Koppal,4D4A2,4D4A2M2b,Gatareddihal-1,0704020002,134/*/*,3.2,1.0,OBC,medium,1,AG1,MLRmB2,TCB,640.0,461.21,value,461.21,3.0,,0.0,,0,1,0.0,0.0,0.0,0.0,167360.0,156993.194,1,1
176d7059c62a,Koppal,4D4A2,4D4A2M2b,Gatareddihal-1,0704020002,128/*/3,0.65,0.0,OBC,small,1,AG1,MLRmA2,TCB,130.0,174.11,value,174.11,0.0,0.0,0.0,,0,0,0.0,0.0,0.0,0.0,8060.0,8949.254,1,1
efa957c6f25e,Koppal,4D4A2,4D4A2M2b,Gatareddihal-1,0704020002,128/*/4,1.94,0.0,OBC,small,0,AG1,MLRmA2,TCB,388.0,174.11,value,174.11,1.0,,0.0,,0,0,0.0,0.0,0.0,0.0,38832.0,8949.254,1,1
14a350b0f200,Koppal,4D4A2,4D4A2M2b,Gatareddihal-1,0704020002,132/*/3,1.64,0.0,OBC,small,1,AG1,MLRmB2,TCB,328.0,277.6,value,277.6,1.0,1.0,0.0,,0,0,0.0,0.0,0.0,0.0,33492.0,18007.64,1,1
7639db4d96a6,Koppal,4D4A2,4D4A2M2b,Gatareddihal-1,0704020002,126/*/4,2.14,0.0,OBC,medium,1,AG1,MLRmA2,TCB,428.0,342.4,formula_80pct_of_proposed,,2.0,,0.0,,0,0,0.0,0.0,0.0,0.0,46692.0,17599.359999999997,1,0
8f94a324f349,Koppal,4D4A2,4D4A2M2b,Gatareddihal-1,0704020002,1562/*/2,1.65,0.0,OBC,medium,1,AG3,AWDmB2,TCB,330.0,264.0,formula_80pct_of_proposed,,2.0,,0.0,,0,0,0.0,0.0,0.0,0.0,37970.0,13569.6,1,0
2520dd4d743b,Koppal,4D4A2,4D4A2M2b,Gatareddihal-1,0704020002,1562/*/3,0.85,1.0,OBC,small,1,AG3,AWDmB2,TCB,170.0,0.0,value,0.0,1.0,,0.0,,0,0,0.0,0.0,0.0,0.0,19430.0,0.0,0,0
b305cfb634e9,Koppal,4D4A2,4D4A2M2b,Gatareddihal-1,0704020002,1563/*/1,0.77,1.0,SC,small,1,AG3,MLRmB3g1Ca,TCB,154.0,151.31,value,151.31,0.0,0.0,0.0,,0,0,0.0,0.0,0.0,0.0,9548.0,7777.334,1,1
08c2c059e348,Koppal,4D4A2,4D4A2M2b,Gatareddihal-1,0704020002,131/*/3,5.34,0.0,OBC,medium,1,AG1,MLRmA2,TCB,1068.0,174.11,value,174.11,3.0,,1.0,1.0,0,0,0.0,0.0,0.0,0.0,217952.0,108949.254,1,1
c8b1c4885629,Koppal,4D4A2,4D4A2M2b,Gatareddihal-1,0704020002,128/*/1,1.29,0.0,OBC,small,1,AG1,MLRmA2,TCB,258.0,174.11,value,174.11,1.0,1.0,0.0,,0,0,0.0,0.0,0.0,0.0,27262.0,12688.254,1,1
fa3226f42070,Koppal,4D4A2,4D4A2M2b,Gatareddihal-1,0704020002,1563/*/3,0.63,0.0,OBC,small,1,AG3,MLRmB3g1Ca,TCB,126.0,100.8,formula_80pct_of_proposed,,0.0,0.0,0.0,,0,0,0.0,0.0,0.0,0.0,7812.0,5181.12,1,0
a151b3325059,Koppal,4D4A2,4D4A2M2b,Gatareddihal-1,0704020002,1564/*/3,1.9,0.0,OBC,small,0,AG3,BDRmB2,TCB,380.0,0.0,value,0.0,1.0,,0.0,,0,0,0.0,0.0,0.0,0.0,38120.0,0.0,0,0
391aa814c501,Koppal,4D4A2,4D4A2M2b,Gatareddihal-1,0704020002,1566/*/*,1.35,0.0,OBC,small,1,AG3,MLRmB3g1Ca,TCB,270.0,159.98,value,159.98,1.0,,0.0,,0,0,0.0,0.0,0.0,0.0,28330.0,8222.972,1,1
e9de50858a50,Koppal,4D4A2,4D4A2M2b,Gatareddihal-1,0704020002,1568/*/4,1.6,0.0,OBC,small,1,AG3,MLRmA2g1Ca,TCB,320.0,216.48,value,216.48,1.0,,0.0,,0,0,0.0,0.0,0.0,0.0,32780.0,11127.071999999998,1,1
37c3f88795f3,Koppal,4D4A2,4D4A2M2b,Gatareddihal-1,0704020002,1569/*/*,0.08,0.0,OBC,small,0,AG3,MLRmA2g1Ca,TCB,16.0,103.49,value,103.49,0.0,0.0,0.0,,0,0,0.0,0.0,0.0,0.0,992.0,5319.3859999999995,1,1
1c437b8a6061,Koppal,4D4A2,4D4A2M2b,Gatareddihal-1,0704020002,1572/*/*,7.11,1.0,OBC,medium,0,AG3,MLRmA2g1Ca,TCB,1422.0,1223.64,value,1223.64,3.0,2.0,1.0,,0,0,0.0,0.0,40.0,0.0,253258.0,65791.096,1,1
f83c75b7de17,Koppal,4D4A2,4D4A2M2b,Gatareddihal-1,0704020002,134/*/*,0.68,0.0,OBC,small,1,AG1,MLRmB2,TCB,136.0,206.98,value,206.98,0.0,0.0,0.0,,0,0,0.0,0.0,0.0,0.0,8432.0,10638.771999999999,1,1
c7955eae202e,Koppal,4D4A2,4D4A2M2b,Gatareddihal-1,0704020002,1476/*/*,2.3,0.0,ST,medium,1,AG2,GRHmB3g1Ca,TCB,459.99999999999994,145.2,value,145.2,2.0,1.0,1.0,1.0,0,0,0.0,0.0,0.0,0.0,159540.0,106230.28,1,1
6d54efca1e41,Koppal,4D4A2,4D4A2M2b,Gatareddihal-1,0704020002,1478/*/2,1.15,0.0,SC,small,1,AG2,MLRmB2g1Ca,TCB,229.99999999999997,348.3,value,348.3,1.0,1.0,0.0,,0,1,100.0,100.0,0.0,0.0,143868.0,176556.62,1,1
22747dce59a5,Koppal,4D4A2,4D4A2M2b,Gatareddihal-1,0704020002,1483/*/1,1.97,0.0,OBC,small,0,AG2,MLRmB3g1Ca,TCB,394.0,188.23,value,188.23,1.0,,0.0,,0,0,0.0,0.0,0.0,0.0,39366.0,9675.021999999999,1,1
5f33f1a2a412,Koppal,4D4A2,4D4A2M2b,Gatareddihal-1,0704020002,135/*/2,3.18,0.0,OBC,small,0,AG1,MLRmB2,TCB,636.0,319.97,value,319.97,3.0,,0.0,,0,0,0.0,0.0,0.0,0.0,69504.0,16446.458000000002,1,1
1e96ba215a8b,Koppal,4D4A2,4D4A2M2b,Gatareddihal-1,0704020002,1601/*/2,1.0,0.0,OBC,small,0,AG3,MLRmB2,TCB,200.0,0.0,value,0.0,0.0,0.0,0.0,,0,0,0.0,0.0,0.0,0.0,17800.0,0.0,0,0
df47eb20628a,Koppal,4D4A2,4D4A2M2b,Gatareddihal-1,0704020002,1602/*/1,2.24,0.0,OBC,small,0,AG3,MLRmB2,TCB,448.00000000000006,0.0,value,0.0,2.0,,0.0,,0,0,0.0,0.0,0.0,0.0,48472.00000000001,0.0,0,0
935bbed9bf1e,Koppal,4D4A2,4D4A2M2b,Gatareddihal-1,0704020002,1602/*/2,2.25,0.0,OBC,medium,1,AG3,MLRmB2,TCB,450.0,409.33,value,409.33,2.0,1.0,0.0,,0,0,0.0,0.0,40.0,0.0,52450.0,24998.561999999998,1,1
168fac092192,Koppal,4D4A2,4D4A2M2b,Gatareddihal-1,0704020002,1605/*/3,2.85,0.0,OBC,medium,1,AG3,MLRmB2g1,TCB,570.0,0.0,value,0.0,2.0,,0.0,,0,0,0.0,0.0,0.0,0.0,59330.0,0.0,0,0
28dbf3f41843,Koppal,4D4A2,4D4A2M2b,Gatareddihal-1,0704020002,1607/*/3,0.22,0.0,OBC,small,1,AG3,BDRmB2,TCB,44.0,0.0,value,0.0,0.0,0.0,0.0,,0,0,0.0,0.0,0.0,0.0,2728.0,0.0,0,0
25225d1176bd,Koppal,4D4A2,4D4A2M2b,Gatareddihal-1,0704020002,135/*/1,3.18,1.0,OBC,small,1,AG1,MLRmB2,TCB,636.0,226.79,value,226.79,3.0,,0.0,,0,0,0.0,0.0,40.0,0.0,73304.0,11657.006,1,1
e46522b1b1c9,Koppal,4D4A2,4D4A2M2b,Gatareddihal-1,0704020002,131/*/4,3.15,0.0,OBC,medium,1,AG1,MLRmA2,TCB,630.0,0.0,value,0.0,3.0,,0.0,,0,0,0.0,0.0,0.0,0.0,68970.0,0.0,0,0
6dea55d55005,Koppal,4D4A2,4D4A2M2b,Gatareddihal-1,0704020002,131/*/5,2.47,0.0,OBC,medium,1,AG1,MLRmA2,TCB,494.00000000000006,0.0,value,0.0,2.0,,0.0,,0,0,0.0,0.0,0.0,0.0,52566.00000000001,0.0,0,0
419bd36fe3b4,Koppal,4D4A2,4D4A2M2b,Gatareddihal-1,0704020002,131/*/6,2.87,0.0,OBC,medium,1,AG1,MLRmA2,TCB,574.0,459.2,formula_80pct_of_proposed,,2.0,,0.0,,0,0,0.0,0.0,0.0,0.0,59686.0,23602.879999999997,1,0
5a8a0bbc904b,Koppal,4D4A2,4D4A2M2b,Gatareddihal-1,0704020002,131/*/8,2.47,0.0,OBC,medium,1,AG1,MLRmA2,TCB,494.00000000000006,395.20000000000005,formula_80pct_of_proposed,,2.0,,0.0,,0,0,0.0,0.0,0.0,0.0,52566.00000000001,20313.280000000002,1,0
c7955eae202e,Koppal,4D4A2,4D4A2M2b,Gatareddihal-1,0704020002,1476/*/*,0.98,1.0,OBC,small,1,AG2,GRHmB3g1Ca,TCB,196.0,145.2,value,145.2,0.0,0.0,0.0,,0,0,0.0,0.0,0.0,0.0,12152.0,7463.279999999999,1,1
9581531267f9,Koppal,4D4A2,4D4A2M2b,Gatareddihal-1,0704020002,1480/*/1,0.56,0.0,ST,small,1,AG2,MLRmB2g1Ca,TCB,112.00000000000001,131.74,value,131.74,0.0,0.0,0.0,,0,0,0.0,0.0,0.0,0.0,6944.000000000001,6771.436000000001,1,1
52caf8a27ef5,Koppal,4D4A2,4D4A2M2b,Gatareddihal-1,0704020002,1480/*/4,0.96,0.0,SC,small,1,AG2,MLRmB2g1Ca,TCB,192.0,145.86,value,145.86,0.0,0.0,0.0,,0,1,0.0,0.0,0.0,0.0,109404.0,140784.204,1,1
c7e393077ff9,Koppal,4D4A2,4D4A2M2b,Gatareddihal-1,0704020002,1483/*/2,0.54,0.0,ST,small,1,AG2,MLRmB3g1Ca,TCB,108.0,131.74,value,131.74,0.0,0.0,0.0,,0,0,0.0,0.0,0.0,0.0,6696.0,6771.436000000001,1,1
fcd41a0c42bb,Koppal,4D4A2,4D4A2M2b,Gatareddihal-1,0704020002,1509/*/11,0.8,1.0,SC,small,1,AG2,MLRmB3g1Ca,TCB,160.0,188.23,value,188.23,0.0,0.0,0.0,,0,0,0.0,0.0,0.0,0.0,9920.0,9675.021999999999,1,1
9ad5f222b9ce,Koppal,4D4A2,4D4A2M2b,Gatareddihal-1,0704020002,1509/*/9,0.8,1.0,OBC,small,0,AG2,MLRmB3g1Ca,TCB,160.0,188.23,value,188.23,0.0,0.0,0.0,,0,0,0.0,0.0,0.0,0.0,9920.0,9675.021999999999,1,1
52b9d14f37cb,Koppal,4D4A2,4D4A2M2b,Gatareddihal-1,0704020002,1510/*/*,1.9,0.0,OBC,small,1,AG2,AWDmB2,TCB,380.0,304.0,formula_80pct_of_proposed,,1.0,,0.0,,0,0,0.0,0.0,0.0,0.0,38120.0,15625.6,1,0
0a4b70b5b5cb,Koppal,4D4A2,4D4A2M2b,Gatareddihal-1,0704020002,1513/*/*,1.12,0.0,OBC,small,1,AG2,AWDmB2,TCB,224.00000000000003,179.20000000000005,formula_80pct_of_proposed,,1.0,,0.0,,0,0,0.0,0.0,0.0,0.0,24236.000000000004,9210.880000000003,1,0
704ca98901ec,Koppal,4D4A2,4D4A2M2b,Gatareddihal-1,0704020002,1518/*/*,2.55,0.0,OBC,small,0,AG2,MLRmB2g1Ca,TCB,509.99999999999994,407.99999999999994,formula_80pct_of_proposed,,2.0,,0.0,,0,0,0.0,0.0,0.0,0.0,53989.99999999999,20971.199999999997,1,0
704ca98901ec,Koppal,4D4A2,4D4A2M2b,Gatareddihal-1,0704020002,1518/*/*,1.13,0.0,OBC,small,1,AG2,MLRmB2g1Ca,TCB,225.99999999999997,0.0,value,0.0,1.0,,0.0,,0,0,0.0,0.0,0.0,0.0,24413.999999999996,0.0,0,0
704ca98901ec,Koppal,4D4A2,4D4A2M2b,Gatareddihal-1,0704020002,1518/*/*,1.06,0.0,OBC,small,1,AG2,MLRmB2g1Ca,TCB,212.0,0.0,value,0.0,1.0,,0.0,,0,0,0.0,0.0,0.0,0.0,23168.0,0.0,0,0
c7955eae202e,Koppal,4D4A2,4D4A2M2b,Gatareddihal-1,0704020002,1476/*/*,0.66,0.0,OBC,small,1,AG2,GRHmB3g1Ca,TCB,132.0,158.4,value,158.4,0.0,0.0,0.0,,0,0,0.0,0.0,0.0,0.0,8184.0,8141.76,1,1
3972bd269121,Koppal,4D4A2,4D4A2M2b,Gatareddihal-1,0704020002,1479/*/2,0.78,0.0,OBC,small,0,AG2,MLRmB2g1Ca,TCB,156.0,124.8,formula_80pct_of_proposed,,0.0,0.0,0.0,,0,0,0.0,0.0,0.0,0.0,9672.0,6414.719999999999,1,0
3972bd269121,Koppal,4D4A2,4D4A2M2b,Gatareddihal-1,0704020002,1479/*/2,0.78,0.0,OBC,small,0,AG2,MLRmB2g1Ca,TCB,156.0,291.72,value,291.72,0.0,1.0,0.0,,0,0,0.0,0.0,0.0,0.0,9672.0,18000.408000000003,1,1
622b58b1db17,Koppal,4D4A2,4D4A2M2b,Gatareddihal-1,0704020002,1479/*/3,0.78,0.0,OBC,small,0,AG2,MLRmB2g1Ca,TCB,156.0,159.98,value,159.98,0.0,0.0,0.0,,0,0,0.0,0.0,0.0,0.0,9672.0,8222.972,1,1
c7e393077ff9,Koppal,4D4A2,4D4A2M2b,Gatareddihal-1,0704020002,1483/*/2,0.55,0.0,ST,small,1,AG2,MLRmB3g1Ca,TCB,110.00000000000001,348.22,value,348.22,0.0,2.0,0.0,,0,0,0.0,0.0,0.0,0.0,6820.000000000001,23908.508,1,1
c7955eae202e,Koppal,4D4A2,4D4A2M2b,Gatareddihal-1,0704020002,1476/*/*,0.66,0.0,OBC,small,0,AG2,GRHmB3g1Ca,TCB,132.0,145.2,value,145.2,0.0,0.0,0.0,,0,0,0.0,0.0,0.0,0.0,8184.0,7463.279999999999,1,1
6db5d530e2d3,Koppal,4D4A2,4D4A2M2b,Gatareddihal-1,0704020002,1479/*/1,2.33,0.0,SC,medium,1,AG2,MLRmB2g1Ca,TCB,466.0,0.0,value,0.0,2.0,,0.0,,0,0,0.0,0.0,0.0,0.0,50074.0,0.0,0,0
6db5d530e2d3,Koppal,4D4A2,4D4A2M2b,Gatareddihal-1,0704020002,1479/*/1,2.33,0.0,SC,medium,1,AG2,MLRmB2g1Ca,TCB,466.0,451.7,value,451.7,2.0,1.0,0.0,,0,0,0.0,0.0,0.0,0.0,50074.0,26223.379999999997,1,1
728f331fa3ff,Koppal,4D4A2,4D4A2M2b,Gatareddihal-1,0704020002,1482/*/*,5.85,0.0,OBC,medium,1,AG2,MLRmB3g1Ca,TCB,1170.0,973.76,value,973.76,3.0,1.0,1.0,,0,0,0.0,0.0,40.0,0.0,230830.0,53057.263999999996,1,1
1fff9fadb0fa,Koppal,4D4A2,4D4A2M2b,Gatareddihal-1,0704020002,1483/*/4,0.48,1.0,OBC,small,0,AG2,MLRmB3g1Ca,TCB,96.0,117.61,value,117.61,0.0,0.0,0.0,,0,0,0.0,0.0,0.0,0.0,5952.0,6045.1539999999995,1,1
bc590d252a9a,Koppal,4D4A2,4D4A2M2b,Gatareddihal-1,0704020002,1477/*/1,3.37,0.0,OBC,medium,1,AG2,MLRmB2g1Ca,TCB,674.0,353.35,value,353.35,3.0,1.0,1.0,1.0,0,1,0.0,0.0,0.0,0.0,280386.0,270216.19,1,1
383323b950fc,Koppal,4D4A2,4D4A2M2b,Gatareddihal-1,0704020002,1480/*/2,1.69,0.0,ST,small,1,AG2,MLRmB2g1Ca,TCB,338.0,376.46,value,376.46,1.0,,0.0,,0,0,0.0,0.0,0.0,0.0,34382.0,19350.043999999998,1,1
a8a791acb948,Koppal,4D4A2,4D4A2M2b,Gatareddihal-1,0704020002,1563/*/5,1.42,0.0,OBC,small,0,AG3,MLRmB3g1Ca,TCB,284.0,0.0,value,0.0,1.0,,0.0,,0,0,0.0,0.0,0.0,0.0,29576.0,0.0,0,0
8b32bccc9fc4,Koppal,4D4A2,4D4A2M2b,Gatareddihal-1,0704020002,1564/*/2,1.51,0.0,OBC,small,1,AG3,BDRmB2,TCB,302.0,0.0,value,0.0,1.0,,0.0,,0,0,0.0,0.0,0.0,0.0,31178.0,0.0,0,0
a8de170ec21c,Koppal,4D4A2,4D4A2M2b,Gatareddihal-1,0704020002,1564/*/5,1.31,0.0,OBC,small,0,AG3,BDRmB2,TCB,262.0,209.6,formula_80pct_of_proposed,,1.0,,0.0,,0,0,0.0,0.0,0.0,0.0,27618.0,10773.439999999999,1,0
391aa814c501,Koppal,4D4A2,4D4A2M2b,Gatareddihal-1,0704020002,1566/*/*,2.49,0.0,OBC,medium,1,AG3,MLRmB3g1Ca,TCB,498.00000000000006,390.59,value,390.59,2.0,1.0,0.0,,0,0,0.0,0.0,0.0,0.0,52922.00000000001,23082.325999999997,1,1
921715cd9f76,Koppal,4D4A2,4D4A2M2b,Gatareddihal-1,0704020002,1568/*/1,1.6,0.0,OBC,small,0,AG3,MLRmA2g1Ca,TCB,320.0,258.85,value,258.85,1.0,,0.0,,0,0,0.0,0.0,0.0,0.0,32780.0,13304.890000000001,1,1
d4eebc61bd8a,Koppal,4D4A2,4D4A2M2b,Gatareddihal-1,0704020002,1506/*/2,1.15,0.0,ST,small,1,AG2,MLRmB3g1Ca,TCB,229.99999999999997,225.98,value,225.98,1.0,,0.0,,0,0,0.0,0.0,0.0,0.0,24769.999999999996,11615.372,1,1
0385cf0a6076,Koppal,4D4A2,4D4A2M2b,Gatareddihal-1,0704020002,1507/*/2,10.56,0.0,OBC,large,1,AG2,MLRmB3g1Ca,TCB,2112.0,1512.15,value,1512.15,3.0,3.0,0.0,,0,0,0.0,0.0,40.0,0.0,204668.0,82071.51000000001,1,1
4330d5dc8b64,Koppal,4D4A2,4D4A2M2b,Gatareddihal-1,0704020002,1509/*/12,0.8,0.0,SC,small,1,AG2,MLRmB3g1Ca,TCB,160.0,206.98,value,206.98,0.0,0.0,0.0,,0,0,0.0,0.0,0.0,0.0,9920.0,10638.771999999999,1,1
52b9d14f37cb,Koppal,4D4A2,4D4A2M2b,Gatareddihal-1,0704020002,1510/*/*,0.7,0.0,OBC,small,1,AG2,AWDmB2,TCB,140.0,112.0,formula_80pct_of_proposed,,0.0,0.0,0.0,,0,0,0.0,0.0,0.0,0.0,8680.0,5756.8,1,0
58b01d2a8dde,Koppal,4D4A2,4D4A2M2b,Gatareddihal-1,0704020002,1511/*/*,1.6,0.0,OBC,small,1,AG2,AWDmB2,TCB,320.0,256.0,value,256.0,1.0,,0.0,,0,1,0.0,0.0,0.0,0.0,130280.0,146445.4,1,1
0a4b70b5b5cb,Koppal,4D4A2,4D4A2M2b,Gatareddihal-1,0704020002,1513/*/*,0.75,0.0,OBC,small,1,AG2,AWDmB2,TCB,150.0,120.0,formula_80pct_of_proposed,,0.0,0.0,0.0,,0,0,0.0,0.0,0.0,0.0,9300.0,6168.0,1,0
0a4b70b5b5cb,Koppal,4D4A2,4D4A2M2b,Gatareddihal-1,0704020002,1513/*/*,1.56,0.0,OBC,small,1,AG2,AWDmB2,TCB,312.0,249.6,formula_80pct_of_proposed,,1.0,,0.0,,0,0,0.0,0.0,0.0,0.0,32068.0,12829.439999999999,1,0
704ca98901ec,Koppal,4D4A2,4D4A2M2b,Gatareddihal-1,0704020002,1518/*/*,0.7,0.0,OBC,small,1,AG2,MLRmB2g1Ca,TCB,140.0,0.0,value,0.0,0.0,0.0,0.0,,0,0,0.0,0.0,0.0,0.0,8680.0,0.0,0,0
9dad5585cedc,Koppal,4D4A2,4D4A2M2b,Gatareddihal-1,0704020002,1601/*/1,0.54,0.0,OBC,small,0,AG3,MLRmB2,TCB,108.0,174.11,value,174.11,0.0,1.0,0.0,,0,0,0.0,0.0,0.0,0.0,6696.0,12908.254,1,1
9581531267f9,Koppal,4D4A2,4D4A2M2b,Gatareddihal-1,0704020002,1480/*/1,1.12,0.0,ST,small,1,AG2,MLRmB2g1Ca,TCB,224.00000000000003,159.98,value,159.98,1.0,,0.0,,0,0,0.0,0.0,0.0,0.0,24236.000000000004,8222.972,1,1
a17c66d89f94,Koppal,4D4A2,4D4A2M2b,Gatareddihal-1,0704020002,1480/*/3,1.2,1.0,OBC,small,0,AG2,MLRmB2g1Ca,TCB,240.0,235.22,value,235.22,1.0,1.0,0.0,,0,0,0.0,0.0,0.0,0.0,25660.0,15096.307999999999,1,1
168fac092192,Koppal,4D4A2,4D4A2M2b,Gatareddihal-1,0704020002,1605/*/3,2.85,0.0,OBC,medium,1,AG3,MLRmB2g1,TCB,570.0,456.0,formula_80pct_of_proposed,,2.0,,0.0,,0,0,0.0,0.0,0.0,0.0,59330.0,23438.399999999998,1,0
985498aa3a82,Koppal,4D4A2,4D4A2M2b,Gatareddihal-1,0704020002,1505/*/1,2.89,0.0,ST,medium,1,AG2,MLRmB2g2Ca,TCB,578.0,564.7,value,564.7,2.0,1.0,0.0,,0,0,0.0,0.0,40.0,0.0,63842.0,30474.58,1,1
3d879b8d7524,Koppal,4D4A2,4D4A2M2b,Gatareddihal-1,0704020002,1507/*/1,6.45,0.0,OBC,large,1,AG2,MLRmB3g1Ca,TCB,1290.0,1242.38,value,1242.38,3.0,3.0,0.0,,0,0,0.0,0.0,40.0,0.0,131510.0,68205.332,1,1
10d3842b029b,Koppal,4D4A2,4D4A2M2b,Gatareddihal-1,0704020002,1509/*/6,0.77,0.0,SC,small,1,AG2,MLRmB3g1Ca,TCB,154.0,159.98,value,159.98,0.0,0.0,0.0,,0,0,0.0,0.0,0.0,0.0,9548.0,8222.972,1,1
704ca98901ec,Koppal,4D4A2,4D4A2M2b,Gatareddihal-1,0704020002,1518/*/*,6.72,1.0,OBC,medium,0,AG2,MLRmB2g1Ca,TCB,1344.0,621.98,value,621.98,3.0,2.0,0.0,,0,0,0.0,0.0,0.0,0.0,132516.0,39501.772,1,1
75b4daf20fd2,Koppal,4D4A2,4D4A2M2b,Gatareddihal-1,0704020002,1562/*/1,0.8,0.0,OBC,small,1,AG3,AWDmB2,TCB,160.0,128.0,formula_80pct_of_proposed,,0.0,0.0,0.0,,0,0,0.0,0.0,0.0,0.0,9920.0,6579.2,1,0
b305cfb634e9,Koppal,4D4A2,4D4A2M2b,Gatareddihal-1,0704020002,1563/*/1,0.8,1.0,SC,small,1,AG3,MLRmB3g1Ca,TCB,160.0,157.2,value,157.2,0.0,0.0,0.0,,0,0,0.0,0.0,0.0,0.0,9920.0,8080.079999999999,1,1
70a6541d0339,Koppal,4D4A2,4D4A2M2b,Gatareddihal-1,0704020002,1564/*/1,1.39,0.0,OBC,small,0,AG3,BDRmB2,TCB,278.0,222.4,formula_80pct_of_proposed,,1.0,,0.0,,0,0,0.0,0.0,0.0,0.0,29042.0,11431.36,1,0
704ca98901ec,Koppal,4D4A2,4D4A2M2b,Gatareddihal-1,0704020002,1518/*/*,0.7,0.0,OBC,small,0,AG2,MLRmB2g1Ca,TCB,140.0,112.0,formula_80pct_of_proposed,,0.0,0.0,0.0,,0,0,0.0,0.0,0.0,0.0,8680.0,5756.8,1,0
704ca98901ec,Koppal,4D4A2,4D4A2M2b,Gatareddihal-1,0704020002,1518/*/*,2.54,0.0,OBC,small,0,AG2,MLRmB2g1Ca,TCB,508.0,406.4,formula_80pct_of_proposed,,2.0,,0.0,,0,0,0.0,0.0,0.0,0.0,53812.0,20888.96,1,0
704ca98901ec,Koppal,4D4A2,4D4A2M2b,Gatareddihal-1,0704020002,1518/*/*,3.36,0.0,OBC,medium,1,AG2,MLRmB2g1Ca,TCB,672.0,537.6,formula_80pct_of_proposed,,3.0,,0.0,,0,0,0.0,0.0,0.0,0.0,72708.0,27632.64,1,0
9dab26c8803e,Koppal,4D4A2,4D4A2M2b,Gatareddihal-1,0704020002,1564/*/6,0.84,0.0,OBC,small,0,AG3,BDRmB2,TCB,168.0,134.4,formula_80pct_of_proposed,,0.0,0.0,0.0,,0,0,0.0,0.0,0.0,0.0,10416.0,6908.16,1,0
49bcb9a944a2,Koppal,4D4A2,4D4A2M2b,Gatareddihal-1,0704020002,1571/*/1,2.52,1.0,OBC,medium,1,AG3,MLRmA2g1Ca,TCB,504.0,291.72,value,291.72,2.0,1.0,0.0,,0,0,0.0,0.0,0.0,0.0,53456.0,18953.408000000003,1,1
03fd6d1b1118,Koppal,4D4A2,4D4A2M2b,Gatareddihal-1,0704020002,1601/*/3,1.0,0.0,OBC,small,1,AG3,MLRmB2,TCB,200.0,196.71,value,196.71,0.0,0.0,0.0,,0,0,0.0,0.0,0.0,0.0,17800.0,10110.894,1,1
0d6277ae5268,Koppal,4D4A2,4D4A2M2b,Gatareddihal-1,0704020002,1607/*/1,0.98,0.0,OBC,small,1,AG3,BDRmB2,TCB,196.0,0.0,value,0.0,1.0,,0.0,,0,0,0.0,0.0,0.0,0.0,21744.0,0.0,0,0
e6bbec67d3a4,Koppal,4D4A2,4D4A2M2b,Gatareddihal-1,0704020002,1481/*/*,5.9,0.0,OBC,medium,1,AG2,GRHmB3g1Ca,TCB,1180.0,696.43,value,696.43,3.0,2.0,0.0,,0,0,0.0,0.0,40.0,0.0,121720.0,41808.50199999999,1,1
728f331fa3ff,Koppal,4D4A2,4D4A2M2b,Gatareddihal-1,0704020002,1482/*/*,5.85,0.0,OBC,medium,1,AG2,MLRmB3g1Ca,TCB,1170.0,0.0,value,0.0,3.0,,0.0,,0,0,0.0,0.0,40.0,0.0,120830.0,0.0,0,0
5a73cbe70a35,Koppal,4D4A2,4D4A2M2b,Gatareddihal-1,0704020002,1507/*/4,4.97,0.0,OBC,medium,0,AG2,MLRmB3g1Ca,TCB,994.0,696.43,value,696.43,3.0,,1.0,1.0,0,0,0.0,0.0,40.0,0.0,215166.0,145796.50199999998,1,1
21f8df040f82,Koppal,4D4A2,4D4A2M2b,Gatareddihal-1,0704020002,1563/*/2,0.83,0.0,OBC,small,1,AG3,MLRmB3g1Ca,TCB,166.0,132.8,formula_80pct_of_proposed,,0.0,0.0,0.0,,0,0,0.0,0.0,0.0,0.0,10292.0,6825.92,1,0
3af6936ce192,Koppal,4D4A2,4D4A2M2b,Gatareddihal-1,0704020002,1565/*/*,7.49,1.0,OBC,large,1,AG3,MLRmA2g1Ca,TCB,1498.0,1392.86,value,1392.86,3.0,3.0,0.0,,0,0,0.0,0.0,0.0,0.0,146222.0,83470.00399999999,1,1
6b73fb7287f9,Koppal,4D4A2,4D4A2M2b,Gatareddihal-1,0704020002,1567/*/*,1.49,0.0,OBC,small,0,AG3,MLRmB3g1Ca,TCB,298.0,159.98,value,159.98,1.0,,0.0,,0,0,0.0,0.0,0.0,0.0,30822.0,8222.972,1,1
cc11c9d699d6,Koppal,4D4A2,4D4A2M2b,Gatareddihal-1,0704020002,1570/*/4,0.8,1.0,OBC,small,0,AG3,MLRmA2g1Ca,TCB,160.0,128.0,formula_80pct_of_proposed,,0.0,0.0,0.0,,0,0,0.0,0.0,0.0,0.0,9920.0,6579.2,1,0
f6baa3733ad3,Koppal,4D4A2,4D4A2M2b,Gatareddihal-1,0704020002,1506/*/4,0.23,0.0,OBC,small,0,AG2,MLRmB3g1Ca,TCB,46.0,36.8,formula_80pct_of_proposed,,0.0,0.0,0.0,,0,0,0.0,0.0,0.0,0.0,2852.0,1891.5199999999998,1,0
778a556bf822,Koppal,4D4A2,4D4A2M2b,Gatareddihal-1,0704020002,1509/*/2,0.6,0.0,OBC,small,1,AG2,MLRmB3g1Ca,TCB,120.0,159.98,value,159.98,0.0,0.0,0.0,,0,0,0.0,0.0,0.0,0.0,7440.0,8222.972,1,1
05dbe7e06070,Koppal,4D4A2,4D4A2M2b,Gatareddihal-1,0704020002,1509/*/5,0.77,1.0,SC,small,1,AG2,MLRmB3g1Ca,TCB,154.0,159.98,value,159.98,0.0,0.0,0.0,,0,0,0.0,0.0,0.0,0.0,9548.0,8222.972,1,1
58b01d2a8dde,Koppal,4D4A2,4D4A2M2b,Gatareddihal-1,0704020002,1511/*/*,1.6,1.0,OBC,small,1,AG2,AWDmB2,TCB,320.0,0.0,value,0.0,1.0,,0.0,,0,0,0.0,0.0,0.0,0.0,32780.0,0.0,0,0
0dd6634c868b,Koppal,4D4A2,4D4A2M2b,Gatareddihal-1,0704020002,1508/*/*,0.04,0.0,OBC,small,1,AG2,MLRmB3g1Ca,TCB,8.0,6.4,formula_80pct_of_proposed,,0.0,0.0,0.0,,0,0,0.0,0.0,0.0,0.0,496.0,328.96000000000004,1,0
95111be2d962,Koppal,4D4A2,4D4A2M2b,Gatareddihal-1,0704020002,1509/*/10,0.8,1.0,SC,small,1,AG2,MLRmB3g1Ca,TCB,160.0,216.48,value,216.48,0.0,1.0,0.0,,0,0,0.0,0.0,0.0,0.0,9920.0,14132.071999999998,1,1
58b01d2a8dde,Koppal,4D4A2,4D4A2M2b,Gatareddihal-1,0704020002,1511/*/*,0.25,0.0,OBC,small,1,AG2,AWDmB2,TCB,50.0,40.0,formula_80pct_of_proposed,,0.0,0.0,0.0,,0,0,0.0,0.0,0.0,0.0,3100.0,2056.0,1,0
58b01d2a8dde,Koppal,4D4A2,4D4A2M2b,Gatareddihal-1,0704020002,1511/*/*,0.25,0.0,OBC,small,0,AG2,AWDmB2,TCB,50.0,0.0,value,0.0,0.0,0.0,0.0,,0,0,0.0,0.0,0.0,0.0,3100.0,0.0,0,0
1c437b8a6061,Koppal,4D4A2,4D4A2M2b,Gatareddihal-1,0704020002,1572/*/*,7.11,1.0,OBC,medium,0,AG3,MLRmA2g1Ca,TCB,1422.0,0.0,value,0.0,3.0,,0.0,,0,0,0.0,0.0,40.0,0.0,143258.0,0.0,0,0
e06667417930,Koppal,4D4A2,4D4A2M2b,Gatareddihal-1,0704020002,1600/*/*,1.73,0.0,OBC,small,1,AG3,MLRmA2g1Ca,TCB,346.0,188.23,value,188.23,1.0,1.0,0.0,,0,0,0.0,0.0,0.0,0.0,35094.0,13634.021999999999,1,1
eca2bdec2452,Koppal,4D4A2,4D4A2M2b,Gatareddihal-1,0704020002,1603/*/3,0.8,0.0,OBC,small,1,AG3,MLRmA2g1Ca,TCB,160.0,202.36,value,202.36,0.0,0.0,1.0,1.0,0,0,0.0,0.0,0.0,0.0,119920.0,125401.304,1,1
e8abe8f3153c,Koppal,4D4A2,4D4A2M2b,Gatareddihal-1,0704020002,1604/*/2,2.11,1.0,OBC,medium,1,AG3,MLRmB2g1,TCB,422.0,0.0,value,0.0,2.0,,0.0,,0,0,0.0,0.0,0.0,0.0,46158.0,0.0,0,0
093b48df9964,Koppal,4D4A2,4D4A2M2b,Gatareddihal-1,0704020002,1604/*/4,0.9,0.0,ST,small,1,AG3,MLRmB2g1,TCB,180.0,144.0,formula_80pct_of_proposed,,0.0,0.0,0.0,,0,0,0.0,0.0,0.0,0.0,11160.0,7401.599999999999,1,0
58c5a0572c36,Koppal,4D4A2,4D4A2M2b,Gatareddihal-1,0704020002,1606/*/*,1.29,1.0,OBC,small,1,AG3,MLRmB2g1,TCB,258.0,0.0,value,0.0,1.0,,0.0,,0,0,0.0,0.0,0.0,0.0,27262.0,0.0,0,0
58a7873e23c0,Koppal,4D4A2,4D4A2M2b,Gatareddihal-1,0704020002,1607/*/4,1.6,0.0,OBC,small,1,AG3,BDRmB2,TCB,320.0,0.0,value,0.0,1.0,,0.0,,0,0,0.0,0.0,0.0,0.0,32780.0,0.0,0,0
e6ff798ce4a4,Koppal,4D4A2,4D4A2M2b,Gatareddihal-1,0704020002,1506/*/3,0.7,0.0,OBC,small,0,AG2,MLRmB3g1Ca,TCB,140.0,272.98,value,272.98,0.0,0.0,0.0,,0,0,0.0,0.0,0.0,0.0,8680.0,14031.172,1,1
6978d616348a,Koppal,4D4A2,4D4A2M2b,Gatareddihal-1,0704020002,1509/*/13,0.8,1.0,SC,small,1,AG2,MLRmB3g1Ca,TCB,160.0,230.6,value,230.6,0.0,1.0,0.0,,0,0,0.0,0.0,0.0,0.0,9920.0,14857.84,1,1
eb0016c89610,Koppal,4D4A2,4D4A2M2b,Gatareddihal-1,0704020002,1509/*/8,0.28,0.0,OBC,small,0,AG2,MLRmB3g1Ca,TCB,56.00000000000001,44.80000000000001,formula_80pct_of_proposed,,0.0,0.0,0.0,,0,0,0.0,0.0,0.0,0.0,3472.0000000000005,2302.7200000000007,1,0
adb9d80cd1e7,Koppal,4D4A2,4D4A2M2b,Gatareddihal-1,0704020002,1512/*/*,2.4,1.0,OBC,medium,1,AG2,AWDmB2,TCB,480.0,334.63,value,334.63,2.0,2.0,0.0,,0,1,0.0,0.0,0.0,0.0,148820.0,158018.982,1,1
58b01d2a8dde,Koppal,4D4A2,4D4A2M2b,Gatareddihal-1,0704020002,1511/*/*,1.6,0.0,OBC,small,1,AG2,AWDmB2,TCB,320.0,198.0,value,198.0,1.0,1.0,0.0,,0,0,0.0,0.0,0.0,0.0,32780.0,13943.199999999999,1,1
58b01d2a8dde,Koppal,4D4A2,4D4A2M2b,Gatareddihal-1,0704020002,1511/*/*,1.6,0.0,OBC,small,1,AG2,AWDmB2,TCB,320.0,221.63,value,221.63,1.0,1.0,0.0,,0,0,0.0,0.0,0.0,0.0,32780.0,15424.782,1,1
0a4b70b5b5cb,Koppal,4D4A2,4D4A2M2b,Gatareddihal-1,0704020002,1513/*/*,0.75,1.0,OBC,small,0,AG2,AWDmB2,TCB,150.0,120.0,formula_80pct_of_proposed,,0.0,0.0,0.0,,0,0,0.0,0.0,0.0,0.0,9300.0,6168.0,1,0
adb9d80cd1e7,Koppal,4D4A2,4D4A2M2b,Gatareddihal-1,0704020002,1512/*/*,2.41,0.0,OBC,medium,1,AG2,AWDmB2,TCB,482.0,311.25,value,311.25,2.0,1.0,0.0,,0,0,0.0,0.0,0.0,0.0,51498.0,19764.25,1,1
0a4b70b5b5cb,Koppal,4D4A2,4D4A2M2b,Gatareddihal-1,0704020002,1513/*/*,0.75,0.0,OBC,small,1,AG2,AWDmB2,TCB,150.0,120.0,formula_80pct_of_proposed,,0.0,0.0,0.0,,0,0,0.0,0.0,0.0,0.0,9300.0,6168.0,1,0
704ca98901ec,Koppal,4D4A2,4D4A2M2b,Gatareddihal-1,0704020002,1518/*/*,0.68,0.0,OBC,small,1,AG2,MLRmB2g1Ca,TCB,136.0,108.8,formula_80pct_of_proposed,,0.0,0.0,0.0,,0,0,0.0,0.0,0.0,0.0,8432.0,5592.32,1,0
0a4b70b5b5cb,Koppal,4D4A2,4D4A2M2b,Gatareddihal-1,0704020002,1513/*/*,1.56,0.0,OBC,small,1,AG2,AWDmB2,TCB,312.0,0.0,value,0.0,1.0,,0.0,,0,0,0.0,0.0,0.0,0.0,32068.0,0.0,0,0
704ca98901ec,Koppal,4D4A2,4D4A2M2b,Gatareddihal-1,0704020002,1518/*/*,2.24,0.0,OBC,medium,1,AG2,MLRmB2g1Ca,TCB,448.00000000000006,358.4000000000001,formula_80pct_of_proposed,,2.0,,0.0,,0,0,0.0,0.0,0.0,0.0,48472.00000000001,18421.760000000006,1,0
704ca98901ec,Koppal,4D4A2,4D4A2M2b,Gatareddihal-1,0704020002,1518/*/*,0.7,0.0,OBC,small,1,AG2,MLRmB2g1Ca,TCB,140.0,112.0,formula_80pct_of_proposed,,0.0,0.0,0.0,,0,0,0.0,0.0,0.0,0.0,8680.0,5756.8,1,0
704ca98901ec,Koppal,4D4A2,4D4A2M2b,Gatareddihal-1,0704020002,1518/*/*,1.13,0.0,OBC,small,1,AG2,MLRmB2g1Ca,TCB,225.99999999999997,180.79999999999995,formula_80pct_of_proposed,,1.0,,0.0,,0,0,0.0,0.0,0.0,0.0,24413.999999999996,9293.119999999997,1,0
704ca98901ec,Koppal,4D4A2,4D4A2M2b,Gatareddihal-1,0704020002,1518/*/*,6.72,1.0,OBC,small,0,AG2,MLRmB2g1Ca,TCB,1344.0,593.99,value,593.99,3.0,2.0,0.0,,0,0,0.0,0.0,0.0,0.0,132516.0,38063.085999999996,1,1
704ca98901ec,Koppal,4D4A2,4D4A2M2b,Gatareddihal-1,0704020002,1518/*/*,2.24,0.0,OBC,medium,1,AG2,MLRmB2g1Ca,TCB,448.00000000000006,352.0,value,352.0,2.0,,1.0,1.0,0,1,0.0,0.0,0.0,0.0,255972.0,256379.8,1,1
704ca98901ec,Koppal,4D4A2,4D4A2M2b,Gatareddihal-1,0704020002,1518/*/*,3.4,0.0,OBC,small,0,AG2,MLRmB2g1Ca,TCB,680.0,544.0,formula_80pct_of_proposed,,3.0,,0.0,,0,0,0.0,0.0,0.0,0.0,73420.0,27961.6,1,0
704ca98901ec,Koppal,4D4A2,4D4A2M2b,Gatareddihal-1,0704020002,1518/*/*,2.55,0.0,OBC,small,0,AG2,MLRmB2g1Ca,TCB,509.99999999999994,407.99999999999994,formula_80pct_of_proposed,,2.0,,0.0,,0,0,0.0,0.0,0.0,0.0,53989.99999999999,20971.199999999997,1,0
704ca98901ec,Koppal,4D4A2,4D4A2M2b,Gatareddihal-1,0704020002,1518/*/*,2.23,0.0,OBC,medium,1,AG2,MLRmB2g1Ca,TCB,446.0,356.8,formula_80pct_of_proposed,,2.0,,0.0,,0,1,0.0,0.0,0.0,0.0,145794.0,151626.52,1,1
97850cfba58d,Koppal,4D4A2,4D4A2M2b,Gatareddihal-1,0704020002,1570/*/2,0.8,0.0,ST,small,1,AG3,MLRmA2g1Ca,TCB,160.0,202.36,value,202.36,0.0,1.0,0.0,,0,0,0.0,0.0,0.0,0.0,9920.0,14360.304,1,1
5635c66f0ba3,Koppal,4D4A2,4D4A2M2b,Gatareddihal-1,0704020002,1479/*/4,0.78,0.0,OBC,small,0,AG2,MLRmB2g1Ca,TCB,156.0,188.23,value,188.23,0.0,0.0,0.0,,0,0,0.0,0.0,0.0,0.0,9672.0,9675.021999999999,1,1
b305cfb634e9,Koppal,4D4A2,4D4A2M2b,Gatareddihal-1,0704020002,1563/*/1,0.77,1.0,SC,small,1,AG3,MLRmB3g1Ca,TCB,154.0,0.0,value,0.0,0.0,0.0,0.0,,0,0,0.0,0.0,0.0,0.0,9548.0,0.0,0,0
21f8df040f82,Koppal,4D4A2,4D4A2M2b,Gatareddihal-1,0704020002,1563/*/2,0.83,0.0,OBC,small,1,AG3,MLRmB3g1Ca,TCB,166.0,132.8,formula_80pct_of_proposed,,0.0,0.0,0.0,,0,0,0.0,0.0,0.0,0.0,10292.0,6825.92,1,0
b305cfb634e9,Koppal,4D4A2,4D4A2M2b,Gatareddihal-1,0704020002,1563/*/1,0.8,1.0,SC,small,1,AG3,MLRmB3g1Ca,TCB,160.0,128.0,formula_80pct_of_proposed,,0.0,0.0,0.0,,0,0,0.0,0.0,0.0,0.0,9920.0,6579.2,1,0
7981ecf5c636,Koppal,4D4A2,4D4A2M2b,Gatareddihal-1,0704020002,1563/*/4,2.24,0.0,OBC,medium,1,AG3,MLRmB3g1Ca,TCB,448.00000000000006,358.4000000000001,formula_80pct_of_proposed,,2.0,,0.0,,0,0,0.0,0.0,0.0,0.0,48472.00000000001,18421.760000000006,1,0
a151b3325059,Koppal,4D4A2,4D4A2M2b,Gatareddihal-1,0704020002,1564/*/3,1.9,0.0,OBC,small,0,AG3,BDRmB2,TCB,380.0,304.0,formula_80pct_of_proposed,,1.0,,0.0,,0,0,0.0,0.0,0.0,0.0,38120.0,15625.6,1,0
ba1a21f89103,Koppal,4D4A2,4D4A2M2b,Gatareddihal-1,0704020002,1506/*/1,0.02,0.0,ST,small,1,AG2,MLRmB3g1Ca,TCB,4.0,291.72,value,291.72,0.0,0.0,0.0,,0,0,0.0,0.0,0.0,0.0,248.0,14994.408000000001,1,1
7f5351448a31,Koppal,4D4A2,4D4A2M2b,Gatareddihal-1,0704020002,1506/*/5,1.8,0.0,ST,small,1,AG2,MLRmB3g1Ca,TCB,360.0,461.21,value,461.21,1.0,1.0,0.0,,0,0,0.0,0.0,0.0,0.0,36340.0,25155.194,1,1
6069c92edd23,Koppal,4D4A2,4D4A2M2b,Gatareddihal-1,0704020002,1509/*/3,2.8,0.0,OBC,medium,1,AG2,MLRmB3g1Ca,TCB,560.0,460.87,value,460.87,2.0,2.0,1.0,1.0,0,0,0.0,0.0,0.0,0.0,168440.0,124698.718,1,1
52b9d14f37cb,Koppal,4D4A2,4D4A2M2b,Gatareddihal-1,0704020002,1510/*/*,2.1,0.0,OBC,small,0,AG2,AWDmB2,TCB,420.0,336.0,formula_80pct_of_proposed,,2.0,,0.0,,0,0,0.0,0.0,0.0,0.0,45980.0,17270.399999999998,1,0
58b01d2a8dde,Koppal,4D4A2,4D4A2M2b,Gatareddihal-1,0704020002,1511/*/*,1.6,1.0,OBC,small,1,AG2,AWDmB2,TCB,320.0,221.63,value,221.63,1.0,,0.0,,0,0,0.0,0.0,0.0,0.0,32780.0,11391.782,1,1
0a4b70b5b5cb,Koppal,4D4A2,4D4A2M2b,Gatareddihal-1,0704020002,1513/*/*,0.75,1.0,OBC,small,0,AG2,AWDmB2,TCB,150.0,0.0,value,0.0,0.0,0.0,0.0,,0,0,0.0,0.0,0.0,0.0,9300.0,0.0,0,0
704ca98901ec,Koppal,4D4A2,4D4A2M2b,Gatareddihal-1,0704020002,1518/*/*,2.55,0.0,OBC,small,0,AG2,MLRmB2g1Ca,TCB,509.99999999999994,407.99999999999994,formula_80pct_of_proposed,,2.0,,0.0,,0,0,0.0,0.0,0.0,0.0,53989.99999999999,20971.199999999997,1,0
704ca98901ec,Koppal,4D4A2,4D4A2M2b,Gatareddihal-1,0704020002,1518/*/*,2.54,0.0,OBC,small,0,AG2,MLRmB2g1Ca,TCB,508.0,0.0,value,0.0,2.0,,0.0,,0,0,0.0,0.0,0.0,0.0,53812.0,0.0,0,0
704ca98901ec,Koppal,4D4A2,4D4A2M2b,Gatareddihal-1,0704020002,1518/*/*,1.06,0.0,OBC,small,1,AG2,MLRmB2g1Ca,TCB,212.0,0.0,value,0.0,1.0,,0.0,,0,0,0.0,0.0,0.0,0.0,23168.0,0.0,0,0
704ca98901ec,Koppal,4D4A2,4D4A2M2b,Gatareddihal-1,0704020002,1518/*/*,2.55,0.0,OBC,small,0,AG2,MLRmB2g1Ca,TCB,509.99999999999994,0.0,value,0.0,2.0,,0.0,,0,0,0.0,0.0,0.0,0.0,53989.99999999999,0.0,0,0
704ca98901ec,Koppal,4D4A2,4D4A2M2b,Gatareddihal-1,0704020002,1518/*/*,2.54,0.0,OBC,small,0,AG2,MLRmB2g1Ca,TCB,508.0,0.0,value,0.0,2.0,,0.0,,0,0,0.0,0.0,0.0,0.0,53812.0,0.0,0,0
3349d8e9ebd6,Koppal,4D4A2,4D4A2M2b,Gatareddihal-1,0704020002,1563/*/7,1.14,0.0,OBC,small,1,AG3,MLRmB3g1Ca,TCB,227.99999999999997,0.0,value,0.0,1.0,,0.0,,0,0,0.0,0.0,0.0,0.0,24591.999999999996,0.0,0,0
70a6541d0339,Koppal,4D4A2,4D4A2M2b,Gatareddihal-1,0704020002,1564/*/1,1.39,0.0,OBC,small,0,AG3,BDRmB2,TCB,278.0,0.0,value,0.0,1.0,,0.0,,0,0,0.0,0.0,0.0,0.0,29042.0,0.0,0,0
882032eb1fee,Koppal,4D4A2,4D4A2M2b,Gatareddihal-1,0704020002,1564/*/4,1.65,0.0,OBC,small,1,AG3,BDRmB2,TCB,330.0,264.0,formula_80pct_of_proposed,,1.0,,0.0,,0,0,0.0,0.0,0.0,0.0,33670.0,13569.6,1,0
391aa814c501,Koppal,4D4A2,4D4A2M2b,Gatareddihal-1,0704020002,1566/*/*,2.49,0.0,OBC,medium,1,AG3,MLRmB3g1Ca,TCB,498.00000000000006,398.4000000000001,formula_80pct_of_proposed,,2.0,,0.0,,0,0,0.0,0.0,0.0,0.0,52922.00000000001,20477.760000000006,1,0
e039bdcb8afd,Koppal,4D4A2,4D4A2M2b,Gatareddihal-1,0704020002,1564/*/7,0.8,1.0,OBC,small,0,AG3,BDRmB2,TCB,160.0,128.0,formula_80pct_of_proposed,,0.0,0.0,0.0,,0,0,0.0,0.0,0.0,0.0,9920.0,6579.2,1,0
55a7f6a9c346,Koppal,4D4A2,4D4A2M2b,Gatareddihal-1,0704020002,1570/*/3,2.22,0.0,OBC,small,0,AG3,MLRmA2g1Ca,TCB,444.00000000000006,230.6,value,230.6,2.0,1.0,0.0,,0,0,0.0,0.0,0.0,0.0,48116.00000000001,15811.84,1,1
b2b12ddef201,Koppal,4D4A2,4D4A2M2b,Gatareddihal-1,0704020002,1568/*/3,1.52,0.0,OBC,small,0,AG3,MLRmA2g1Ca,TCB,304.0,159.98,value,159.98,1.0,,0.0,,0,0,277.0,0.0,0.0,0.0,71309.0,8222.972,1,1
c94daeccccc7,Koppal,4D4A2,4D4A2M2b,Gatareddihal-1,0704020002,1571/*/2,2.51,0.0,OBC,medium,1,AG3,MLRmA2g1Ca,TCB,501.99999999999994,244.73,value,244.73,2.0,,0.0,,0,0,0.0,0.0,0.0,0.0,53277.99999999999,12579.122,1,1
df47eb20628a,Koppal,4D4A2,4D4A2M2b,Gatareddihal-1,0704020002,1602/*/1,2.24,0.0,OBC,small,0,AG3,MLRmB2,TCB,448.00000000000006,376.46,value,376.46,2.0,1.0,0.0,,0,0,0.0,0.0,0.0,0.0,48472.00000000001,23309.043999999998,1,1
ac99d316476d,Koppal,4D4A2,4D4A2M2b,Gatareddihal-1,0704020002,1603/*/2,1.22,0.0,OBC,small,1,AG3,MLRmA2g1Ca,TCB,244.0,212.9,value,212.9,1.0,,0.0,,0,0,0.0,0.0,0.0,0.0,26016.0,10943.06,1,1
ccff65b84aad,Koppal,4D4A2,4D4A2M2b,Gatareddihal-1,0704020002,1604/*/3,1.21,0.0,ST,small,1,AG3,MLRmB2g1,TCB,242.0,237.77,value,237.77,1.0,,0.0,,0,0,0.0,0.0,0.0,0.0,25838.0,12221.378,1,1
a2a16b5790e8,Koppal,4D4A2,4D4A2M2b,Gatareddihal-1,0704020002,1605/*/1,1.26,0.0,OBC,small,1,AG3,MLRmB2g1,TCB,252.0,201.6,formula_80pct_of_proposed,,1.0,,0.0,,0,0,100.0,100.0,0.0,0.0,49326.0,32962.24,1,1
efac8f664b1b,Koppal,4D4A2,4D4A2M2b,Gatareddihal-1,0704020002,1607/*/2,1.2,0.0,OBC,small,1,AG3,BDRmB2,TCB,240.0,235.8,value,235.8,1.0,,0.0,,0,0,0.0,0.0,0.0,0.0,25660.0,12120.12,1,1
7a197cefad9e,Koppal,4D4A2,4D4A2M2b,Gatareddihal-1,0704020002,1563/*/6,1.14,0.0,OBC,small,1,AG3,MLRmB3g1Ca,TCB,227.99999999999997,224.01,value,224.01,1.0,,0.0,,0,0,0.0,0.0,0.0,0.0,24591.999999999996,11514.114,1,1
0546d954c366,Koppal,4D4A2,4D4A2M2b,Gatareddihal-1,0704020002,1568/*/2,1.6,0.0,OBC,small,1,AG3,MLRmA2g1Ca,TCB,320.0,258.85,value,258.85,1.0,1.0,0.0,,0,1,100.0,100.0,0.0,0.0,151878.0,169640.89,1,1
ca72a3cbab0d,Koppal,4D4A2,4D4A2M2b,Gatareddihal-1,0704020002,1570/*/1,2.22,0.0,ST,small,1,AG3,MLRmA2g1Ca,TCB,444.00000000000006,272.98,value,272.98,2.0,1.0,0.0,,0,0,0.0,0.0,0.0,0.0,48116.00000000001,17990.172,1,1
c20179250129,Koppal,4D4A2,4D4A2M2b,Gatareddihal-1,0704020002,1571/*/3,2.51,0.0,OBC,medium,1,AG3,MLRmA2g1Ca,TCB,501.99999999999994,508.2,value,508.2,2.0,1.0,0.0,,0,0,0.0,0.0,0.0,0.0,53277.99999999999,30080.48,1,1
2fdd60be3eca,Koppal,4D4A2,4D4A2M2b,Gatareddihal-1,0704020002,1605/*/4,0.8,1.0,OBC,small,1,AG3,MLRmB2g1,TCB,160.0,157.2,value,157.2,0.0,0.0,0.0,,0,0,0.0,0.0,0.0,0.0,9920.0,8080.079999999999,1,1
e06667417930,Koppal,4D4A2,4D4A2M2b,Gatareddihal-1,0704020002,1600/*/*,1.7,0.0,OBC,small,1,AG3,MLRmA2g1Ca,TCB,340.0,202.36,value,202.36,1.0,1.0,0.0,,0,0,0.0,0.0,0.0,0.0,34560.0,14360.304,1,1
e06667417930,Koppal,4D4A2,4D4A2M2b,Gatareddihal-1,0704020002,1600/*/*,2.0,0.0,OBC,small,0,AG3,MLRmA2g1Ca,TCB,400.0,376.46,value,376.46,2.0,,0.0,,0,0,0.0,0.0,0.0,0.0,44200.0,19350.043999999998,1,1
a000784cccb7,Koppal,4D4A2,4D4A2M2b,Gatareddihal-1,0704020002,1603/*/1,4.0,0.0,OBC,medium,1,AG3,MLRmA2g1Ca,TCB,800.0,536.45,value,536.45,3.0,2.0,0.0,,0,0,0.0,0.0,0.0,0.0,84100.0,35489.53,1,1
80b24cf9fb08,Koppal,4D4A2,4D4A2M2b,Gatareddihal-1,0704020002,1604/*/1,1.95,0.0,OBC,small,1,AG3,MLRmB2g1,TCB,390.0,383.18,value,383.18,1.0,,1.0,1.0,0,0,0.0,0.0,0.0,0.0,149010.0,119695.452,1,1
cc7c50db916e,Koppal,4D4A2,4D4A2M2b,Gatareddihal-1,0704020002,1605/*/2,0.8,1.0,OBC,small,0,AG3,MLRmB2g1,TCB,160.0,157.2,value,157.2,0.0,0.0,0.0,,0,0,0.0,0.0,0.0,0.0,9920.0,8080.079999999999,1,1
e06667417930,Koppal,4D4A2,4D4A2M2b,Gatareddihal-1,0704020002,1600/*/*,2.0,0.0,OBC,small,1,AG3,MLRmA2g1Ca,TCB,400.0,432.96,value,432.96,2.0,1.0,0.0,,0,0,0.0,0.0,0.0,0.0,44200.0,26021.143999999997,1,1
5808a1bde33f,Koppal,4D4A2,4D4A2M2b,Gatareddihal-1,0704020002,1601/*/4,1.0,0.0,OBC,small,1,AG3,MLRmB2,TCB,200.0,202.36,value,202.36,0.0,0.0,0.0,,0,0,0.0,0.0,0.0,0.0,17800.0,10401.304,1,1
c14466a5b345,Koppal,4D4A2,4D4A2M2b,Gatareddihal-1,0704020002,1601/*/5,0.75,0.0,OBC,small,0,AG3,MLRmB2,TCB,150.0,159.98,value,159.98,0.0,1.0,0.0,,0,0,0.0,0.0,0.0,0.0,9300.0,12181.972,1,1
ccff65b84aad,Koppal,4D4A2,4D4A2M2b,Gatareddihal-1,0704020002,1604/*/3,1.21,0.0,OBC,small,1,AG3,MLRmB2g1,TCB,242.0,193.6,formula_80pct_of_proposed,,1.0,,0.0,,0,0,0.0,0.0,0.0,0.0,25838.0,9951.039999999999,1,0
652e2adbb365,Koppal,4D4A2,4D4A2M2c,Gatareddihal-3,0704020014,45/*/2,0.8,0.0,OBC,small,0,AG1,MTLmB3g1Ca,TCB,160.0,128.0,value,128.0,0.0,0.0,0.0,,0,0,0.0,0.0,0.0,0.0,9920.0,6579.2,1,1
c884113ca69c,Koppal,4D4A2,4D4A2M2c,Gatareddihal-3,0704020014,10/*/*,1.43,0.0,OTHER,small,1,AG1,AWDmB2g1Ca,TCB,286.0,228.8,value,228.8,1.0,,0.0,,0,0,277.0,0.0,0.0,0.0,69707.0,11760.32,1,1
6928fc745ded,Koppal,4D4A2,4D4A2M2c,Gatareddihal-3,0704020014,36/*/*,6.79,0.0,OTHER,,1,AG1,KVRmB2g1Ca,TCB,1358.0,881.32,value,881.32,3.0,2.0,0.0,,0,0,277.0,0.0,40.0,0.0,177515.0,52803.848,1,1
0dc9f450b1bd,Koppal,4D4A2,4D4A2M2c,Gatareddihal-3,0704020014,40/*/1,1.4,0.0,OTHER,small,1,AG1,AWDmB3g1Ca,TCB,280.0,224.0,value,224.0,1.0,,0.0,,0,0,0.0,0.0,0.0,0.0,29220.0,11513.6,1,1
7bbaaa3c2ee0,Koppal,4D4A2,4D4A2M2c,Gatareddihal-3,0704020014,42/*/1,1.01,0.0,OTHER,small,1,AG1,MLRmB2g1Ca,TCB,202.0,161.6,value,161.6,1.0,,0.0,,0,0,0.0,0.0,0.0,0.0,22278.0,8306.24,1,1
757aa73d1618,Koppal,4D4A2,4D4A2M2c,Gatareddihal-3,0704020014,11/*/*,3.63,0.0,OTHER,medium,1,AG1,AWDmB2g1Ca,TCB,726.0,580.8,value,580.8,3.0,,0.0,,0,0,277.0,0.0,0.0,0.0,214967.0,29853.119999999995,1,1
0d695997a60d,Koppal,4D4A2,4D4A2M2c,Gatareddihal-3,0704020014,38/*/*,1.13,1.0,SC,small,1,AG1,AWDmB3g1Ca,TCB,225.99999999999997,179.2,value,179.2,1.0,,0.0,,0,0,0.0,0.0,0.0,0.0,24413.999999999996,9210.88,1,1
0d695997a60d,Koppal,4D4A2,4D4A2M2c,Gatareddihal-3,0704020014,38/*/*,1.16,0.0,SC,small,1,AG1,AWDmB3g1Ca,TCB,231.99999999999997,0.0,value,0.0,1.0,,0.0,,0,0,0.0,0.0,0.0,0.0,24947.999999999996,0.0,0,0
0d695997a60d,Koppal,4D4A2,4D4A2M2c,Gatareddihal-3,0704020014,38/*/*,1.12,1.0,OTHER,small,1,AG1,AWDmB3g1Ca,TCB,224.00000000000003,179.2,value,179.2,1.0,,0.0,,0,0,0.0,0.0,0.0,0.0,24236.000000000004,9210.88,1,1
0d695997a60d,Koppal,4D4A2,4D4A2M2c,Gatareddihal-3,0704020014,38/*/*,1.06,0.0,ST,small,1,AG1,AWDmB3g1Ca,TCB,212.0,169.6,value,169.6,1.0,,0.0,,0,0,0.0,0.0,0.0,0.0,23168.0,8717.439999999999,1,1
be2444fee14c,Koppal,4D4A2,4D4A2M2c,Gatareddihal-3,0704020014,45/*/1,0.44,0.0,OTHER,small,1,AG1,MTLmB3g1Ca,TCB,88.0,70.4,value,70.4,0.0,0.0,0.0,,0,0,0.0,0.0,0.0,0.0,5456.0,3618.5600000000004,1,1
bc808ea3afcd,Koppal,4D4A2,4D4A2M2c,Gatareddihal-3,0704020014,42/*/3,0.8,1.0,OBC,small,0,AG1,MLRmB2g1Ca,TCB,160.0,128.0,value,128.0,0.0,0.0,0.0,,0,0,0.0,0.0,0.0,0.0,9920.0,6579.2,1,1
5c035001cfc7,Koppal,4D4A2,4D4A2M2c,Gatareddihal-3,0704020014,42/*/5,1.17,1.0,OBC,small,0,AG1,MLRmB2g1Ca,TCB,234.0,0.0,value,0.0,1.0,,0.0,,0,0,0.0,0.0,0.0,0.0,25126.0,0.0,0,0
66afcfa01b61,Koppal,4D4A2,4D4A2M2c,Gatareddihal-3,0704020014,43/*/*,0.99,0.0,OBC,small,0,AG1,MTLmB3g1Ca,TCB,198.0,158.4,value,158.4,0.0,0.0,0.0,,0,0,0.0,0.0,0.0,0.0,12276.0,8141.76,1,1
0fe0389b9b1b,Koppal,4D4A2,4D4A2M2c,Gatareddihal-3,0704020014,39/*/1,1.15,1.0,OTHER,small,1,AG1,AWDmB3g1Ca,TCB,229.99999999999997,184.0,value,184.0,1.0,,0.0,,0,0,0.0,0.0,0.0,0.0,24769.999999999996,9457.6,1,1
b3106a665c34,Koppal,4D4A2,4D4A2M2c,Gatareddihal-3,0704020014,40/*/3,1.4,1.0,OTHER,small,1,AG1,AWDmB3g1Ca,TCB,280.0,224.0,value,224.0,1.0,,0.0,,0,0,0.0,0.0,0.0,0.0,29220.0,11513.6,1,1
9d0ac83c34ee,Koppal,4D4A2,4D4A2M2c,Gatareddihal-3,0704020014,42/*/4,1.96,1.0,OTHER,small,1,AG1,MLRmB2g1Ca,TCB,392.0,313.6,value,313.6,1.0,,0.0,,0,0,0.0,0.0,0.0,0.0,39188.0,16119.04,1,1
a4ae8df94878,Koppal,4D4A2,4D4A2M2c,Gatareddihal-3,0704020014,47/*/*,1.66,1.0,OTHER,small,1,AG1,MLRmB2g1Ca,TCB,332.0,265.5,value,265.5,1.0,,0.0,,0,0,0.0,0.0,0.0,0.0,33848.0,13646.699999999999,1,1
266b0994d572,Koppal,4D4A2,4D4A2M2c,Gatareddihal-3,0704020014,6/*/*,1.39,0.0,OTHER,small,1,AG1,RNKmB2g2Ca,TCB,278.0,222.4,value,222.4,1.0,,0.0,,0,0,0.0,0.0,0.0,0.0,20636.0,11431.36,1,1
66afcfa01b61,Koppal,4D4A2,4D4A2M2c,Gatareddihal-3,0704020014,43/*/*,0.99,1.0,OTHER,small,1,AG1,MTLmB3g1Ca,TCB,198.0,158.4,value,158.4,0.0,0.0,0.0,,0,0,0.0,0.0,0.0,0.0,12276.0,8141.76,1,1
cce1ce302177,Koppal,4D4A2,4D4A2M2c,Gatareddihal-3,0704020014,44/*/*,1.89,0.0,OTHER,small,1,AG1,MLRmB2g1Ca,TCB,378.0,302.4,value,302.4,1.0,,0.0,,0,0,0.0,0.0,0.0,0.0,37942.0,15543.359999999999,1,1
1c4dd031c3e6,Koppal,4D4A2,4D4A2M2c,Gatareddihal-3,0704020014,46/*/*,2.0,1.0,OTHER,small,1,AG1,MLRmB2g1Ca,TCB,400.0,320.0,value,320.0,2.0,,0.0,,0,0,0.0,0.0,0.0,0.0,44200.0,16448.0,1,1
a4ae8df94878,Koppal,4D4A2,4D4A2M2c,Gatareddihal-3,0704020014,47/*/*,1.72,0.0,OTHER,small,1,AG1,MLRmB2g1Ca,TCB,344.0,275.2,value,275.2,1.0,,0.0,,0,0,0.0,0.0,0.0,0.0,34916.0,14145.279999999999,1,1
0d695997a60d,Koppal,4D4A2,4D4A2M2c,Gatareddihal-3,0704020014,38/*/*,1.06,0.0,OBC,small,0,AG1,AWDmB3g1Ca,TCB,212.0,169.6,value,169.6,1.0,,0.0,,0,0,0.0,0.0,0.0,0.0,23168.0,8717.439999999999,1,1
0d695997a60d,Koppal,4D4A2,4D4A2M2c,Gatareddihal-3,0704020014,38/*/*,1.18,1.0,OTHER,small,1,AG1,AWDmB3g1Ca,TCB,236.0,0.0,value,0.0,1.0,,0.0,,0,0,0.0,0.0,0.0,0.0,25304.0,0.0,0,0
0d695997a60d,Koppal,4D4A2,4D4A2M2c,Gatareddihal-3,0704020014,38/*/*,1.12,0.0,SC,small,1,AG1,AWDmB3g1Ca,TCB,224.00000000000003,179.2,value,179.2,1.0,,0.0,,0,0,0.0,0.0,0.0,0.0,24236.000000000004,9210.88,1,1
0d695997a60d,Koppal,4D4A2,4D4A2M2c,Gatareddihal-3,0704020014,38/*/*,1.12,0.0,SC,small,1,AG1,AWDmB3g1Ca,TCB,224.00000000000003,179.2,value,179.2,1.0,,0.0,,0,0,0.0,0.0,0.0,0.0,24236.000000000004,9210.88,1,1
0d695997a60d,Koppal,4D4A2,4D4A2M2c,Gatareddihal-3,0704020014,38/*/*,1.12,0.0,OBC,small,0,AG1,AWDmB3g1Ca,TCB,224.00000000000003,179.2,value,179.2,1.0,,0.0,,0,0,0.0,0.0,0.0,0.0,24236.000000000004,9210.88,1,1
f2f291b26289,Koppal,4D4A2,4D4A2M2c,Gatareddihal-3,0704020014,41/*/*,6.87,1.0,OTHER,medium,1,AG1,KVRmB3g1Ca,TCB,1374.0,1099.2,value,1099.2,3.0,,0.0,,0,0,0.0,0.0,40.0,95.0,138986.0,65523.88,1,1
1c4dd031c3e6,Koppal,4D4A2,4D4A2M2c,Gatareddihal-3,0704020014,46/*/*,1.94,0.0,OTHER,small,1,AG1,MLRmB2g1Ca,TCB,388.0,310.4,value,310.4,1.0,,0.0,,0,0,0.0,0.0,0.0,0.0,38832.0,15954.559999999998,1,1
ee3d89c45e4b,Koppal,4D4A2,4D4A2M2c,Gatareddihal-3,0704020014,9/*/*,1.4,0.0,OBC,small,0,AG1,AWDmB2g1Ca,TCB,280.0,224.0,value,224.0,1.0,,1.0,1.0,0,0,277.0,0.0,0.0,0.0,179173.0,111513.6,1,1
f8d9af4829d2,Koppal,4D4A2,4D4A2M2c,Gatareddihal-3,0704020014,39/*/2,1.15,1.0,OTHER,small,1,AG1,AWDmB3g1Ca,TCB,229.99999999999997,0.0,value,0.0,1.0,,0.0,,0,0,0.0,0.0,0.0,0.0,24769.999999999996,0.0,0,0
2d5e4ea2302c,Koppal,4D4A2,4D4A2M2c,Gatareddihal-3,0704020014,40/*/2,1.4,0.0,OTHER,small,1,AG1,AWDmB3g1Ca,TCB,280.0,224.0,value,224.0,1.0,,0.0,,0,0,0.0,0.0,0.0,0.0,29220.0,11513.6,1,1
3c0ab8d5bd73,Koppal,4D4A2,4D4A2M2c,Gatareddihal-3,0704020014,42/*/2,0.96,0.0,OTHER,small,1,AG1,MLRmB2g1Ca,TCB,192.0,153.6,value,153.6,0.0,0.0,0.0,,0,0,0.0,0.0,0.0,0.0,11904.0,7895.039999999999,1,1
9d1bdd4f12ee,Koppal,4D4A2,4D4A2M2c,Gatareddihal-3,0704020016,57/*/*,1.6,0.0,OBC,small,1,AG3,MTLmB2g1Ca,TCB,320.0,328.68,value,328.68,1.0,,0.0,,0,0,0.0,0.0,0.0,0.0,23240.0,16894.152,1,1
8e20cd79e4ae,Koppal,4D4A2,4D4A2M2c,Gatareddihal-3,0704020016,59/*/3,1.5,0.0,OBC,small,0,AG3,RNKmB2g2Ca,TCB,300.0,250.14,value,250.14,1.0,,0.0,,0,0,0.0,0.0,0.0,0.0,22000.0,12857.195999999998,1,1
9d1bdd4f12ee,Koppal,4D4A2,4D4A2M2c,Gatareddihal-3,0704020016,57/*/*,2.98,0.0,OBC,medium,1,AG3,MTLmB2g1Ca,TCB,596.0,528.5,value,528.5,2.0,1.0,0.0,,0,0,0.0,0.0,0.0,0.0,45552.0,30931.899999999998,1,1
f297515c67b8,Koppal,4D4A2,4D4A2M2c,Gatareddihal-3,0704020016,58/*/2,2.86,0.0,OTHER,medium,1,AG3,MTLmB2g1Ca,TCB,572.0,536.99,value,536.99,2.0,,0.0,,0,0,0.0,0.0,0.0,0.0,44064.0,27601.286,1,1
30cc6e9c5c64,Koppal,4D4A2,4D4A2M2c,Gatareddihal-3,0704020016,60/*/*,1.14,1.0,OTHER,small,1,AG3,RNKmB2g2Ca,TCB,227.99999999999997,188.49,value,188.49,1.0,1.0,0.0,,0,0,0.0,0.0,0.0,0.0,17536.0,13455.386,1,1
9d1bdd4f12ee,Koppal,4D4A2,4D4A2M2c,Gatareddihal-3,0704020016,57/*/*,2.62,0.0,OTHER,medium,1,AG3,MTLmB2g1Ca,TCB,524.0,264.25,value,264.25,2.0,1.0,0.0,,0,0,0.0,0.0,0.0,0.0,41088.0,17349.449999999997,1,1
30cc6e9c5c64,Koppal,4D4A2,4D4A2M2c,Gatareddihal-3,0704020016,60/*/*,3.54,0.0,OTHER,medium,1,AG3,RNKmB2g2Ca,TCB,708.0,438.89,value,438.89,3.0,,0.0,,0,0,0.0,0.0,0.0,0.0,54096.0,22558.946,1,1
9d1bdd4f12ee,Koppal,4D4A2,4D4A2M2c,Gatareddihal-3,0704020016,57/*/*,4.58,0.0,OBC,medium,0,AG3,MTLmB2g1Ca,TCB,916.0,268.88,value,268.88,3.0,1.0,0.0,,0,0,0.0,0.0,40.0,0.0,73492.0,17587.432,1,1
8618e971681f,Koppal,4D4A2,4D4A2M2c,Gatareddihal-3,0704020016,59/*/1,3.66,1.0,OTHER,medium,1,AG3,RNKmB2g2Ca,TCB,732.0,415.0,value,415.0,3.0,2.0,0.0,,0,0,0.0,0.0,0.0,0.0,153084.0,28865.0,1,1
99046df478ad,Koppal,4D4A2,4D4A2M2c,Gatareddihal-3,0704020016,59/*/2,1.3,1.0,OTHER,small,1,AG3,RNKmB2g2Ca,TCB,260.0,207.5,value,207.5,1.0,,0.0,,0,0,0.0,0.0,0.0,0.0,19520.0,10665.5,1,1
2240285af167,Koppal,4D4A2,4D4A2M2c,Gatareddihal-3,0704020016,58/*/1,2.85,0.0,OTHER,medium,1,AG3,MTLmB2g1Ca,TCB,570.0,471.5,value,471.5,2.0,2.0,0.0,,0,0,0.0,0.0,0.0,0.0,43940.0,31769.1,1,1
fa3c15c1d686,Koppal,4D4A2,4D4A2M2c,Gatareddihal-3,0704020002,1407/*/2,1.2,1.0,OBC,small,0,AG1,MLRmB2g1Ca,TCB,240.0,192.0,value,192.0,1.0,,0.0,,0,0,0.0,0.0,0.0,0.0,25660.0,9868.8,1,1
4136e733e21a,Koppal,4D4A2,4D4A2M2c,Gatareddihal-3,0704020002,1423/*/2,2.4,0.0,OBC,medium,1,AG1,MLRmB2g1Ca,TCB,480.0,384.0,value,384.0,2.0,,0.0,,0,0,0.0,0.0,0.0,0.0,51320.0,19737.6,1,1
ea0030802db9,Koppal,4D4A2,4D4A2M2c,Gatareddihal-3,0704020002,1423/*/3,1.34,0.0,OBC,small,1,AG1,MLRmB2g1Ca,TCB,268.0,214.4,value,214.4,1.0,,0.0,,0,0,0.0,0.0,0.0,0.0,28152.0,11020.16,1,1
f3d078558a77,Koppal,4D4A2,4D4A2M2c,Gatareddihal-3,0704020002,1446/*/1,2.07,1.0,OBC,small,0,AG2,BGPmB2g1Ca,TCB,413.99999999999994,331.2,value,331.2,2.0,,0.0,,0,0,0.0,0.0,0.0,0.0,45445.99999999999,17023.68,1,1
f3d078558a77,Koppal,4D4A2,4D4A2M2c,Gatareddihal-3,0704020002,1446/*/1,2.07,1.0,OBC,small,0,AG2,BGPmB2g1Ca,TCB,413.99999999999994,0.0,value,0.0,2.0,,0.0,,0,0,0.0,0.0,0.0,0.0,45445.99999999999,0.0,0,0
e4aa8b2254bf,Koppal,4D4A2,4D4A2M2c,Gatareddihal-3,0704020002,1446/*/2,1.04,0.0,OBC,small,1,AG2,BGPmB2g1Ca,TCB,208.0,166.4,value,166.4,1.0,,0.0,,0,0,0.0,0.0,0.0,0.0,22812.0,8552.960000000001,1,1
060b7b71fad1,Koppal,4D4A2,4D4A2M2c,Gatareddihal-3,0704020002,1446/*/3,1.03,0.0,OBC,small,1,AG2,BGPmB2g1Ca,TCB,206.0,164.8,value,164.8,1.0,,0.0,,0,0,0.0,0.0,0.0,0.0,22634.0,8470.720000000001,1,1
4c5d965c9ea9,Koppal,4D4A2,4D4A2M2c,Gatareddihal-3,0704020002,1449/*/2,0.31,1.0,OBC,small,1,AG2,BGPmB2g1,TCB,62.0,49.6,value,49.6,0.0,0.0,0.0,,0,0,0.0,0.0,0.0,0.0,3844.0,2549.44,1,1
8293d1a0e951,Koppal,4D4A2,4D4A2M2c,Gatareddihal-3,0704020002,1450/*/3,1.14,0.0,OBC,small,1,AG2,BGPmB2g1,TCB,227.99999999999997,182.4,value,182.4,1.0,,0.0,,0,0,0.0,0.0,0.0,0.0,24591.999999999996,9375.36,1,1
9c9b812e754e,Koppal,4D4A2,4D4A2M2c,Gatareddihal-3,0704020002,1467/*/1,3.98,1.0,OBC,medium,1,AG2,KVRmB2g1Ca,TCB,796.0,395.84,value,395.84,3.0,1.0,0.0,,0,0,0.0,0.0,0.0,0.0,83744.0,24113.176,1,1
9fca573402b0,Koppal,4D4A2,4D4A2M2c,Gatareddihal-3,0704020002,1468/*/3,2.07,0.0,OBC,medium,1,AG2,KVRmB2g1Ca,TCB,413.99999999999994,178.99,value,178.99,2.0,1.0,0.0,,0,0,0.0,0.0,0.0,0.0,45445.99999999999,12967.086,1,1
191da2053e20,Koppal,4D4A2,4D4A2M2c,Gatareddihal-3,0704020002,1406/*                   /ಅ,2.44,0.0,OBC,small,0,AG1,BGPmB2g1,TCB,488.0,390.4,value,390.4,2.0,,0.0,,0,0,0.0,0.0,0.0,0.0,52032.0,20066.559999999998,1,1
6300683ef5bb,Koppal,4D4A2,4D4A2M2c,Gatareddihal-3,0704020002,1406/*/2,0.82,0.0,OBC,small,1,AG1,BGPmB2g1,TCB,164.0,131.2,value,131.2,0.0,0.0,0.0,,0,0,0.0,0.0,0.0,0.0,10168.0,6743.679999999999,1,1
b692566e9efe,Koppal,4D4A2,4D4A2M2c,Gatareddihal-3,0704020002,1406/*/4,0.81,0.0,OBC,small,1,AG1,BGPmB2g1,TCB,162.0,129.6,value,129.6,0.0,0.0,0.0,,0,0,0.0,0.0,0.0,0.0,10044.0,6661.44,1,1
c2009bbcbd5a,Koppal,4D4A2,4D4A2M2c,Gatareddihal-3,0704020002,1407/*/1,2.01,0.0,OBC,small,0,AG1,MLRmB2g1Ca,TCB,401.99999999999994,321.6,value,321.6,2.0,,1.0,1.0,0,0,0.0,0.0,0.0,0.0,154378.0,111530.24,1,1
667be6aa1174,Koppal,4D4A2,4D4A2M2c,Gatareddihal-3,0704020002,1408/*/*,0.54,1.0,OBC,small,0,AG1,MLRmB2g1Ca,TCB,108.0,259.37,value,259.37,0.0,1.0,0.0,,0,0,0.0,0.0,0.0,0.0,6696.0,17098.618000000002,1,1
c1575250ef66,Koppal,4D4A2,4D4A2M2c,Gatareddihal-3,0704020002,1420/*/1,1.0,1.0,OBC,small,1,AG1,MLRmB2g1Ca,TCB,200.0,160.24,value,160.24,0.0,1.0,0.0,,0,0,0.0,0.0,0.0,0.0,17800.0,12003.336,1,1
2d2dc8509a84,Koppal,4D4A2,4D4A2M2c,Gatareddihal-3,0704020002,1421/*/*,7.35,0.0,OBC,large,1,AG1,KVRmB1g1Ca,TCB,1470.0,188.49,value,188.49,3.0,1.0,1.0,1.0,0,0,0.0,0.0,40.0,95.0,257530.0,127480.386,1,1
657d2cd9edc3,Koppal,4D4A2,4D4A2M2c,Gatareddihal-3,0704020002,1422/*/1,2.54,0.0,OBC,medium,1,AG1,KVRmB1g1Ca,TCB,508.0,546.46,value,546.46,2.0,2.0,0.0,,0,0,0.0,0.0,0.0,0.0,53812.0,35622.044,1,1
4136e733e21a,Koppal,4D4A2,4D4A2M2c,Gatareddihal-3,0704020002,1423/*/2,2.4,0.0,OBC,medium,1,AG1,MLRmB2g1Ca,TCB,480.0,216.71,value,216.71,2.0,1.0,0.0,,0,0,0.0,0.0,0.0,0.0,51320.0,14905.894,1,1
157f534daa26,Koppal,4D4A2,4D4A2M2c,Gatareddihal-3,0704020002,1429/*/1,1.7,1.0,OBC,small,1,AG1,MLRmA2g1Ca,TCB,340.0,283.0,value,283.0,1.0,1.0,0.0,,0,0,0.0,0.0,0.0,0.0,34560.0,18313.199999999997,1,1
6968955f737c,Koppal,4D4A2,4D4A2M2c,Gatareddihal-3,0704020002,1433/*/2,1.46,0.0,SC,small,1,AG1,MLRmB2g1Ca,TCB,292.0,233.6,value,233.6,1.0,,0.0,,0,0,0.0,0.0,0.0,0.0,30288.0,12007.039999999999,1,1
f75b3a585154,Koppal,4D4A2,4D4A2M2c,Gatareddihal-3,0704020002,1434/*/*,6.94,0.0,OBC,medium,0,AG1,MLRmB2g1Ca,TCB,1388.0,1110.4,value,1110.4,3.0,,0.0,,0,0,0.0,0.0,40.0,95.0,140232.0,66099.56,1,1
7b5838f70e66,Koppal,4D4A2,4D4A2M2c,Gatareddihal-3,0704020002,1406/*/6,0.82,0.0,OBC,small,1,AG1,BGPmB2g1,TCB,164.0,131.2,value,131.2,0.0,0.0,0.0,,0,0,0.0,0.0,0.0,0.0,10168.0,6743.679999999999,1,1
667be6aa1174,Koppal,4D4A2,4D4A2M2c,Gatareddihal-3,0704020002,1408/*/*,0.36,0.0,OBC,small,0,AG1,MLRmB2g1Ca,TCB,72.0,160.24,value,160.24,0.0,0.0,0.0,,0,0,0.0,0.0,0.0,0.0,4464.0,8236.336,1,1
8b44fd5f4640,Koppal,4D4A2,4D4A2M2c,Gatareddihal-3,0704020002,1410/*/*,3.92,1.0,OBC,medium,1,AG1,MLRmB2g1Ca,TCB,784.0,409.8,value,409.8,3.0,1.0,0.0,,0,0,0.0,0.0,0.0,0.0,82676.0,24830.72,1,1
8b44fd5f4640,Koppal,4D4A2,4D4A2M2c,Gatareddihal-3,0704020002,1410/*/*,0.4,1.0,OBC,small,1,AG1,MLRmB2g1Ca,TCB,80.0,64.0,value,64.0,0.0,0.0,0.0,,0,0,0.0,0.0,0.0,0.0,4960.0,3289.6,1,1
149ed0e62829,Koppal,4D4A2,4D4A2M2c,Gatareddihal-3,0704020002,1438/*/3,2.89,0.0,OBC,small,0,AG1,MLRmB2g1Ca,TCB,578.0,462.4,value,462.4,2.0,,1.0,1.0,0,0,0.0,0.0,0.0,0.0,170042.0,128767.36,1,1
a1ac604c85fe,Koppal,4D4A2,4D4A2M2c,Gatareddihal-3,0704020002,1445/*/1,3.12,1.0,OBC,medium,1,AG2,BGPmB2g1Ca,TCB,624.0,217.01,value,217.01,3.0,1.0,0.0,,0,0,0.0,0.0,0.0,0.0,68436.0,14921.313999999998,1,1
02c7fbea5a04,Koppal,4D4A2,4D4A2M2c,Gatareddihal-3,0704020002,1411/*/3,1.38,1.0,OBC,small,1,AG1,BGPmB2g1,TCB,276.0,0.0,value,0.0,1.0,,0.0,,0,0,0.0,0.0,0.0,0.0,28864.0,0.0,0,0
1bd0aded89d4,Koppal,4D4A2,4D4A2M2c,Gatareddihal-3,0704020002,1521/*/3,3.04,0.0,OBC,small,0,AG2,BGPmB2g1,TCB,608.0,486.4,value,486.4,3.0,,0.0,,0,0,0.0,0.0,0.0,0.0,67012.0,25000.96,1,1
729fcc5d43a5,Koppal,4D4A2,4D4A2M2c,Gatareddihal-3,0704020002,1420/*/2,2.4,0.0,OBC,medium,1,AG1,MLRmB2g1Ca,TCB,480.0,160.24,value,160.24,2.0,1.0,0.0,,0,0,0.0,0.0,0.0,0.0,51320.0,12003.336,1,1
2d2dc8509a84,Koppal,4D4A2,4D4A2M2c,Gatareddihal-3,0704020002,1421/*/*,7.35,0.0,OBC,large,1,AG1,KVRmB1g1Ca,TCB,1470.0,244.98,value,244.98,3.0,,0.0,,0,0,0.0,0.0,40.0,0.0,147530.0,12591.972,1,1
514f0e657281,Koppal,4D4A2,4D4A2M2c,Gatareddihal-3,0704020002,1464/*/*,2.42,0.0,OBC,medium,1,AG2,BGPmB2g1Ca,TCB,484.0,522.47,value,522.47,2.0,2.0,0.0,,0,0,0.0,0.0,0.0,0.0,51676.0,34386.958,1,1
b8c218dc0208,Koppal,4D4A2,4D4A2M2c,Gatareddihal-3,0704020002,1429/*/2,2.07,0.0,OBC,medium,1,AG1,MLRmA2g1Ca,TCB,413.99999999999994,316.14,value,316.14,2.0,1.0,0.0,,0,0,0.0,0.0,0.0,0.0,45445.99999999999,20282.595999999998,1,1
6321102cd7e0,Koppal,4D4A2,4D4A2M2c,Gatareddihal-3,0704020002,1430/*/1,1.6,0.0,OBC,small,1,AG1,MLRmA2g1Ca,TCB,320.0,254.49,value,254.49,1.0,1.0,0.0,,0,0,490.0,490.0,0.0,0.0,72734.0,57027.786,1,1
5c53aca2915f,Koppal,4D4A2,4D4A2M2c,Gatareddihal-3,0704020002,1468/*/4,1.02,0.0,OBC,small,1,AG2,KVRmB2g1Ca,TCB,204.0,178.99,value,178.99,1.0,,0.0,,0,0,0.0,0.0,0.0,0.0,22456.0,9200.086,1,1
d5139aa5952b,Koppal,4D4A2,4D4A2M2c,Gatareddihal-3,0704020002,1470/*/3,1.8,0.0,OBC,small,1,AG2,MLRmB2g1Ca,TCB,360.0,235.75,value,235.75,1.0,1.0,0.0,,0,0,0.0,0.0,0.0,0.0,36340.0,16682.55,1,1
1222547a82c5,Koppal,4D4A2,4D4A2M2c,Gatareddihal-3,0704020002,1439/*/1,2.98,0.0,OBC,medium,1,AG1,MLRmB2g1Ca,TCB,596.0,476.8,value,476.8,2.0,,0.0,,0,0,0.0,0.0,0.0,0.0,61644.0,24507.52,1,1
632b72f9f738,Koppal,4D4A2,4D4A2M2c,Gatareddihal-3,0704020002,1439/*/2,2.98,0.0,OBC,medium,1,AG1,MLRmB2g1Ca,TCB,596.0,476.8,value,476.8,2.0,,0.0,,0,0,0.0,0.0,0.0,0.0,61644.0,24507.52,1,1
ed1012d80ca4,Koppal,4D4A2,4D4A2M2c,Gatareddihal-3,0704020002,1441/*/1,4.28,0.0,OBC,medium,1,AG2,MLRmB2g1Ca,TCB,856.0,353.61,value,353.61,3.0,2.0,1.0,1.0,0,0,0.0,0.0,0.0,0.0,199084.0,145709.554,1,1
7ed2c78c0db6,Koppal,4D4A2,4D4A2M2c,Gatareddihal-3,0704020002,1409/*/1,1.6,0.0,OBC,small,1,AG1,MLRmB2g1Ca,TCB,320.0,207.49,value,207.49,1.0,1.0,0.0,,0,0,0.0,0.0,0.0,0.0,32780.0,14431.986,1,1
8b44fd5f4640,Koppal,4D4A2,4D4A2M2c,Gatareddihal-3,0704020002,1410/*/*,1.6,1.0,OBC,small,0,AG1,MLRmB2g1Ca,TCB,320.0,160.24,value,160.24,1.0,1.0,0.0,,0,0,0.0,0.0,0.0,0.0,32780.0,12003.336,1,1
0decfd918ac5,Koppal,4D4A2,4D4A2M2c,Gatareddihal-3,0704020002,1474/*/1,1.86,1.0,OBC,small,1,AG2,KVRmB2g1Ca,TCB,372.0,348.32,value,348.32,1.0,1.0,1.0,1.0,0,0,0.0,0.0,0.0,0.0,147408.0,121670.648,1,1
cb67ae8862e7,Koppal,4D4A2,4D4A2M2c,Gatareddihal-3,0704020002,1474/*/4,1.87,1.0,OBC,small,0,AG2,KVRmB2g1Ca,TCB,374.0,357.81,value,357.81,1.0,1.0,0.0,,0,0,0.0,0.0,0.0,0.0,37586.0,22424.434,1,1
7006972be7d6,Koppal,4D4A2,4D4A2M2c,Gatareddihal-3,0704020002,1411/*/2,1.38,0.0,OBC,small,1,AG1,BGPmB2g1,TCB,276.0,358.52,value,358.52,1.0,1.0,0.0,,0,0,0.0,0.0,0.0,0.0,28864.0,22194.928,1,1
d8907fcf34a3,Koppal,4D4A2,4D4A2M2c,Gatareddihal-3,0704020002,1420/*/3,1.6,1.0,OBC,small,1,AG1,MLRmB2g1Ca,TCB,320.0,160.24,value,160.24,1.0,1.0,0.0,,0,0,0.0,0.0,0.0,0.0,32780.0,12003.336,1,1
319373ae5ec3,Koppal,4D4A2,4D4A2M2c,Gatareddihal-3,0704020002,1422/*/2,2.53,1.0,OBC,small,0,AG1,KVRmB1g1Ca,TCB,505.99999999999994,650.22,value,650.22,2.0,2.0,0.0,,0,0,0.0,0.0,0.0,0.0,53633.99999999999,40955.308,1,1
7f721ab1fd7a,Koppal,4D4A2,4D4A2M2c,Gatareddihal-3,0704020002,1430/*/3,3.66,0.0,ST,medium,1,AG1,MLRmA2g1Ca,TCB,732.0,528.0,value,528.0,3.0,1.0,0.0,,0,1,490.0,490.0,0.0,0.0,215502.0,204637.2,1,1
ea10d71fc375,Koppal,4D4A2,4D4A2M2c,Gatareddihal-3,0704020002,1433/*/1,3.06,0.0,OBC,medium,1,AG1,MLRmB2g1Ca,TCB,612.0,489.6,value,489.6,3.0,,0.0,,0,0,0.0,0.0,0.0,0.0,67368.0,25165.44,1,1
5e85d02e33fe,Koppal,4D4A2,4D4A2M2c,Gatareddihal-3,0704020002,1443/*/*,4.5,0.0,OBC,medium,1,AG2,MLRmB2g1Ca,TCB,900.0,720.0,value,720.0,3.0,,0.0,,0,0,0.0,0.0,0.0,0.0,93000.0,37008.0,1,1
f7f69d723f29,Koppal,4D4A2,4D4A2M2c,Gatareddihal-3,0704020002,1445/*/3,1.59,0.0,SC,small,1,AG2,BGPmB2g1Ca,TCB,318.0,207.51,value,207.51,1.0,1.0,0.0,,0,0,0.0,0.0,0.0,0.0,32602.0,14433.014,1,1
183c03aa32c8,Koppal,4D4A2,4D4A2M2c,Gatareddihal-3,0704020002,1447/*/2,3.0,0.0,OBC,medium,1,AG2,BGPmB2g1,TCB,600.0,480.0,value,480.0,3.0,,0.0,,0,0,0.0,0.0,0.0,0.0,66300.0,24672.0,1,1
2036e73464af,Koppal,4D4A2,4D4A2M2c,Gatareddihal-3,0704020002,1449/*/1,1.41,0.0,OBC,small,1,AG2,BGPmB2g1,TCB,282.0,225.6,value,225.6,1.0,,0.0,,0,0,0.0,0.0,0.0,0.0,29398.0,11595.84,1,1
9d51d20cf4b8,Koppal,4D4A2,4D4A2M2c,Gatareddihal-3,0704020002,1441/*/2,4.0,0.0,OBC,medium,1,AG2,MLRmB2g1Ca,TCB,800.0,547.0,value,547.0,3.0,1.0,0.0,,0,0,0.0,0.0,0.0,0.0,84100.0,32148.8,1,1
23bb85022b82,Koppal,4D4A2,4D4A2M2c,Gatareddihal-3,0704020002,1445/*/2,1.6,0.0,SC,small,1,AG2,BGPmB2g1Ca,TCB,320.0,141.5,value,141.5,1.0,1.0,0.0,,0,0,0.0,0.0,0.0,0.0,32780.0,11040.099999999999,1,1
32930563f440,Koppal,4D4A2,4D4A2M2c,Gatareddihal-3,0704020002,1445/*/*,1.59,0.0,SC,small,1,AG2,BGPmB2g1Ca,TCB,318.0,254.4,value,254.4,1.0,,0.0,,0,0,0.0,0.0,0.0,0.0,32602.0,13076.16,1,1
66fcbb95b4db,Koppal,4D4A2,4D4A2M2c,Gatareddihal-3,0704020002,1450/*/1,1.1,1.0,OBC,small,1,AG2,BGPmB2g1,TCB,220.00000000000003,176.0,value,176.0,1.0,,0.0,,0,0,0.0,0.0,0.0,0.0,23880.000000000004,9046.4,1,1
d65f8989449e,Koppal,4D4A2,4D4A2M2c,Gatareddihal-3,0704020002,1406/*/1,0.81,1.0,OBC,small,1,AG1,BGPmB2g1,TCB,162.0,129.6,value,129.6,0.0,0.0,0.0,,0,0,0.0,0.0,0.0,0.0,10044.0,6661.44,1,1
a7f48cdda36e,Koppal,4D4A2,4D4A2M2c,Gatareddihal-3,0704020002,1407/*/3,2.0,0.0,OBC,small,0,AG1,MLRmB2g1Ca,TCB,400.0,320.0,value,320.0,2.0,,0.0,,0,0,0.0,0.0,0.0,0.0,44200.0,16448.0,1,1
53e9c340caec,Koppal,4D4A2,4D4A2M2c,Gatareddihal-3,0704020002,1459/*/*,2.89,0.0,OBC,medium,1,AG2,BGPmB2g1Ca,TCB,578.0,546.74,value,546.74,2.0,1.0,0.0,,0,0,0.0,0.0,0.0,0.0,60042.0,31882.435999999998,1,1
f32bcac90430,Koppal,4D4A2,4D4A2M2c,Gatareddihal-3,0704020002,1460/*/*,3.1,1.0,OBC,medium,1,AG2,BGPmB2g1Ca,TCB,620.0,195.26,value,195.26,3.0,1.0,0.0,,0,0,0.0,0.0,0.0,0.0,68080.0,13802.364,1,1
abd708582c61,Koppal,4D4A2,4D4A2M2c,Gatareddihal-3,0704020002,1462/*/*,2.97,0.0,OBC,medium,1,AG2,BGPmB2g1Ca,TCB,594.0,155.63,value,155.63,2.0,1.0,0.0,,0,0,0.0,0.0,0.0,0.0,61466.0,11765.382,1,1
65d587e2527c,Koppal,4D4A2,4D4A2M2c,Gatareddihal-3,0704020002,1465/*/*,1.25,0.0,OBC,small,1,AG2,MLRmA2g1Ca,TCB,250.0,302.54,value,302.54,1.0,1.0,0.0,,0,0,0.0,0.0,0.0,0.0,26550.0,19316.556,1,1
57ea1f7a5014,Koppal,4D4A2,4D4A2M2c,Gatareddihal-3,0704020002,1468/*/1,2.07,0.0,ST,medium,1,AG2,KVRmB2g1Ca,TCB,413.99999999999994,331.2,value,331.2,2.0,,0.0,,0,0,0.0,0.0,0.0,0.0,45445.99999999999,17023.68,1,1
7c59dc29dde0,Koppal,4D4A2,4D4A2M2c,Gatareddihal-3,0704020002,1463/*/*,3.1,0.0,OBC,medium,1,AG2,BGPmB2g1Ca,TCB,620.0,292.25,value,292.25,3.0,1.0,0.0,,0,0,0.0,0.0,0.0,0.0,68080.0,18787.65,1,1
7781856a0187,Koppal,4D4A2,4D4A2M2c,Gatareddihal-3,0704020002,1470/*/2,2.05,0.0,OBC,small,0,AG2,MLRmB2g1Ca,TCB,409.99999999999994,235.75,value,235.75,2.0,1.0,0.0,,0,0,0.0,0.0,0.0,0.0,45089.99999999999,16416.55,1,1
c1575250ef66,Koppal,4D4A2,4D4A2M2c,Gatareddihal-3,0704020002,1420/*/1,1.0,1.0,OBC,small,1,AG1,MLRmB2g1Ca,TCB,200.0,160.24,value,160.24,0.0,0.0,0.0,,0,0,0.0,0.0,0.0,0.0,17800.0,8236.336,1,1
ea0030802db9,Koppal,4D4A2,4D4A2M2c,Gatareddihal-3,0704020002,1423/*/3,1.34,0.0,OBC,small,1,AG1,MLRmB2g1Ca,TCB,268.0,207.51,value,207.51,1.0,1.0,0.0,,0,0,0.0,0.0,0.0,0.0,28152.0,14699.014,1,1
fc930fc671ea,Koppal,4D4A2,4D4A2M2c,Gatareddihal-3,0704020002,1429/*/4,1.7,0.0,OBC,small,0,AG1,MLRmA2g1Ca,TCB,340.0,325.38,value,325.38,1.0,,0.0,,0,0,0.0,0.0,0.0,0.0,34560.0,16724.532,1,1
73d2dc3de594,Koppal,4D4A2,4D4A2M2c,Gatareddihal-3,0704020002,1431/*/2,1.8,1.0,OBC,small,0,AG1,RNKmB2g2Ca,TCB,360.0,288.0,value,288.0,1.0,,0.0,,0,0,0.0,0.0,0.0,0.0,25720.0,14803.199999999999,1,1
5e85d02e33fe,Koppal,4D4A2,4D4A2M2c,Gatareddihal-3,0704020002,1443/*/*,1.5,0.0,SC,small,1,AG2,MLRmB2g1Ca,TCB,300.0,151.0,value,151.0,1.0,1.0,0.0,,0,0,0.0,0.0,0.0,0.0,31000.0,11528.4,1,1
32930563f440,Koppal,4D4A2,4D4A2M2c,Gatareddihal-3,0704020002,1445/*/*,1.6,0.0,SC,small,1,AG2,BGPmB2g1Ca,TCB,320.0,256.0,value,256.0,1.0,,0.0,,0,0,0.0,0.0,0.0,0.0,32780.0,13158.4,1,1
32930563f440,Koppal,4D4A2,4D4A2M2c,Gatareddihal-3,0704020002,1445/*/*,3.12,1.0,OBC,medium,1,AG2,BGPmB2g1Ca,TCB,624.0,499.2,value,499.2,3.0,,0.0,,0,0,0.0,0.0,0.0,0.0,68436.0,25658.879999999997,1,1
de0c972e1e0b,Koppal,4D4A2,4D4A2M2c,Gatareddihal-3,0704020002,1447/*/1,2.99,1.0,OBC,small,0,AG2,BGPmB2g1,TCB,598.0,478.4,value,478.4,2.0,,0.0,,0,0,0.0,0.0,0.0,0.0,61822.0,24589.76,1,1
9b56436469b2,Koppal,4D4A2,4D4A2M2c,Gatareddihal-3,0704020002,1448/*/*,1.44,0.0,OBC,small,1,AG2,BGPmB2g1,TCB,288.0,230.4,value,230.4,1.0,,0.0,,0,0,0.0,0.0,0.0,0.0,29932.0,11842.56,1,1
57ea1f7a5014,Koppal,4D4A2,4D4A2M2c,Gatareddihal-3,0704020002,1468/*/1,2.07,0.0,ST,medium,1,AG2,KVRmB2g1Ca,TCB,413.99999999999994,178.99,value,178.99,2.0,1.0,0.0,,0,0,0.0,0.0,0.0,0.0,45445.99999999999,13233.086,1,1
33132cc7882a,Koppal,4D4A2,4D4A2M2c,Gatareddihal-3,0704020002,1474/*/2,1.87,1.0,OBC,small,1,AG2,KVRmB2g1Ca,TCB,374.0,338.81,value,338.81,1.0,1.0,0.0,,0,0,0.0,0.0,0.0,0.0,37586.0,21181.834,1,1
667be6aa1174,Koppal,4D4A2,4D4A2M2c,Gatareddihal-3,0704020002,1408/*/*,2.18,1.0,OBC,small,0,AG1,MLRmB2g1Ca,TCB,436.00000000000006,160.24,value,160.24,2.0,1.0,0.0,,0,0,0.0,0.0,0.0,0.0,47404.00000000001,12059.336,1,1
c1575250ef66,Koppal,4D4A2,4D4A2M2c,Gatareddihal-3,0704020002,1420/*/1,1.2,0.0,OBC,small,1,AG1,MLRmB2g1Ca,TCB,240.0,160.24,value,160.24,1.0,1.0,0.0,,0,0,0.0,0.0,0.0,0.0,25660.0,12003.336,1,1
c1575250ef66,Koppal,4D4A2,4D4A2M2c,Gatareddihal-3,0704020002,1420/*/1,1.36,0.0,OBC,small,0,AG1,MLRmB2g1Ca,TCB,272.0,160.24,value,160.24,1.0,1.0,0.0,,0,0,0.0,0.0,0.0,0.0,28508.0,12003.336,1,1
c1cf51ac5db7,Koppal,4D4A2,4D4A2M2c,Gatareddihal-3,0704020002,1520/*/6,1.8,0.0,OBC,small,1,AG2,AWDmB2,TCB,360.0,288.0,value,288.0,1.0,,0.0,,0,0,0.0,0.0,0.0,0.0,36340.0,14803.199999999999,1,1
776cea92e22f,Koppal,4D4A2,4D4A2M2c,Gatareddihal-3,0704020002,1521/*/1,1.2,1.0,OBC,small,1,AG2,BGPmB2g1,TCB,240.0,192.0,value,192.0,1.0,,0.0,,0,0,0.0,0.0,0.0,0.0,25660.0,9868.8,1,1
658d20783016,Koppal,4D4A2,4D4A2M2c,Gatareddihal-3,0704020002,1468/*/5,1.05,0.0,OBC,small,1,AG2,KVRmB2g1Ca,TCB,210.0,168.0,value,168.0,1.0,,0.0,,0,0,0.0,0.0,0.0,0.0,22990.0,8635.199999999999,1,1
6db2a38ddc5e,Koppal,4D4A2,4D4A2M2c,Gatareddihal-3,0704020002,1474/*/5,1.87,0.0,OBC,small,1,AG2,KVRmB2g1Ca,TCB,374.0,339.5,value,339.5,1.0,1.0,1.0,1.0,0,0,0.0,0.0,0.0,0.0,147586.0,132015.3,1,1
06b36aaf87cb,Koppal,4D4A2,4D4A2M2c,Gatareddihal-3,0704020002,1521/*/2,3.2,1.0,OBC,medium,1,AG2,BGPmB2g1,TCB,640.0,512.0,value,512.0,3.0,,0.0,,0,0,0.0,0.0,0.0,0.0,167360.0,26316.8,1,1
1bd0aded89d4,Koppal,4D4A2,4D4A2M2c,Gatareddihal-3,0704020002,1521/*/3,3.04,0.0,OBC,small,0,AG2,BGPmB2g1,TCB,608.0,0.0,value,0.0,3.0,,0.0,,0,0,0.0,0.0,0.0,0.0,67012.0,0.0,0,0
a9e20794fb6a,Koppal,4D4A2,4D4A2M2c,Gatareddihal-3,0704020002,1432/*/2,1.94,0.0,OBC,small,1,AG1,RNKmB2g2Ca,TCB,388.0,310.4,value,310.4,1.0,,0.0,,0,0,0.0,0.0,0.0,0.0,27456.0,15954.559999999998,1,1
b1c32b76b0a5,Koppal,4D4A2,4D4A2M2c,Gatareddihal-3,0704020002,1437/*/*,3.91,0.0,OBC,medium,1,AG1,MLRmB2g1Ca,TCB,782.0,625.6,value,625.6,3.0,,0.0,,0,0,0.0,0.0,0.0,0.0,82498.0,32155.84,1,1
1ca7c467d303,Koppal,4D4A2,4D4A2M2c,Gatareddihal-3,0704020002,1438/*/2,2.8,0.0,OBC,medium,1,AG1,MLRmB2g1Ca,TCB,560.0,448.0,value,448.0,2.0,,0.0,,0,0,0.0,0.0,0.0,0.0,58440.0,23027.2,1,1
185992d76c22,Koppal,4D4A2,4D4A2M2c,Gatareddihal-3,0704020002,1450/*/2,1.14,0.0,OBC,small,1,AG2,BGPmB2g1,TCB,227.99999999999997,182.4,value,182.4,1.0,,0.0,,0,0,0.0,0.0,0.0,0.0,24591.999999999996,9375.36,1,1
654cf0df2e7f,Koppal,4D4A2,4D4A2M2c,Gatareddihal-3,0704020002,1461/* /ಅ,1.71,0.0,OBC,small,1,AG2,BGPmB2g1Ca,TCB,342.0,174.36,value,174.36,1.0,1.0,0.0,,0,0,0.0,0.0,0.0,0.0,34738.0,12728.104000000001,1,1
191da2053e20,Koppal,4D4A2,4D4A2M2c,Gatareddihal-3,0704020002,1406/*                   /ಅ,2.44,0.0,OBC,small,0,AG1,BGPmB2g1,TCB,488.0,0.0,value,0.0,2.0,,0.0,,0,0,0.0,0.0,0.0,0.0,52032.0,0.0,0,0
3ff3b7c0e16f,Koppal,4D4A2,4D4A2M2c,Gatareddihal-3,0704020002,1406/*/3,0.81,0.0,OBC,small,1,AG1,BGPmB2g1,TCB,162.0,129.6,value,129.6,0.0,0.0,0.0,,0,0,0.0,0.0,0.0,0.0,10044.0,6661.44,1,1
667be6aa1174,Koppal,4D4A2,4D4A2M2c,Gatareddihal-3,0704020002,1408/*/*,0.37,1.0,OBC,small,0,AG1,MLRmB2g1Ca,TCB,74.0,0.0,value,0.0,0.0,0.0,0.0,,0,0,0.0,0.0,0.0,0.0,4588.0,0.0,0,0
3918dfc73d6b,Koppal,4D4A2,4D4A2M2c,Gatareddihal-3,0704020002,1409/*/2,1.37,0.0,OBC,small,0,AG1,MLRmB2g1Ca,TCB,274.0,193.15,value,193.15,1.0,1.0,0.0,,0,0,0.0,0.0,0.0,0.0,28686.0,13694.91,1,1
7c59dc29dde0,Koppal,4D4A2,4D4A2M2c,Gatareddihal-3,0704020002,1463/*/*,3.1,0.0,OBC,medium,1,AG2,BGPmB2g1Ca,TCB,620.0,193.38,value,193.38,3.0,1.0,0.0,,0,0,0.0,0.0,0.0,0.0,68080.0,13705.732,1,1
7c8e5411bd37,Koppal,4D4A2,4D4A2M2c,Gatareddihal-3,0704020002,1467/*/2,3.99,1.0,OBC,medium,1,AG2,KVRmB2g1Ca,TCB,798.0,754.0,value,754.0,3.0,2.0,0.0,,0,0,0.0,0.0,0.0,0.0,83922.0,46289.6,1,1
5784dd5b65d7,Koppal,4D4A2,4D4A2M2c,Gatareddihal-3,0704020002,1423/*/1,1.6,0.0,OBC,small,1,AG1,MLRmB2g1Ca,TCB,320.0,264.27,value,264.27,1.0,1.0,0.0,,0,0,0.0,0.0,0.0,0.0,32780.0,17350.478,1,1
1731348390a2,Koppal,4D4A2,4D4A2M2c,Gatareddihal-3,0704020002,1423/*/4,0.68,0.0,OBC,small,0,AG1,MLRmB2g1Ca,TCB,136.0,207.51,value,207.51,0.0,0.0,0.0,,0,0,0.0,0.0,0.0,0.0,8432.0,10666.014,1,1
1234c7b56092,Koppal,4D4A2,4D4A2M2c,Gatareddihal-3,0704020002,1429/*/3,2.07,0.0,OBC,small,0,AG1,MLRmA2g1Ca,TCB,413.99999999999994,316.14,value,316.14,2.0,,0.0,,0,0,0.0,0.0,0.0,0.0,45445.99999999999,16249.596,1,1
9658a4348619,Koppal,4D4A2,4D4A2M2c,Gatareddihal-3,0704020002,1430/*/2,1.38,0.0,OBC,small,1,AG1,MLRmA2g1Ca,TCB,276.0,264.0,value,264.0,1.0,1.0,0.0,,0,0,490.0,490.0,0.0,0.0,68818.0,57516.6,1,1
efd96a837d22,Koppal,4D4A2,4D4A2M2c,Gatareddihal-3,0704020002,1431/*/1,1.62,1.0,OBC,small,1,AG1,RNKmB2g2Ca,TCB,324.0,259.2,value,259.2,1.0,,0.0,,0,0,0.0,0.0,0.0,0.0,23488.0,13322.88,1,1
c8fba822c63e,Koppal,4D4A2,4D4A2M2c,Gatareddihal-3,0704020002,1436/*/*,6.11,0.0,OBC,large,1,AG1,MLRmB2g1Ca,TCB,1222.0,977.6,value,977.6,3.0,,0.0,,0,0,0.0,0.0,40.0,95.0,125458.0,59273.64,1,1
c6df52beacdb,Koppal,4D4A2,4D4A2M2c,Gatareddihal-3,0704020002,1438/*/1,2.4,0.0,ST,medium,1,AG1,MLRmB2g1Ca,TCB,480.0,384.0,value,384.0,2.0,,0.0,,0,0,0.0,0.0,0.0,0.0,51320.0,19737.6,1,1
6916e95f47aa,Koppal,4D4A2,4D4A2M2c,Gatareddihal-3,0704020002,1438/*/4,0.8,1.0,ST,small,1,AG1,MLRmB2g1Ca,TCB,160.0,128.0,value,128.0,0.0,0.0,0.0,,0,0,0.0,0.0,0.0,0.0,9920.0,6579.2,1,1
b68dc8230b3e,Koppal,4D4A2,4D4A2M2c,Gatareddihal-3,0704020002,1514/*/*,1.8,0.0,OBC,medium,1,AG2,AWDmB2,TCB,360.0,288.0,value,288.0,2.0,,0.0,,0,0,0.0,0.0,0.0,0.0,40640.0,14803.199999999999,1,1
600bfc0683a7,Koppal,4D4A2,4D4A2M2c,Gatareddihal-3,0704020002,1468/*/2,2.07,0.0,OBC,medium,1,AG2,KVRmB2g1Ca,TCB,413.99999999999994,357.98,value,357.98,2.0,1.0,0.0,,0,0,0.0,0.0,0.0,0.0,45445.99999999999,22699.172,1,1
20ad994ee7d6,Koppal,4D4A2,4D4A2M2c,Gatareddihal-3,0704020002,1470/*/1,2.15,0.0,SC,medium,1,AG2,MLRmB2g1Ca,TCB,430.0,235.75,value,235.75,2.0,1.0,0.0,,0,1,0.0,0.0,0.0,0.0,144370.0,149437.55,1,1
effea450c5fa,Koppal,4D4A2,4D4A2M2c,Gatareddihal-3,0704020002,1520/*/1,1.29,0.0,OBC,small,1,AG2,AWDmB2,TCB,258.0,206.4,value,206.4,1.0,,0.0,,0,0,0.0,0.0,0.0,0.0,27262.0,10608.96,1,1
c2b5a8d9ebd3,Koppal,4D4A2,4D4A2M2c,Gatareddihal-3,0704020002,1474/*/3,1.87,0.0,OBC,small,1,AG2,KVRmB2g1Ca,TCB,374.0,386.49,value,386.49,1.0,1.0,0.0,,0,0,0.0,0.0,0.0,0.0,37586.0,23898.586,1,1
4ef7379adf0f,Koppal,4D4A2,4D4A2M2c,Gatareddihal-3,0704020002,1520/*/2,1.29,1.0,OBC,small,0,AG2,AWDmB2,TCB,258.0,206.4,value,206.4,1.0,,0.0,,0,0,0.0,0.0,0.0,0.0,27262.0,10608.96,1,1
14b4862cff3f,Koppal,4D4A2,4D4A2M2c,Gatareddihal-3,0704020002,1520/*/5,0.13,0.0,OBC,small,1,AG2,AWDmB2,TCB,26.0,20.8,value,20.8,0.0,0.0,0.0,,0,0,0.0,0.0,0.0,0.0,1612.0,1069.1200000000001,1,1
7a0f3a216b00,Koppal,4D4A2,4D4A2M2c,Gatareddihal-3,0704020002,1406/*/5,0.81,0.0,OBC,small,1,AG1,BGPmB2g1,TCB,162.0,129.6,value,129.6,0.0,0.0,0.0,,0,0,0.0,0.0,0.0,0.0,10044.0,6661.44,1,1
cbf246ed9cd7,Koppal,4D4A2,4D4A2M2c,Gatareddihal-3,0704020002,1409/*/3,1.36,0.0,OBC,small,0,AG1,MLRmB2g1Ca,TCB,272.0,150.74,value,150.74,1.0,1.0,0.0,,0,0,0.0,0.0,0.0,0.0,28508.0,11515.036,1,1
19279eb8c7c4,Koppal,4D4A2,4D4A2M2c,Gatareddihal-3,0704020002,1411/*/1,1.38,1.0,OBC,small,1,AG1,BGPmB2g1,TCB,276.0,320.76,value,320.76,1.0,1.0,0.0,,0,0,0.0,0.0,0.0,0.0,28864.0,20254.064,1,1
2d2dc8509a84,Koppal,4D4A2,4D4A2M2c,Gatareddihal-3,0704020002,1421/*/*,7.35,0.0,OBC,large,1,AG1,KVRmB1g1Ca,TCB,1470.0,508.99,value,508.99,3.0,1.0,0.0,,0,0,0.0,0.0,40.0,0.0,147530.0,29929.086,1,1
657d2cd9edc3,Koppal,4D4A2,4D4A2M2c,Gatareddihal-3,0704020002,1422/*/1,2.56,0.0,OBC,medium,1,AG1,KVRmB1g1Ca,TCB,512.0,584.5,value,584.5,2.0,2.0,0.0,,0,0,0.0,0.0,0.0,0.0,54168.0,37577.3,1,1
b68dc8230b3e,Koppal,4D4A2,4D4A2M2c,Gatareddihal-3,0704020002,1514/*/*,1.8,1.0,OBC,medium,1,AG2,AWDmB2,TCB,360.0,288.0,value,288.0,2.0,,0.0,,0,0,0.0,0.0,0.0,0.0,40640.0,14803.199999999999,1,1
5b6cafc8ded9,Koppal,4D4A2,4D4A2M2c,Gatareddihal-3,0704020002,1432/*/1,1.4,0.0,OBC,small,1,AG1,RNKmB2g2Ca,TCB,280.0,224.0,value,224.0,1.0,,0.0,,0,0,0.0,0.0,0.0,0.0,20760.0,11513.6,1,1
6968955f737c,Koppal,4D4A2,4D4A2M2c,Gatareddihal-3,0704020002,1433/*/2,1.6,1.0,SC,small,1,AG1,MLRmB2g1Ca,TCB,320.0,256.0,value,256.0,1.0,,0.0,,0,0,0.0,0.0,0.0,0.0,32780.0,13158.4,1,1
c3f17adb3da4,Koppal,4D4A2,4D4A2M2c,Gatareddihal-3,0704020002,1435/*/*,1.96,0.0,OBC,small,1,AG1,MLRmB2g1Ca,TCB,392.0,313.6,value,313.6,1.0,,0.0,,0,0,0.0,0.0,0.0,0.0,39188.0,16119.04,1,1
1ca7c467d303,Koppal,4D4A2,4D4A2M2c,Gatareddihal-3,0704020002,1438/*/2,2.8,0.0,OBC,medium,1,AG1,MLRmB2g1Ca,TCB,560.0,448.0,value,448.0,2.0,,0.0,,0,0,0.0,0.0,0.0,0.0,58440.0,23027.2,1,1
c04115cc3ce3,Koppal,4D4A2,4D4A2M2c,Gatareddihal-3,0704020002,1440/*/*,2.36,1.0,OBC,medium,1,AG1,MLRmB2g1Ca,TCB,472.0,377.6,value,377.6,2.0,,0.0,,0,0,0.0,0.0,0.0,0.0,50608.0,19408.64,1,1
5e85d02e33fe,Koppal,4D4A2,4D4A2M2c,Gatareddihal-3,0704020002,1443/*/*,4.5,0.0,OBC,medium,1,AG2,MLRmB2g1Ca,TCB,900.0,226.25,value,226.25,3.0,,0.0,,0,0,0.0,0.0,0.0,0.0,93000.0,11629.25,1,1
9da46821d7ba,Koppal,4D4A2,4D4A2M2c,Gatareddihal-3,0704020002,1520/*/3,1.44,0.0,OBC,small,1,AG2,AWDmB2,TCB,288.0,230.4,value,230.4,1.0,,0.0,,0,0,0.0,0.0,0.0,0.0,29932.0,11842.56,1,1
9da46821d7ba,Koppal,4D4A2,4D4A2M2c,Gatareddihal-3,0704020002,1520/*/3,1.44,0.0,OBC,small,1,AG2,AWDmB2,TCB,288.0,0.0,value,0.0,1.0,,0.0,,0,0,0.0,0.0,0.0,0.0,29932.0,0.0,0,0
f8747cb23c22,Koppal,4D4A2,4D4A2M2c,Gatareddihal-3,0704020002,1520/*/7,0.36,0.0,OBC,small,1,AG2,AWDmB2,TCB,72.0,0.0,value,0.0,0.0,0.0,0.0,,0,0,0.0,0.0,0.0,0.0,4464.0,0.0,0,0
f32bcac90430,Koppal,4D4A2,4D4A2M2c,Gatareddihal-3,0704020002,1460/*/*,3.1,1.0,OBC,medium,1,AG2,BGPmB2g1Ca,TCB,620.0,235.76,value,235.76,3.0,1.0,0.0,,0,0,0.0,0.0,0.0,0.0,68080.0,15884.063999999998,1,1
abd708582c61,Koppal,4D4A2,4D4A2M2c,Gatareddihal-3,0704020002,1462/*/*,0.11,0.0,OBC,small,1,AG2,BGPmB2g1Ca,TCB,22.0,155.63,value,155.63,0.0,1.0,0.0,,0,0,0.0,0.0,0.0,0.0,1364.0,11765.382,1,1
65d587e2527c,Koppal,4D4A2,4D4A2M2c,Gatareddihal-3,0704020002,1465/*/*,1.24,0.0,OBC,small,0,AG2,MLRmA2g1Ca,TCB,248.0,257.03,value,257.03,1.0,1.0,0.0,,0,0,0.0,0.0,0.0,0.0,26372.0,16977.341999999997,1,1
65d587e2527c,Koppal,4D4A2,4D4A2M2c,Gatareddihal-3,0704020002,1465/*/*,1.06,0.0,OBC,small,1,AG2,MLRmA2g1Ca,TCB,212.0,169.6,value,169.6,1.0,,0.0,,0,0,0.0,0.0,0.0,0.0,23168.0,8717.439999999999,1,1
852e2b2729dd,Koppal,4D4A2,4D4A2M2c,Gatareddihal-3,0704020002,1520/*/4,0.14,0.0,OBC,small,1,AG2,AWDmB2,TCB,28.000000000000004,20.8,value,20.8,0.0,0.0,0.0,,0,0,0.0,0.0,0.0,0.0,1736.0000000000002,1069.1200000000001,1,1
d7501ed30831,Koppal,4D4A2,4D4A2M2d,Gatareddihal-2,0704020013,10/*/*,4.53,0.0,OBC,small,0,AG2,MTLmB2g2Ca,TCB,906.0,650.19,value,650.19,3.0,2.0,0.0,,0,0,0.0,0.0,40.0,95.0,72872.0,49976.766,1,1
10ba37fc5e7a,Koppal,4D4A2,4D4A2M2d,Gatareddihal-2,0704020013,10/*/4,0.78,0.0,OBC,small,1,AG1,MTLmB2g2Ca,TCB,156.0,124.8,value,124.8,0.0,0.0,0.0,,0,0,0.0,0.0,0.0,0.0,9672.0,6414.719999999999,1,1
ae35e2ffb9fe,Koppal,4D4A2,4D4A2M2d,Gatareddihal-2,0704020013,118/*/1,1.35,0.0,ST,medium,1,AG1,RNKmB1g2,TCB,270.0,216.0,value,216.0,1.0,,0.0,,0,0,0.0,0.0,0.0,0.0,20140.0,11102.4,1,1
f9e9fc37de89,Koppal,4D4A2,4D4A2M2d,Gatareddihal-2,0704020013,12/*/4,2.64,1.0,OBC,medium,1,AG1,RNKmB1g2,TCB,528.0,405.22,value,405.22,2.0,2.0,0.0,,0,0,0.0,0.0,0.0,0.0,39536.0,28360.308,1,1
824c3b6667e4,Koppal,4D4A2,4D4A2M2d,Gatareddihal-2,0704020013,117/*/1,2.4,0.0,OBC,small,0,AG1,RNKmB1g2,TCB,480.0,384.0,value,384.0,2.0,,0.0,,0,0,0.0,0.0,0.0,0.0,36560.0,19737.6,1,1
ebffcabb26d0,Koppal,4D4A2,4D4A2M2d,Gatareddihal-2,0704020013,117/*/4,2.4,0.0,OBC,medium,1,AG1,RNKmB1g2,TCB,480.0,384.0,value,384.0,2.0,,0.0,,0,0,0.0,0.0,0.0,0.0,36560.0,19737.6,1,1
d7501ed30831,Koppal,4D4A2,4D4A2M2d,Gatareddihal-2,0704020013,10/*/*,0.15,0.0,OBC,medium,1,AG1,MTLmB2g2Ca,TCB,30.0,24.0,value,24.0,0.0,0.0,0.0,,0,0,0.0,0.0,0.0,0.0,1860.0,1233.6,1,1
d7501ed30831,Koppal,4D4A2,4D4A2M2d,Gatareddihal-2,0704020013,10/*/*,2.77,0.0,OBC,medium,1,AG1,MTLmB2g2Ca,TCB,554.0,414.99,value,414.99,2.0,2.0,0.0,,0,0,0.0,0.0,40.0,0.0,46748.0,28862.486,1,1
41ed102bd5ac,Koppal,4D4A2,4D4A2M2d,Gatareddihal-2,0704020013,10/*/3,0.78,0.0,OBC,medium,1,AG1,MTLmB2g2Ca,TCB,156.0,171.6,value,171.6,0.0,0.0,0.0,,0,0,0.0,0.0,0.0,0.0,9672.0,8820.24,1,1
7b293df58c53,Koppal,4D4A2,4D4A2M2d,Gatareddihal-2,0704020013,10/*/5,0.84,0.0,OBC,medium,1,AG1,MTLmB2g2Ca,TCB,168.0,118.8,value,118.8,0.0,0.0,0.0,,0,0,0.0,0.0,0.0,0.0,10416.0,6106.32,1,1
40648d5aedb9,Koppal,4D4A2,4D4A2M2d,Gatareddihal-2,0704020013,12/*/3,0.9,0.0,OBC,medium,0,AG1,RNKmB1g2,TCB,180.0,144.0,value,144.0,0.0,0.0,0.0,,0,0,0.0,0.0,0.0,0.0,11160.0,7401.599999999999,1,1
4d2677a85a21,Koppal,4D4A2,4D4A2M2d,Gatareddihal-2,0704020013,13/*/3,0.39,1.0,OBC,small,1,AG1,RNKmB1g2,TCB,78.0,0.0,value,0.0,0.0,0.0,0.0,,0,0,0.0,0.0,0.0,0.0,4836.0,0.0,0,0
fa805b2f8406,Koppal,4D4A2,4D4A2M2d,Gatareddihal-2,0704020013,118/*/2,1.36,0.0,OBC,medium,1,AG1,RNKmB1g2,TCB,272.0,217.6,value,217.6,1.0,,0.0,,0,0,0.0,0.0,0.0,0.0,20264.0,11184.64,1,1
9f37852838a2,Koppal,4D4A2,4D4A2M2d,Gatareddihal-2,0704020013,117/*/2,2.4,0.0,OBC,small,1,AG1,RNKmB1g2,TCB,480.0,384.0,value,384.0,2.0,,0.0,,0,0,0.0,0.0,0.0,0.0,36560.0,19737.6,1,1
0d23c927754c,Koppal,4D4A2,4D4A2M2d,Gatareddihal-2,0704020013,14/*/3,0.71,0.0,OBC,medium,1,AG1,RNKmB1g2,TCB,142.0,169.75,value,169.75,0.0,0.0,0.0,,0,0,0.0,0.0,0.0,0.0,8804.0,8725.15,1,1
4dddaf9efbb5,Koppal,4D4A2,4D4A2M2d,Gatareddihal-2,0704020013,11/*/*,5.67,1.0,OBC,small,1,AG1,RNKmB1g2,TCB,1134.0,848.48,value,848.48,3.0,2.0,0.0,,0,0,0.0,0.0,40.0,0.0,84308.0,51143.872,1,1
edbdb74ca596,Koppal,4D4A2,4D4A2M2d,Gatareddihal-2,0704020013,13/*/4,0.39,0.0,OBC,small,0,AG1,RNKmB1g2,TCB,78.0,196.63,value,196.63,0.0,0.0,0.0,,0,0,0.0,0.0,0.0,0.0,4836.0,10106.782,1,1
188e14f3ac6a,Koppal,4D4A2,4D4A2M2d,Gatareddihal-2,0704020013,16/*/3,0.75,0.0,OBC,medium,1,AG1,KVRmB2g1Ca,TCB,150.0,0.0,value,0.0,0.0,0.0,0.0,,0,0,0.0,0.0,0.0,0.0,9300.0,0.0,0,0
daaaab17a7fc,Koppal,4D4A2,4D4A2M2d,Gatareddihal-2,0704020013,13/*/2,0.39,0.0,OBC,small,1,AG1,RNKmB1g2,TCB,78.0,179.24,value,179.24,0.0,0.0,0.0,,0,0,0.0,0.0,0.0,0.0,4836.0,9212.936,1,1
38e6d0d5eb2a,Koppal,4D4A2,4D4A2M2d,Gatareddihal-2,0704020013,12/*/2,0.8,0.0,ST,medium,1,AG1,RNKmB1g2,TCB,160.0,160.24,value,160.24,0.0,0.0,0.0,,0,0,0.0,0.0,0.0,0.0,9920.0,8236.336,1,1
f1cc7e4f20b3,Koppal,4D4A2,4D4A2M2d,Gatareddihal-2,0704020013,17/*/1,2.79,0.0,OBC,medium,1,AG1,KVRmB2g1Ca,TCB,558.0,446.4,value,446.4,2.0,,0.0,,0,0,0.0,0.0,0.0,0.0,58262.0,22944.96,1,1
1f51373e086d,Koppal,4D4A2,4D4A2M2d,Gatareddihal-2,0704020013,14/*/2,0.7,1.0,OBC,medium,0,AG1,RNKmB1g2,TCB,140.0,0.0,value,0.0,0.0,0.0,0.0,,0,0,0.0,0.0,0.0,0.0,8680.0,0.0,0,0
6c5661fe55a5,Koppal,4D4A2,4D4A2M2d,Gatareddihal-2,0704020013,16/*/1,0.76,0.0,OBC,medium,1,AG2,KVRmB2g1Ca,TCB,152.0,0.0,value,0.0,0.0,0.0,0.0,,0,0,0.0,0.0,0.0,0.0,9424.0,0.0,0,0
19c8509e8fec,Koppal,4D4A2,4D4A2M2d,Gatareddihal-2,0704020013,14/*/1,0.71,1.0,OBC,small,1,AG2,RNKmB1g2,TCB,142.0,231.12,value,231.12,0.0,1.0,0.0,,0,0,0.0,0.0,0.0,0.0,8804.0,15645.568,1,1
a48ed3903905,Koppal,4D4A2,4D4A2M2d,Gatareddihal-2,0704020013,14/*/4,1.06,0.0,OBC,small,1,AG1,RNKmB1g2,TCB,212.0,212.12,value,212.12,1.0,,0.0,,0,0,0.0,0.0,0.0,0.0,16544.0,10902.968,1,1
f1e681a67f04,Koppal,4D4A2,4D4A2M2d,Gatareddihal-2,0704020013,17/*/4,1.08,0.0,ST,small,1,AG1,KVRmB2g1Ca,TCB,216.0,0.0,value,0.0,1.0,,0.0,,0,0,0.0,0.0,0.0,0.0,23524.0,0.0,0,0
b33503fcc2d9,Koppal,4D4A2,4D4A2M2d,Gatareddihal-2,0704020013,18/*/5,0.96,1.0,OBC,medium,1,AG1,RNKmB1g2,TCB,192.0,153.6,value,153.6,0.0,0.0,0.0,,0,0,0.0,0.0,0.0,0.0,11904.0,7895.039999999999,1,1
a4c9d7197bf2,Koppal,4D4A2,4D4A2M2d,Gatareddihal-2,0704020013,18/*/6,2.52,0.0,OBC,medium,1,AG2,RNKmB1g2,TCB,504.0,403.2,value,403.2,2.0,,0.0,,0,0,0.0,0.0,0.0,0.0,38048.0,20724.48,1,1
d7224301b004,Koppal,4D4A2,4D4A2M2d,Gatareddihal-2,0704020013,17/*/3,0.01,0.0,OBC,small,1,AG1,KVRmB2g1Ca,TCB,2.0,1.6,value,1.6,0.0,0.0,0.0,,0,0,0.0,0.0,0.0,0.0,124.0,82.24000000000001,1,1
f6109719af60,Koppal,4D4A2,4D4A2M2d,Gatareddihal-2,0704020013,14/*/5,1.06,0.0,OBC,small,1,AG1,RNKmB1g2,TCB,212.0,221.62,value,221.62,1.0,1.0,0.0,,0,0,0.0,0.0,0.0,0.0,16544.0,15113.268,1,1
3a7b12768eb7,Koppal,4D4A2,4D4A2M2d,Gatareddihal-2,0704020013,15/*/*,2.1,0.0,OBC,medium,1,AG1,KVRmB2g1Ca,TCB,420.0,336.0,value,336.0,2.0,,0.0,,0,0,0.0,0.0,0.0,0.0,45980.0,17270.399999999998,1,1
b7ebc70a9c47,Koppal,4D4A2,4D4A2M2d,Gatareddihal-2,0704020013,21/*/2,1.58,0.0,OBC,small,1,AG1,KVRmB2g1Ca,TCB,316.0,188.23,value,188.23,1.0,1.0,0.0,,0,0,0.0,0.0,0.0,0.0,32424.0,13479.021999999999,1,1
292376d90362,Koppal,4D4A2,4D4A2M2d,Gatareddihal-2,0704020013,17/*/2,0.86,1.0,OBC,medium,1,AG1,KVRmB2g1Ca,TCB,172.0,137.6,value,137.6,0.0,0.0,0.0,,0,0,0.0,0.0,0.0,0.0,10664.0,7072.639999999999,1,1
b70e05307f9b,Koppal,4D4A2,4D4A2M2d,Gatareddihal-2,0704020013,21/*/3,1.59,1.0,OBC,medium,1,AG1,KVRmB2g1Ca,TCB,318.0,216.48,value,216.48,1.0,1.0,0.0,,0,0,0.0,0.0,0.0,0.0,32602.0,14931.071999999998,1,1
c33872b989c9,Koppal,4D4A2,4D4A2M2d,Gatareddihal-2,0704020013,16/*/2,0.75,1.0,OBC,small,1,AG1,KVRmB2g1Ca,TCB,150.0,0.0,value,0.0,0.0,0.0,0.0,,0,0,0.0,0.0,0.0,0.0,9300.0,0.0,0,0
72dd7e878e51,Koppal,4D4A2,4D4A2M2d,Gatareddihal-2,0704020013,18/*/3,0.96,0.0,OBC,small,0,AG1,RNKmB1g2,TCB,192.0,153.6,value,153.6,0.0,0.0,0.0,,0,0,0.0,0.0,0.0,0.0,11904.0,7895.039999999999,1,1
cf35241e4612,Koppal,4D4A2,4D4A2M2d,Gatareddihal-2,0704020013,22/*/3,1.6,0.0,ST,medium,1,AG1,RNKmB1g2,TCB,320.0,253.44,value,253.44,1.0,1.0,0.0,,0,0,0.0,0.0,0.0,0.0,23240.0,16830.816,1,1
9e4ca12ae691,Koppal,4D4A2,4D4A2M2d,Gatareddihal-2,0704020013,17/*/5,0.85,0.0,OBC,medium,1,AG1,KVRmB2g1Ca,TCB,170.0,136.0,value,136.0,0.0,0.0,0.0,,0,0,0.0,0.0,0.0,0.0,10540.0,6990.4,1,1
eed691f02487,Koppal,4D4A2,4D4A2M2d,Gatareddihal-2,0704020013,21/*/1,1.58,1.0,OBC,small,1,AG1,KVRmB2g1Ca,TCB,316.0,291.93,value,291.93,1.0,1.0,0.0,,0,0,0.0,0.0,0.0,0.0,32424.0,18809.201999999997,1,1
ddc7afdce102,Koppal,4D4A2,4D4A2M2d,Gatareddihal-2,0704020013,22/*/1,1.48,0.0,OBC,medium,1,AG1,RNKmB1g2,TCB,296.0,145.73,value,145.73,1.0,,0.0,,0,0,0.0,0.0,0.0,0.0,21752.0,7490.521999999999,1,1
6103b4d4ad15,Koppal,4D4A2,4D4A2M2d,Gatareddihal-2,0704020013,18/*/1,1.32,1.0,OBC,small,1,AG1,RNKmB1g2,TCB,264.0,211.2,value,211.2,1.0,,0.0,,0,0,0.0,0.0,0.0,0.0,19768.0,10855.679999999998,1,1
b76b6fcfb5ea,Koppal,4D4A2,4D4A2M2d,Gatareddihal-2,0704020013,18/*/2,0.96,0.0,OBC,medium,1,AG1,RNKmB1g2,TCB,192.0,153.6,value,153.6,0.0,0.0,0.0,,0,0,0.0,0.0,0.0,0.0,11904.0,7895.039999999999,1,1
44188103cddd,Koppal,4D4A2,4D4A2M2d,Gatareddihal-2,0704020013,22/*/2,1.6,0.0,OBC,small,0,AG2,RNKmB1g2,TCB,320.0,291.46,value,291.46,1.0,1.0,0.0,,0,0,0.0,0.0,0.0,0.0,23240.0,18785.043999999998,1,1
ca1705204292,Koppal,4D4A2,4D4A2M2d,Gatareddihal-2,0704020013,19/*/*,6.34,0.0,OBC,medium,1,AG2,RNKmB1g2,TCB,1268.0,1014.4,value,1014.4,3.0,,0.0,,0,0,0.0,0.0,40.0,95.0,92616.0,61165.159999999996,1,1
1f135d146beb,Koppal,4D4A2,4D4A2M2d,Gatareddihal-2,0704020013,20/*/*,7.29,0.0,OBC,large,1,AG2,KVRmB2g1Ca,TCB,1458.0,1110.38,value,1110.38,3.0,2.0,0.0,,0,0,0.0,0.0,40.0,0.0,146462.0,65285.53200000001,1,1
9cc8731d4b78,Koppal,4D4A2,4D4A2M2d,Gatareddihal-2,0704020013,6/*/3,0.6,0.0,OBC,small,1,AG1,RNKmB1g2,TCB,120.0,174.36,value,174.36,0.0,1.0,0.0,,0,0,0.0,0.0,0.0,0.0,7440.0,12728.104000000001,1,1
c37ed747d644,Koppal,4D4A2,4D4A2M2d,Gatareddihal-2,0704020013,8/*/1,1.88,0.0,OBC,medium,0,AG1,RNKmB1g2,TCB,376.0,183.87,value,183.87,1.0,1.0,0.0,,0,0,0.0,0.0,0.0,0.0,26712.0,13216.918,1,1
357ef1aeb144,Koppal,4D4A2,4D4A2M2d,Gatareddihal-2,0704020013,9/*/*,0.88,0.0,OBC,large,1,AG2,AWDmB1,TCB,176.0,140.8,value,140.8,0.0,0.0,0.0,,0,0,0.0,0.0,0.0,0.0,10912.0,7237.120000000001,1,1
5d7edc0b596b,Koppal,4D4A2,4D4A2M2d,Gatareddihal-2,0704020013,6/*/1,0.71,0.0,OBC,medium,0,AG1,RNKmB1g2,TCB,142.0,0.0,value,0.0,0.0,0.0,0.0,,0,0,0.0,0.0,0.0,0.0,8804.0,0.0,0,0
357ef1aeb144,Koppal,4D4A2,4D4A2M2d,Gatareddihal-2,0704020013,9/*/*,3.2,0.0,OBC,medium,1,AG1,AWDmB1,TCB,640.0,462.5,value,462.5,3.0,1.0,0.0,,1,0,0.0,0.0,0.0,0.0,167360.0,27538.5,1,1
357ef1aeb144,Koppal,4D4A2,4D4A2M2d,Gatareddihal-2,0704020013,9/*/*,0.84,0.0,OBC,small,1,AG1,AWDmB1,TCB,168.0,134.4,value,134.4,0.0,0.0,0.0,,0,0,0.0,0.0,0.0,0.0,10416.0,6908.16,1,1
714242db14d0,Koppal,4D4A2,4D4A2M2d,Gatareddihal-2,0704020013,8/*/2,1.88,0.0,OBC,small,1,AG1,RNKmB1g2,TCB,376.0,325.37,value,325.37,1.0,,0.0,,0,0,0.0,0.0,0.0,0.0,26712.0,16724.018,1,1
357ef1aeb144,Koppal,4D4A2,4D4A2M2d,Gatareddihal-2,0704020013,9/*/*,1.56,0.0,OBC,small,1,AG1,AWDmB1,TCB,312.0,551.62,value,551.62,1.0,,0.0,,0,0,0.0,0.0,0.0,0.0,32068.0,28353.268,1,1
357ef1aeb144,Koppal,4D4A2,4D4A2M2d,Gatareddihal-2,0704020013,9/*/*,2.39,0.0,OBC,small,1,AG1,AWDmB1,TCB,478.0,610.47,value,610.47,2.0,1.0,0.0,,0,0,0.0,0.0,0.0,0.0,51142.0,35144.157999999996,1,1
5140e83e723d,Koppal,4D4A2,4D4A2M2d,Gatareddihal-2,0704020013,117/*/3,2.4,0.0,OBC,small,1,AG1,RNKmB1g2,TCB,480.0,384.0,value,384.0,2.0,,0.0,,0,0,0.0,0.0,0.0,0.0,36560.0,19737.6,1,1
8e4919ec3cf3,Koppal,4D4A2,4D4A2M2d,Gatareddihal-2,0704020013,12/*/1,1.15,0.0,OBC,small,1,AG2,RNKmB1g2,TCB,229.99999999999997,202.61,value,202.61,1.0,,0.0,,0,0,0.0,0.0,0.0,0.0,17660.0,10414.154,1,1
69c9fe4a961b,Koppal,4D4A2,4D4A2M2d,Gatareddihal-2,0704020013,13/*/1,0.39,0.0,OBC,small,1,AG2,RNKmB1g2,TCB,78.0,0.0,value,0.0,0.0,0.0,0.0,,0,0,0.0,0.0,0.0,0.0,4836.0,0.0,0,0
50794dabad70,Koppal,4D4A2,4D4A2M2d,Gatareddihal-2,0704020013,18/*/4,0.97,1.0,OBC,small,1,AG2,RNKmB1g2,TCB,194.0,155.2,value,155.2,0.0,0.0,0.0,,0,0,0.0,0.0,0.0,0.0,12028.0,7977.279999999999,1,1
a9c90fbf3c7a,Koppal,4D4A2,4D4A2M2d,Gatareddihal-2,0704020013,6/*/2,0.6,0.0,OBC,small,1,AG1,RNKmB1g2,TCB,120.0,183.87,value,183.87,0.0,0.0,0.0,,0,0,0.0,0.0,0.0,0.0,7440.0,9450.918,1,1
e086d9b75927,Koppal,4D4A2,4D4A2M2d,Gatareddihal-2,0704020013,6/*/4,0.65,0.0,ST,small,1,AG2,RNKmB1g2,TCB,130.0,0.0,value,0.0,0.0,0.0,0.0,,0,0,0.0,0.0,0.0,0.0,8060.0,0.0,0,0
357ef1aeb144,Koppal,4D4A2,4D4A2M2d,Gatareddihal-2,0704020013,9/*/*,2.7,0.0,OBC,medium,1,AG2,AWDmB1,TCB,540.0,438.87,value,438.87,2.0,,0.0,,0,0,0.0,0.0,0.0,0.0,56660.0,22557.917999999998,1,1
351cd24adda9,Koppal,4D4A2,4D4A2M2d,Gatareddihal-2,0704020016,1/*/2,1.8,0.0,OBC,medium,1,AG2,KVRmB2g1Ca,TCB,360.0,288.0,value,288.0,1.0,,0.0,,0,0,0.0,0.0,0.0,0.0,36340.0,14803.199999999999,1,1
16181473ad28,Koppal,4D4A2,4D4A2M2d,Gatareddihal-2,0704020016,3/*/4,0.8,0.0,OBC,large,1,AG2,MTLmB2g2Ca,TCB,160.0,128.0,value,128.0,0.0,0.0,0.0,,0,0,392.0,392.0,0.0,0.0,41883.0,38723.2,1,1
a726c9d56aee,Koppal,4D4A2,4D4A2M2d,Gatareddihal-2,0704020016,2/*/1,1.07,0.0,OBC,medium,0,AG2,KVRmB2g1Ca,TCB,214.0,171.2,value,171.2,1.0,,0.0,,0,0,0.0,0.0,0.0,0.0,23346.0,8799.679999999998,1,1
553ec4cf506d,Koppal,4D4A2,4D4A2M2d,Gatareddihal-2,0704020016,2/*/3,1.07,1.0,OBC,medium,1,AG2,KVRmB2g1Ca,TCB,214.0,171.2,value,171.2,1.0,,0.0,,0,0,0.0,0.0,0.0,0.0,23346.0,8799.679999999998,1,1
c648b2b5d84b,Koppal,4D4A2,4D4A2M2d,Gatareddihal-2,0704020016,3/*/1,2.0,1.0,OBC,small,1,AG2,MTLmB2g2Ca,TCB,400.0,320.0,value,320.0,2.0,,0.0,,0,0,490.0,490.0,40.0,95.0,77154.0,65653.0,1,1
565723e66208,Koppal,4D4A2,4D4A2M2d,Gatareddihal-2,0704020016,62/*/*,1.86,0.0,OBC,medium,1,AG2,MTLmB1,TCB,372.0,367.73,value,367.73,1.0,1.0,0.0,,0,0,0.0,0.0,40.0,0.0,30264.0,22664.322,1,1
f6dc8308b5bd,Koppal,4D4A2,4D4A2M2d,Gatareddihal-2,0704020016,1/*/1,1.81,0.0,OBC,small,1,AG1,KVRmB2g1Ca,TCB,362.0,289.6,value,289.6,1.0,,0.0,,0,0,0.0,0.0,0.0,0.0,36518.0,14885.44,1,1
554da7033127,Koppal,4D4A2,4D4A2M2d,Gatareddihal-2,0704020016,2/*/2,1.07,0.0,OBC,small,1,AG1,KVRmB2g1Ca,TCB,214.0,171.2,value,171.2,1.0,,0.0,,0,0,0.0,0.0,0.0,0.0,23346.0,8799.679999999998,1,1
fd589fb38715,Koppal,4D4A2,4D4A2M2d,Gatareddihal-2,0704020016,61/*/2,2.3,0.0,OBC,small,1,AG1,MTLmB1,TCB,459.99999999999994,529.52,value,529.52,2.0,1.0,0.0,,0,0,0.0,0.0,40.0,0.0,40920.0,30984.327999999998,1,1
14d39e1e1193,Koppal,4D4A2,4D4A2M2d,Gatareddihal-2,0704020016,63/*/1,2.0,0.0,OBC,medium,1,AG1,MTLmB2g2Ca,TCB,400.0,472.0,value,472.0,2.0,,0.0,,0,0,0.0,0.0,40.0,0.0,37200.0,24260.8,1,1
2b7f98e8047e,Koppal,4D4A2,4D4A2M2d,Gatareddihal-2,0704020016,4/*/2,1.22,0.0,OBC,small,1,AG1,AWDmB1,TCB,244.0,195.2,value,195.2,1.0,,0.0,,0,0,490.0,490.0,0.0,0.0,65970.0,50213.28,1,1
252d448164ee,Koppal,4D4A2,4D4A2M2d,Gatareddihal-2,0704020016,67/*/4,2.4,0.0,OBC,small,1,AG1,KVRmB1g1Ca,TCB,480.0,384.0,value,384.0,2.0,,0.0,,0,0,0.0,0.0,0.0,0.0,51320.0,19737.6,1,1
114edb8d298f,Koppal,4D4A2,4D4A2M2d,Gatareddihal-2,0704020016,69/*/1,1.71,1.0,OBC,small,1,AG1,KVRmB1g1Ca,TCB,342.0,273.6,value,273.6,1.0,,0.0,,0,0,0.0,0.0,0.0,0.0,34738.0,14063.04,1,1
cc290c7fe660,Koppal,4D4A2,4D4A2M2d,Gatareddihal-2,0704020016,70/*/1,3.22,1.0,OBC,medium,1,AG1,MTLmB2g2Ca,TCB,644.0,515.2,value,515.2,3.0,,0.0,,0,0,0.0,0.0,40.0,95.0,56628.0,35506.28,1,1
159788a69484,Koppal,4D4A2,4D4A2M2d,Gatareddihal-2,0704020016,3/*/3,0.12,1.0,OBC,small,1,AG1,MTLmB2g2Ca,TCB,24.0,19.2,value,19.2,0.0,0.0,0.0,,0,0,0.0,0.0,0.0,0.0,1488.0,986.8799999999999,1,1
15ac048ce3e3,Koppal,4D4A2,4D4A2M2d,Gatareddihal-2,0704020016,4/*/4,0.8,0.0,OBC,medium,1,AG2,AWDmB1,TCB,160.0,128.0,value,128.0,0.0,0.0,0.0,,0,0,392.0,392.0,0.0,0.0,41883.0,38723.2,1,1
29286aa7e8a2,Koppal,4D4A2,4D4A2M2d,Gatareddihal-2,0704020016,67/*/2,1.2,0.0,OBC,medium,1,AG2,KVRmB1g1Ca,TCB,240.0,192.0,value,192.0,1.0,,0.0,,0,0,0.0,0.0,0.0,0.0,25660.0,9868.8,1,1
85ae7f6366e7,Koppal,4D4A2,4D4A2M2d,Gatareddihal-2,0704020016,68/*/1,1.97,0.0,ST,medium,1,AG2,MTLmB2g1Ca,TCB,394.0,315.2,value,315.2,1.0,,0.0,,0,0,0.0,0.0,0.0,0.0,27828.0,16201.279999999999,1,1
f9b3510a8961,Koppal,4D4A2,4D4A2M2d,Gatareddihal-2,0704020016,72/*/1,2.05,0.0,ST,medium,1,AG1,MTLmB2g1Ca,TCB,409.99999999999994,328.0,value,328.0,2.0,,0.0,,0,0,0.0,0.0,0.0,0.0,34020.0,16859.2,1,1
44f6d6a81446,Koppal,4D4A2,4D4A2M2d,Gatareddihal-2,0704020016,72/*/5,2.05,0.0,ST,medium,1,AG2,MTLmB2g1Ca,TCB,409.99999999999994,328.0,value,328.0,2.0,,0.0,,0,0,0.0,0.0,0.0,0.0,34020.0,16859.2,1,1
3c50779a1802,Koppal,4D4A2,4D4A2M2d,Gatareddihal-2,0704020016,75/*/3,0.8,0.0,OBC,large,1,AG2,AWDmB1,TCB,160.0,128.0,value,128.0,0.0,0.0,0.0,,0,0,0.0,0.0,0.0,0.0,9920.0,6579.2,1,1
350055f307c1,Koppal,4D4A2,4D4A2M2d,Gatareddihal-2,0704020016,75/*/*,2.4,0.0,OBC,small,1,AG2,AWDmB1,TCB,480.0,384.0,value,384.0,2.0,,0.0,,0,0,0.0,0.0,0.0,0.0,51320.0,19737.6,1,1
d01f3e955fd8,Koppal,4D4A2,4D4A2M2d,Gatareddihal-2,0704020016,75/*/2,0.8,0.0,OBC,medium,1,AG2,AWDmB1,TCB,160.0,130.0,value,130.0,0.0,0.0,0.0,,0,0,0.0,0.0,0.0,0.0,9920.0,6682.0,1,1
3506f5eaaae0,Koppal,4D4A2,4D4A2M2d,Gatareddihal-2,0704020016,61/*/1,2.52,0.0,OBC,small,1,AG2,MTLmB1,TCB,504.0,245.25,value,245.25,2.0,1.0,0.0,,0,0,0.0,0.0,0.0,0.0,39848.0,16372.85,1,1
f0352315d94c,Koppal,4D4A2,4D4A2M2d,Gatareddihal-2,0704020016,56/*/1,1.6,0.0,OBC,small,1,AG2,MTLmB1,TCB,320.0,235.75,value,235.75,1.0,,0.0,,0,0,0.0,0.0,0.0,0.0,23240.0,12117.55,1,1
18c90c9af073,Koppal,4D4A2,4D4A2M2d,Gatareddihal-2,0704020016,64/*/3,1.7,1.0,OBC,small,1,AG2,MTLmB2g2Ca,TCB,340.0,235.74,value,235.74,1.0,1.0,0.0,,0,0,490.0,490.0,0.0,0.0,64434.0,56064.036,1,1
dbe8c41c03f7,Koppal,4D4A2,4D4A2M2d,Gatareddihal-2,0704020016,3/*/2,3.3,0.0,OBC,small,1,AG1,MTLmB2g2Ca,TCB,660.0,528.0,value,528.0,3.0,,0.0,,0,0,490.0,490.0,0.0,0.0,93774.0,67319.2,1,1
098400a4ee45,Koppal,4D4A2,4D4A2M2d,Gatareddihal-2,0704020016,56/*/3,2.0,1.0,OBC,small,1,AG1,MTLmB1,TCB,400.0,320.0,value,320.0,2.0,,0.0,,0,1,0.0,0.0,0.0,0.0,130900.0,149735.0,1,1
5bd518ff6517,Koppal,4D4A2,4D4A2M2d,Gatareddihal-2,0704020016,63/*/2,1.65,0.0,OBC,medium,1,AG1,MTLmB2g2Ca,TCB,330.0,377.24,value,377.24,1.0,,0.0,,0,0,0.0,0.0,0.0,0.0,23860.0,19390.136,1,1
0954ccdd6c45,Koppal,4D4A2,4D4A2M2d,Gatareddihal-2,0704020016,66/*/4,1.6,0.0,OBC,medium,0,AG1,KVRmB1g1Ca,TCB,320.0,264.25,value,264.25,1.0,,0.0,,0,0,490.0,490.0,0.0,0.0,72734.0,53762.45,1,1
2237b61309fd,Koppal,4D4A2,4D4A2M2d,Gatareddihal-2,0704020016,64/*/1,0.54,0.0,OBC,small,1,AG1,MTLmB2g2Ca,TCB,108.0,202.61,value,202.61,0.0,0.0,0.0,,0,0,0.0,0.0,0.0,0.0,6696.0,10414.154,1,1
96fcd9221f2c,Koppal,4D4A2,4D4A2M2d,Gatareddihal-2,0704020016,65/*/1,2.05,1.0,OBC,small,1,AG1,KVRmB1g1Ca,TCB,409.99999999999994,328.0,value,328.0,2.0,,0.0,,0,0,0.0,0.0,0.0,0.0,45089.99999999999,16859.2,1,1
74e6e1f4d32e,Koppal,4D4A2,4D4A2M2d,Gatareddihal-2,0704020016,66/*/1,2.13,1.0,OBC,small,1,AG1,KVRmB1g1Ca,TCB,426.0,533.13,value,533.13,2.0,2.0,0.0,,0,1,0.0,0.0,0.0,0.0,144014.0,168223.88199999998,1,1
6719fe0d0e40,Koppal,4D4A2,4D4A2M2d,Gatareddihal-2,0704020016,68/*/2,1.97,0.0,OBC,small,1,AG1,MTLmB2g1Ca,TCB,394.0,315.2,value,315.2,1.0,,0.0,,0,0,0.0,0.0,0.0,0.0,27828.0,16201.279999999999,1,1
3a653550c7b7,Koppal,4D4A2,4D4A2M2d,Gatareddihal-2,0704020016,72/*/2,0.5,1.0,OBC,small,1,AG2,MTLmB2g1Ca,TCB,100.0,80.0,value,80.0,0.0,0.0,0.0,,0,0,0.0,0.0,0.0,0.0,6200.0,4112.0,1,1
60b98cf6ccef,Koppal,4D4A2,4D4A2M2d,Gatareddihal-2,0704020016,70/*/2,1.61,0.0,OBC,small,1,AG2,MTLmB2g2Ca,TCB,322.0,257.6,value,257.6,1.0,,0.0,,0,0,0.0,0.0,0.0,0.0,23364.0,13240.640000000001,1,1
350055f307c1,Koppal,4D4A2,4D4A2M2d,Gatareddihal-2,0704020016,75/*/*,0.8,0.0,OBC,small,1,AG2,AWDmB1,TCB,160.0,128.0,value,128.0,0.0,0.0,0.0,,0,0,0.0,0.0,0.0,0.0,9920.0,6579.2,1,1
ed86a78d7f64,Koppal,4D4A2,4D4A2M2d,Gatareddihal-2,0704020016,66/*/2,1.61,0.0,OBC,small,1,AG2,KVRmB1g1Ca,TCB,322.0,240.37,value,240.37,1.0,,0.0,,0,0,490.0,490.0,0.0,0.0,72912.0,52535.018,1,1
160025119d41,Koppal,4D4A2,4D4A2M2d,Gatareddihal-2,0704020016,67/*/1,2.4,0.0,OBC,medium,1,AG1,KVRmB1g1Ca,TCB,480.0,384.0,value,384.0,2.0,,1.0,1.0,0,0,0.0,0.0,0.0,0.0,161320.0,154737.6,1,1
ec9526a2bc61,Koppal,4D4A2,4D4A2M2d,Gatareddihal-2,0704020016,71/*/1,0.9,1.0,OBC,medium,1,AG1,MTLmB2g2Ca,TCB,180.0,144.0,value,144.0,0.0,0.0,0.0,,0,0,0.0,0.0,0.0,0.0,11160.0,7401.599999999999,1,1
1aedee6284d7,Koppal,4D4A2,4D4A2M2d,Gatareddihal-2,0704020016,71/*/3,0.87,0.0,OBC,small,1,AG1,MTLmB2g2Ca,TCB,174.0,139.2,value,139.2,0.0,0.0,0.0,,0,0,0.0,0.0,0.0,0.0,10788.0,7154.879999999999,1,1
5409911eefde,Koppal,4D4A2,4D4A2M2d,Gatareddihal-2,0704020016,56/*/2,2.0,0.0,OBC,small,1,AG1,MTLmB1,TCB,400.0,481.0,value,481.0,2.0,,0.0,,0,0,0.0,0.0,0.0,0.0,33400.0,24723.399999999998,1,1
565723e66208,Koppal,4D4A2,4D4A2M2d,Gatareddihal-2,0704020016,62/*/*,1.87,0.0,OBC,small,1,AG1,MTLmB1,TCB,374.0,367.73,value,367.73,1.0,,0.0,,0,0,0.0,0.0,40.0,0.0,30388.0,18901.322,1,1
cad858f3953c,Koppal,4D4A2,4D4A2M2d,Gatareddihal-2,0704020016,63/*/3,1.65,0.0,OBC,small,0,AG1,MTLmB2g2Ca,TCB,330.0,348.72,value,348.72,1.0,,0.0,,0,0,0.0,0.0,0.0,0.0,23860.0,17924.208000000002,1,1
5bf4fa9bf811,Koppal,4D4A2,4D4A2M2d,Gatareddihal-2,0704020016,64/*/2,2.15,1.0,OBC,medium,1,AG1,MTLmB2g2Ca,TCB,430.0,249.87,value,249.87,2.0,,0.0,,0,0,490.0,490.0,0.0,0.0,75214.0,53023.318,1,1
bc219ee2f22d,Koppal,4D4A2,4D4A2M2d,Gatareddihal-2,0704020016,65/*/2,3.12,0.0,OBC,medium,1,AG1,KVRmB1g1Ca,TCB,624.0,418.48,value,418.48,3.0,1.0,0.0,,0,0,0.0,0.0,0.0,0.0,68436.0,25276.872,1,1
23d1aaa97235,Koppal,4D4A2,4D4A2M2d,Gatareddihal-2,0704020016,69/*/*,1.69,0.0,OBC,small,1,AG1,KVRmB1g1Ca,TCB,338.0,270.4,value,270.4,1.0,,0.0,,0,0,0.0,0.0,0.0,0.0,34382.0,13898.559999999998,1,1
60b98cf6ccef,Koppal,4D4A2,4D4A2M2d,Gatareddihal-2,0704020016,70/*/2,1.61,1.0,OBC,small,1,AG1,MTLmB2g2Ca,TCB,322.0,257.6,value,257.6,1.0,,0.0,,0,0,0.0,0.0,0.0,0.0,23364.0,13240.640000000001,1,1
fa26181b99a6,Koppal,4D4A2,4D4A2M2d,Gatareddihal-2,0704020016,71/*/2,1.76,0.0,OBC,small,0,AG2,MTLmB2g2Ca,TCB,352.0,281.6,value,281.6,1.0,,0.0,,0,0,0.0,0.0,0.0,0.0,25224.0,14474.240000000002,1,1
47ea01d07fa3,Koppal,4D4A2,4D4A2M2d,Gatareddihal-2,0704020016,73/*/2,2.1,0.0,OBC,medium,1,AG1,MTLmB2g2Ca,TCB,420.0,336.0,value,336.0,2.0,,0.0,,0,0,0.0,0.0,0.0,0.0,34640.0,17270.399999999998,1,1
31098c8996da,Koppal,4D4A2,4D4A2M2d,Gatareddihal-2,0704020016,72/*/3,1.8,1.0,OBC,medium,1,AG1,MTLmB2g1Ca,TCB,360.0,288.0,value,288.0,1.0,,0.0,,0,0,0.0,0.0,0.0,0.0,25720.0,14803.199999999999,1,1
44f6d6a81446,Koppal,4D4A2,4D4A2M2d,Gatareddihal-2,0704020016,72/*/5,2.05,0.0,OBC,medium,1,AG2,MTLmB2g1Ca,TCB,409.99999999999994,328.0,value,328.0,2.0,,0.0,,1,0,0.0,0.0,0.0,0.0,34020.0,16859.2,1,1
098400a4ee45,Koppal,4D4A2,4D4A2M2d,Gatareddihal-2,0704020016,56/*/3,2.0,0.0,OBC,large,1,AG2,MTLmB1,TCB,400.0,128.0,value,128.0,2.0,,0.0,,0,0,0.0,0.0,0.0,0.0,130900.0,6579.2,1,1
0c5619b7000e,Koppal,4D4A2,4D4A2M2d,Gatareddihal-2,0704020016,56/*/4,2.0,0.0,OBC,medium,1,AG2,MTLmB1,TCB,400.0,495.11,value,495.11,2.0,1.0,0.0,,0,0,0.0,0.0,0.0,0.0,33400.0,29215.654,1,1
23d1aaa97235,Koppal,4D4A2,4D4A2M2d,Gatareddihal-2,0704020016,69/*/*,1.75,0.0,OBC,medium,1,AG2,KVRmB1g1Ca,TCB,350.0,280.0,value,280.0,1.0,,0.0,,0,0,0.0,0.0,0.0,0.0,35450.0,14392.0,1,1
60b98cf6ccef,Koppal,4D4A2,4D4A2M2d,Gatareddihal-2,0704020016,70/*/2,1.61,0.0,OBC,small,1,AG2,MTLmB2g2Ca,TCB,322.0,257.6,value,257.6,1.0,,0.0,,0,0,0.0,0.0,0.0,0.0,23364.0,13240.640000000001,1,1
c859dc95fda8,Koppal,4D4A2,4D4A2M2d,Gatareddihal-2,0704020016,70/*/3,1.6,0.0,OBC,small,1,AG1,MTLmB2g2Ca,TCB,320.0,256.0,value,256.0,1.0,,0.0,,0,0,0.0,0.0,0.0,0.0,23240.0,13158.4,1,1
6b7bcb1815cd,Koppal,4D4A2,4D4A2M2d,Gatareddihal-2,0704020016,72/*/4,1.8,1.0,OBC,small,1,AG1,MTLmB2g1Ca,TCB,360.0,288.0,value,288.0,1.0,,0.0,,0,0,0.0,0.0,0.0,0.0,25720.0,14803.199999999999,1,1
f9f17457b747,Koppal,4D4A2,4D4A2M2d,Gatareddihal-2,0704020016,73/*/1,3.2,0.0,OBC,small,1,AG2,MTLmB2g2Ca,TCB,640.0,512.0,value,512.0,3.0,,0.0,,1,0,0.0,0.0,0.0,0.0,150080.0,26316.8,1,1
47ea01d07fa3,Koppal,4D4A2,4D4A2M2d,Gatareddihal-2,0704020016,73/*/2,2.1,0.0,OBC,small,1,AG2,MTLmB2g2Ca,TCB,420.0,336.0,value,336.0,2.0,,0.0,,0,0,0.0,0.0,0.0,0.0,34640.0,17270.399999999998,1,1
350055f307c1,Koppal,4D4A2,4D4A2M2d,Gatareddihal-2,0704020016,75/*/*,0.4,0.0,OBC,medium,1,AG2,AWDmB1,TCB,80.0,64.0,value,64.0,0.0,0.0,0.0,,0,0,0.0,0.0,0.0,0.0,4960.0,3289.6,1,1
d0b590f33acd,Koppal,4D4A2,4D4A2M2d,Gatareddihal-2,0704020016,4/*/1,2.42,1.0,OBC,small,1,AG2,AWDmB1,TCB,484.0,387.2,value,387.2,2.0,,0.0,,0,0,490.0,490.0,0.0,0.0,91630.0,60082.08,1,1
d22b712e6fbb,Koppal,4D4A2,4D4A2M2d,Gatareddihal-2,0704020016,56/*/5,1.6,0.0,OBC,medium,1,AG2,MTLmB1,TCB,320.0,245.25,value,245.25,1.0,1.0,0.0,,0,0,0.0,0.0,0.0,0.0,23240.0,16372.85,1,1
565723e66208,Koppal,4D4A2,4D4A2M2d,Gatareddihal-2,0704020016,62/*/*,1.87,0.0,OBC,medium,1,AG2,MTLmB1,TCB,374.0,299.2,value,299.2,1.0,,0.0,,0,0,0.0,0.0,40.0,95.0,30388.0,24403.879999999997,1,1
565723e66208,Koppal,4D4A2,4D4A2M2d,Gatareddihal-2,0704020016,62/*/*,1.86,0.0,OBC,medium,1,AG2,MTLmB1,TCB,372.0,297.6,value,297.6,1.0,,0.0,,0,0,0.0,0.0,40.0,95.0,30264.0,24321.64,1,1
14d39e1e1193,Koppal,4D4A2,4D4A2M2d,Gatareddihal-2,0704020016,63/*/1,2.0,0.0,OBC,medium,1,AG2,MTLmB2g2Ca,TCB,400.0,320.0,value,320.0,2.0,,0.0,,0,0,0.0,0.0,0.0,0.0,33400.0,16448.0,1,1
5bd518ff6517,Koppal,4D4A2,4D4A2M2d,Gatareddihal-2,0704020016,63/*/2,1.65,0.0,OBC,small,1,AG2,MTLmB2g2Ca,TCB,330.0,264.0,value,264.0,1.0,,0.0,,0,1,0.0,0.0,0.0,0.0,121360.0,146856.6,1,1
96fcd9221f2c,Koppal,4D4A2,4D4A2M2d,Gatareddihal-2,0704020016,65/*/1,1.86,0.0,OBC,medium,1,AG2,KVRmB1g1Ca,TCB,372.0,235.74,value,235.74,1.0,1.0,0.0,,0,0,0.0,0.0,0.0,0.0,37408.0,15884.036,1,1
fc0662fe8c2f,Koppal,4D4A2,4D4A2M2d,Gatareddihal-2,0704020016,65/*/3,0.79,1.0,OBC,small,1,AG2,KVRmB1g1Ca,TCB,158.0,235.74,value,235.74,0.0,0.0,0.0,,0,0,0.0,0.0,0.0,0.0,9796.0,12117.036,1,1
b376b69ab97d,Koppal,4D4A2,4D4A2M2d,Gatareddihal-2,0704020016,66/*/3,1.62,0.0,OBC,small,0,AG2,KVRmB1g1Ca,TCB,324.0,240.37,value,240.37,1.0,,0.0,,0,0,490.0,490.0,0.0,0.0,73090.0,52535.018,1,1
f343a0be9dab,Koppal,4D4A2,4D4A2M2d,Gatareddihal-2,0704020016,67/*/3,3.55,0.0,OBC,small,1,AG2,KVRmB1g1Ca,TCB,710.0,568.0,value,568.0,3.0,,0.0,,0,0,0.0,0.0,0.0,0.0,76090.0,29195.2,1,1
66d7edd0da43,Koppal,4D4A2,4D4A2M2d,Gatareddihal-2,0704020016,71/*  /ಈ,0.9,0.0,OBC,medium,1,AG2,MTLmB2g2Ca,TCB,180.0,144.0,value,144.0,0.0,0.0,0.0,,0,0,0.0,0.0,0.0,0.0,11160.0,7401.599999999999,1,1
301b8f8664ae,Koppal,4D4A2,4D4A2M2d,Gatareddihal-2,0704020016,71/*/4,3.53,0.0,OBC,medium,1,AG1,MTLmB2g2Ca,TCB,706.0,564.8,value,564.8,3.0,,0.0,,0,0,0.0,0.0,0.0,0.0,56672.0,29030.719999999998,1,1
aee2dfc5b7c0,Koppal,4D4A2,4D4A2M2d,Gatareddihal-2,0704020016,74/*/*,3.85,0.0,OBC,large,1,AG4,KVRmB2g1Ca,TCB,770.0,616.0,value,616.0,3.0,,0.0,,0,0,0.0,0.0,0.0,0.0,81430.0,31662.399999999998,1,1
350055f307c1,Koppal,4D4A2,4D4A2M2d,Gatareddihal-2,0704020016,75/*/*,2.4,1.0,OBC,large,1,AG4,AWDmB1,TCB,480.0,320.0,value,320.0,2.0,,0.0,,0,0,0.0,0.0,0.0,0.0,51320.0,16448.0,1,1
4cada985b1b6,Koppal,4D4A2,4D4A2M2d,Gatareddihal-2,0704020002,1295/*/*,3.12,1.0,SC,small,1,AG4,KVRmB1g1Ca,TCB,624.0,499.2,value,499.2,3.0,,0.0,,0,0,0.0,0.0,0.0,0.0,68436.0,25658.879999999997,1,1
2850425d3b53,Koppal,4D4A2,4D4A2M2d,Gatareddihal-2,0704020002,1296/*/3,1.2,1.0,ST,small,1,AG4,KVRmB1g1Ca,TCB,240.0,192.0,value,192.0,1.0,,0.0,,0,0,0.0,0.0,0.0,0.0,25660.0,9868.8,1,1
bf3f684a2d61,Koppal,4D4A2,4D4A2M2d,Gatareddihal-2,0704020002,1297/*/3,3.45,1.0,OBC,medium,1,AG4,KVRmB1g1Ca,TCB,690.0,594.0,value,594.0,3.0,1.0,0.0,,0,1,0.0,0.0,0.0,0.0,171810.0,167584.6,1,1
653ba25cfe57,Koppal,4D4A2,4D4A2M2d,Gatareddihal-2,0704020002,1299/*/1,2.39,1.0,SC,small,1,AG4,KVRmB1g1Ca,TCB,478.0,382.4,value,382.4,2.0,,0.0,,0,0,0.0,0.0,0.0,0.0,51142.0,19655.359999999997,1,1
fd124ce599d0,Koppal,4D4A2,4D4A2M2d,Gatareddihal-2,0704020002,1297/*/1,2.0,0.0,OBC,small,0,AG4,KVRmB1g1Ca,TCB,400.0,396.0,value,396.0,2.0,2.0,0.0,,0,0,0.0,0.0,0.0,0.0,44200.0,27886.399999999998,1,1
ca6e8d41f589,Koppal,4D4A2,4D4A2M2d,Gatareddihal-2,0704020002,1298/*/*,4.64,0.0,OBC,small,1,AG4,KVRmB1g1Ca,TCB,927.9999999999999,726.46,value,726.46,3.0,1.0,0.0,,0,0,0.0,0.0,0.0,0.0,95491.99999999999,41113.044,1,1
653ba25cfe57,Koppal,4D4A2,4D4A2M2d,Gatareddihal-2,0704020002,1299/*/1,2.39,1.0,OBC,small,1,AG4,KVRmB1g1Ca,TCB,478.0,0.0,value,0.0,2.0,,0.0,,0,0,0.0,0.0,0.0,0.0,51142.0,0.0,0,0
a86791d1e98b,Koppal,4D4A2,4D4A2M2d,Gatareddihal-2,0704020002,1299/*/2,2.39,1.0,ST,small,1,AG4,KVRmB1g1Ca,TCB,478.0,382.4,value,382.4,2.0,,0.0,,0,0,0.0,0.0,0.0,0.0,51142.0,19655.359999999997,1,1
b592856bdb03,Koppal,4D4A2,4D4A2M2d,Gatareddihal-2,0704020002,1354/*/*,5.32,0.0,OBC,medium,0,AG4,RNKmB1g2,TCB,1064.0,851.2,value,851.2,3.0,,0.0,,0,0,0.0,0.0,40.0,95.0,79968.0,52776.68,1,1
e07ea168e935,Koppal,4D4A2,4D4A2M2d,Gatareddihal-2,0704020002,1356/*/*,1.45,0.0,OBC,large,1,AG4,KVRmB1g1Ca,TCB,290.0,232.0,value,232.0,1.0,,1.0,,0,0,0.0,0.0,0.0,0.0,140110.0,11924.8,1,1
17c53e105ef6,Koppal,4D4A2,4D4A2M2d,Gatareddihal-2,0704020002,1359/*/2,2.58,1.0,OBC,medium,1,AG4,KVRmB1g1Ca,TCB,516.0,412.8,value,412.8,2.0,,0.0,,0,0,0.0,0.0,0.0,0.0,54524.0,21217.92,1,1
6fc66f7eafce,Koppal,4D4A2,4D4A2M2d,Gatareddihal-2,0704020002,1361/*/7,0.55,0.0,OBC,medium,1,AG4,KVRmB1g1Ca,TCB,110.00000000000001,141.5,value,141.5,0.0,0.0,0.0,,0,0,0.0,0.0,0.0,0.0,6820.000000000001,7273.099999999999,1,1
a7bcf713331a,Koppal,4D4A2,4D4A2M2d,Gatareddihal-2,0704020002,1362/*/3,2.0,1.0,ST,small,1,AG4,KVRmB1g1Ca,TCB,400.0,240.37,value,240.37,2.0,1.0,0.0,,0,0,0.0,0.0,0.0,0.0,44200.0,16122.018,1,1
44e5bc59c010,Koppal,4D4A2,4D4A2M2d,Gatareddihal-2,0704020002,1369/*/*,1.6,0.0,OBC,small,1,AG3,LGDmB1g1Ca,TCB,320.0,256.0,value,256.0,1.0,,0.0,,0,0,0.0,0.0,0.0,0.0,32780.0,13158.4,1,1
4cada985b1b6,Koppal,4D4A2,4D4A2M2d,Gatareddihal-2,0704020002,1295/*/*,1.6,0.0,OBC,small,1,AG3,KVRmB1g1Ca,TCB,320.0,256.0,value,256.0,1.0,,0.0,,0,0,0.0,0.0,0.0,0.0,32780.0,13158.4,1,1
d94cfea7f53a,Koppal,4D4A2,4D4A2M2d,Gatareddihal-2,0704020002,1296/*/1,5.04,0.0,OBC,small,1,AG3,KVRmB1g1Ca,TCB,1008.0,787.1,value,787.1,3.0,2.0,0.0,,0,0,0.0,0.0,0.0,0.0,102612.0,47988.94,1,1
f09935a7791a,Koppal,4D4A2,4D4A2M2d,Gatareddihal-2,0704020002,1296/*/2,1.32,0.0,ST,small,1,AG3,KVRmB1g1Ca,TCB,264.0,424.76,value,424.76,1.0,,0.0,,0,0,0.0,0.0,0.0,0.0,27796.0,21832.664,1,1
5b8996b3371e,Koppal,4D4A2,4D4A2M2d,Gatareddihal-2,0704020002,1350/*/1,2.2,0.0,OBC,small,1,AG3,KVRmB1g1Ca,TCB,440.00000000000006,352.0,value,352.0,2.0,,0.0,,0,0,0.0,0.0,0.0,0.0,47760.00000000001,18092.8,1,1
630237495eb5,Koppal,4D4A2,4D4A2M2d,Gatareddihal-2,0704020002,1358/*/*,5.31,0.0,ST,small,1,AG3,KVRmB1g1Ca,TCB,1062.0,424.24,value,424.24,3.0,2.0,0.0,,0,0,0.0,0.0,40.0,0.0,111218.0,29337.936,1,1
0989507ee545,Koppal,4D4A2,4D4A2M2d,Gatareddihal-2,0704020002,1405/*/1,3.2,0.0,OBC,small,0,AG3,BGPmB2g1,TCB,640.0,512.0,value,512.0,3.0,,0.0,,1,0,0.0,0.0,0.0,0.0,167360.0,26316.8,1,1
934a22b3e1f6,Koppal,4D4A2,4D4A2M2d,Gatareddihal-2,0704020002,1412/*/4,1.26,0.0,OBC,small,1,AG3,AWDmB1,TCB,252.0,160.24,value,160.24,1.0,,0.0,,0,0,0.0,0.0,0.0,0.0,26728.0,8236.336,1,1
09889a85ffae,Koppal,4D4A2,4D4A2M2d,Gatareddihal-2,0704020002,1361/*/1,0.4,0.0,OBC,small,1,AG3,KVRmB1g1Ca,TCB,80.0,64.0,value,64.0,0.0,0.0,0.0,,0,0,0.0,0.0,0.0,0.0,4960.0,3289.6,1,1
b9971f9a71ac,Koppal,4D4A2,4D4A2M2d,Gatareddihal-2,0704020002,1361/*/5,0.55,0.0,OBC,small,1,AG3,KVRmB1g1Ca,TCB,110.00000000000001,141.5,value,141.5,0.0,0.0,0.0,,0,0,0.0,0.0,0.0,0.0,6820.000000000001,7273.099999999999,1,1
399c44e4aa68,Koppal,4D4A2,4D4A2M2d,Gatareddihal-2,0704020002,1363/*/*,2.9,1.0,OBC,medium,1,AG3,KVRmB1g1Ca,TCB,580.0,640.96,value,640.96,2.0,1.0,0.0,,0,0,0.0,0.0,0.0,0.0,60220.0,36712.344,1,1
5ebc0f54c342,Koppal,4D4A2,4D4A2M2d,Gatareddihal-2,0704020002,1364/*/1,1.43,0.0,OBC,small,0,AG3,LGDmB1g1Ca,TCB,286.0,320.58,value,320.58,1.0,1.0,0.0,,0,0,0.0,0.0,0.0,0.0,29754.0,20244.811999999998,1,1
2e011b9591d9,Koppal,4D4A2,4D4A2M2d,Gatareddihal-2,0704020002,1365/*/4,0.4,0.0,OBC,small,0,AG3,LGDmB1g1Ca,TCB,80.0,64.0,value,64.0,0.0,0.0,0.0,,0,0,0.0,0.0,0.0,0.0,4960.0,3289.6,1,1
fef39794032d,Koppal,4D4A2,4D4A2M2d,Gatareddihal-2,0704020002,1351/*/*,2.19,0.0,OBC,small,1,AG3,KVRmB1g1Ca,TCB,438.0,350.4,value,350.4,2.0,,0.0,,0,0,0.0,0.0,0.0,0.0,47582.0,18010.559999999998,1,1
bea94f45936d,Koppal,4D4A2,4D4A2M2d,Gatareddihal-2,0704020002,1357/*/*,0.2,0.0,OBC,small,0,AG3,KVRmB1g1Ca,TCB,40.0,32.0,value,32.0,0.0,0.0,0.0,,0,0,0.0,0.0,0.0,0.0,2480.0,1644.8,1,1
ed3c331d3050,Koppal,4D4A2,4D4A2M2d,Gatareddihal-2,0704020002,1360/*/ಅ P2,3.2,0.0,OBC,small,1,AG3,KVRmB1g1Ca,TCB,640.0,594.0,value,594.0,3.0,1.0,0.0,,1,0,0.0,0.0,0.0,0.0,167360.0,34292.6,1,1
7dc6ddcb99b1,Koppal,4D4A2,4D4A2M2d,Gatareddihal-2,0704020002,1361/*/3,1.6,0.0,OBC,small,1,AG3,KVRmB1g1Ca,TCB,320.0,256.0,value,256.0,1.0,,0.0,,0,0,0.0,0.0,0.0,0.0,32780.0,13158.4,1,1
fd124ce599d0,Koppal,4D4A2,4D4A2M2d,Gatareddihal-2,0704020002,1297/*/1,2.0,0.0,OBC,small,1,AG3,KVRmB1g1Ca,TCB,400.0,320.0,value,320.0,2.0,,0.0,,0,0,0.0,0.0,0.0,0.0,44200.0,16448.0,1,1
10d7041f295a,Koppal,4D4A2,4D4A2M2d,Gatareddihal-2,0704020002,1297/*/2,3.57,0.0,OBC,small,1,AG3,KVRmB1g1Ca,TCB,714.0,594.0,value,594.0,3.0,1.0,0.0,,0,1,0.0,0.0,0.0,0.0,173946.0,167584.6,1,1
a86791d1e98b,Koppal,4D4A2,4D4A2M2d,Gatareddihal-2,0704020002,1299/*/2,2.39,0.0,ST,small,1,AG3,KVRmB1g1Ca,TCB,478.0,0.0,value,0.0,2.0,,0.0,,0,0,0.0,0.0,0.0,0.0,51142.0,0.0,0,0
7dc6ddcb99b1,Koppal,4D4A2,4D4A2M2d,Gatareddihal-2,0704020002,1361/*/3,1.6,1.0,OBC,small,1,AG3,KVRmB1g1Ca,TCB,320.0,146.11,value,146.11,1.0,1.0,0.0,,0,0,0.0,0.0,0.0,0.0,32780.0,11277.054,1,1
2e011b9591d9,Koppal,4D4A2,4D4A2M2d,Gatareddihal-2,0704020002,1365/*/4,1.2,0.0,OBC,small,1,AG3,LGDmB1g1Ca,TCB,240.0,207.49,value,207.49,1.0,,0.0,,0,0,0.0,0.0,0.0,0.0,25660.0,10664.986,1,1
44e5bc59c010,Koppal,4D4A2,4D4A2M2d,Gatareddihal-2,0704020002,1369/*/*,2.37,0.0,OBC,small,0,AG3,LGDmB1g1Ca,TCB,474.0,379.2,value,379.2,2.0,,0.0,,0,0,0.0,0.0,0.0,0.0,50786.0,19490.879999999997,1,1
5c7e6c98dfb7,Koppal,4D4A2,4D4A2M2d,Gatareddihal-2,0704020002,1412/*/3,1.26,0.0,OBC,small,1,AG3,AWDmB1,TCB,252.0,160.24,value,160.24,1.0,,0.0,,0,0,0.0,0.0,0.0,0.0,26728.0,8236.336,1,1
d37dd68df382,Koppal,4D4A2,4D4A2M2d,Gatareddihal-2,0704020002,1417/*/*,3.42,0.0,OBC,small,1,AG3,KVRmB1g1Ca,TCB,684.0,1055.45,value,1055.45,3.0,2.0,0.0,,0,0,0.0,0.0,40.0,0.0,77576.0,61784.13,1,1
1b8a49ff24ba,Koppal,4D4A2,4D4A2M2d,Gatareddihal-2,0704020002,1352/*/3,1.31,0.0,OBC,small,0,AG3,KVRmB1g1Ca,TCB,262.0,209.6,value,209.6,1.0,,0.0,,0,0,0.0,0.0,0.0,0.0,27618.0,10773.439999999999,1,1
9d5e88eef327,Koppal,4D4A2,4D4A2M2d,Gatareddihal-2,0704020002,1353/*/*,4.93,0.0,ST,,1,AG3,KVRmB2g1Ca,TCB,986.0,788.8,value,788.8,3.0,,0.0,,0,0,0.0,0.0,0.0,0.0,100654.0,40544.32,1,1
b592856bdb03,Koppal,4D4A2,4D4A2M2d,Gatareddihal-2,0704020002,1354/*/*,5.32,0.0,OBC,small,1,AG3,RNKmB1g2,TCB,1064.0,0.0,value,0.0,3.0,,0.0,,0,0,0.0,0.0,40.0,0.0,79968.0,0.0,0,0
be852a7d0e69,Koppal,4D4A2,4D4A2M2d,Gatareddihal-2,0704020002,1355/*/3,2.16,0.0,OBC,small,1,AG3,MTLmB2g1Ca,TCB,432.0,345.6,value,345.6,2.0,,0.0,,0,0,0.0,0.0,0.0,0.0,35384.0,17763.84,1,1
bea94f45936d,Koppal,4D4A2,4D4A2M2d,Gatareddihal-2,0704020002,1357/*/*,1.08,0.0,OBC,small,0,AG3,KVRmB1g1Ca,TCB,216.0,396.0,value,396.0,1.0,,0.0,,0,0,0.0,0.0,0.0,0.0,23524.0,20354.399999999998,1,1
928b911c5b8b,Koppal,4D4A2,4D4A2M2d,Gatareddihal-2,0704020002,1359/*/1,1.6,0.0,OBC,small,0,AG3,KVRmB1g1Ca,TCB,320.0,256.0,value,256.0,1.0,,0.0,,0,0,0.0,0.0,0.0,0.0,32780.0,13158.4,1,1
a8398a3716d3,Koppal,4D4A2,4D4A2M2d,Gatareddihal-2,0704020002,1361/*/2,0.76,0.0,ST,small,1,AG3,KVRmB1g1Ca,TCB,152.0,131.99,value,131.99,0.0,1.0,0.0,,0,0,0.0,0.0,0.0,0.0,9424.0,10551.286,1,1
6791304e3d18,Koppal,4D4A2,4D4A2M2d,Gatareddihal-2,0704020002,1361/*/4,0.41,0.0,OBC,small,1,AG3,KVRmB1g1Ca,TCB,82.0,141.5,value,141.5,0.0,0.0,0.0,,0,0,0.0,0.0,0.0,0.0,5084.0,7273.099999999999,1,1
9e9e25e191ee,Koppal,4D4A2,4D4A2M2d,Gatareddihal-2,0704020002,1365/*/1,0.79,0.0,OBC,small,1,AG3,LGDmB1g1Ca,TCB,158.0,212.38,value,212.38,0.0,1.0,0.0,,0,0,0.0,0.0,0.0,0.0,9796.0,14683.332,1,1
2075cccc2ef8,Koppal,4D4A2,4D4A2M2d,Gatareddihal-2,0704020002,1424/*/4,1.08,0.0,OBC,small,0,AG3,KVRmB1g1Ca,TCB,216.0,169.75,value,169.75,1.0,1.0,0.0,,0,0,0.0,0.0,0.0,0.0,23524.0,12492.15,1,1
859331cbef3f,Koppal,4D4A2,4D4A2M2d,Gatareddihal-2,0704020002,1425/*/*,1.5,0.0,OBC,small,0,AG3,KVRmB1g1Ca,TCB,300.0,240.0,value,240.0,1.0,,0.0,,0,0,0.0,0.0,0.0,0.0,31000.0,12336.0,1,1
3ca955c74074,Koppal,4D4A2,4D4A2M2d,Gatareddihal-2,0704020002,1428/*/*,0.6,0.0,OBC,small,0,AG3,KVRmB1g1Ca,TCB,120.0,221.61,value,221.61,0.0,0.0,0.0,,0,0,0.0,0.0,0.0,0.0,7440.0,11390.754,1,1
30cd67959de6,Koppal,4D4A2,4D4A2M2d,Gatareddihal-2,0704020002,1365/*/8,0.79,1.0,OBC,small,1,AG3,LGDmB1g1Ca,TCB,158.0,0.0,value,0.0,0.0,0.0,0.0,,0,0,0.0,0.0,0.0,0.0,9796.0,0.0,0,0
951c079e7475,Koppal,4D4A2,4D4A2M2d,Gatareddihal-2,0704020002,1413/*/2,1.11,0.0,OBC,small,1,AG3,MLRmB1g1Ca,TCB,222.00000000000003,226.25,value,226.25,1.0,,0.0,,0,0,0.0,0.0,0.0,0.0,24058.000000000004,11629.25,1,1
3c4d458329ea,Koppal,4D4A2,4D4A2M2d,Gatareddihal-2,0704020002,1415/*/1,3.2,0.0,OBC,small,0,AG3,BGPmB2g1,TCB,640.0,414.47,value,414.47,3.0,1.0,0.0,,0,0,0.0,0.0,0.0,0.0,69860.0,25070.758,1,1
ddb1d1c6026a,Koppal,4D4A2,4D4A2M2d,Gatareddihal-2,0704020002,1416/*/2,3.49,0.0,OBC,small,1,AG3,AWDmB1,TCB,698.0,767.83,value,767.83,3.0,3.0,0.0,,0,0,0.0,0.0,0.0,0.0,172522.0,50767.462,1,1
f4dd84bdaf43,Koppal,4D4A2,4D4A2M2d,Gatareddihal-2,0704020002,1418/*/*,8.19,0.0,OBC,medium,1,AG3,MLRmB1g1Ca,TCB,1638.0,1187.46,value,1187.46,3.0,2.0,0.0,,0,0,0.0,0.0,40.0,0.0,162482.0,68569.444,1,1
108dec3948dc,Koppal,4D4A2,4D4A2M2d,Gatareddihal-2,0704020002,1424/*/3,2.15,1.0,OBC,small,1,AG3,KVRmB1g1Ca,TCB,430.0,320.5,value,320.5,2.0,1.0,0.0,,0,0,0.0,0.0,0.0,0.0,46870.0,20240.7,1,1
910ce889cb77,Koppal,4D4A2,4D4A2M2d,Gatareddihal-2,0704020002,1426/*/*,1.26,0.0,OBC,small,1,AG3,KVRmB1g1Ca,TCB,252.0,131.99,value,131.99,1.0,1.0,0.0,,0,0,0.0,0.0,0.0,0.0,26728.0,10551.286,1,1
cf50dd50634c,Koppal,4D4A2,4D4A2M2d,Gatareddihal-2,0704020002,1427/*/*,3.18,0.0,OBC,small,1,AG3,KVRmB1g1Ca,TCB,636.0,518.76,value,518.76,3.0,2.0,0.0,,0,0,0.0,0.0,0.0,0.0,69504.0,34198.263999999996,1,1
0be4f445b785,Koppal,4D4A2,4D4A2M2d,Gatareddihal-2,0704020002,1352/*/2,1.31,1.0,OBC,small,0,AG3,KVRmB1g1Ca,TCB,262.0,209.6,value,209.6,1.0,,0.0,,0,0,0.0,0.0,0.0,0.0,27618.0,10773.439999999999,1,1
8002250c0c95,Koppal,4D4A2,4D4A2M2d,Gatareddihal-2,0704020002,1355/*/2,1.87,0.0,OBC,large,0,AG3,MTLmB2g1Ca,TCB,374.0,299.2,value,299.2,1.0,,0.0,,0,0,0.0,0.0,0.0,0.0,26588.0,15378.88,1,1
e07ea168e935,Koppal,4D4A2,4D4A2M2d,Gatareddihal-2,0704020002,1356/*/*,1.45,0.0,OBC,large,0,AG3,KVRmB1g1Ca,TCB,290.0,232.0,value,232.0,1.0,,0.0,,0,0,0.0,0.0,0.0,0.0,30110.0,11924.8,1,1
e07ea168e935,Koppal,4D4A2,4D4A2M2d,Gatareddihal-2,0704020002,1356/*/*,2.9,0.0,OBC,small,0,AG3,KVRmB1g1Ca,TCB,580.0,464.0,value,464.0,2.0,,0.0,,0,0,0.0,0.0,0.0,0.0,60220.0,23849.6,1,1
2850425d3b53,Koppal,4D4A2,4D4A2M2d,Gatareddihal-2,0704020002,1296/*/3,1.2,1.0,OBC,small,1,AG3,KVRmB1g1Ca,TCB,240.0,424.76,value,424.76,1.0,,0.0,,0,0,0.0,0.0,0.0,0.0,25660.0,21832.664,1,1
bea94f45936d,Koppal,4D4A2,4D4A2M2d,Gatareddihal-2,0704020002,1357/*/*,1.0,0.0,OBC,small,0,AG3,KVRmB1g1Ca,TCB,200.0,207.51,value,207.51,0.0,1.0,0.0,,0,0,0.0,0.0,0.0,0.0,17800.0,14432.014,1,1
6a8d8574cc6a,Koppal,4D4A2,4D4A2M2d,Gatareddihal-2,0704020002,1360/*/2,1.61,0.0,ST,medium,1,AG3,KVRmB1g1Ca,TCB,322.0,639.01,value,639.01,1.0,1.0,0.0,,0,1,0.0,0.0,0.0,0.0,130458.0,169893.114,1,1
f6017c54df94,Koppal,4D4A2,4D4A2M2d,Gatareddihal-2,0704020002,1362/*/1,3.2,0.0,OBC,small,0,AG3,KVRmB1g1Ca,TCB,640.0,480.74,value,480.74,3.0,1.0,0.0,,0,0,0.0,0.0,0.0,0.0,69860.0,28477.036,1,1
30ec7454c942,Koppal,4D4A2,4D4A2M2d,Gatareddihal-2,0704020002,1414/*/1,3.45,0.0,OBC,small,1,AG3,AWDmB1,TCB,690.0,273.49,value,273.49,3.0,1.0,0.0,,0,0,0.0,0.0,0.0,0.0,74310.0,18090.386,1,1
035ca92c724d,Koppal,4D4A2,4D4A2M2d,Gatareddihal-2,0704020002,1414/*/2,3.46,0.0,OBC,small,0,AG3,AWDmB1,TCB,692.0,325.11,value,325.11,3.0,,0.0,,1,0,0.0,0.0,0.0,0.0,171988.0,16710.654,1,1
b665fd91740a,Koppal,4D4A2,4D4A2M2d,Gatareddihal-2,0704020002,1415/*/2,3.78,0.0,OBC,medium,1,AG3,BGPmB2g1,TCB,756.0,433.47,value,433.47,3.0,1.0,1.0,1.0,0,0,0.0,0.0,0.0,0.0,190184.0,141047.358,1,1
aecf58eaf2dc,Koppal,4D4A2,4D4A2M2d,Gatareddihal-2,0704020002,1424/*/1,1.08,0.0,OBC,small,0,AG3,KVRmB1g1Ca,TCB,216.0,179.26,value,179.26,1.0,1.0,0.0,,0,0,0.0,0.0,0.0,0.0,23524.0,12980.964,1,1
859331cbef3f,Koppal,4D4A2,4D4A2M2d,Gatareddihal-2,0704020002,1425/*/*,2.19,0.0,OBC,small,1,AG3,KVRmB1g1Ca,TCB,438.0,330.0,value,330.0,2.0,1.0,0.0,,0,0,0.0,0.0,0.0,0.0,47582.0,20729.0,1,1
859331cbef3f,Koppal,4D4A2,4D4A2M2d,Gatareddihal-2,0704020002,1425/*/*,1.5,0.0,OBC,small,0,AG3,KVRmB1g1Ca,TCB,300.0,226.25,value,226.25,1.0,1.0,0.0,,0,0,0.0,0.0,0.0,0.0,31000.0,15396.25,1,1
910ce889cb77,Koppal,4D4A2,4D4A2M2d,Gatareddihal-2,0704020002,1426/*/*,1.86,0.0,ST,small,1,AG3,KVRmB1g1Ca,TCB,372.0,122.49,value,122.49,1.0,,0.0,,0,0,0.0,0.0,0.0,0.0,37408.0,6295.986,1,1
3ca955c74074,Koppal,4D4A2,4D4A2M2d,Gatareddihal-2,0704020002,1428/*/*,3.2,0.0,OBC,small,0,AG3,KVRmB1g1Ca,TCB,640.0,509.53,value,509.53,3.0,2.0,0.0,,1,0,0.0,0.0,0.0,0.0,167360.0,33723.842,1,1
3ca955c74074,Koppal,4D4A2,4D4A2M2d,Gatareddihal-2,0704020002,1428/*/*,0.6,1.0,OBC,small,1,AG3,KVRmB1g1Ca,TCB,120.0,221.61,value,221.61,0.0,0.0,0.0,,0,0,0.0,0.0,0.0,0.0,7440.0,11390.754,1,1
e0e2ac9d057d,Koppal,4D4A2,4D4A2M2d,Gatareddihal-2,0704020002,1365/*/2,0.79,0.0,OBC,small,1,AG3,LGDmB1g1Ca,TCB,158.0,0.0,value,0.0,0.0,0.0,0.0,,0,0,0.0,0.0,0.0,0.0,9796.0,0.0,0,0
3a4ad6f0a2ca,Koppal,4D4A2,4D4A2M2d,Gatareddihal-2,0704020002,1365/*/3,1.6,1.0,OBC,small,1,AG3,LGDmB1g1Ca,TCB,320.0,212.38,value,212.38,1.0,1.0,0.0,,0,0,0.0,0.0,0.0,0.0,32780.0,14683.332,1,1
fef39794032d,Koppal,4D4A2,4D4A2M2d,Gatareddihal-2,0704020002,1351/*/*,2.19,0.0,OBC,small,1,AG3,KVRmB1g1Ca,TCB,438.0,350.4,value,350.4,2.0,,0.0,,0,0,0.0,0.0,0.0,0.0,47582.0,18010.559999999998,1,1
9d5e88eef327,Koppal,4D4A2,4D4A2M2d,Gatareddihal-2,0704020002,1353/*/*,4.93,0.0,OBC,small,1,AG1,KVRmB2g1Ca,TCB,986.0,0.0,value,0.0,3.0,,0.0,,0,0,0.0,0.0,0.0,0.0,100654.0,0.0,0,0
bea94f45936d,Koppal,4D4A2,4D4A2M2d,Gatareddihal-2,0704020002,1357/*/*,1.0,0.0,ST,small,1,AG1,KVRmB1g1Ca,TCB,200.0,207.51,value,207.51,0.0,1.0,0.0,,0,0,0.0,0.0,0.0,0.0,17800.0,14432.014,1,1
3659b4bd6479,Koppal,4D4A2,4D4A2M2d,Gatareddihal-2,0704020002,1362/*/2,1.23,0.0,OBC,small,1,AG1,KVRmB1g1Ca,TCB,246.0,230.86,value,230.86,1.0,,0.0,,0,0,0.0,0.0,0.0,0.0,26194.0,11866.204,1,1
fa659c953079,Koppal,4D4A2,4D4A2M2d,Gatareddihal-2,0704020002,1364/*/2,1.43,0.0,ST,small,1,AG1,LGDmB1g1Ca,TCB,286.0,292.24,value,292.24,1.0,1.0,0.0,,0,0,0.0,0.0,0.0,0.0,29754.0,18788.136,1,1
5cd63f13bdbe,Koppal,4D4A2,4D4A2M2d,Gatareddihal-2,0704020002,1365/*/5,0.8,0.0,OBC,small,0,AG1,LGDmB1g1Ca,TCB,160.0,212.38,value,212.38,0.0,0.0,0.0,,0,0,0.0,0.0,0.0,0.0,9920.0,10916.332,1,1
26d5039f5619,Koppal,4D4A2,4D4A2M2d,Gatareddihal-2,0704020002,1412/*/2,1.27,0.0,OBC,small,1,AG1,AWDmB1,TCB,254.0,188.49,value,188.49,1.0,1.0,0.0,,0,0,0.0,0.0,0.0,0.0,26906.0,13455.386,1,1
2c43a37fa02f,Koppal,4D4A2,4D4A2M2d,Gatareddihal-2,0704020002,1413/*/4,1.1,0.0,OBC,small,1,AG1,MLRmB1g1Ca,TCB,220.00000000000003,226.25,value,226.25,1.0,,0.0,,0,0,0.0,0.0,0.0,0.0,23880.000000000004,11629.25,1,1
3c4d458329ea,Koppal,4D4A2,4D4A2M2d,Gatareddihal-2,0704020002,1415/*/1,1.06,0.0,ST,small,1,AG1,BGPmB2g1,TCB,212.0,0.0,value,0.0,1.0,,0.0,,0,0,0.0,0.0,0.0,0.0,23168.0,0.0,0,0
3c4d458329ea,Koppal,4D4A2,4D4A2M2d,Gatareddihal-2,0704020002,1415/*/1,1.06,0.0,OBC,small,1,AG1,BGPmB2g1,TCB,212.0,0.0,value,0.0,1.0,,0.0,,0,0,0.0,0.0,0.0,0.0,23168.0,0.0,0,0
0f68606de07c,Koppal,4D4A2,4D4A2M2d,Gatareddihal-2,0704020002,1350/*/2,2.18,0.0,OBC,small,1,AG1,KVRmB1g1Ca,TCB,436.00000000000006,348.8,value,348.8,2.0,,0.0,,0,0,0.0,0.0,0.0,0.0,47404.00000000001,17928.32,1,1
b79aa1aa96c2,Koppal,4D4A2,4D4A2M2d,Gatareddihal-2,0704020002,1352/*/4,2.0,0.0,OBC,small,0,AG1,KVRmB1g1Ca,TCB,400.0,320.0,value,320.0,2.0,,0.0,,0,0,0.0,0.0,0.0,0.0,44200.0,16448.0,1,1
b64661861488,Koppal,4D4A2,4D4A2M2d,Gatareddihal-2,0704020002,1355/*/1,1.87,0.0,ST,medium,1,AG1,MTLmB2g1Ca,TCB,374.0,299.2,value,299.2,1.0,,0.0,,0,0,0.0,0.0,0.0,0.0,26588.0,15378.88,1,1
bea94f45936d,Koppal,4D4A2,4D4A2M2d,Gatareddihal-2,0704020002,1357/*/*,1.08,1.0,ST,small,1,AG1,KVRmB1g1Ca,TCB,216.0,161.98,value,161.98,1.0,,0.0,,0,0,0.0,0.0,0.0,0.0,23524.0,8325.771999999999,1,1
bea94f45936d,Koppal,4D4A2,4D4A2M2d,Gatareddihal-2,0704020002,1357/*/*,0.8,0.0,OBC,small,0,AG1,KVRmB1g1Ca,TCB,160.0,207.51,value,207.51,0.0,1.0,0.0,,0,0,0.0,0.0,0.0,0.0,9920.0,14432.014,1,1
928b911c5b8b,Koppal,4D4A2,4D4A2M2d,Gatareddihal-2,0704020002,1359/*/1,1.6,0.0,OBC,small,1,AG1,KVRmB1g1Ca,TCB,320.0,231.12,value,231.12,1.0,1.0,0.0,,0,0,0.0,0.0,0.0,0.0,32780.0,15645.568,1,1
b5ec0cc747a6,Koppal,4D4A2,4D4A2M2d,Gatareddihal-2,0704020002,1361/*/6,0.55,0.0,OBC,medium,1,AG1,KVRmB1g1Ca,TCB,110.00000000000001,131.99,value,131.99,0.0,0.0,0.0,,0,0,0.0,0.0,0.0,0.0,6820.000000000001,6784.286,1,1
399c44e4aa68,Koppal,4D4A2,4D4A2M2d,Gatareddihal-2,0704020002,1363/*/*,2.9,0.0,OBC,small,1,AG1,KVRmB1g1Ca,TCB,580.0,464.0,value,464.0,2.0,,0.0,,0,0,0.0,0.0,0.0,0.0,60220.0,23849.6,1,1
c3bb7bb83996,Koppal,4D4A2,4D4A2M2d,Gatareddihal-2,0704020002,1367/*/*,6.04,0.0,OBC,small,1,AG1,LGDmB1g1Ca,TCB,1208.0,966.4,value,966.4,3.0,,0.0,,0,0,0.0,0.0,40.0,95.0,124212.0,58697.96,1,1
44e5bc59c010,Koppal,4D4A2,4D4A2M2d,Gatareddihal-2,0704020002,1369/*/*,1.6,0.0,ST,small,1,AG1,LGDmB1g1Ca,TCB,320.0,256.0,value,256.0,1.0,,0.0,,0,0,0.0,0.0,0.0,0.0,32780.0,13158.4,1,1
97b17576c9d3,Koppal,4D4A2,4D4A2M2d,Gatareddihal-2,0704020002,1352/*/1,1.31,0.0,OBC,small,1,AG1,KVRmB1g1Ca,TCB,262.0,209.6,value,209.6,1.0,,0.0,,0,0,0.0,0.0,0.0,0.0,27618.0,10773.439999999999,1,1
bea94f45936d,Koppal,4D4A2,4D4A2M2d,Gatareddihal-2,0704020002,1357/*/*,1.0,0.0,OBC,small,1,AG1,KVRmB1g1Ca,TCB,200.0,146.12,value,146.12,0.0,0.0,0.0,,0,0,0.0,0.0,0.0,0.0,17800.0,7510.568,1,1
8a16a8b544c3,Koppal,4D4A2,4D4A2M2d,Gatareddihal-2,0704020002,1405/*/3,2.8,0.0,ST,small,1,AG1,BGPmB2g1,TCB,560.0,448.0,value,448.0,2.0,,0.0,,0,0,0.0,0.0,0.0,0.0,58440.0,23027.2,1,1
17c53e105ef6,Koppal,4D4A2,4D4A2M2d,Gatareddihal-2,0704020002,1359/*/2,2.58,0.0,OBC,small,0,AG1,KVRmB1g1Ca,TCB,516.0,665.12,value,665.12,2.0,,0.0,,0,0,0.0,0.0,0.0,0.0,54524.0,34187.168,1,1
3637a22a8e9d,Koppal,4D4A2,4D4A2M2d,Gatareddihal-2,0704020002,1366/*/1,4.45,0.0,OBC,small,1,AG1,KVRmB1g1Ca,TCB,890.0,802.0,value,802.0,3.0,2.0,0.0,,0,0,0.0,0.0,0.0,0.0,92110.0,48756.799999999996,1,1
ba7a45bc99d3,Koppal,4D4A2,4D4A2M2d,Gatareddihal-2,0704020002,1416/*/1,3.48,0.0,OBC,small,1,AG1,AWDmB1,TCB,696.0,753.7,value,753.7,3.0,3.0,0.0,,0,1,0.0,0.0,0.0,0.0,172344.0,183328.18,1,1
fcf9e8600c44,Koppal,4D4A2,4D4A2M2d,Gatareddihal-2,0704020002,1419/*/1,2.4,0.0,OBC,small,1,AG1,KVRmB1g1Ca,TCB,480.0,216.74,value,216.74,2.0,1.0,0.0,,0,0,0.0,0.0,0.0,0.0,51320.0,14907.436,1,1
859331cbef3f,Koppal,4D4A2,4D4A2M2d,Gatareddihal-2,0704020002,1425/*/*,2.19,0.0,ST,medium,1,AG1,KVRmB1g1Ca,TCB,438.0,350.4,value,350.4,2.0,,0.0,,0,0,0.0,0.0,0.0,0.0,47582.0,18010.559999999998,1,1
859331cbef3f,Koppal,4D4A2,4D4A2M2d,Gatareddihal-2,0704020002,1425/*/*,1.55,0.0,OBC,small,1,AG1,KVRmB1g1Ca,TCB,310.0,244.98,value,244.98,1.0,1.0,0.0,,0,0,0.0,0.0,0.0,0.0,31890.0,16358.972,1,1
7fa35c175a9e,Koppal,4D4A2,4D4A2M2d,Gatareddihal-2,0704020002,1365/*/7,0.79,0.0,OBC,small,1,AG1,LGDmB1g1Ca,TCB,158.0,226.51,value,226.51,0.0,0.0,0.0,,0,0,0.0,0.0,0.0,0.0,9796.0,11642.614,1,1
20feddab0ac7,Koppal,4D4A2,4D4A2M2d,Gatareddihal-2,0704020002,1366/*/2,1.6,0.0,OBC,small,1,AG1,KVRmB1g1Ca,TCB,320.0,249.87,value,249.87,1.0,,0.0,,0,0,0.0,0.0,0.0,0.0,32780.0,12843.318,1,1
558af4101018,Koppal,4D4A2,4D4A2M2d,Gatareddihal-2,0704020002,1412/*/1,1.27,0.0,OBC,small,1,AG1,AWDmB1,TCB,254.0,202.61,value,202.61,1.0,1.0,0.0,,0,0,0.0,0.0,0.0,0.0,26906.0,14181.154,1,1
97cba5db565d,Koppal,4D4A2,4D4A2M2d,Gatareddihal-2,0704020002,1413/*/1,1.11,1.0,OBC,small,1,AG1,MLRmB1g1Ca,TCB,222.00000000000003,226.25,value,226.25,1.0,1.0,0.0,,0,0,0.0,0.0,0.0,0.0,24058.000000000004,16166.25,1,1
0dc4016f2c58,Koppal,4D4A2,4D4A2M2d,Gatareddihal-2,,1425/*/*,2.36,0.0,OBC,small,1,AG1,KVRmB1g1Ca,TCB,472.0,357.82,value,357.82,2.0,1.0,0.0,,0,0,0.0,0.0,0.0,0.0,50608.0,22158.948,1,1
8000b09cee62,Koppal,4D4A2,4D4A2M2d,Gatareddihal-2,0704020002,1405/*/2,0.57,1.0,OBC,small,1,AG1,BGPmB2g1,TCB,113.99999999999999,91.2,value,91.2,0.0,0.0,0.0,,0,0,0.0,0.0,0.0,0.0,7067.999999999999,4687.68,1,1
e6366859ce2e,Koppal,4D4A2,4D4A2M2d,Gatareddihal-2,0704020002,1413/*/3,3.33,0.0,OBC,small,1,AG1,MLRmB1g1Ca,TCB,666.0,226.25,value,226.25,3.0,1.0,0.0,,0,0,0.0,0.0,0.0,0.0,169674.0,15396.25,1,1
79779edccc2f,Koppal,4D4A2,4D4A2M2d,Gatareddihal-2,0704020002,1419/*/2,2.4,0.0,OBC,small,1,AG1,KVRmB1g1Ca,TCB,480.0,216.74,value,216.74,2.0,1.0,0.0,,0,0,0.0,0.0,0.0,0.0,51320.0,14907.436,1,1
680a3fa0ce46,Koppal,4D4A2,4D4A2M2d,Gatareddihal-2,0704020002,1419/*/3,2.69,0.0,OBC,small,1,AG1,KVRmB1g1Ca,TCB,538.0,367.32,value,367.32,2.0,,0.0,,0,0,0.0,0.0,0.0,0.0,56482.0,18880.248,1,1
c0a1849bf84d,Koppal,4D4A2,4D4A2M2d,Gatareddihal-2,0704020002,1424/*/2,2.15,0.0,ST,small,1,AG1,KVRmB1g1Ca,TCB,430.0,320.5,value,320.5,2.0,1.0,0.0,,0,0,0.0,0.0,0.0,0.0,46870.0,20240.7,1,1
859331cbef3f,Koppal,4D4A2,4D4A2M2d,Gatareddihal-2,0704020002,1425/*/*,1.55,1.0,OBC,small,0,AG1,KVRmB1g1Ca,TCB,310.0,330.0,value,330.0,1.0,1.0,0.0,,0,0,0.0,0.0,0.0,0.0,31890.0,20729.0,1,1
859331cbef3f,Koppal,4D4A2,4D4A2M2d,Gatareddihal-2,0704020002,1425/*/*,2.36,0.0,OBC,small,0,AG1,KVRmB1g1Ca,TCB,472.0,377.6,value,377.6,2.0,,0.0,,0,0,0.0,0.0,0.0,0.0,50608.0,19408.64,1,1
910ce889cb77,Koppal,4D4A2,4D4A2M2d,Gatareddihal-2,0704020002,1426/*/*,1.89,0.0,OBC,medium,1,AG1,KVRmB1g1Ca,TCB,378.0,216.74,value,216.74,1.0,1.0,0.0,,0,0,0.0,0.0,0.0,0.0,37942.0,14907.436,1,1
910ce889cb77,Koppal,4D4A2,4D4A2M2d,Gatareddihal-2,0704020002,1426/*/*,1.26,0.0,OBC,small,1,AG1,KVRmB1g1Ca,TCB,252.0,141.5,value,141.5,1.0,1.0,0.0,,0,0,0.0,0.0,0.0,0.0,26728.0,11040.099999999999,1,1
910ce889cb77,Koppal,4D4A2,4D4A2M2d,Gatareddihal-2,0704020002,1426/*/*,1.26,1.0,OBC,small,1,AG1,KVRmB1g1Ca,TCB,252.0,141.5,value,141.5,1.0,1.0,0.0,,0,0,0.0,0.0,0.0,0.0,26728.0,11040.099999999999,1,1
3ca955c74074,Koppal,4D4A2,4D4A2M2d,Gatareddihal-2,0704020002,1428/*/*,2.12,0.0,OBC,small,0,AG1,KVRmB1g1Ca,TCB,424.0,306.36,value,306.36,2.0,2.0,0.0,,0,0,0.0,0.0,0.0,0.0,46336.0,23280.904000000002,1,1
55294b44b77a,Koppal,4D4A2,4D4A2M3a,Raghunathanhalli-2,0704020018,12/*/1,0.55,0.0,OBC,small,1,AG3,GRHmB1,TCB,110.00000000000001,190.08,value,190.08,0.0,0.0,0.0,,0,0,0.0,0.0,0.0,0.0,6820.000000000001,19388.16,1,1
d4b43e9f761f,Koppal,4D4A2,4D4A2M3a,Raghunathanhalli-2,0704020018,12/*/17,0.1,0.0,OBC,small,1,AG3,GRHmB1,TCB,20.0,0.0,value,0.0,0.0,0.0,0.0,,0,0,0.0,0.0,0.0,0.0,1240.0,0.0,0,0
2c8fe8a85fe2,Koppal,4D4A2,4D4A2M3a,Raghunathanhalli-2,0704020018,12/*/5,1.65,0.0,OBC,small,1,AG3,GRHmB1,TCB,330.0,199.58,value,199.58,1.0,1.0,0.0,,0,0,0.0,0.0,40.0,95.0,37470.0,33886.16,1,1
f8338d2e8f6f,Koppal,4D4A2,4D4A2M3a,Raghunathanhalli-2,0704020018,10/*/5,0.79,0.0,ST,small,1,AG3,NSPiB1g1,TCB,158.0,88.7,value,88.7,0.0,0.0,0.0,,0,0,0.0,0.0,0.0,0.0,9796.0,9047.4,1,1
c5be2e618e4a,Koppal,4D4A2,4D4A2M3a,Raghunathanhalli-2,0704020018,12/*/18,0.2,0.0,OBC,small,1,AG3,GRHmB1,TCB,40.0,0.0,value,0.0,0.0,0.0,0.0,,0,0,0.0,0.0,0.0,0.0,2480.0,0.0,0,0
41a66b9f6302,Koppal,4D4A2,4D4A2M3a,Raghunathanhalli-2,0704020018,12/*/6,0.28,0.0,OBC,small,1,AG3,GRHmB1,TCB,56.00000000000001,0.0,value,0.0,0.0,0.0,0.0,,0,0,0.0,0.0,0.0,0.0,3472.0000000000005,0.0,0,0
42e8b572a871,Koppal,4D4A2,4D4A2M3a,Raghunathanhalli-2,0704020018,10/*/1,1.59,0.0,ST,small,1,AG3,NSPiB1g1,TCB,318.0,186.91,value,186.91,1.0,1.0,0.0,,0,0,0.0,0.0,40.0,0.0,36402.0,23568.82,1,1
7b5ab21dbaa3,Koppal,4D4A2,4D4A2M3a,Raghunathanhalli-2,0704020018,10/*/4,0.79,0.0,OBC,small,0,AG3,NSPiB1g1,TCB,158.0,129.56,formula_82pct_of_proposed,,0.0,0.0,0.0,,0,0,0.0,0.0,0.0,0.0,9796.0,13215.12,1,0
55294b44b77a,Koppal,4D4A2,4D4A2M3a,Raghunathanhalli-2,0704020018,12/*/1,0.55,0.0,OBC,small,1,AG3,GRHmB1,TCB,110.00000000000001,0.0,value,0.0,0.0,0.0,0.0,,0,0,0.0,0.0,0.0,0.0,6820.000000000001,0.0,0,0
b7cc307ee34e,Koppal,4D4A2,4D4A2M3a,Raghunathanhalli-2,0704020018,12/*/20,0.45,0.0,OBC,small,1,AG3,GRHmB1,TCB,90.0,0.0,value,0.0,0.0,0.0,0.0,,0,0,0.0,0.0,0.0,0.0,5580.0,0.0,0,0
6caa085dd8ee,Koppal,4D4A2,4D4A2M3a,Raghunathanhalli-2,0704020018,12/*/7,0.27,0.0,OBC,small,1,AG3,GRHmB1,TCB,54.0,0.0,value,0.0,0.0,0.0,0.0,,0,0,0.0,0.0,0.0,0.0,3348.0,0.0,0,0
2bd2220e8707,Koppal,4D4A2,4D4A2M3a,Raghunathanhalli-2,0704020018,11/*/*,5.61,1.0,OBC,medium,1,AG3,GRHmB1,TCB,1122.0,478.37,value,478.37,3.0,1.0,0.0,,0,0,0.0,0.0,0.0,0.0,112758.0,53297.74,1,1
f02e2409fa58,Koppal,4D4A2,4D4A2M3a,Raghunathanhalli-2,0704020018,12/*/2,0.4,0.0,OBC,small,1,AG3,GRHmB1,TCB,80.0,0.0,value,0.0,0.0,0.0,0.0,,0,0,0.0,0.0,0.0,0.0,4960.0,0.0,0,0
b6528317a0c8,Koppal,4D4A2,4D4A2M3a,Raghunathanhalli-2,0704020018,10/*/3,0.79,0.0,OBC,small,0,AG3,NSPiB1g1,TCB,158.0,79.2,value,79.2,0.0,0.0,0.0,,0,0,0.0,0.0,0.0,0.0,9796.0,8078.400000000001,1,1
71808d92a700,Koppal,4D4A2,4D4A2M3a,Raghunathanhalli-2,0704020018,12/*/11,0.27,0.0,OBC,small,0,AG3,GRHmB1,TCB,54.0,300.96,value,300.96,0.0,0.0,0.0,,0,0,0.0,0.0,0.0,0.0,3348.0,30697.92,1,1
3d5d4acd47e1,Koppal,4D4A2,4D4A2M3a,Raghunathanhalli-2,0704020018,12/*/14,0.1,0.0,OBC,small,1,AG3,GRHmB1,TCB,20.0,311.74,value,311.74,0.0,1.0,0.0,,0,0,0.0,0.0,0.0,0.0,1240.0,36301.479999999996,1,1
907f48904791,Koppal,4D4A2,4D4A2M3a,Raghunathanhalli-2,0704020018,12/*/15,0.41,0.0,OBC,small,0,AG3,GRHmB1,TCB,82.0,0.0,value,0.0,0.0,0.0,0.0,,0,0,0.0,0.0,0.0,0.0,5084.0,0.0,0,0
fa5d5ed36d3b,Koppal,4D4A2,4D4A2M3a,Raghunathanhalli-2,0704020018,12/*/4,1.65,0.0,OBC,small,1,AG3,GRHmB1,TCB,330.0,205.92,value,205.92,1.0,,0.0,,0,0,0.0,0.0,40.0,95.0,37470.0,30028.84,1,1
1e9ab2f06901,Koppal,4D4A2,4D4A2M3a,Raghunathanhalli-2,0704020018,12/*/9,0.27,0.0,OBC,small,0,AG3,GRHmB1,TCB,54.0,0.0,value,0.0,0.0,0.0,0.0,,0,0,0.0,0.0,0.0,0.0,3348.0,0.0,0,0
4b57601d8a8b,Koppal,4D4A2,4D4A2M3a,Raghunathanhalli-2,0704020018,10/*/2,0.8,0.0,OBC,small,1,AG3,NSPiB1g1,TCB,160.0,91.87,value,91.87,0.0,0.0,0.0,,0,0,0.0,0.0,0.0,0.0,9920.0,9370.74,1,1
01fbfe0296b6,Koppal,4D4A2,4D4A2M3a,Raghunathanhalli-2,0704020018,12/*/13,0.11,0.0,OBC,small,1,AG3,GRHmB1,TCB,22.0,0.0,value,0.0,0.0,0.0,0.0,,0,0,0.0,0.0,0.0,0.0,1364.0,0.0,0,0
216614445657,Koppal,4D4A2,4D4A2M3a,Raghunathanhalli-2,0704020018,12/*/8,0.27,0.0,OBC,small,1,AG3,GRHmB1,TCB,54.0,0.0,value,0.0,0.0,0.0,0.0,,0,0,0.0,0.0,0.0,0.0,3348.0,0.0,0,0
4915127adbed,Koppal,4D4A2,4D4A2M3a,Raghunathanhalli-2,0704020018,10/*/7,0.79,0.0,ST,small,1,AG3,NSPiB1g1,TCB,158.0,88.7,value,88.7,0.0,0.0,0.0,,0,0,0.0,0.0,0.0,0.0,9796.0,9047.4,1,1
fd81cc8df832,Koppal,4D4A2,4D4A2M3a,Raghunathanhalli-2,0704020018,12/*/16,0.11,1.0,OBC,small,1,AG3,GRHmB1,TCB,22.0,0.0,value,0.0,0.0,0.0,0.0,,0,0,0.0,0.0,0.0,0.0,1364.0,0.0,0,0
09fb5256a538,Koppal,4D4A2,4D4A2M3a,Raghunathanhalli-2,0704020018,12/*/19,0.4,0.0,OBC,small,0,AG3,GRHmB1,TCB,80.0,0.0,value,0.0,0.0,0.0,0.0,,0,0,0.0,0.0,0.0,0.0,4960.0,0.0,0,0
57b678a32253,Koppal,4D4A2,4D4A2M3a,Raghunathanhalli-2,0704020018,12/*/3,0.41,0.0,OBC,small,1,AG3,GRHmB1,TCB,82.0,0.0,value,0.0,0.0,0.0,0.0,,0,0,0.0,0.0,0.0,0.0,5084.0,0.0,0,0
9b6dd1b426ac,Koppal,4D4A2,4D4A2M3a,Raghunathanhalli-2,0704020018,10/*/6,0.79,0.0,OBC,small,0,AG3,NSPiB1g1,TCB,158.0,98.21,value,98.21,0.0,0.0,0.0,,0,0,0.0,0.0,0.0,0.0,9796.0,10017.42,1,1
55294b44b77a,Koppal,4D4A2,4D4A2M3a,Raghunathanhalli-2,0704020018,12/*/1,0.55,0.0,OBC,small,1,AG3,GRHmB1,TCB,110.00000000000001,0.0,value,0.0,0.0,0.0,0.0,,0,0,0.0,0.0,0.0,0.0,6820.000000000001,0.0,0,0
63afaba3c205,Koppal,4D4A2,4D4A2M3a,Raghunathanhalli-2,0704020018,12/*/10,0.27,0.0,OBC,small,0,AG3,GRHmB1,TCB,54.0,0.0,value,0.0,0.0,0.0,0.0,,0,0,0.0,0.0,0.0,0.0,3348.0,0.0,0,0
15b241ebbc00,Koppal,4D4A2,4D4A2M3a,Raghunathanhalli-2,0704020018,12/*/12,0.2,0.0,OBC,small,1,AG3,GRHmB1,TCB,40.0,0.0,value,0.0,0.0,0.0,0.0,,0,0,0.0,0.0,0.0,0.0,2480.0,0.0,0,0
3f9b670f3d9d,Koppal,4D4A2,4D4A2M3a,Raghunathanhalli-2,0704020018,12/*/21,0.4,0.0,OBC,small,0,AG3,GRHmB1,TCB,80.0,0.0,value,0.0,0.0,0.0,0.0,,0,0,0.0,0.0,0.0,0.0,4960.0,0.0,0,0
fc98efa25bf2,Koppal,4D4A2,4D4A2M3a,Raghunathanhalli-2,0704020018,7/*/3,0.78,0.0,ST,,1,AG3,RNKmB1g1,TCB,156.0,0.0,value,0.0,0.0,0.0,0.0,,0,0,0.0,0.0,0.0,0.0,9672.0,0.0,0,0
4d8a75f1acc7,Koppal,4D4A2,4D4A2M3a,Raghunathanhalli-2,0704020018,80/*/*,0.86,0.0,OBC,small,1,AG3,RNKmB1,TCB,172.0,159.98,value,159.98,0.0,1.0,0.0,,0,0,0.0,0.0,0.0,0.0,10664.0,20954.96,1,1
4d8a75f1acc7,Koppal,4D4A2,4D4A2M3a,Raghunathanhalli-2,0704020018,80/*/*,0.85,0.0,OBC,small,1,AG3,RNKmB1,TCB,170.0,159.98,value,159.98,0.0,0.0,0.0,,0,0,0.0,0.0,0.0,0.0,10540.0,16317.96,1,1
5125b4feca66,Koppal,4D4A2,4D4A2M3a,Raghunathanhalli-2,0704020018,81/*/2,1.74,0.0,OBC,small,1,AG3,MTLmB2g2,TCB,348.0,225.85,value,225.85,1.0,1.0,0.0,,0,0,0.0,0.0,0.0,0.0,35272.0,27672.7,1,1
bb3f3c0af7a5,Koppal,4D4A2,4D4A2M3a,Raghunathanhalli-2,0704020018,83/*/*,0.99,0.0,OBC,small,0,AG3,RNKmB1g1,TCB,198.0,174.11,value,174.11,0.0,1.0,1.0,,0,0,0.0,0.0,0.0,0.0,122276.0,20617.22,1,1
bfec06b93b71,Koppal,4D4A2,4D4A2M3a,Raghunathanhalli-2,0704020018,8/*/1,1.59,0.0,OBC,small,0,AG3,DRLmB2,TCB,318.0,260.76,formula_82pct_of_proposed,,1.0,,0.0,,0,0,0.0,0.0,40.0,0.0,36402.0,13403.063999999998,1,0
ef5f7852589a,Koppal,4D4A2,4D4A2M3a,Raghunathanhalli-2,0704020018,8/*/3,0.8,0.0,ST,small,1,AG3,DRLmB2,TCB,160.0,128.0,value,128.0,0.0,0.0,0.0,,0,0,0.0,0.0,0.0,0.0,9920.0,6579.2,1,1
3249f037e2c3,Koppal,4D4A2,4D4A2M3a,Raghunathanhalli-2,0704020018,82/*/*,0.8,0.0,OBC,small,1,AG3,DRLmB2,TCB,160.0,117.61,value,117.61,0.0,0.0,0.0,,0,0,0.0,0.0,0.0,0.0,9920.0,11996.22,1,1
e237a9506c1b,Koppal,4D4A2,4D4A2M3a,Raghunathanhalli-2,0704020018,9/*/*,1.41,0.0,OBC,small,1,AG3,BGTmB2g2,TCB,282.0,133.06,value,133.06,1.0,1.0,0.0,,0,0,0.0,0.0,0.0,0.0,29398.0,18076.120000000003,1,1
fdca6f99aeb2,Koppal,4D4A2,4D4A2M3a,Raghunathanhalli-2,0704020018,77/*/2,0.61,0.0,OBC,small,0,AG3,RNKmB1,TCB,122.0,131.74,value,131.74,0.0,0.0,0.0,,0,0,0.0,0.0,0.0,0.0,7564.0,13437.480000000001,1,1
390feb6a0202,Koppal,4D4A2,4D4A2M3a,Raghunathanhalli-2,0704020018,77/*/4,0.61,0.0,OBC,small,0,AG3,RNKmB1,TCB,122.0,103.49,value,103.49,0.0,1.0,0.0,,0,0,0.0,0.0,0.0,0.0,7564.0,13413.98,1,1
311f6d88c54e,Koppal,4D4A2,4D4A2M3a,Raghunathanhalli-2,0704020018,79/*/1,2.21,0.0,OBC,small,0,AG3,RNKmB1,TCB,442.0,334.09,value,334.09,2.0,2.0,0.0,,0,0,0.0,0.0,0.0,0.0,47938.0,43259.18,1,1
4d8a75f1acc7,Koppal,4D4A2,4D4A2M3a,Raghunathanhalli-2,0704020018,80/*/*,0.85,1.0,OBC,small,1,AG3,RNKmB1,TCB,170.0,145.86,value,145.86,0.0,0.0,0.0,,0,0,0.0,0.0,0.0,0.0,10540.0,14877.720000000001,1,1
5132a75e36fc,Koppal,4D4A2,4D4A2M3a,Raghunathanhalli-2,0704020018,81/*/1,1.74,0.0,OBC,small,1,AG3,MTLmB2g2,TCB,348.0,291.72,value,291.72,1.0,,0.0,,0,0,0.0,0.0,0.0,0.0,35272.0,29755.440000000002,1,1
bb3f3c0af7a5,Koppal,4D4A2,4D4A2M3a,Raghunathanhalli-2,0704020018,83/*/*,3.95,0.0,OBC,small,0,AG3,RNKmB1g1,TCB,790.0,752.93,value,752.93,3.0,,0.0,,0,0,0.0,0.0,0.0,0.0,83210.0,76798.86,1,1
e237a9506c1b,Koppal,4D4A2,4D4A2M3a,Raghunathanhalli-2,0704020018,9/*/*,0.71,0.0,OBC,small,1,AG3,BGTmB2g2,TCB,142.0,0.0,value,0.0,0.0,0.0,0.0,,0,0,0.0,0.0,0.0,0.0,8804.0,0.0,0,0
e237a9506c1b,Koppal,4D4A2,4D4A2M3a,Raghunathanhalli-2,0704020018,9/*/*,0.71,0.0,OBC,small,1,AG3,BGTmB2g2,TCB,142.0,0.0,value,0.0,0.0,0.0,0.0,,0,0,0.0,0.0,0.0,0.0,8804.0,0.0,0,0
b5bfa4cf8151,Koppal,4D4A2,4D4A2M3a,Raghunathanhalli-2,0704020018,7/*/2,3.12,0.0,ST,medium,1,AG3,RNKmB1g1,TCB,624.0,275.62,value,275.62,3.0,1.0,0.0,,0,0,0.0,0.0,0.0,0.0,68436.0,32617.24,1,1
d56a0d0bca34,Koppal,4D4A2,4D4A2M3a,Raghunathanhalli-2,0704020018,77/*/1,0.6,1.0,OBC,small,1,AG3,RNKmB1,TCB,120.0,376.46,value,376.46,0.0,0.0,0.0,,0,0,0.0,0.0,0.0,0.0,7440.0,38398.92,1,1
e237a9506c1b,Koppal,4D4A2,4D4A2M3a,Raghunathanhalli-2,0704020018,9/*/*,0.35,0.0,OBC,small,1,AG3,BGTmB2g2,TCB,70.0,0.0,value,0.0,0.0,0.0,0.0,,0,0,0.0,0.0,0.0,0.0,4340.0,0.0,0,0
e237a9506c1b,Koppal,4D4A2,4D4A2M3a,Raghunathanhalli-2,0704020018,9/*/*,0.25,0.0,OBC,small,1,AG3,BGTmB2g2,TCB,50.0,0.0,value,0.0,0.0,0.0,0.0,,0,0,0.0,0.0,0.0,0.0,3100.0,0.0,0,0
e5244eec1323,Koppal,4D4A2,4D4A2M3a,Raghunathanhalli-2,0704020018,78/*/2,0.56,1.0,OBC,small,0,AG3,RNKmB1,TCB,112.00000000000001,159.98,value,159.98,0.0,1.0,0.0,,0,0,0.0,0.0,0.0,0.0,6944.000000000001,20909.96,1,1
bb3f3c0af7a5,Koppal,4D4A2,4D4A2M3a,Raghunathanhalli-2,0704020018,83/*/*,5.09,0.0,OBC,large,0,AG3,RNKmB1g1,TCB,1018.0,461.21,value,461.21,3.0,3.0,0.0,,0,0,0.0,0.0,0.0,0.0,103502.0,130638.42,1,1
bb3f3c0af7a5,Koppal,4D4A2,4D4A2M3a,Raghunathanhalli-2,0704020018,83/*/*,5.14,0.0,OBC,large,0,AG3,RNKmB1g1,TCB,1028.0,574.2,value,574.2,3.0,,0.0,,0,0,0.0,0.0,0.0,0.0,104392.0,58568.4,1,1
bb3f3c0af7a5,Koppal,4D4A2,4D4A2M3a,Raghunathanhalli-2,0704020018,83/*/*,1.39,0.0,OBC,small,0,AG3,RNKmB1g1,TCB,278.0,138.74,value,138.74,1.0,,0.0,,0,0,0.0,0.0,0.0,0.0,29042.0,14151.480000000001,1,1
b1a37da9cc52,Koppal,4D4A2,4D4A2M3a,Raghunathanhalli-2,0704020018,77/*/5,1.0,1.0,OBC,small,1,AG3,RNKmB1,TCB,200.0,0.0,value,0.0,0.0,0.0,0.0,,0,0,0.0,0.0,0.0,0.0,17800.0,0.0,0,0
00043599d294,Koppal,4D4A2,4D4A2M3a,Raghunathanhalli-2,0704020018,77/*/6,1.21,0.0,OBC,small,0,AG3,RNKmB1,TCB,242.0,263.47,value,263.47,1.0,1.0,0.0,,0,0,0.0,0.0,0.0,0.0,25838.0,29731.940000000002,1,1
b8fc8ad1288d,Koppal,4D4A2,4D4A2M3a,Raghunathanhalli-2,0704020018,78/*/1,2.25,0.0,ST,medium,1,AG3,RNKmB1,TCB,450.0,291.72,value,291.72,2.0,,0.0,,0,0,0.0,0.0,0.0,0.0,48650.0,29755.440000000002,1,1
e5244eec1323,Koppal,4D4A2,4D4A2M3a,Raghunathanhalli-2,0704020018,78/*/2,0.56,0.0,OBC,small,0,AG3,RNKmB1,TCB,112.00000000000001,169.36,value,169.36,0.0,0.0,0.0,,0,0,0.0,0.0,0.0,0.0,6944.000000000001,17274.72,1,1
2a09df639459,Koppal,4D4A2,4D4A2M3a,Raghunathanhalli-2,0704020018,78/*/3,1.1,0.0,OBC,small,0,AG3,RNKmB1,TCB,220.00000000000003,159.98,value,159.98,1.0,,0.0,,0,0,0.0,0.0,0.0,0.0,23880.000000000004,16317.96,1,1
3249f037e2c3,Koppal,4D4A2,4D4A2M3a,Raghunathanhalli-2,0704020018,82/*/*,1.15,0.0,OBC,small,1,AG3,DRLmB2,TCB,229.99999999999997,103.49,value,103.49,1.0,,0.0,,0,0,0.0,0.0,0.0,0.0,24769.999999999996,10555.98,1,1
4d4631c84088,Koppal,4D4A2,4D4A2M3a,Raghunathanhalli-2,0704020018,7/*/1,0.78,0.0,OBC,small,0,AG3,RNKmB1g1,TCB,156.0,129.89,value,129.89,0.0,0.0,0.0,,0,0,0.0,0.0,0.0,0.0,9672.0,13248.779999999999,1,1
1f78aadd333a,Koppal,4D4A2,4D4A2M3a,Raghunathanhalli-2,0704020018,79/*/2,2.21,0.0,OBC,medium,1,AG3,RNKmB1,TCB,442.0,319.97,value,319.97,2.0,,0.0,,0,0,0.0,0.0,0.0,0.0,47938.0,32636.940000000002,1,1
3ab86495be77,Koppal,4D4A2,4D4A2M3a,Raghunathanhalli-2,0704020018,8/*/2,0.79,1.0,OBC,small,1,AG3,DRLmB2,TCB,158.0,0.0,value,0.0,0.0,0.0,0.0,,0,0,0.0,0.0,0.0,0.0,9796.0,0.0,0,0
e237a9506c1b,Koppal,4D4A2,4D4A2M3a,Raghunathanhalli-2,0704020018,9/*/*,0.7,0.0,OBC,small,0,AG3,BGTmB2g2,TCB,140.0,0.0,value,0.0,0.0,0.0,0.0,,0,0,0.0,0.0,0.0,0.0,8680.0,0.0,0,0
2d6e524694ea,Koppal,4D4A2,4D4A2M3a,Raghunathanhalli-2,0704020018,7/*/5,0.77,0.0,OBC,small,1,AG3,RNKmB1g1,TCB,154.0,123.55,value,123.55,0.0,1.0,0.0,,0,0,0.0,0.0,0.0,0.0,9548.0,17106.1,1,1
cdaa9982511f,Koppal,4D4A2,4D4A2M3a,Raghunathanhalli-2,0704020018,79/*/3,1.48,0.0,OBC,small,0,AG3,RNKmB1,TCB,296.0,272.98,value,272.98,1.0,,0.0,,0,0,0.0,0.0,0.0,0.0,30644.0,27843.960000000003,1,1
4d8a75f1acc7,Koppal,4D4A2,4D4A2M3a,Raghunathanhalli-2,0704020018,80/*/*,0.84,0.0,OBC,small,1,AG3,RNKmB1,TCB,168.0,145.86,value,145.86,0.0,0.0,0.0,,0,0,0.0,0.0,0.0,0.0,10416.0,14877.720000000001,1,1
bb3f3c0af7a5,Koppal,4D4A2,4D4A2M3a,Raghunathanhalli-2,0704020018,83/*/*,3.79,0.0,OBC,small,0,AG3,RNKmB1g1,TCB,758.0,0.0,value,0.0,3.0,,0.0,,0,0,0.0,0.0,0.0,0.0,80362.0,0.0,0,0
8858425a4116,Koppal,4D4A2,4D4A2M3a,Raghunathanhalli-2,0704020018,7/*/4,0.78,0.0,ST,small,1,AG3,RNKmB1g1,TCB,156.0,110.88,value,110.88,0.0,0.0,0.0,,0,0,0.0,0.0,0.0,0.0,9672.0,11309.76,1,1
97e7ffab8b34,Koppal,4D4A2,4D4A2M3a,Raghunathanhalli-2,0704020018,77/*/3,0.8,0.0,OBC,small,0,AG3,RNKmB1,TCB,160.0,159.98,value,159.98,0.0,0.0,0.0,,0,0,0.0,0.0,0.0,0.0,9920.0,16317.96,1,1
3249f037e2c3,Koppal,4D4A2,4D4A2M3a,Raghunathanhalli-2,0704020018,82/*/*,1.94,1.0,OBC,small,1,AG3,DRLmB2,TCB,388.0,338.71,value,338.71,1.0,1.0,0.0,,0,0,0.0,0.0,0.0,0.0,38832.0,39184.42,1,1
e237a9506c1b,Koppal,4D4A2,4D4A2M3a,Raghunathanhalli-2,0704020018,9/*/*,0.91,0.0,OBC,small,1,AG3,BGTmB2g2,TCB,182.0,133.06,value,133.06,0.0,0.0,0.0,,0,0,0.0,0.0,0.0,0.0,11284.0,13572.12,1,1
e237a9506c1b,Koppal,4D4A2,4D4A2M3a,Raghunathanhalli-2,0704020018,9/*/*,0.35,1.0,OBC,small,1,AG3,BGTmB2g2,TCB,70.0,396.0,value,396.0,0.0,1.0,0.0,,0,0,0.0,0.0,0.0,0.0,4340.0,44896.0,1,1
e237a9506c1b,Koppal,4D4A2,4D4A2M3a,Raghunathanhalli-2,0704020018,9/*/*,0.25,0.0,OBC,small,1,AG3,BGTmB2g2,TCB,50.0,0.0,value,0.0,0.0,0.0,0.0,,0,0,0.0,0.0,0.0,0.0,3100.0,0.0,0,0
6eae9a30ac25,Koppal,4D4A2,4D4A2M3a,Raghunathanhalli-2,0704020013,123/*/2,0.49,0.0,OBC,small,1,AG1,KSPiB2g1,TCB,98.0,78.4,value,78.4,0.0,0.0,0.0,,0,0,0.0,0.0,0.0,0.0,6076.0,4029.76,1,1
15447df0ff4c,Koppal,4D4A2,4D4A2M3a,Raghunathanhalli-2,0704020013,125/*/5,1.13,0.0,OTHER,small,1,AG1,BMKiB1g2,TCB,225.99999999999997,185.31999999999996,formula_82pct_of_proposed,,1.0,,0.0,,0,0,0.0,0.0,0.0,0.0,24413.999999999996,9525.447999999999,1,0
d87bf4e9dba1,Koppal,4D4A2,4D4A2M3a,Raghunathanhalli-2,0704020013,133/*/*,0.87,0.0,OTHER,small,1,AG1,BGTmB2g2,TCB,174.0,139.2,value,139.2,0.0,0.0,0.0,,0,0,0.0,0.0,0.0,0.0,10788.0,7154.879999999999,1,1
4f0e6caef83f,Koppal,4D4A2,4D4A2M3a,Raghunathanhalli-2,0704020013,134/*/*,1.61,0.0,OTHER,small,1,AG1,BGTmB2g2,TCB,322.0,207.51,value,207.51,1.0,1.0,0.0,,0,0,0.0,0.0,40.0,95.0,36758.0,23458.014,1,1
d0725d9b2c6a,Koppal,4D4A2,4D4A2M3a,Raghunathanhalli-2,0704020013,137/*/1,1.17,0.0,OTHER,small,1,AG1,BGTmB2g2,TCB,234.0,160.24,value,160.24,1.0,1.0,0.0,,0,0,0.0,0.0,40.0,95.0,28926.0,21026.336,1,1
6efb2a774f44,Koppal,4D4A2,4D4A2M3a,Raghunathanhalli-2,0704020013,139/*/1,1.95,0.0,OTHER,small,0,AG1,BGTmB2g2,TCB,390.0,131.99,value,131.99,1.0,1.0,0.0,,0,0,0.0,0.0,0.0,0.0,39010.0,10551.286,1,1
a5e46feb2251,Koppal,4D4A2,4D4A2M3a,Raghunathanhalli-2,0704020013,140/*/4,0.49,0.0,OTHER,small,0,AG1,BGTmB2g2,TCB,98.0,78.4,value,78.4,0.0,0.0,0.0,,0,0,0.0,0.0,0.0,0.0,6076.0,4029.76,1,1
c05fd9b2023b,Koppal,4D4A2,4D4A2M3a,Raghunathanhalli-2,0704020013,142/*/5,0.41,1.0,ST,small,1,AG1,BGTmB2g2,TCB,82.0,65.6,value,65.6,0.0,0.0,0.0,,0,0,0.0,0.0,0.0,0.0,5084.0,3371.8399999999997,1,1
e1d56325a4e0,Koppal,4D4A2,4D4A2M3a,Raghunathanhalli-2,0704020013,142/*/7,0.82,0.0,OTHER,small,0,AG1,BGTmB2g2,TCB,164.0,160.24,value,160.24,0.0,1.0,0.0,,0,0,0.0,0.0,0.0,0.0,10168.0,12003.336,1,1
6927522feef9,Koppal,4D4A2,4D4A2M3a,Raghunathanhalli-2,0704020013,122/*/1,1.27,0.0,OTHER,small,1,AG1,KSPiB2g1,TCB,254.0,203.2,value,203.2,1.0,,0.0,,0,0,0.0,0.0,0.0,0.0,19148.0,10444.48,1,1
22747f9cf02f,Koppal,4D4A2,4D4A2M3a,Raghunathanhalli-2,0704020013,124/*/*,2.69,1.0,OTHER,medium,1,AG1,BMKiB1g2,TCB,538.0,441.16,formula_82pct_of_proposed,,2.0,,0.0,,0,0,0.0,0.0,0.0,0.0,56482.0,22675.624,1,0
76cb8a1d2b26,Koppal,4D4A2,4D4A2M3a,Raghunathanhalli-2,0704020013,128/*/2,1.34,0.0,OTHER,small,1,AG1,BMKiB1g1,TCB,268.0,212.12,value,212.12,1.0,1.0,0.0,,0,0,0.0,0.0,0.0,0.0,28152.0,14669.968,1,1
c8bed91e7d5a,Koppal,4D4A2,4D4A2M3a,Raghunathanhalli-2,0704020013,132/*/3,0.86,0.0,OTHER,small,1,AG1,BGTmB2g2,TCB,172.0,179.26,value,179.26,0.0,1.0,0.0,,0,0,0.0,0.0,0.0,0.0,10664.0,12980.964,1,1
14659d3a4ca5,Koppal,4D4A2,4D4A2M3a,Raghunathanhalli-2,0704020013,132/*/4,0.85,0.0,OTHER,small,1,AG1,BGTmB2g2,TCB,170.0,202.87,value,202.87,0.0,1.0,0.0,,0,0,0.0,0.0,0.0,0.0,10540.0,14194.518,1,1
d87bf4e9dba1,Koppal,4D4A2,4D4A2M3a,Raghunathanhalli-2,0704020013,133/*/*,0.45,0.0,OTHER,small,1,AG1,BGTmB2g2,TCB,90.0,160.24,value,160.24,0.0,0.0,0.0,,0,0,0.0,0.0,0.0,0.0,5580.0,8236.336,1,1
f7cc11ba95e6,Koppal,4D4A2,4D4A2M3a,Raghunathanhalli-2,0704020013,122/*/2,0.63,0.0,OTHER,small,1,AG1,KSPiB2g1,TCB,126.0,0.0,value,0.0,0.0,0.0,0.0,,0,0,0.0,0.0,0.0,0.0,7812.0,0.0,0,0
0114b4c3371b,Koppal,4D4A2,4D4A2M3a,Raghunathanhalli-2,0704020013,123/*/3,0.44,0.0,OTHER,small,0,AG1,KSPiB2g1,TCB,88.0,70.4,value,70.4,0.0,0.0,0.0,,0,0,0.0,0.0,0.0,0.0,5456.0,3618.5600000000004,1,1
7f72d19273ae,Koppal,4D4A2,4D4A2M3a,Raghunathanhalli-2,0704020013,122/*/3,2.9,0.0,OTHER,medium,1,AG1,KSPiB2g1,TCB,580.0,0.0,value,0.0,2.0,,0.0,,0,0,0.0,0.0,0.0,0.0,42760.0,0.0,0,0
5ef5f7c4cbaa,Koppal,4D4A2,4D4A2M3a,Raghunathanhalli-2,0704020013,143/*/2,0.51,0.0,OTHER,small,1,AG1,BGTmB2g2,TCB,102.0,155.63,value,155.63,0.0,1.0,0.0,,0,0,0.0,0.0,0.0,0.0,6324.0,11766.382,1,1
014883a48086,Koppal,4D4A2,4D4A2M3a,Raghunathanhalli-2,0704020013,148/*/3,1.6,0.0,OTHER,small,1,AG4,BGTmB2g2,TCB,320.0,192.58,value,192.58,1.0,1.0,0.0,,0,0,0.0,0.0,0.0,0.0,32780.0,12799.832,1,1
49eec4f5ca15,Koppal,4D4A2,4D4A2M3a,Raghunathanhalli-2,0704020013,150/*/*,1.16,0.0,OTHER,small,1,AG4,BMKiB1g1,TCB,231.99999999999997,193.38,value,193.38,1.0,,0.0,,0,0,0.0,0.0,0.0,0.0,24947.999999999996,9939.732,1,1
35949b96afc6,Koppal,4D4A2,4D4A2M3a,Raghunathanhalli-2,0704020013,135/*/1,2.04,1.0,OTHER,medium,1,AG1,BGTmB2g2,TCB,408.0,433.74,value,433.74,2.0,2.0,0.0,,0,0,0.0,0.0,0.0,0.0,44912.0,37362.236000000004,1,1
47a5ec68f4d5,Koppal,4D4A2,4D4A2M3a,Raghunathanhalli-2,0704020013,135/*/3,0.7,1.0,OTHER,small,0,AG1,BGTmB2g2,TCB,140.0,114.8,formula_82pct_of_proposed,,0.0,0.0,0.0,,0,0,0.0,0.0,0.0,0.0,8680.0,5900.719999999999,1,0
8159b72f063f,Koppal,4D4A2,4D4A2M3a,Raghunathanhalli-2,0704020013,141/*/1,2.34,0.0,OTHER,medium,1,AG1,BGTmB2g2,TCB,468.0,292.24,value,292.24,2.0,2.0,0.0,0.0,0,0,0.0,0.0,0.0,0.0,50252.0,30089.136,1,1
d87bf4e9dba1,Koppal,4D4A2,4D4A2M3a,Raghunathanhalli-2,0704020013,133/*/*,0.1,0.0,OTHER,small,1,AG1,BGTmB2g2,TCB,20.0,16.0,value,16.0,0.0,0.0,0.0,,0,0,0.0,0.0,0.0,0.0,1240.0,822.4,1,1
3cabfa476222,Koppal,4D4A2,4D4A2M3a,Raghunathanhalli-2,0704020013,138/*/3,2.16,0.0,OTHER,medium,1,AG1,BGTmB2g2,TCB,432.0,292.24,value,292.24,2.0,1.0,0.0,,0,0,0.0,0.0,0.0,0.0,47048.0,18788.136,1,1
263a6292a9b5,Koppal,4D4A2,4D4A2M3a,Raghunathanhalli-2,0704020013,138/*/4,2.16,0.0,OTHER,medium,1,AG1,BGTmB2g2,TCB,432.0,292.24,value,292.24,2.0,1.0,0.0,,0,0,0.0,0.0,0.0,0.0,47048.0,17488.136,1,1
e53b7767114d,Koppal,4D4A2,4D4A2M3a,Raghunathanhalli-2,0704020013,125/*/2,0.92,1.0,OTHER,small,1,AG1,BMKiB1g2,TCB,184.0,150.88,formula_82pct_of_proposed,,0.0,0.0,0.0,,0,0,0.0,0.0,0.0,0.0,11408.0,7755.232,1,0
aafb11bc78d7,Koppal,4D4A2,4D4A2M3a,Raghunathanhalli-2,0704020013,123/*/1,0.8,0.0,OTHER,small,1,AG1,KSPiB2g1,TCB,160.0,128.0,value,128.0,0.0,0.0,0.0,,0,0,0.0,0.0,0.0,0.0,9920.0,6579.2,1,1
d87bf4e9dba1,Koppal,4D4A2,4D4A2M3a,Raghunathanhalli-2,0704020013,133/*/*,0.46,0.0,OTHER,small,1,AG1,BGTmB2g2,TCB,92.0,226.25,value,226.25,0.0,0.0,0.0,,0,0,0.0,0.0,0.0,0.0,5704.0,11629.25,1,1
be9a2e6d2b99,Koppal,4D4A2,4D4A2M3a,Raghunathanhalli-2,0704020013,141/*/2,2.34,0.0,OTHER,medium,0,AG1,BGTmB2g2,TCB,468.0,306.36,value,306.36,2.0,2.0,0.0,,0,0,0.0,0.0,0.0,0.0,50252.0,31878.904000000002,1,1
ff3ef50142df,Koppal,4D4A2,4D4A2M3a,Raghunathanhalli-2,0704020013,144/*/1,1.17,0.0,OTHER,small,0,AG1,BGTmB2g2,TCB,234.0,198.26,value,198.26,1.0,1.0,0.0,,0,0,0.0,0.0,40.0,95.0,28926.0,22982.564,1,1
cb796bc6b941,Koppal,4D4A2,4D4A2M3a,Raghunathanhalli-2,0704020013,145/*/5,0.94,0.0,ST,small,1,AG1,BGTmB2g2,TCB,188.0,160.24,value,160.24,0.0,0.0,0.0,,0,0,0.0,0.0,0.0,0.0,11656.0,8236.336,1,1
41cdd975f4b9,Koppal,4D4A2,4D4A2M3a,Raghunathanhalli-2,0704020013,147/*/3,1.26,0.0,OTHER,small,1,AG4,BGTmB2g2,TCB,252.0,218.46,value,218.46,1.0,1.0,0.0,,0,0,0.0,0.0,40.0,95.0,30528.0,25330.964,1,1
1c13971fc595,Koppal,4D4A2,4D4A2M3a,Raghunathanhalli-2,0704020013,148/*/2,0.88,0.0,OTHER,small,1,AG4,BGTmB2g2,TCB,176.0,221.11,value,221.11,0.0,0.0,0.0,,0,0,0.0,0.0,0.0,0.0,10912.0,11365.054,1,1
92653d37e5fd,Koppal,4D4A2,4D4A2M3a,Raghunathanhalli-2,0704020013,155/*/1,0.6,0.0,OTHER,small,1,AG4,BMKiB1g1,TCB,120.0,160.24,value,160.24,0.0,1.0,0.0,,0,0,0.0,0.0,0.0,0.0,7440.0,12003.336,1,1
296e72fa1334,Koppal,4D4A2,4D4A2M3a,Raghunathanhalli-2,0704020013,132/*/5,0.43,0.0,OTHER,small,0,AG1,BGTmB2g2,TCB,86.0,68.5,value,68.5,0.0,0.0,0.0,,0,0,0.0,0.0,0.0,0.0,5332.0,3520.9,1,1
51bf077b5364,Koppal,4D4A2,4D4A2M3a,Raghunathanhalli-2,0704020013,135/*/4,0.7,0.0,OTHER,small,1,AG1,BGTmB2g2,TCB,140.0,160.24,value,160.24,0.0,0.0,0.0,,0,0,0.0,0.0,0.0,0.0,8680.0,8236.336,1,1
11f478ca79b9,Koppal,4D4A2,4D4A2M3a,Raghunathanhalli-2,0704020013,165/*/*,0.59,0.0,OTHER,small,0,AG4,BMKiA1,TCB,118.0,117.87,value,117.87,0.0,0.0,0.0,,0,0,0.0,0.0,0.0,0.0,7316.0,6058.518,1,1
324600aaf866,Koppal,4D4A2,4D4A2M3a,Raghunathanhalli-2,0704020013,166/*/2,0.26,1.0,OTHER,small,1,AG4,BMKiA1,TCB,52.0,353.61,value,353.61,0.0,0.0,0.0,,0,0,0.0,0.0,0.0,0.0,3224.0,18175.554,1,1
bec88f6990c1,Koppal,4D4A2,4D4A2M3a,Raghunathanhalli-2,0704020013,135/*/2,0.71,1.0,OTHER,small,0,AG1,BGTmB2g2,TCB,142.0,116.44,formula_82pct_of_proposed,,0.0,0.0,0.0,,0,0,0.0,0.0,0.0,0.0,8804.0,5985.016,1,0
d2ebe2b90474,Koppal,4D4A2,4D4A2M3a,Raghunathanhalli-2,0704020013,137/*/2,1.16,1.0,OTHER,small,0,AG1,BGTmB2g2,TCB,231.99999999999997,135.47,value,135.47,1.0,,0.0,,0,0,0.0,0.0,40.0,95.0,28747.999999999996,15988.158,1,1
fa39a417eac5,Koppal,4D4A2,4D4A2M3a,Raghunathanhalli-2,0704020013,140/*/2,0.49,0.0,OTHER,small,1,AG1,BGTmB2g2,TCB,98.0,146.12,value,146.12,0.0,0.0,0.0,,0,0,0.0,0.0,0.0,0.0,6076.0,7510.568,1,1
89c7672095eb,Koppal,4D4A2,4D4A2M3a,Raghunathanhalli-2,0704020013,146/*/2,0.8,0.0,OTHER,small,0,AG1,BGTmB2g2,TCB,160.0,183.87,value,183.87,0.0,0.0,0.0,,0,0,0.0,0.0,0.0,0.0,9920.0,9450.918,1,1
957b66760d1d,Koppal,4D4A2,4D4A2M3a,Raghunathanhalli-2,0704020013,146/*/3,0.8,1.0,OTHER,small,1,AG1,BGTmB2g2,TCB,160.0,183.87,value,183.87,0.0,0.0,0.0,,0,0,0.0,0.0,0.0,0.0,9920.0,9450.918,1,1
631a31401570,Koppal,4D4A2,4D4A2M3a,Raghunathanhalli-2,0704020013,125/*/1,0.8,0.0,OTHER,small,1,AG1,BMKiB1g2,TCB,160.0,128.0,value,128.0,0.0,0.0,0.0,,0,0,0.0,0.0,0.0,0.0,9920.0,6579.2,1,1
d87bf4e9dba1,Koppal,4D4A2,4D4A2M3a,Raghunathanhalli-2,0704020013,133/*/*,2.82,0.0,OTHER,medium,1,AG1,BGTmB2g2,TCB,564.0,462.48,formula_82pct_of_proposed,,2.0,,0.0,,0,0,0.0,0.0,0.0,0.0,58796.0,23771.472,1,0
a62be94dde23,Koppal,4D4A2,4D4A2M3a,Raghunathanhalli-2,0704020013,163/*/*,1.52,1.0,OTHER,small,1,AG4,KSPiB2g1,TCB,304.0,213.97,value,213.97,1.0,1.0,0.0,,0,0,0.0,0.0,40.0,95.0,26048.0,22924.268,1,1
889098c6b29c,Koppal,4D4A2,4D4A2M3a,Raghunathanhalli-2,0704020013,164/*/4,0.48,0.0,OTHER,small,0,AG4,KSPiB2g1,TCB,96.0,76.8,value,76.8,0.0,0.0,0.0,,0,0,0.0,0.0,0.0,0.0,5952.0,3947.5199999999995,1,1
6c153dfa9714,Koppal,4D4A2,4D4A2M3a,Raghunathanhalli-2,0704020013,169/*/2,0.37,0.0,OTHER,small,1,AG4,BMKiA1,TCB,74.0,213.98,value,213.98,0.0,1.0,0.0,,0,0,0.0,0.0,0.0,0.0,4588.0,13899.782,1,1
ec877c038e28,Koppal,4D4A2,4D4A2M3a,Raghunathanhalli-2,0704020013,122/*/4,0.64,0.0,OTHER,small,1,AG1,KSPiB2g1,TCB,128.0,104.96,formula_82pct_of_proposed,,0.0,0.0,0.0,,0,0,0.0,0.0,0.0,0.0,7936.0,5394.9439999999995,1,0
d887423c01b8,Koppal,4D4A2,4D4A2M3a,Raghunathanhalli-2,0704020013,125/*/3,0.96,0.0,OTHER,small,0,AG1,BMKiB1g2,TCB,192.0,157.44,formula_82pct_of_proposed,,0.0,0.0,0.0,,0,0,0.0,0.0,0.0,0.0,11904.0,8092.415999999999,1,0
9aea2636f2e8,Koppal,4D4A2,4D4A2M3a,Raghunathanhalli-2,0704020013,125/*/4,0.73,0.0,OTHER,small,0,AG1,BMKiB1g2,TCB,146.0,119.72,formula_82pct_of_proposed,,0.0,0.0,0.0,,0,0,0.0,0.0,0.0,0.0,9052.0,6153.608,1,0
f97cb8a10b99,Koppal,4D4A2,4D4A2M3a,Raghunathanhalli-2,0704020013,138/*/2,1.08,0.0,OTHER,small,1,AG1,BGTmB2g2,TCB,216.0,0.0,value,0.0,1.0,,0.0,,0,0,0.0,0.0,40.0,0.0,27324.0,0.0,0,0
4a293084ebd7,Koppal,4D4A2,4D4A2M3a,Raghunathanhalli-2,0704020013,138/*/5,1.08,0.0,OTHER,small,1,AG1,BGTmB2g2,TCB,216.0,131.99,value,131.99,1.0,,0.0,,0,0,0.0,0.0,40.0,95.0,27324.0,15809.286,1,1
22c724745547,Koppal,4D4A2,4D4A2M3a,Raghunathanhalli-2,0704020013,172/*/1,0.37,0.0,OTHER,small,1,AG4,BMKiA1,TCB,74.0,224.68,value,224.68,0.0,0.0,0.0,,0,0,0.0,0.0,0.0,0.0,4588.0,11548.552,1,1
98b92465d27d,Koppal,4D4A2,4D4A2M3a,Raghunathanhalli-2,0704020013,176/*/4,1.48,1.0,OTHER,small,1,AG4,BMKiA1,TCB,296.0,181.88,value,181.88,1.0,1.0,0.0,,0,0,0.0,0.0,0.0,0.0,30644.0,12249.851999999999,1,1
29d1569d5dec,Koppal,4D4A2,4D4A2M3a,Raghunathanhalli-2,0704020013,140/*/3,0.49,0.0,OTHER,small,0,AG1,BGTmB2g2,TCB,98.0,131.99,value,131.99,0.0,0.0,0.0,,0,0,0.0,0.0,0.0,0.0,6076.0,6784.286,1,1
378e28158bd9,Koppal,4D4A2,4D4A2M3a,Raghunathanhalli-2,0704020013,142/*/3,0.41,0.0,ST,small,1,AG1,BGTmB2g2,TCB,82.0,65.6,value,65.6,0.0,0.0,0.0,,0,0,0.0,0.0,0.0,0.0,5084.0,3371.8399999999997,1,1
ae7b0cb7b4b5,Koppal,4D4A2,4D4A2M3a,Raghunathanhalli-2,0704020013,143/*/1,0.51,0.0,OTHER,small,1,AG1,BGTmB2g2,TCB,102.0,165.14,value,165.14,0.0,0.0,0.0,,0,0,0.0,0.0,0.0,0.0,6324.0,8488.196,1,1
5cf86a945ef8,Koppal,4D4A2,4D4A2M3a,Raghunathanhalli-2,0704020013,136/*/*,0.92,1.0,OTHER,small,0,AG1,BGTmB2g2,TCB,184.0,141.5,value,141.5,0.0,0.0,0.0,,0,0,0.0,0.0,0.0,0.0,11408.0,7273.099999999999,1,1
fa0fc2c5cfd3,Koppal,4D4A2,4D4A2M3a,Raghunathanhalli-2,0704020013,139/*/2,0.97,0.0,ST,small,1,AG1,BGTmB2g2,TCB,194.0,151.01,value,151.01,0.0,0.0,0.0,,0,0,0.0,0.0,0.0,0.0,12028.0,7761.914,1,1
96cea6569211,Koppal,4D4A2,4D4A2M3a,Raghunathanhalli-2,0704020013,140/*/5,1.25,0.0,OTHER,small,0,AG1,BGTmB2g2,TCB,250.0,155.63,value,155.63,1.0,1.0,0.0,,0,0,0.0,0.0,40.0,95.0,30350.0,20791.381999999998,1,1
91fdf6737736,Koppal,4D4A2,4D4A2M3a,Raghunathanhalli-2,0704020013,142/*/4,0.82,1.0,ST,small,1,AG1,BGTmB2g2,TCB,164.0,131.2,value,131.2,0.0,0.0,0.0,,0,0,0.0,0.0,0.0,0.0,10168.0,6743.679999999999,1,1
3e3214b240fc,Koppal,4D4A2,4D4A2M3a,Raghunathanhalli-2,0704020013,173/*/2,0.38,0.0,OBC,small,1,AG3,BMKiA1,TCB,76.0,0.0,value,0.0,0.0,0.0,0.0,,0,0,0.0,0.0,0.0,0.0,4712.0,0.0,0,0
817a2ac56af8,Koppal,4D4A2,4D4A2M3a,Raghunathanhalli-2,0704020013,173/*/4,0.75,0.0,OTHER,small,1,AG3,BMKiA1,TCB,150.0,0.0,value,0.0,0.0,0.0,0.0,,0,0,0.0,0.0,0.0,0.0,9300.0,0.0,0,0
d1b72481019c,Koppal,4D4A2,4D4A2M3a,Raghunathanhalli-2,0704020013,177/*/*,1.61,0.0,OBC,small,1,AG3,BMKiA1,TCB,322.0,257.6,value,257.6,1.0,,0.0,,0,0,0.0,0.0,40.0,95.0,36758.0,22265.64,1,1
1c3c153fb166,Koppal,4D4A2,4D4A2M3a,Raghunathanhalli-2,0704020013,128/*/1,1.35,0.0,OTHER,small,1,AG1,BMKiB1g1,TCB,270.0,245.25,value,245.25,1.0,1.0,0.0,,0,0,0.0,0.0,0.0,0.0,28330.0,16372.85,1,1
70848b8cde16,Koppal,4D4A2,4D4A2M3a,Raghunathanhalli-2,0704020013,132/*/1,0.43,0.0,OTHER,small,1,AG1,BGTmB2g2,TCB,86.0,212.38,value,212.38,0.0,0.0,0.0,,0,0,0.0,0.0,0.0,0.0,5332.0,10916.332,1,1
aa9dc9f257f4,Koppal,4D4A2,4D4A2M3a,Raghunathanhalli-2,0704020013,142/*/6,0.41,1.0,OTHER,small,1,AG1,BGTmB2g2,TCB,82.0,160.24,value,160.24,0.0,0.0,0.0,,0,0,0.0,0.0,0.0,0.0,5084.0,8236.336,1,1
6d5515a8998f,Koppal,4D4A2,4D4A2M3a,Raghunathanhalli-2,0704020013,145/*/3,0.75,1.0,OBC,small,0,AG1,BGTmB2g2,TCB,150.0,0.0,value,0.0,0.0,0.0,0.0,,0,0,0.0,0.0,0.0,0.0,9300.0,0.0,0,0
014883a48086,Koppal,4D4A2,4D4A2M3a,Raghunathanhalli-2,0704020013,148/*/3,1.6,0.0,OTHER,small,1,AG3,BGTmB2g2,TCB,320.0,256.0,value,256.0,1.0,,0.0,,0,0,0.0,0.0,0.0,0.0,32780.0,13158.4,1,1
27208f9d67e6,Koppal,4D4A2,4D4A2M3a,Raghunathanhalli-2,0704020013,179/*/3,0.61,0.0,OBC,small,1,AG3,MTLmB2g2,TCB,122.0,0.0,value,0.0,0.0,0.0,0.0,,0,0,0.0,0.0,0.0,0.0,7564.0,0.0,0,0
02db7ae8642f,Koppal,4D4A2,4D4A2M3a,Raghunathanhalli-2,0704020013,179/*/8,0.04,0.0,OBC,small,0,AG3,MTLmB2g2,TCB,8.0,6.4,value,6.4,0.0,0.0,0.0,,0,0,0.0,0.0,0.0,0.0,496.0,328.96000000000004,1,1
aee81e164948,Koppal,4D4A2,4D4A2M3a,Raghunathanhalli-2,0704020013,183/*/2,6.68,0.0,OTHER,medium,1,AG3,BMKiA1,TCB,1336.0,0.0,value,0.0,3.0,,0.0,,0,0,0.0,0.0,0.0,0.0,131804.0,0.0,0,0
82917de04744,Koppal,4D4A2,4D4A2M3a,Raghunathanhalli-2,0704020013,186/*/*,1.25,1.0,OTHER,small,1,AG3,BMKiB1g1,TCB,250.0,200.0,value,200.0,1.0,,0.0,,0,0,0.0,0.0,0.0,0.0,26550.0,10280.0,1,1
76a4d7aaccab,Koppal,4D4A2,4D4A2M3a,Raghunathanhalli-2,0704020013,187/*/*,0.46,0.0,ST,small,1,AG3,BMKiB1g1,TCB,92.0,75.44,formula_82pct_of_proposed,,0.0,0.0,0.0,,0,0,0.0,0.0,0.0,0.0,5704.0,3877.616,1,0
c07fe4a793e4,Koppal,4D4A2,4D4A2M3a,Raghunathanhalli-2,0704020013,144/*/2,1.16,0.0,ST,small,1,AG1,BGTmB2g2,TCB,231.99999999999997,188.75,value,188.75,1.0,1.0,0.0,,0,0,0.0,0.0,40.0,95.0,28747.999999999996,22493.75,1,1
4b66db84b324,Koppal,4D4A2,4D4A2M3a,Raghunathanhalli-2,0704020013,145/*/6,1.16,1.0,ST,small,1,AG1,BGTmB2g2,TCB,231.99999999999997,339.5,value,339.5,1.0,,0.0,,0,0,0.0,0.0,40.0,95.0,28747.999999999996,26475.3,1,1
a8621ca8fac0,Koppal,4D4A2,4D4A2M3a,Raghunathanhalli-2,0704020013,168/*/2,0.16,0.0,OBC,small,0,AG3,BMKiA1,TCB,32.0,26.24,formula_82pct_of_proposed,,0.0,0.0,0.0,,0,0,0.0,0.0,0.0,0.0,1984.0,1348.7359999999999,1,0
05eaf5238769,Koppal,4D4A2,4D4A2M3a,Raghunathanhalli-2,0704020013,174/*/5,1.2,1.0,OBC,small,0,AG3,BMKiA1,TCB,240.0,192.0,value,192.0,1.0,,0.0,,0,0,0.0,0.0,40.0,95.0,29460.0,18893.8,1,1
db9d2ddc9ae3,Koppal,4D4A2,4D4A2M3a,Raghunathanhalli-2,0704020013,146/*/1,0.06,1.0,OBC,small,0,AG1,BGTmB2g2,TCB,12.0,9.6,value,9.6,0.0,0.0,0.0,,0,0,0.0,0.0,0.0,0.0,744.0,493.43999999999994,1,1
93609ec07bee,Koppal,4D4A2,4D4A2M3a,Raghunathanhalli-2,0704020013,146/*/6,0.8,1.0,OTHER,small,1,AG1,BGTmB2g2,TCB,160.0,169.75,value,169.75,0.0,1.0,0.0,,0,0,0.0,0.0,0.0,0.0,9920.0,12492.15,1,1
4e12c1d64b35,Koppal,4D4A2,4D4A2M3a,Raghunathanhalli-2,0704020013,147/*/2,1.26,1.0,OBC,small,0,AG3,BGTmB2g2,TCB,252.0,201.6,value,201.6,1.0,1.0,0.0,,0,0,0.0,0.0,40.0,95.0,30528.0,19387.239999999998,1,1
eb042dbf7a81,Koppal,4D4A2,4D4A2M3a,Raghunathanhalli-2,0704020013,179/*/5,0.04,0.0,OBC,small,0,AG3,MTLmB2g2,TCB,8.0,6.4,value,6.4,0.0,0.0,0.0,,0,0,0.0,0.0,0.0,0.0,496.0,328.96000000000004,1,1
68937819a3b9,Koppal,4D4A2,4D4A2M3a,Raghunathanhalli-2,0704020013,181/*/2,1.96,1.0,OBC,small,0,AG3,MTLmB2g2,TCB,392.0,0.0,value,0.0,1.0,,0.0,,0,0,0.0,0.0,0.0,0.0,39188.0,0.0,0,0
ee9f40ea57d3,Koppal,4D4A2,4D4A2M3a,Raghunathanhalli-2,0704020013,181/*/3,0.8,1.0,OBC,small,0,AG3,MTLmB2g2,TCB,160.0,128.0,value,128.0,0.0,0.0,0.0,,0,0,0.0,0.0,0.0,0.0,9920.0,6579.2,1,1
17b3d105193d,Koppal,4D4A2,4D4A2M3a,Raghunathanhalli-2,0704020013,181/*/4,0.44,1.0,OBC,small,0,AG3,MTLmB2g2,TCB,88.0,7.4,value,7.4,0.0,0.0,0.0,,0,0,0.0,0.0,0.0,0.0,5456.0,380.36,1,1
443227132046,Koppal,4D4A2,4D4A2M3a,Raghunathanhalli-2,0704020013,132/*/2,0.86,0.0,OTHER,small,1,AG1,BGTmB2g2,TCB,172.0,193.38,value,193.38,0.0,0.0,0.0,,0,0,0.0,0.0,0.0,0.0,10664.0,9939.732,1,1
d439c4f1c78c,Koppal,4D4A2,4D4A2M3a,Raghunathanhalli-2,0704020013,139/*/3,0.98,0.0,OBC,small,1,AG1,BGTmB2g2,TCB,196.0,131.99,value,131.99,0.0,0.0,0.0,,0,0,0.0,0.0,0.0,0.0,12152.0,6784.286,1,1
88a33303eccd,Koppal,4D4A2,4D4A2M3a,Raghunathanhalli-2,0704020013,153/*/1,1.18,0.0,OBC,small,1,AG3,BMKiB1g1,TCB,236.0,381.87,value,381.87,1.0,1.0,0.0,,0,0,0.0,0.0,0.0,0.0,25304.0,23395.118,1,1
3e632052459f,Koppal,4D4A2,4D4A2M3a,Raghunathanhalli-2,0704020013,154/*/*,1.37,0.0,OTHER,small,1,AG3,BMKiA1,TCB,274.0,198.0,value,198.0,1.0,,0.0,,0,0,0.0,0.0,40.0,95.0,32486.0,19202.199999999997,1,1
3e632052459f,Koppal,4D4A2,4D4A2M3a,Raghunathanhalli-2,0704020013,154/*/*,0.49,0.0,OTHER,small,1,AG3,BMKiA1,TCB,98.0,183.87,value,183.87,0.0,0.0,0.0,,0,0,0.0,0.0,0.0,0.0,6076.0,9450.918,1,1
02e866e658f2,Koppal,4D4A2,4D4A2M3a,Raghunathanhalli-2,0704020013,146/*/4,0.8,0.0,OTHER,small,1,AG1,BGTmB2g2,TCB,160.0,183.87,value,183.87,0.0,0.0,0.0,,0,0,0.0,0.0,0.0,0.0,9920.0,9450.918,1,1
db578cb6f208,Koppal,4D4A2,4D4A2M3a,Raghunathanhalli-2,0704020013,146/*/7,0.8,0.0,OTHER,small,1,AG1,BGTmB2g2,TCB,160.0,183.87,value,183.87,0.0,1.0,0.0,,0,0,0.0,0.0,0.0,0.0,9920.0,13217.918,1,1
abbd18d4cc28,Koppal,4D4A2,4D4A2M3a,Raghunathanhalli-2,0704020013,147/*/5,0.85,1.0,OTHER,small,1,AG3,BGTmB2g2,TCB,170.0,136.0,value,136.0,0.0,0.0,0.0,,0,0,0.0,0.0,0.0,0.0,10540.0,6990.4,1,1
80b9ca5fc1bb,Koppal,4D4A2,4D4A2M3a,Raghunathanhalli-2,0704020013,176/*/3,0.8,0.0,OTHER,small,1,AG3,BMKiA1,TCB,160.0,210.4,value,210.4,0.0,1.0,0.0,,0,0,0.0,0.0,0.0,0.0,9920.0,13715.77,1,1
d1b72481019c,Koppal,4D4A2,4D4A2M3a,Raghunathanhalli-2,0704020013,177/*/*,1.3,0.0,OTHER,small,1,AG3,BMKiA1,TCB,260.0,213.2,formula_82pct_of_proposed,,1.0,,0.0,,0,0,0.0,0.0,40.0,0.0,31240.0,10958.48,1,0
0da943031156,Koppal,4D4A2,4D4A2M3a,Raghunathanhalli-2,0704020013,179/*/12,0.6,0.0,OTHER,small,1,AG3,MTLmB2g2,TCB,120.0,98.4,formula_82pct_of_proposed,,0.0,0.0,0.0,,0,0,0.0,0.0,0.0,0.0,7440.0,5057.76,1,0
5f34f4c52d5d,Koppal,4D4A2,4D4A2M3a,Raghunathanhalli-2,0704020013,179/*/7,0.6,0.0,OTHER,small,1,AG3,MTLmB2g2,TCB,120.0,98.4,formula_82pct_of_proposed,,0.0,0.0,0.0,,0,0,0.0,0.0,0.0,0.0,7440.0,5057.76,1,0
49eec4f5ca15,Koppal,4D4A2,4D4A2M3a,Raghunathanhalli-2,0704020013,150/*/*,1.16,0.0,OTHER,small,1,AG3,BMKiB1g1,TCB,231.99999999999997,141.5,value,141.5,1.0,,0.0,,0,0,0.0,0.0,0.0,0.0,24947.999999999996,7273.099999999999,1,1
3e632052459f,Koppal,4D4A2,4D4A2M3a,Raghunathanhalli-2,0704020013,154/*/*,0.27,1.0,OBC,small,1,AG3,BMKiA1,TCB,54.0,183.87,value,183.87,0.0,0.0,0.0,,0,0,0.0,0.0,0.0,0.0,3348.0,9450.918,1,1
7e038db4342e,Koppal,4D4A2,4D4A2M3a,Raghunathanhalli-2,0704020013,189/*/1,1.14,0.0,OBC,small,0,AG3,BMKiB1g2,TCB,227.99999999999997,179.26,value,179.26,1.0,1.0,0.0,,0,0,0.0,0.0,40.0,95.0,28391.999999999996,22005.964,1,1
dd6b94dc7afe,Koppal,4D4A2,4D4A2M3a,Raghunathanhalli-2,0704020013,189/*/4,1.14,0.0,OBC,small,1,AG3,BMKiB1g2,TCB,227.99999999999997,155.63,value,155.63,1.0,,0.0,,0,0,0.0,0.0,40.0,95.0,28391.999999999996,17024.381999999998,1,1
5eda04578ece,Koppal,4D4A2,4D4A2M3a,Raghunathanhalli-2,0704020013,192/*/1,0.52,0.0,OBC,small,1,AG3,BMKiB1g2,TCB,104.0,146.12,value,146.12,0.0,0.0,0.0,,0,0,0.0,0.0,0.0,0.0,6448.0,7510.568,1,1
a69811a07760,Koppal,4D4A2,4D4A2M3a,Raghunathanhalli-2,0704020013,140/*/1,0.84,1.0,OBC,small,0,AG1,BGTmB2g2,TCB,168.0,155.63,value,155.63,0.0,0.0,0.0,,0,0,0.0,0.0,0.0,0.0,10416.0,7999.382,1,1
4b191039389d,Koppal,4D4A2,4D4A2M3a,Raghunathanhalli-2,0704020013,142/*/1,1.64,0.0,ST,small,1,AG1,BGTmB2g2,TCB,328.0,500.01,value,500.01,1.0,1.0,0.0,,0,0,0.0,0.0,40.0,95.0,37292.0,38492.513999999996,1,1
868d9d1411b3,Koppal,4D4A2,4D4A2M3a,Raghunathanhalli-2,0704020013,155/*/2,0.59,1.0,OTHER,small,1,AG3,BMKiB1g1,TCB,118.0,160.24,value,160.24,0.0,1.0,0.0,,0,0,0.0,0.0,0.0,0.0,7316.0,12003.336,1,1
b6be725df9e7,Koppal,4D4A2,4D4A2M3a,Raghunathanhalli-2,0704020013,155/*/3,0.39,0.0,OBC,small,0,AG3,BMKiB1g1,TCB,78.0,117.87,value,117.87,0.0,0.0,0.0,,0,0,0.0,0.0,0.0,0.0,4836.0,6058.518,1,1
d5304359e92f,Koppal,4D4A2,4D4A2M3a,Raghunathanhalli-2,0704020013,155/*/4,0.8,1.0,OTHER,small,1,AG3,BMKiB1g1,TCB,160.0,169.75,value,169.75,0.0,0.0,0.0,,0,0,0.0,0.0,0.0,0.0,9920.0,8725.15,1,1
b03e83c22776,Koppal,4D4A2,4D4A2M3a,Raghunathanhalli-2,0704020013,151/*/*,2.73,0.0,OTHER,medium,1,AG3,BMKiB1g1,TCB,546.0,612.71,value,612.71,2.0,1.0,0.0,,0,0,0.0,0.0,0.0,0.0,57194.0,35260.294,1,1
dfa946dc9ab7,Koppal,4D4A2,4D4A2M3a,Raghunathanhalli-2,0704020013,170/*/2,0.4,1.0,OTHER,small,1,AG3,BMKiA1,TCB,80.0,64.0,value,64.0,0.0,0.0,0.0,,0,0,0.0,0.0,0.0,0.0,4960.0,3289.6,1,1
6a83202c7d89,Koppal,4D4A2,4D4A2M3a,Raghunathanhalli-2,0704020013,174/*/1,1.17,0.0,OBC,small,1,AG3,BMKiA1,TCB,234.0,191.88,formula_82pct_of_proposed,,1.0,,0.0,,0,0,0.0,0.0,40.0,0.0,28926.0,9862.632,1,0
00d2b8d39153,Koppal,4D4A2,4D4A2M3a,Raghunathanhalli-2,0704020013,180/*/1,1.53,0.0,OBC,small,0,AG3,MTLmB2g2,TCB,306.0,250.92,formula_82pct_of_proposed,,1.0,,0.0,,0,0,0.0,0.0,0.0,0.0,31534.0,12897.287999999999,1,0
76a4d7aaccab,Koppal,4D4A2,4D4A2M3a,Raghunathanhalli-2,0704020013,187/*/*,0.6,0.0,OBC,small,0,AG3,BMKiB1g1,TCB,120.0,131.99,value,131.99,0.0,1.0,0.0,,0,0,0.0,0.0,0.0,0.0,7440.0,10551.286,1,1
9cf63b0cd70a,Koppal,4D4A2,4D4A2M3a,Raghunathanhalli-2,0704020013,189/*/6,0.4,0.0,OTHER,small,1,AG3,BMKiB1g2,TCB,80.0,188.75,value,188.75,0.0,1.0,0.0,,0,0,0.0,0.0,0.0,0.0,4960.0,13468.75,1,1
71ff5005a783,Koppal,4D4A2,4D4A2M3a,Raghunathanhalli-2,0704020013,190/*/2,0.85,0.0,OBC,small,1,AG3,BMKiB1g1,TCB,170.0,146.12,value,146.12,0.0,0.0,0.0,,0,0,0.0,0.0,0.0,0.0,10540.0,7510.568,1,1
722b1c10c7e5,Koppal,4D4A2,4D4A2M3a,Raghunathanhalli-2,0704020013,159/*/*,0.77,1.0,OBC,small,0,AG3,KSPiB2g1,TCB,154.0,131.99,value,131.99,0.0,0.0,0.0,,0,0,0.0,0.0,0.0,0.0,9548.0,6784.286,1,1
130f6afca7d4,Koppal,4D4A2,4D4A2M3a,Raghunathanhalli-2,0704020013,167/*/*,0.26,1.0,OBC,small,1,AG3,BMKiA1,TCB,52.0,42.64,formula_82pct_of_proposed,,0.0,0.0,0.0,,0,0,0.0,0.0,0.0,0.0,3224.0,2191.696,1,0
14c2d42f9909,Koppal,4D4A2,4D4A2M3a,Raghunathanhalli-2,0704020013,153/*/2,1.17,0.0,OTHER,small,1,AG3,BMKiB1g1,TCB,234.0,381.87,value,381.87,1.0,1.0,0.0,,0,0,0.0,0.0,0.0,0.0,25126.0,23395.118,1,1
11f478ca79b9,Koppal,4D4A2,4D4A2M3a,Raghunathanhalli-2,0704020013,165/*/*,0.6,1.0,OBC,small,0,AG3,BMKiA1,TCB,120.0,117.87,value,117.87,0.0,0.0,0.0,,0,0,0.0,0.0,0.0,0.0,7440.0,6058.518,1,1
d65f222fe73f,Koppal,4D4A2,4D4A2M3a,Raghunathanhalli-2,0704020013,162/*/1,2.8,0.0,OBC,medium,1,AG3,KSPiB2g1,TCB,560.0,221.11,value,221.11,2.0,1.0,0.0,,0,0,0.0,0.0,40.0,95.0,45320.0,23291.264,1,1
ee5194b15253,Koppal,4D4A2,4D4A2M3a,Raghunathanhalli-2,0704020013,164/*/1,0.94,0.0,OTHER,small,1,AG3,KSPiB2g1,TCB,188.0,160.48,value,160.48,0.0,0.0,0.0,,0,0,0.0,0.0,0.0,0.0,11656.0,8248.671999999999,1,1
36a09b49e26e,Koppal,4D4A2,4D4A2M3a,Raghunathanhalli-2,0704020013,164/*/2,0.94,0.0,OTHER,small,1,AG3,KSPiB2g1,TCB,188.0,221.11,value,221.11,0.0,1.0,0.0,,0,0,0.0,0.0,0.0,0.0,11656.0,14266.274,1,1
17e1e55cb1b9,Koppal,4D4A2,4D4A2M3a,Raghunathanhalli-2,0704020013,180/*/2,1.52,0.0,OBC,small,0,AG3,MTLmB2g2,TCB,304.0,249.28,formula_82pct_of_proposed,,1.0,,0.0,,0,0,0.0,0.0,0.0,0.0,31356.0,12812.992,1,0
82917de04744,Koppal,4D4A2,4D4A2M3a,Raghunathanhalli-2,0704020013,186/*/*,1.6,1.0,OTHER,small,1,AG3,BMKiB1g1,TCB,320.0,146.12,value,146.12,1.0,1.0,0.0,,0,0,0.0,0.0,0.0,0.0,32780.0,11541.568,1,1
9249ae979a8a,Koppal,4D4A2,4D4A2M3a,Raghunathanhalli-2,0704020013,173/*/1,0.39,0.0,OTHER,small,1,AG3,BMKiA1,TCB,78.0,192.58,value,192.58,0.0,0.0,0.0,,0,0,0.0,0.0,0.0,0.0,4836.0,9898.612000000001,1,1
9a3fce0db4d6,Koppal,4D4A2,4D4A2M3a,Raghunathanhalli-2,0704020013,174/*/2,1.17,0.0,OTHER,small,1,AG3,BMKiA1,TCB,234.0,191.88,formula_82pct_of_proposed,,1.0,,0.0,,0,0,0.0,0.0,0.0,0.0,25126.0,9862.632,1,0
470137562996,Koppal,4D4A2,4D4A2M3a,Raghunathanhalli-2,0704020013,174/*/3,1.17,0.0,OTHER,small,1,AG3,BMKiA1,TCB,234.0,191.88,formula_82pct_of_proposed,,1.0,,0.0,,0,0,0.0,0.0,0.0,0.0,25126.0,9862.632,1,0
195c03c4a51e,Koppal,4D4A2,4D4A2M3a,Raghunathanhalli-2,0704020013,168/*/3,0.1,1.0,OTHER,small,1,AG3,BMKiA1,TCB,20.0,16.0,value,16.0,0.0,0.0,0.0,,0,0,0.0,0.0,0.0,0.0,1240.0,822.4,1,1
4ff6f0864505,Koppal,4D4A2,4D4A2M3a,Raghunathanhalli-2,0704020013,170/*/1,0.39,0.0,OTHER,small,1,AG3,BMKiA1,TCB,78.0,203.28,value,203.28,0.0,1.0,0.0,,0,0,0.0,0.0,0.0,0.0,4836.0,13349.812,1,1
b11d909eab4c,Koppal,4D4A2,4D4A2M3a,Raghunathanhalli-2,0704020013,172/*/2,0.37,0.0,ST,small,1,AG3,BMKiA1,TCB,74.0,60.68,formula_82pct_of_proposed,,0.0,0.0,0.0,,0,0,0.0,0.0,0.0,0.0,4588.0,3118.9519999999998,1,0
422f26a55518,Koppal,4D4A2,4D4A2M3a,Raghunathanhalli-2,0704020013,164/*/3,0.48,1.0,OTHER,small,1,AG3,KSPiB2g1,TCB,96.0,235.38,value,235.38,0.0,1.0,0.0,,0,0,0.0,0.0,0.0,0.0,5952.0,15000.751999999999,1,1
0396e148607f,Koppal,4D4A2,4D4A2M3a,Raghunathanhalli-2,0704020013,168/*/4,0.2,1.0,OBC,small,1,AG3,BMKiA1,TCB,40.0,192.58,value,192.58,0.0,1.0,0.0,,0,0,0.0,0.0,0.0,0.0,2480.0,12799.832,1,1
84e6570156f6,Koppal,4D4A2,4D4A2M3a,Raghunathanhalli-2,0704020013,169/*/1,0.37,1.0,OBC,small,0,AG3,BMKiA1,TCB,74.0,0.0,value,0.0,0.0,0.0,0.0,,0,0,0.0,0.0,0.0,0.0,4588.0,0.0,0,0
76a4d7aaccab,Koppal,4D4A2,4D4A2M3a,Raghunathanhalli-2,0704020013,187/*/*,0.62,0.0,OBC,small,0,AG3,BMKiB1g1,TCB,124.0,0.0,value,0.0,0.0,0.0,0.0,,0,0,0.0,0.0,0.0,0.0,7688.0,0.0,0,0
76a4d7aaccab,Koppal,4D4A2,4D4A2M3a,Raghunathanhalli-2,0704020013,187/*/*,0.62,0.0,ST,small,1,AG3,BMKiB1g1,TCB,124.0,131.99,value,131.99,0.0,0.0,0.0,,0,0,0.0,0.0,0.0,0.0,7688.0,6784.286,1,1
88025c353907,Koppal,4D4A2,4D4A2M3a,Raghunathanhalli-2,0704020013,188/*/*,1.15,0.0,OTHER,small,1,AG3,BMKiB1g1,TCB,229.99999999999997,146.12,value,146.12,1.0,1.0,0.0,,0,0,0.0,0.0,40.0,95.0,28569.999999999996,20302.568,1,1
6463ee7454b4,Koppal,4D4A2,4D4A2M3a,Raghunathanhalli-2,0704020013,176/*/1,0.06,0.0,OBC,small,0,AG3,BMKiA1,TCB,12.0,9.6,value,9.6,0.0,0.0,0.0,,0,0,0.0,0.0,0.0,0.0,744.0,493.43999999999994,1,1
aa2d5096317e,Koppal,4D4A2,4D4A2M3a,Raghunathanhalli-2,0704020013,176/*/2,0.65,0.0,OTHER,small,1,AG3,BMKiA1,TCB,130.0,0.0,value,0.0,0.0,0.0,0.0,,0,0,0.0,0.0,0.0,0.0,8060.0,0.0,0,0
b6ae24ecbe0e,Koppal,4D4A2,4D4A2M3a,Raghunathanhalli-2,0704020013,179/*/10,0.35,0.0,OBC,small,0,AG3,MTLmB2g2,TCB,70.0,0.0,value,0.0,0.0,0.0,0.0,,0,0,0.0,0.0,0.0,0.0,4340.0,0.0,0,0
9509ac7ee3ef,Koppal,4D4A2,4D4A2M3a,Raghunathanhalli-2,0704020013,181/*/1,1.6,0.0,OBC,small,0,AG3,MTLmB2g2,TCB,320.0,256.0,value,256.0,1.0,,0.0,,0,0,0.0,0.0,0.0,0.0,32780.0,13158.4,1,1
802d59303448,Koppal,4D4A2,4D4A2M3a,Raghunathanhalli-2,0704020013,173/*/3,0.75,0.0,OBC,small,0,AG3,BMKiA1,TCB,150.0,221.11,value,221.11,0.0,1.0,0.0,,0,0,0.0,0.0,0.0,0.0,9300.0,14266.264,1,1
e62f56d99913,Koppal,4D4A2,4D4A2M3a,Raghunathanhalli-2,0704020013,174/*/4,1.17,0.0,OTHER,small,1,AG3,BMKiA1,TCB,234.0,0.0,value,0.0,1.0,,0.0,,0,0,0.0,0.0,0.0,0.0,25126.0,0.0,0,0
d23ca5422b8e,Koppal,4D4A2,4D4A2M3a,Raghunathanhalli-2,0704020013,179/*/2,2.46,0.0,OTHER,medium,1,AG3,MTLmB2g2,TCB,492.0,393.6,value,393.6,2.0,,0.0,,0,0,0.0,0.0,0.0,0.0,52388.0,20231.04,1,1
a9d72021e5b4,Koppal,4D4A2,4D4A2M3a,Raghunathanhalli-2,0704020013,181/*/5,3.54,0.0,OTHER,medium,1,AG3,MTLmB2g2,TCB,708.0,0.0,value,0.0,3.0,,0.0,,0,0,0.0,0.0,0.0,0.0,75912.0,0.0,0,0
cf6bd5caf779,Koppal,4D4A2,4D4A2M3a,Raghunathanhalli-2,0704020013,179/*/4,0.35,0.0,OTHER,small,1,AG3,MTLmB2g2,TCB,70.0,0.0,value,0.0,0.0,0.0,0.0,,0,0,0.0,0.0,0.0,0.0,4340.0,0.0,0,0
36edd6ae2284,Koppal,4D4A2,4D4A2M3a,Raghunathanhalli-2,0704020013,179/*/6,2.0,0.0,OTHER,small,1,AG3,MTLmB2g2,TCB,400.0,320.0,value,320.0,2.0,,0.0,,0,1,0.0,0.0,0.0,0.0,141700.0,149735.0,1,1
434335cba8f7,Koppal,4D4A2,4D4A2M3a,Raghunathanhalli-2,0704020013,179/*/9,0.04,0.0,OBC,small,1,AG3,MTLmB2g2,TCB,8.0,6.4,value,6.4,0.0,0.0,0.0,,0,0,0.0,0.0,0.0,0.0,496.0,328.96000000000004,1,1
a63bff6a877d,Koppal,4D4A2,4D4A2M3a,Raghunathanhalli-2,0704020013,189/*/5,0.8,0.0,OBC,small,1,AG3,BMKiB1g2,TCB,160.0,128.0,value,128.0,0.0,0.0,0.0,,0,0,0.0,0.0,0.0,0.0,9920.0,6579.2,1,1
edab79cecbcd,Koppal,4D4A2,4D4A2M3a,Raghunathanhalli-2,0704020013,193/*/*,1.29,0.0,OBC,small,1,AG3,BMKiB1g2,TCB,258.0,146.12,value,146.12,1.0,,0.0,,0,0,0.0,0.0,0.0,0.0,27262.0,7510.568,1,1
0230ebea60f8,Koppal,4D4A2,4D4A2M3a,Raghunathanhalli-2,0704020013,183/*/3,0.8,0.0,OBC,small,0,AG3,BMKiA1,TCB,160.0,128.0,value,128.0,0.0,0.0,0.0,,0,0,0.0,0.0,0.0,0.0,9920.0,6579.2,1,1
bfe287d410be,Koppal,4D4A2,4D4A2M3a,Raghunathanhalli-2,0704020013,184/*/1,0.7,0.0,OTHER,small,1,AG3,BMKiB1g1,TCB,140.0,107.51,value,107.51,0.0,0.0,0.0,,0,0,0.0,0.0,0.0,0.0,8680.0,5526.014,1,1
76a4d7aaccab,Koppal,4D4A2,4D4A2M3a,Raghunathanhalli-2,0704020013,187/*/*,0.46,0.0,OTHER,small,1,AG3,BMKiB1g1,TCB,92.0,73.6,value,73.6,0.0,0.0,0.0,,0,0,0.0,0.0,0.0,0.0,5704.0,3783.0399999999995,1,1
5d813ebbdbfe,Koppal,4D4A2,4D4A2M3a,Raghunathanhalli-2,0704020013,189/*/3,2.05,0.0,OTHER,small,1,AG3,BMKiB1g2,TCB,409.99999999999994,334.89,value,334.89,2.0,2.0,0.0,,0,0,0.0,0.0,40.0,95.0,48889.99999999999,41306.346,1,1
47deea05e230,Koppal,4D4A2,4D4A2M3a,Raghunathanhalli-2,0704020013,182/*/*,1.15,1.0,OTHER,small,1,AG3,BMKiB1g1,TCB,229.99999999999997,0.0,value,0.0,1.0,,0.0,,0,0,0.0,0.0,0.0,0.0,24769.999999999996,0.0,0,0
76a4d7aaccab,Koppal,4D4A2,4D4A2M3a,Raghunathanhalli-2,0704020013,187/*/*,0.45,0.0,OTHER,small,1,AG3,BMKiB1g1,TCB,90.0,131.99,value,131.99,0.0,0.0,0.0,,0,0,0.0,0.0,0.0,0.0,5580.0,6784.286,1,1
463fc07bfe1b,Koppal,4D4A2,4D4A2M3a,Raghunathanhalli-2,0704020013,189/*/2,0.85,1.0,OTHER,small,1,AG3,BMKiB1g2,TCB,170.0,179.26,value,179.26,0.0,0.0,0.0,,0,0,0.0,0.0,0.0,0.0,10540.0,9213.964,1,1
c2570076f45d,Koppal,4D4A2,4D4A2M3a,Raghunathanhalli-2,0704020013,180/*/3,1.52,0.0,OBC,small,0,AG3,MTLmB2g2,TCB,304.0,249.28,formula_82pct_of_proposed,,1.0,,0.0,,0,0,0.0,0.0,0.0,0.0,31356.0,12812.992,1,0
21a7d2e2fa4f,Koppal,4D4A2,4D4A2M3a,Raghunathanhalli-2,0704020013,190/*/3,0.83,1.0,OTHER,small,1,AG3,BMKiB1g1,TCB,166.0,146.12,value,146.12,0.0,0.0,0.0,,0,0,0.0,0.0,0.0,0.0,10292.0,7510.568,1,1
ee9f40ea57d3,Koppal,4D4A2,4D4A2M3a,Raghunathanhalli-2,0704020013,181/*/3,0.8,0.0,OBC,small,0,AG3,MTLmB2g2,TCB,160.0,128.0,value,128.0,0.0,0.0,0.0,,0,0,0.0,0.0,0.0,0.0,9920.0,6579.2,1,1
c86d899443c3,Koppal,4D4A2,4D4A2M3a,Raghunathanhalli-2,0704020013,184/*/2,0.7,1.0,OBC,small,0,AG3,BMKiB1g1,TCB,140.0,0.0,value,0.0,0.0,0.0,0.0,,0,0,0.0,0.0,0.0,0.0,8680.0,0.0,0,0
82917de04744,Koppal,4D4A2,4D4A2M3a,Raghunathanhalli-2,0704020013,186/*/*,1.36,1.0,OTHER,small,1,AG3,BMKiB1g1,TCB,272.0,146.12,value,146.12,1.0,,0.0,,0,0,0.0,0.0,0.0,0.0,28508.0,7510.568,1,1
1586488466ae,Koppal,4D4A2,4D4A2M3a,Raghunathanhalli-2,0704020013,190/*/1,1.64,1.0,OTHER,small,1,AG3,BMKiB1g1,TCB,328.0,292.24,value,292.24,1.0,,0.0,,0,0,0.0,0.0,40.0,95.0,37292.0,24046.136,1,1
c4703658ec2c,Koppal,4D4A2,4D4A2M3a,Raghunathanhalli-2,0704020013,123/*/4,0.45,0.0,OBC,small,0,AG1,KSPiB2g1,TCB,90.0,72.0,value,72.0,0.0,0.0,0.0,,0,0,0.0,0.0,0.0,0.0,5580.0,3700.7999999999997,1,1
4695ba188f6f,Koppal,4D4A2,4D4A2M3a,Raghunathanhalli-2,0704020013,123/*/5,0.44,0.0,OBC,small,0,AG1,KSPiB2g1,TCB,88.0,70.4,value,70.4,0.0,0.0,0.0,,0,0,0.0,0.0,0.0,0.0,5456.0,3618.5600000000004,1,1
d87bf4e9dba1,Koppal,4D4A2,4D4A2M3a,Raghunathanhalli-2,0704020013,133/*/*,0.09,0.0,OTHER,small,1,AG1,BGTmB2g2,TCB,18.0,14.4,value,14.4,0.0,0.0,0.0,,0,0,0.0,0.0,0.0,0.0,1116.0,740.16,1,1
d87bf4e9dba1,Koppal,4D4A2,4D4A2M3a,Raghunathanhalli-2,0704020013,133/*/*,2.83,1.0,OBC,medium,0,AG1,BGTmB2g2,TCB,566.0,386.49,value,386.49,2.0,2.0,0.0,,0,0,0.0,0.0,40.0,95.0,62774.0,43958.585999999996,1,1
d87bf4e9dba1,Koppal,4D4A2,4D4A2M3a,Raghunathanhalli-2,0704020013,133/*/*,0.86,0.0,OTHER,small,1,AG1,BGTmB2g2,TCB,172.0,0.0,value,0.0,0.0,0.0,0.0,,0,0,0.0,0.0,0.0,0.0,10664.0,0.0,0,0
d87bf4e9dba1,Koppal,4D4A2,4D4A2M3a,Raghunathanhalli-2,0704020013,133/*/*,2.82,0.0,OTHER,medium,1,AG1,BGTmB2g2,TCB,564.0,542.37,value,542.37,2.0,1.0,0.0,,0,0,0.0,0.0,40.0,95.0,62596.0,40669.818,1,1
1720f9a6912e,Koppal,4D4A2,4D4A2M3a,Raghunathanhalli-2,0704020013,138/*/1,2.16,0.0,OBC,small,0,AG1,BGTmB2g2,TCB,432.0,234.62,value,234.62,2.0,,0.0,,0,0,0.0,0.0,40.0,95.0,50848.0,21084.468,1,1
a97ee79aff3e,Koppal,4D4A2,4D4A2M3a,Raghunathanhalli-2,0704020013,142/*/2,0.41,0.0,OBC,small,0,AG1,BGTmB2g2,TCB,82.0,179.26,value,179.26,0.0,0.0,0.0,,0,0,0.0,0.0,0.0,0.0,5084.0,9213.964,1,1
59131d5cfe95,Koppal,4D4A2,4D4A2M3a,Raghunathanhalli-2,0704020013,145/*/1,1.66,1.0,OBC,small,0,AG1,BGTmB2g2,TCB,332.0,226.51,value,226.51,1.0,1.0,0.0,,0,0,0.0,0.0,40.0,95.0,37648.0,24434.614,1,1
ec8cc0c936dd,Koppal,4D4A2,4D4A2M3a,Raghunathanhalli-2,0704020013,145/*/2,0.78,0.0,OBC,small,0,AG1,BGTmB2g2,TCB,156.0,207.51,value,207.51,0.0,1.0,0.0,,0,0,0.0,0.0,0.0,0.0,9672.0,14699.014,1,1
6dfeb8fda6c4,Koppal,4D4A2,4D4A2M3a,Raghunathanhalli-2,0704020013,145/*/4,1.13,1.0,OTHER,small,1,AG1,BGTmB2g2,TCB,225.99999999999997,207.51,value,207.51,1.0,,0.0,,0,0,0.0,0.0,40.0,95.0,28213.999999999996,19691.014,1,1
e46c59885755,Koppal,4D4A2,4D4A2M3a,Raghunathanhalli-2,0704020013,146/*/5,0.8,1.0,OTHER,small,1,AG1,BGTmB2g2,TCB,160.0,169.75,value,169.75,0.0,0.0,0.0,,0,0,0.0,0.0,0.0,0.0,9920.0,8725.15,1,1
0c46cbbe39b8,Koppal,4D4A2,4D4A2M3a,Raghunathanhalli-2,0704020013,147/*/1,1.26,1.0,OBC,small,1,AG3,BGTmB2g2,TCB,252.0,185.44,value,185.44,1.0,1.0,0.0,,0,0,0.0,0.0,40.0,95.0,30528.0,22183.136,1,1
4895be81a37f,Koppal,4D4A2,4D4A2M3a,Raghunathanhalli-2,0704020013,147/*/4,0.43,0.0,OBC,small,1,AG3,BGTmB2g2,TCB,86.0,68.8,value,68.8,0.0,0.0,0.0,,0,0,0.0,0.0,0.0,0.0,5332.0,3536.3199999999997,1,1
faf931d16e1d,Koppal,4D4A2,4D4A2M3a,Raghunathanhalli-2,0704020013,148/*/1,1.28,0.0,OBC,small,1,AG3,BGTmB2g2,TCB,256.0,181.88,value,181.88,1.0,,0.0,,0,0,0.0,0.0,40.0,95.0,30884.0,18373.631999999998,1,1
ae460be51976,Koppal,4D4A2,4D4A2M3a,Raghunathanhalli-2,0704020013,148/*/4,1.2,0.0,OTHER,small,1,AG3,BGTmB2g2,TCB,240.0,206.84,value,206.84,1.0,1.0,0.0,,0,0,0.0,0.0,0.0,0.0,25660.0,13532.795999999998,1,1
49eec4f5ca15,Koppal,4D4A2,4D4A2M3a,Raghunathanhalli-2,0704020013,150/*/*,1.02,0.0,OBC,small,0,AG3,BMKiB1g1,TCB,204.0,141.5,value,141.5,1.0,1.0,0.0,,0,0,0.0,0.0,0.0,0.0,22456.0,11040.099999999999,1,1
722b1c10c7e5,Koppal,4D4A2,4D4A2M3a,Raghunathanhalli-2,0704020013,159/*/*,0.76,0.0,OTHER,small,1,AG3,KSPiB2g1,TCB,152.0,151.0,value,151.0,0.0,0.0,0.0,,0,0,0.0,0.0,0.0,0.0,9424.0,7761.4,1,1
d269ed77f68d,Koppal,4D4A2,4D4A2M3a,Raghunathanhalli-2,0704020013,162/*/2,0.84,0.0,OBC,small,1,AG3,KSPiB2g1,TCB,168.0,231.81,value,231.81,0.0,1.0,0.0,,0,0,0.0,0.0,0.0,0.0,10416.0,14816.253999999999,1,1
8585edf80304,Koppal,4D4A2,4D4A2M3a,Raghunathanhalli-2,0704020013,168/*/1,0.77,0.0,OBC,small,1,AG3,BMKiA1,TCB,154.0,196.15,value,196.15,0.0,0.0,0.0,,0,0,0.0,0.0,0.0,0.0,9548.0,10082.11,1,1
98b92465d27d,Koppal,4D4A2,4D4A2M3a,Raghunathanhalli-2,0704020013,176/*/4,1.48,0.0,OBC,small,1,AG3,BMKiA1,TCB,296.0,242.72,formula_82pct_of_proposed,,1.0,,0.0,,0,0,0.0,0.0,0.0,0.0,30644.0,12475.807999999999,1,0
6c7dabe4e999,Koppal,4D4A2,4D4A2M3a,Raghunathanhalli-2,0704020013,178/*/*,1.17,0.0,SC,small,1,AG3,MTLmB2g2,TCB,234.0,191.88,formula_82pct_of_proposed,,1.0,,0.0,,0,0,0.0,0.0,0.0,0.0,25126.0,9862.632,1,0
f235c34046d1,Koppal,4D4A2,4D4A2M3a,Raghunathanhalli-2,0704020013,179/*/1,0.61,0.0,OTHER,small,1,AG3,MTLmB2g2,TCB,122.0,0.0,value,0.0,0.0,0.0,0.0,,0,0,0.0,0.0,0.0,0.0,7564.0,0.0,0,0
57b1cab0a5f1,Koppal,4D4A2,4D4A2M3a,Raghunathanhalli-2,0704020013,179/*/11,0.35,0.0,OBC,small,1,AG3,MTLmB2g2,TCB,70.0,0.0,value,0.0,0.0,0.0,0.0,,0,0,0.0,0.0,0.0,0.0,4340.0,0.0,0,0
2df7c840ebf8,Koppal,4D4A2,4D4A2M3a,Raghunathanhalli-2,0704020013,183/*/1,2.4,1.0,OBC,medium,0,AG3,BMKiA1,TCB,480.0,393.6,formula_82pct_of_proposed,,2.0,,0.0,,0,0,0.0,0.0,0.0,0.0,51320.0,20231.04,1,0
4c52b1880024,Koppal,4D4A2,4D4A2M3a,Raghunathanhalli-2,0704020013,185/*/1,0.72,0.0,OBC,small,1,AG3,BMKiB1g1,TCB,144.0,404.67,value,404.67,0.0,2.0,0.0,,0,0,0.0,0.0,0.0,0.0,8928.0,35868.038,1,1
ff318846191d,Koppal,4D4A2,4D4A2M3a,Raghunathanhalli-2,0704020013,185/*/2,0.71,0.0,OBC,small,1,AG3,BMKiB1g1,TCB,142.0,0.0,value,0.0,0.0,0.0,0.0,,0,0,0.0,0.0,0.0,0.0,8804.0,0.0,0,0
00cfcaf7a56b,Koppal,4D4A2,4D4A2M3a,Raghunathanhalli-2,0704020013,185/*/3,0.72,0.0,OBC,small,1,AG3,BMKiB1g1,TCB,144.0,118.08,formula_82pct_of_proposed,,0.0,0.0,0.0,,0,0,0.0,0.0,0.0,0.0,8928.0,6069.312,1,0
82917de04744,Koppal,4D4A2,4D4A2M3a,Raghunathanhalli-2,0704020013,186/*/*,0.04,0.0,OTHER,small,1,AG3,BMKiB1g1,TCB,8.0,6.4,value,6.4,0.0,0.0,0.0,,0,0,0.0,0.0,0.0,0.0,496.0,328.96000000000004,1,1
76a4d7aaccab,Koppal,4D4A2,4D4A2M3a,Raghunathanhalli-2,0704020013,187/*/*,0.46,0.0,OBC,small,0,AG3,BMKiB1g1,TCB,92.0,131.99,value,131.99,0.0,0.0,0.0,,0,0,0.0,0.0,0.0,0.0,5704.0,6784.286,1,1
d91ed7f9b1f9,Koppal,4D4A2,4D4A2M3a,Raghunathanhalli-2,0704020013,192/*/2,0.52,1.0,OTHER,small,1,AG3,BMKiB1g2,TCB,104.0,146.12,value,146.12,0.0,0.0,0.0,,0,0,0.0,0.0,0.0,0.0,6448.0,7510.568,1,1
5678d7c684bf,Koppal,4D4A2,4D4A2M3a,Raghunathanhalli-2,0704020029,12/*/2,1.02,0.0,OBC,small,0,AG2,GRHmB1,TCB,204.0,0.0,value,0.0,1.0,,0.0,,0,0,0.0,0.0,40.0,95.0,26256.0,9025.0,1,1
0286ed8b9247,Koppal,4D4A2,4D4A2M3a,Raghunathanhalli-2,0704020029,12/*/7,0.53,0.0,OBC,small,0,AG2,GRHmB1,TCB,106.0,0.0,value,0.0,0.0,0.0,0.0,,0,0,0.0,0.0,0.0,0.0,6572.0,0.0,0,0
baa9193e4b66,Koppal,4D4A2,4D4A2M3a,Raghunathanhalli-2,0704020029,13/*/*,1.01,0.0,OTHER,small,1,AG2,GRHmB1,TCB,202.0,192.59,value,192.59,1.0,,0.0,,0,0,0.0,0.0,0.0,0.0,22278.0,9899.126,1,1
baa9193e4b66,Koppal,4D4A2,4D4A2M3a,Raghunathanhalli-2,0704020029,13/*/*,1.8,0.0,OBC,small,0,AG2,GRHmB1,TCB,360.0,135.51,value,135.51,1.0,1.0,0.0,,0,0,0.0,0.0,0.0,0.0,36340.0,9936.614,1,1
422dec0d2b7d,Koppal,4D4A2,4D4A2M3a,Raghunathanhalli-2,0704020029,12/*/9,1.02,0.0,ST,small,1,AG2,GRHmB1,TCB,204.0,0.0,value,0.0,1.0,,0.0,,0,0,0.0,0.0,0.0,0.0,22456.0,0.0,0,0
038e7a78abde,Koppal,4D4A2,4D4A2M3a,Raghunathanhalli-2,0704020029,12/*/8,0.53,0.0,ST,small,1,AG2,GRHmB1,TCB,106.0,0.0,value,0.0,0.0,0.0,0.0,,0,0,0.0,0.0,0.0,0.0,6572.0,0.0,0,0
886f7b0ccdf7,Koppal,4D4A2,4D4A2M3a,Raghunathanhalli-2,0704020029,12/*/6,1.02,1.0,ST,small,1,AG2,GRHmB1,TCB,204.0,0.0,value,0.0,1.0,,0.0,,0,0,0.0,0.0,0.0,0.0,22456.0,0.0,0,0
c3ff9fba2505,Koppal,4D4A2,4D4A2M3a,Raghunathanhalli-2,0704020029,12/*/3,1.03,0.0,OBC,small,0,AG2,GRHmB1,TCB,206.0,0.0,value,0.0,1.0,,0.0,,0,0,0.0,0.0,40.0,95.0,26434.0,9025.0,1,1
aa542f64319f,Koppal,4D4A2,4D4A2M3a,Raghunathanhalli-2,0704020029,14/*/*,0.8,0.0,OBC,small,1,AG2,GRHmB1,TCB,160.0,139.08,value,139.08,0.0,1.0,0.0,,0,0,0.0,0.0,0.0,0.0,9920.0,11605.812000000002,1,1
6ce961e0e2ae,Koppal,4D4A2,4D4A2M3a,Raghunathanhalli-2,0704020029,17/*/*,1.22,0.0,ST,small,1,AG2,RNKmB1,TCB,244.0,195.2,value,195.2,1.0,,0.0,,0,0,0.0,0.0,0.0,0.0,26016.0,10033.279999999999,1,1
baa9193e4b66,Koppal,4D4A2,4D4A2M3a,Raghunathanhalli-2,0704020029,13/*/*,1.0,0.0,OBC,small,0,AG2,GRHmB1,TCB,200.0,96.29,value,96.29,0.0,0.0,0.0,,0,0,0.0,0.0,0.0,0.0,17800.0,4949.3060000000005,1,1
baa9193e4b66,Koppal,4D4A2,4D4A2M3a,Raghunathanhalli-2,0704020029,13/*/*,2.04,0.0,OBC,small,0,AG2,GRHmB1,TCB,408.0,213.98,value,213.98,2.0,1.0,0.0,,0,0,0.0,0.0,0.0,0.0,44912.0,13969.971999999998,1,1
f443a55c8c65,Koppal,4D4A2,4D4A2M3a,Raghunathanhalli-2,0704020029,16/*/5,2.79,0.0,OBC,medium,1,AG2,MTLmB2g1,TCB,558.0,0.0,value,0.0,2.0,,0.0,,0,0,0.0,0.0,40.0,0.0,62062.0,0.0,0,0
5a9984d399e3,Koppal,4D4A2,4D4A2M3a,Raghunathanhalli-2,0704020029,12/*/5,1.02,0.0,ST,small,1,AG2,GRHmB1,TCB,204.0,0.0,value,0.0,1.0,,0.0,,0,0,0.0,0.0,40.0,0.0,26256.0,0.0,0,0
ae1c015953e8,Koppal,4D4A2,4D4A2M3a,Raghunathanhalli-2,0704020029,18/*/*,2.1,0.0,ST,small,1,AG2,RNKmB1,TCB,420.0,288.88,value,288.88,2.0,1.0,0.0,,0,0,0.0,0.0,0.0,0.0,45980.0,17819.832,1,1
67dfefc57df1,Koppal,4D4A2,4D4A2M3a,Raghunathanhalli-2,0704020029,12/*/1,1.0,0.0,ST,small,1,AG2,GRHmB1,TCB,200.0,0.0,value,0.0,0.0,0.0,0.0,,0,0,0.0,0.0,40.0,95.0,21600.0,9025.0,1,1
ed3478406987,Koppal,4D4A2,4D4A2M3a,Raghunathanhalli-2,0704020029,12/*/4,1.03,0.0,OBC,small,0,AG2,GRHmB1,TCB,206.0,0.0,value,0.0,1.0,,0.0,,0,0,0.0,0.0,40.0,0.0,26434.0,0.0,0,0
aa542f64319f,Koppal,4D4A2,4D4A2M3a,Raghunathanhalli-2,0704020029,14/*/*,0.8,1.0,OTHER,small,1,AG2,GRHmB1,TCB,160.0,149.78,value,149.78,0.0,1.0,0.0,,0,0,0.0,0.0,0.0,0.0,9920.0,10670.092,1,1
aa542f64319f,Koppal,4D4A2,4D4A2M3a,Raghunathanhalli-2,0704020029,14/*/*,0.94,0.0,OBC,small,0,AG2,GRHmB1,TCB,188.0,178.31,value,178.31,0.0,1.0,0.0,,0,0,0.0,0.0,0.0,0.0,11656.0,12136.534,1,1
aa542f64319f,Koppal,4D4A2,4D4A2M3a,Raghunathanhalli-2,0704020029,14/*/*,0.2,0.0,OTHER,small,1,AG2,GRHmB1,TCB,40.0,174.74,value,174.74,0.0,1.0,0.0,,0,0,0.0,0.0,0.0,0.0,2480.0,11953.036,1,1
76186858db3d,Koppal,4D4A2,4D4A2M3a,Raghunathanhalli-2,0704020029,15/*/*,2.72,0.0,OBC,medium,0,AG2,RNKmB1,TCB,544.0,171.18,value,171.18,2.0,1.0,0.0,,0,0,0.0,0.0,0.0,0.0,57016.0,11770.052,1,1
d973a36b1e25,Koppal,4D4A2,4D4A2M3a,Raghunathanhalli-2,0704020029,16/*/4,0.11,1.0,OBC,small,0,AG2,MTLmB2g1,TCB,22.0,363.76,value,363.76,0.0,0.0,0.0,,0,0,0.0,0.0,0.0,0.0,1364.0,18697.264,1,1
baa9193e4b66,Koppal,4D4A2,4D4A2M3a,Raghunathanhalli-2,0704020029,13/*/*,1.0,1.0,OBC,small,0,AG2,GRHmB1,TCB,200.0,142.65,value,142.65,0.0,1.0,0.0,,0,0,0.0,0.0,0.0,0.0,17800.0,10303.61,1,1
76186858db3d,Koppal,4D4A2,4D4A2M3a,Raghunathanhalli-2,0704020029,15/*/*,1.32,0.0,OTHER,small,1,AG2,RNKmB1,TCB,264.0,278.18,value,278.18,1.0,,0.0,,0,0,0.0,0.0,0.0,0.0,27796.0,14298.452,1,1
8bfca5c71b00,Koppal,4D4A2,4D4A2M3a,Raghunathanhalli-2,0704020029,16/*/2,2.78,0.0,OBC,medium,0,AG2,MTLmB2g1,TCB,556.0,0.0,value,0.0,2.0,,0.0,,0,0,0.0,0.0,40.0,0.0,61884.0,0.0,0,0
aa542f64319f,Koppal,4D4A2,4D4A2M3a,Raghunathanhalli-2,0704020029,14/*/*,2.02,0.0,OBC,small,0,AG2,GRHmB1,TCB,404.0,221.11,value,221.11,2.0,1.0,0.0,,0,0,0.0,0.0,40.0,95.0,48356.0,24104.304,1,1
76186858db3d,Koppal,4D4A2,4D4A2M3a,Raghunathanhalli-2,0704020029,15/*/*,1.13,0.0,OTHER,small,1,AG2,RNKmB1,TCB,225.99999999999997,213.98,value,213.98,1.0,,0.0,,0,0,0.0,0.0,0.0,0.0,24413.999999999996,10998.571999999998,1,1
aa542f64319f,Koppal,4D4A2,4D4A2M3a,Raghunathanhalli-2,0704020029,14/*/*,1.2,0.0,OBC,small,1,AG2,GRHmB1,TCB,240.0,249.64,value,249.64,1.0,,0.0,,0,0,0.0,0.0,40.0,95.0,29460.0,21856.496,1,1
f6ae32891cac,Koppal,4D4A2,4D4A2M3a,Raghunathanhalli-2,0704020029,16/*/1,0.68,1.0,OTHER,small,1,AG2,MTLmB2g1,TCB,136.0,111.52,formula_82pct_of_proposed,,0.0,0.0,0.0,,0,0,0.0,0.0,0.0,0.0,8432.0,5732.128,1,0
f09fc0112f7a,Koppal,4D4A2,4D4A2M3a,Raghunathanhalli-2,0704020029,16/*/3,2.11,0.0,OTHER,small,1,AG2,MTLmB2g1,TCB,422.0,346.04,formula_82pct_of_proposed,,2.0,,0.0,,0,0,0.0,0.0,40.0,0.0,49958.0,17786.456000000002,1,0
dd14d94b1c36,Koppal,4D4A2,4D4A2M3a,Raghunathanhalli-2,0704020017,25/*/*,0.4,0.0,OTHER,small,1,AG2,RNKmB2g1,TCB,80.0,64.0,value,64.0,0.0,0.0,0.0,,0,0,0.0,0.0,0.0,0.0,4960.0,3289.6,1,1
dd14d94b1c36,Koppal,4D4A2,4D4A2M3a,Raghunathanhalli-2,0704020017,25/*/*,0.38,0.0,OTHER,small,1,AG2,RNKmB2g1,TCB,76.0,62.32,formula_82pct_of_proposed,,0.0,0.0,0.0,,0,0,0.0,0.0,0.0,0.0,4712.0,3203.248,1,0
dd14d94b1c36,Koppal,4D4A2,4D4A2M3a,Raghunathanhalli-2,0704020017,25/*/*,0.4,0.0,OTHER,small,1,AG2,RNKmB2g1,TCB,80.0,64.0,value,64.0,0.0,0.0,0.0,,0,0,0.0,0.0,0.0,0.0,4960.0,3289.6,1,1
23f02637f7d2,Koppal,4D4A2,4D4A2M3a,Raghunathanhalli-2,0704020017,26/*/1,0.7,0.0,OTHER,small,0,AG2,RNKmB2g1,TCB,140.0,0.0,value,0.0,0.0,0.0,0.0,,0,0,0.0,0.0,0.0,0.0,8680.0,0.0,0,0
04ceec016ad9,Koppal,4D4A2,4D4A2M3a,Raghunathanhalli-2,0704020017,26/*/2,1.99,0.0,OTHER,small,1,AG2,RNKmB2g1,TCB,398.0,326.36,formula_82pct_of_proposed,,1.0,,0.0,,0,0,0.0,0.0,0.0,0.0,39722.0,16774.904,1,0
dd14d94b1c36,Koppal,4D4A2,4D4A2M3a,Raghunathanhalli-2,0704020017,25/*/*,1.23,0.0,OTHER,small,1,AG2,RNKmB2g1,TCB,246.0,196.8,value,196.8,1.0,,0.0,,0,0,0.0,0.0,0.0,0.0,26194.0,10115.52,1,1
3c0d42262ff1,Koppal,4D4A2,4D4A2M3a,Raghunathanhalli-2,0805010001,171/*/2,0.77,0.0,OTHER,small,1,AG4,BMKiB1g1,TCB,154.0,0.0,value,0.0,0.0,0.0,0.0,,0,0,0.0,0.0,0.0,0.0,9548.0,0.0,0,0
4a9d719caeb8,Koppal,4D4A2,4D4A2M3a,Raghunathanhalli-2,0805010001,171/*/4,1.95,0.0,OTHER,small,1,AG4,BMKiB1g1,TCB,390.0,319.8,formula_82pct_of_proposed,,1.0,,0.0,,0,0,0.0,0.0,0.0,0.0,39010.0,16437.72,1,0
78021299b8d6,Koppal,4D4A2,4D4A2M3a,Raghunathanhalli-2,0805010001,171/*/5,1.95,0.0,OTHER,small,1,AG4,BMKiB1g1,TCB,390.0,319.8,formula_82pct_of_proposed,,1.0,,0.0,,0,0,0.0,0.0,0.0,0.0,39010.0,16437.72,1,0
fee31f7abc4a,Koppal,4D4A2,4D4A2M3a,Raghunathanhalli-2,0805010001,172/*/2A,0.74,0.0,ST,small,1,AG4,BMKiB1g1,TCB,148.0,0.0,value,0.0,0.0,0.0,0.0,,0,0,0.0,0.0,0.0,0.0,9176.0,0.0,0,0
32f3ee8b2d06,Koppal,4D4A2,4D4A2M3a,Raghunathanhalli-2,0805010001,172/*/2B,0.42,0.0,SC,small,1,AG4,BMKiB1g1,TCB,84.0,67.2,value,67.2,0.0,0.0,0.0,,0,0,0.0,0.0,0.0,0.0,5208.0,3454.08,1,1
b06c388f683e,Koppal,4D4A2,4D4A2M3a,Raghunathanhalli-2,0805010001,172/*/2C,0.37,0.0,ST,small,1,AG4,BMKiB1g1,TCB,74.0,60.68,formula_82pct_of_proposed,,0.0,0.0,0.0,,0,0,0.0,0.0,0.0,0.0,4588.0,3118.9519999999998,1,0
d8a66d4e3acb,Koppal,4D4A2,4D4A2M3a,Raghunathanhalli-2,0805010001,172/*/1A,1.85,0.0,OTHER,small,1,AG4,BMKiB1g1,TCB,370.0,0.0,value,0.0,1.0,,0.0,,0,0,0.0,0.0,40.0,0.0,41030.0,0.0,0,0
d681a0203153,Koppal,4D4A2,4D4A2M3a,Raghunathanhalli-2,0805010001,172/*/1B,2.0,0.0,OTHER,medium,1,AG4,BMKiB1g1,TCB,400.0,320.0,value,320.0,2.0,,0.0,,0,0,0.0,0.0,40.0,95.0,48000.0,25473.0,1,1
8093dcf5c736,Koppal,4D4A2,4D4A2M3a,Raghunathanhalli-2,0805010001,173/*/6,6.63,0.0,OTHER,large,1,AG4,MTLmB2g2,TCB,1326.0,0.0,value,0.0,3.0,,0.0,,0,0,0.0,0.0,40.0,0.0,134714.0,0.0,0,0
d91ad5e21edb,Koppal,4D4A2,4D4A2M3a,Raghunathanhalli-2,0805010001,173/*/5,0.36,0.0,OTHER,small,1,AG4,MTLmB2g2,TCB,72.0,59.04,formula_82pct_of_proposed,,0.0,0.0,0.0,,0,0,0.0,0.0,0.0,0.0,4464.0,3034.656,1,0
b94d42f79b18,Koppal,4D4A2,4D4A2M3a,Raghunathanhalli-2,0805010001,173/*/4,0.53,0.0,OTHER,small,0,AG4,MTLmB2g2,TCB,106.0,86.92,formula_82pct_of_proposed,,0.0,0.0,0.0,,0,0,0.0,0.0,0.0,0.0,6572.0,4467.688,1,0
06a0dfe64ce8,Koppal,4D4A2,4D4A2M3a,Raghunathanhalli-2,0805010001,173/*/3,0.53,0.0,OTHER,small,1,AG4,MTLmB2g2,TCB,106.0,86.92,formula_82pct_of_proposed,,0.0,0.0,0.0,,0,0,0.0,0.0,0.0,0.0,6572.0,4467.688,1,0
3ce8afaf1a7a,Koppal,4D4A2,4D4A2M3a,Raghunathanhalli-2,0805010001,173/*/1,0.6,0.0,OTHER,small,1,AG4,MTLmB2g2,TCB,120.0,0.0,value,0.0,0.0,0.0,0.0,,0,0,0.0,0.0,0.0,0.0,7440.0,0.0,0,0
2df9226cb577,Koppal,4D4A2,4D4A2M3a,Raghunathanhalli-2,0805010001,173/*/2,1.1,0.0,OTHER,small,1,AG4,MTLmB2g2,TCB,220.00000000000003,0.0,value,0.0,1.0,,0.0,,0,0,0.0,0.0,40.0,0.0,27680.000000000004,0.0,0,0
626c5cefcc59,Koppal,4D4A2,4D4A2M3a,Raghunathanhalli-2,0805010001,174/*/1+2/A,1.93,0.0,OTHER,small,0,AG4,DRLmB2,TCB,386.0,316.52,formula_82pct_of_proposed,,1.0,,0.0,,0,0,0.0,0.0,0.0,0.0,38654.0,16269.127999999999,1,0
406ead357b06,Koppal,4D4A2,4D4A2M3a,Raghunathanhalli-2,0805010001,175/*/1,0.82,0.0,ST,small,1,AG4,DRLmB2,TCB,164.0,131.2,value,131.2,0.0,0.0,0.0,,0,0,0.0,0.0,0.0,0.0,10168.0,6743.679999999999,1,1
3de639021840,Koppal,4D4A2,4D4A2M3a,Raghunathanhalli-2,0805010001,175/*/3ಬ,1.83,0.0,OTHER,small,1,AG4,DRLmB2,TCB,366.0,300.12,formula_82pct_of_proposed,,1.0,,0.0,,0,0,0.0,0.0,0.0,0.0,36874.0,15426.168,1,0
5e14759791fa,Koppal,4D4A2,4D4A2M3a,Raghunathanhalli-2,0805010001,175/*/2,2.02,0.0,OTHER,medium,1,AG4,DRLmB2,TCB,404.0,323.2,value,323.2,2.0,,0.0,,0,0,0.0,0.0,40.0,95.0,48356.0,25637.48,1,1
26212dcf6d1d,Koppal,4D4A2,4D4A2M3a,Raghunathanhalli-2,0805010001,175/*/3ಅ,2.75,0.0,OTHER,medium,1,AG4,DRLmB2,TCB,550.0,451.0,formula_82pct_of_proposed,,2.0,,0.0,,0,0,0.0,0.0,0.0,0.0,57550.0,23181.399999999998,1,0
4dda87b6dfea,Koppal,4D4A2,4D4A2M3a,Raghunathanhalli-2,0805010001,175/*/7,0.81,0.0,ST,small,1,AG4,DRLmB2,TCB,162.0,0.0,value,0.0,0.0,0.0,0.0,,0,0,0.0,0.0,0.0,0.0,10044.0,0.0,0,0
e272c774fe7a,Koppal,4D4A2,4D4A2M3a,Raghunathanhalli-2,0805010001,176/*/3,1.2,0.0,OTHER,small,1,AG4,DRLmB2,TCB,240.0,192.0,value,192.0,1.0,,0.0,,0,0,0.0,0.0,0.0,0.0,25660.0,9868.8,1,1
0e3c903adb39,Koppal,4D4A2,4D4A2M3a,Raghunathanhalli-2,0805010001,176/*/1?,1.21,0.0,OTHER,small,1,AG4,DRLmB2,TCB,242.0,193.6,value,193.6,1.0,,0.0,,0,0,0.0,0.0,0.0,0.0,25838.0,9951.039999999999,1,1
b4b6640b17f3,Koppal,4D4A2,4D4A2M3a,Raghunathanhalli-2,0805010001,176/*/1ಅ,2.41,0.0,OTHER,medium,1,AG4,DRLmB2,TCB,482.0,395.24,formula_82pct_of_proposed,,2.0,,0.0,,0,0,0.0,0.0,0.0,0.0,51498.0,20315.336,1,0
72d685a644cb,Koppal,4D4A2,4D4A2M3a,Raghunathanhalli-2,0805010001,176/*/2A,1.2,0.0,OTHER,small,1,AG4,DRLmB2,TCB,240.0,192.0,value,192.0,1.0,,0.0,,0,0,0.0,0.0,0.0,0.0,25660.0,9868.8,1,1
0d7c53267468,Koppal,4D4A2,4D4A2M3a,Raghunathanhalli-2,0805010001,176/*/2B,0.61,0.0,OTHER,small,1,AG4,DRLmB2,TCB,122.0,100.04,formula_82pct_of_proposed,,0.0,0.0,0.0,,0,0,0.0,0.0,0.0,0.0,7564.0,5142.0560000000005,1,0
0d7c53267468,Koppal,4D4A2,4D4A2M3a,Raghunathanhalli-2,0805010001,176/*/2B,0.6,0.0,OTHER,small,1,AG4,DRLmB2,TCB,120.0,98.4,formula_82pct_of_proposed,,0.0,0.0,0.0,,0,0,0.0,0.0,0.0,0.0,7440.0,5057.76,1,0
3fb04d474779,Koppal,4D4A2,4D4A2M3a,Raghunathanhalli-2,0805010001,177/*/1,1.78,0.0,OTHER,small,1,AG4,MTLmB2g2,TCB,356.0,291.92,formula_82pct_of_proposed,,1.0,,0.0,,0,1,0.0,0.0,0.0,0.0,133484.0,148291.688,1,1
624444d45d6f,Koppal,4D4A2,4D4A2M3a,Raghunathanhalli-2,0805010001,177/*/2A,1.29,0.0,OTHER,small,1,AG4,MTLmB2g2,TCB,258.0,206.4,value,206.4,1.0,,0.0,,0,0,0.0,0.0,0.0,0.0,27262.0,10608.96,1,1
da555d6dcba6,Koppal,4D4A2,4D4A2M3a,Raghunathanhalli-2,0805010001,177/*/2B,1.6,0.0,OTHER,small,0,AG4,MTLmB2g2,TCB,320.0,256.0,value,256.0,1.0,,0.0,,0,0,0.0,0.0,0.0,0.0,32780.0,13158.4,1,1
bd703bbca334,Koppal,4D4A2,4D4A2M3a,Raghunathanhalli-2,0805010001,178/*/3,1.25,0.0,OTHER,small,1,AG4,MTLmB2g2,TCB,250.0,200.0,value,200.0,1.0,,0.0,,0,0,0.0,0.0,0.0,0.0,26550.0,10280.0,1,1
5679bd84b47b,Koppal,4D4A2,4D4A2M3a,Raghunathanhalli-2,0805010001,178/*/6,1.24,0.0,OTHER,small,0,AG4,MTLmB2g2,TCB,248.0,198.4,value,198.4,1.0,,0.0,,0,0,0.0,0.0,0.0,0.0,26372.0,10197.76,1,1
86bfea404091,Koppal,4D4A2,4D4A2M3a,Raghunathanhalli-2,0805010001,178/*/7,0.6,0.0,OTHER,small,1,AG4,MTLmB2g2,TCB,120.0,98.4,formula_82pct_of_proposed,,0.0,0.0,0.0,,0,0,0.0,0.0,0.0,0.0,7440.0,5057.76,1,0
cfa39a212678,Koppal,4D4A2,4D4A2M3a,Raghunathanhalli-2,0805010001,179/*/1,1.04,0.0,OTHER,small,1,AG4,DRLmB2,TCB,208.0,170.56,formula_82pct_of_proposed,,1.0,,0.0,,0,0,0.0,0.0,0.0,0.0,22812.0,8766.784,1,0
b3dcf2518a9e,Koppal,4D4A2,4D4A2M3a,Raghunathanhalli-2,0805010001,179/*/2,2.22,0.0,ST,medium,1,AG4,DRLmB2,TCB,444.00000000000006,0.0,value,0.0,2.0,,0.0,,0,0,0.0,0.0,0.0,0.0,48116.00000000001,0.0,0,0
e2a593f8c355,Koppal,4D4A2,4D4A2M3a,Raghunathanhalli-2,0805010001,180/*/1,0.94,0.0,OTHER,small,1,AG4,DRLmB2,TCB,188.0,0.0,value,0.0,0.0,0.0,0.0,,0,0,0.0,0.0,0.0,0.0,11656.0,0.0,0,0
c5bcb51d6137,Koppal,4D4A2,4D4A2M3a,Raghunathanhalli-2,0805010001,180/*/2,2.8,0.0,OTHER,medium,1,AG4,DRLmB2,TCB,560.0,448.0,value,448.0,2.0,,0.0,,0,0,0.0,0.0,0.0,0.0,58440.0,23027.2,1,1
0ae3d3d7aaa7,Koppal,4D4A2,4D4A2M3a,Raghunathanhalli-2,0805010001,180/*/3,2.89,0.0,OTHER,medium,0,AG4,DRLmB2,TCB,578.0,0.0,value,0.0,2.0,,0.0,,0,0,0.0,0.0,0.0,0.0,60042.0,0.0,0,0
5170c571a6cd,Koppal,4D4A2,4D4A2M3a,Raghunathanhalli-2,0805010001,181/*/2ಅ+2ಬ/2,1.42,0.0,OTHER,small,1,AG4,MTLmB2g2,TCB,284.0,232.88,formula_82pct_of_proposed,,1.0,,0.0,,0,0,0.0,0.0,0.0,0.0,29576.0,11970.032,1,0
132a359137b3,Koppal,4D4A2,4D4A2M3a,Raghunathanhalli-2,0805010001,181/*/2ಅ+2ಬ/3,2.0,0.0,OTHER,medium,0,AG4,MTLmB2g2,TCB,400.0,328.0,formula_82pct_of_proposed,,2.0,,0.0,,0,0,0.0,0.0,0.0,0.0,44200.0,16859.2,1,0
6bfbe1f2ca42,Koppal,4D4A2,4D4A2M3a,Raghunathanhalli-2,0805010001,181/*/1ಅ,1.7,0.0,OTHER,small,1,AG4,MTLmB2g2,TCB,340.0,278.8,formula_82pct_of_proposed,,1.0,,0.0,,0,0,0.0,0.0,0.0,0.0,34560.0,14330.32,1,0
1ea0d10133c4,Koppal,4D4A2,4D4A2M3a,Raghunathanhalli-2,0805010001,182/*/1,1.6,0.0,OTHER,small,1,AG4,MLRmB1g2,TCB,320.0,256.0,value,256.0,1.0,,0.0,,0,0,0.0,0.0,0.0,0.0,32780.0,13158.4,1,1
649329fae6f0,Koppal,4D4A2,4D4A2M3a,Raghunathanhalli-2,0805010001,182/*/4,0.4,0.0,OTHER,small,1,AG4,MLRmB1g2,TCB,80.0,64.0,value,64.0,0.0,0.0,0.0,,0,0,0.0,0.0,0.0,0.0,4960.0,3289.6,1,1
6eb4d21e31a5,Koppal,4D4A2,4D4A2M3a,Raghunathanhalli-2,0805010001,182/*/5,1.57,0.0,OTHER,small,1,AG4,MLRmB1g2,TCB,314.0,257.48,formula_82pct_of_proposed,,1.0,,0.0,,0,0,0.0,0.0,0.0,0.0,32246.0,13234.472,1,0
22d992c57c51,Koppal,4D4A2,4D4A2M3b,Raghunathanhalli-1,0704020018,13/*/*,0.27,0.0,OTHER,small,1,AG4,NSPiB1g1,TCB,54.0,44.28,formula_82pct_of_proposed,,0.0,0.0,0.0,,0,0,0.0,0.0,0.0,0.0,3348.0,2275.992,1,0
2767a47a1200,Koppal,4D4A2,4D4A2M3b,Raghunathanhalli-1,0704020018,15/*/*,1.07,0.0,OTHER,small,1,AG4,NSPiB1g1,TCB,214.0,175.48,formula_82pct_of_proposed,,1.0,,0.0,,0,0,277.0,277.0,40.0,95.0,54634.0,45467.672,1,1
8f9db7903aa3,Koppal,4D4A2,4D4A2M3b,Raghunathanhalli-1,0704020018,21/*/2,0.38,0.0,OTHER,small,0,AG4,HRVhB1g2,TCB,76.0,62.32,formula_82pct_of_proposed,,0.0,0.0,0.0,,0,0,0.0,0.0,0.0,0.0,3572.0,3203.248,1,0
17d4eacbbc52,Koppal,4D4A2,4D4A2M3b,Raghunathanhalli-1,0704020018,23/*/*,0.35,0.0,ST,small,1,AG4,BDGhB2g2,TCB,70.0,57.4,formula_82pct_of_proposed,,0.0,0.0,0.0,,0,0,0.0,0.0,0.0,0.0,4340.0,2950.3599999999997,1,0
6155a0df69bc,Koppal,4D4A2,4D4A2M3b,Raghunathanhalli-1,0704020018,19/*/*,0.6,0.0,OTHER,small,1,AG4,MKHhB1g1,TCB,120.0,98.4,formula_82pct_of_proposed,,0.0,0.0,0.0,,0,0,0.0,0.0,0.0,0.0,7440.0,5057.76,1,0
17d4eacbbc52,Koppal,4D4A2,4D4A2M3b,Raghunathanhalli-1,0704020018,23/*/*,0.36,0.0,ST,small,1,AG4,BDGhB2g2,TCB,72.0,59.04,formula_82pct_of_proposed,,0.0,0.0,0.0,,0,0,0.0,0.0,0.0,0.0,4464.0,3034.656,1,0
f6e6c90cf385,Koppal,4D4A2,4D4A2M3b,Raghunathanhalli-1,0704020018,3/*/2,0.3,0.0,OTHER,small,1,AG4,HRVhB1g2,TCB,60.0,49.2,formula_82pct_of_proposed,,0.0,0.0,0.0,,0,0,0.0,0.0,0.0,0.0,2820.0,2528.88,1,0
e07feaa18d4d,Koppal,4D4A2,4D4A2M3b,Raghunathanhalli-1,0704020018,3/*/4,0.23,0.0,OTHER,small,1,AG4,HRVhB1g2,TCB,46.0,37.72,formula_82pct_of_proposed,,0.0,0.0,0.0,,0,0,0.0,0.0,0.0,0.0,2162.0,1938.808,1,0
44598b03ffee,Koppal,4D4A2,4D4A2M3b,Raghunathanhalli-1,0704020018,3/*/6,0.4,0.0,OTHER,small,1,AG4,HRVhB1g2,TCB,80.0,65.6,formula_82pct_of_proposed,,0.0,0.0,0.0,,0,0,0.0,0.0,0.0,0.0,3760.0,3371.8399999999997,1,0
35c3fed05cfd,Koppal,4D4A2,4D4A2M3b,Raghunathanhalli-1,0704020018,3/*/7,0.51,0.0,OTHER,small,1,AG4,HRVhB1g2,TCB,102.0,0.0,value,0.0,0.0,0.0,0.0,,0,0,0.0,0.0,0.0,0.0,4794.0,0.0,0,0
894f426a741c,Koppal,4D4A2,4D4A2M3b,Raghunathanhalli-1,0704020018,14/*/*,1.0,0.0,OTHER,small,1,AG4,NSPiB1g1,TCB,200.0,164.0,formula_82pct_of_proposed,,0.0,0.0,0.0,,0,0,277.0,277.0,40.0,95.0,49088.0,44877.6,1,1
894f426a741c,Koppal,4D4A2,4D4A2M3b,Raghunathanhalli-1,0704020018,14/*/*,1.0,1.0,OTHER,small,1,AG4,NSPiB1g1,TCB,200.0,164.0,formula_82pct_of_proposed,,0.0,0.0,0.0,,0,0,277.0,277.0,40.0,95.0,49088.0,44877.6,1,1
a2f210821e55,Koppal,4D4A2,4D4A2M3b,Raghunathanhalli-1,0704020018,17/*/2,1.66,0.0,OTHER,small,1,AG4,MKHhB1g1,TCB,332.0,272.24,formula_82pct_of_proposed,,1.0,,0.0,,0,0,0.0,0.0,0.0,0.0,15604.0,13993.136,1,0
22d992c57c51,Koppal,4D4A2,4D4A2M3b,Raghunathanhalli-1,0704020018,13/*/*,0.18,0.0,OTHER,small,1,AG4,NSPiB1g1,TCB,36.0,0.0,value,0.0,0.0,0.0,0.0,,0,0,0.0,0.0,0.0,0.0,2232.0,0.0,0,0
22d992c57c51,Koppal,4D4A2,4D4A2M3b,Raghunathanhalli-1,0704020018,13/*/*,0.27,0.0,OTHER,small,1,AG4,NSPiB1g1,TCB,54.0,44.28,formula_82pct_of_proposed,,0.0,0.0,0.0,,0,0,0.0,0.0,0.0,0.0,3348.0,2275.992,1,0
22d992c57c51,Koppal,4D4A2,4D4A2M3b,Raghunathanhalli-1,0704020018,13/*/*,0.19,0.0,OTHER,small,1,AG4,NSPiB1g1,TCB,38.0,31.16,formula_82pct_of_proposed,,0.0,0.0,0.0,,0,0,0.0,0.0,0.0,0.0,2356.0,1601.624,1,0
6155a0df69bc,Koppal,4D4A2,4D4A2M3b,Raghunathanhalli-1,0704020018,19/*/*,1.65,0.0,OTHER,small,0,AG4,MKHhB1g1,TCB,330.0,270.6,formula_82pct_of_proposed,,1.0,,0.0,,0,0,0.0,0.0,0.0,0.0,15510.0,13908.84,1,0
22d992c57c51,Koppal,4D4A2,4D4A2M3b,Raghunathanhalli-1,0704020018,13/*/*,0.27,0.0,OTHER,small,1,AG4,NSPiB1g1,TCB,54.0,44.28,formula_82pct_of_proposed,,0.0,0.0,0.0,,0,0,0.0,0.0,0.0,0.0,3348.0,2275.992,1,0
22d992c57c51,Koppal,4D4A2,4D4A2M3b,Raghunathanhalli-1,0704020018,13/*/*,0.56,0.0,OTHER,small,1,AG4,NSPiB1g1,TCB,112.00000000000001,91.84000000000002,formula_82pct_of_proposed,,0.0,0.0,0.0,,0,1,0.0,0.0,0.0,0.0,104444.0,4720.576000000001,1,1
22d992c57c51,Koppal,4D4A2,4D4A2M3b,Raghunathanhalli-1,0704020018,13/*/*,0.26,0.0,OTHER,small,1,AG4,NSPiB1g1,TCB,52.0,42.64,formula_82pct_of_proposed,,0.0,0.0,0.0,,0,0,0.0,0.0,0.0,0.0,3224.0,2191.696,1,0
c11bea10fa64,Koppal,4D4A2,4D4A2M3b,Raghunathanhalli-1,0704020018,21/*/1,0.38,0.0,ST,small,1,AG4,HRVhB1g2,TCB,76.0,62.32,formula_82pct_of_proposed,,0.0,0.0,0.0,,0,0,0.0,0.0,0.0,0.0,3572.0,3203.248,1,0
22d992c57c51,Koppal,4D4A2,4D4A2M3b,Raghunathanhalli-1,0704020018,13/*/*,0.26,0.0,OTHER,small,1,AG4,NSPiB1g1,TCB,52.0,42.64,formula_82pct_of_proposed,,0.0,0.0,0.0,,0,0,0.0,0.0,0.0,0.0,3224.0,2191.696,1,0
22d992c57c51,Koppal,4D4A2,4D4A2M3b,Raghunathanhalli-1,0704020018,13/*/*,0.2,0.0,OTHER,small,1,AG4,NSPiB1g1,TCB,40.0,32.8,formula_82pct_of_proposed,,0.0,0.0,0.0,,0,0,0.0,0.0,0.0,0.0,2480.0,1685.9199999999998,1,0
22d992c57c51,Koppal,4D4A2,4D4A2M3b,Raghunathanhalli-1,0704020018,13/*/*,0.19,0.0,OTHER,small,1,AG4,NSPiB1g1,TCB,38.0,31.16,formula_82pct_of_proposed,,0.0,0.0,0.0,,0,0,0.0,0.0,0.0,0.0,2356.0,1601.624,1,0
22d992c57c51,Koppal,4D4A2,4D4A2M3b,Raghunathanhalli-1,0704020018,13/*/*,0.39,0.0,OTHER,small,1,AG4,NSPiB1g1,TCB,78.0,63.96,formula_82pct_of_proposed,,0.0,0.0,0.0,,0,0,0.0,0.0,0.0,0.0,4836.0,3287.544,1,0
22d992c57c51,Koppal,4D4A2,4D4A2M3b,Raghunathanhalli-1,0704020018,13/*/*,0.27,0.0,OTHER,small,1,AG4,NSPiB1g1,TCB,54.0,44.28,formula_82pct_of_proposed,,0.0,0.0,0.0,,0,0,0.0,0.0,0.0,0.0,3348.0,2275.992,1,0
894f426a741c,Koppal,4D4A2,4D4A2M3b,Raghunathanhalli-1,0704020018,14/*/*,1.99,0.0,OTHER,small,1,AG4,NSPiB1g1,TCB,398.0,326.36,formula_82pct_of_proposed,,1.0,,0.0,,0,0,100.0,100.0,40.0,95.0,65120.0,47399.903999999995,1,1
f6e6c90cf385,Koppal,4D4A2,4D4A2M3b,Raghunathanhalli-1,0704020018,3/*/2,0.3,0.0,OTHER,small,1,AG4,HRVhB1g2,TCB,60.0,49.2,formula_82pct_of_proposed,,0.0,0.0,0.0,,0,0,0.0,0.0,0.0,0.0,2820.0,2528.88,1,0
fa7458639c68,Koppal,4D4A2,4D4A2M3b,Raghunathanhalli-1,0704020018,3/*/9,0.3,0.0,OTHER,small,0,AG4,HRVhB1g2,TCB,60.0,49.2,formula_82pct_of_proposed,,0.0,0.0,0.0,,0,0,0.0,0.0,0.0,0.0,2820.0,2528.88,1,0
d656cd70c934,Koppal,4D4A2,4D4A2M3b,Raghunathanhalli-1,0704020018,5/*/3,0.17,0.0,OTHER,small,0,AG4,MKHhB1g1,TCB,34.0,27.88,formula_82pct_of_proposed,,0.0,0.0,0.0,,0,0,0.0,0.0,0.0,0.0,2108.0,1433.032,1,0
2767a47a1200,Koppal,4D4A2,4D4A2M3b,Raghunathanhalli-1,0704020018,15/*/*,2.15,0.0,OTHER,medium,1,AG4,NSPiB1g1,TCB,430.0,352.6,formula_82pct_of_proposed,,2.0,,0.0,,0,0,100.0,0.0,40.0,0.0,72268.0,18123.64,1,0
4f11538db49e,Koppal,4D4A2,4D4A2M3b,Raghunathanhalli-1,0704020018,17/*/1,1.66,0.0,OTHER,small,1,AG4,MKHhB1g1,TCB,332.0,272.24,formula_82pct_of_proposed,,1.0,,0.0,,0,0,0.0,0.0,0.0,0.0,15604.0,13993.136,1,0
6155a0df69bc,Koppal,4D4A2,4D4A2M3b,Raghunathanhalli-1,0704020018,19/*/*,0.5,0.0,OTHER,small,1,AG4,MKHhB1g1,TCB,100.0,82.0,formula_82pct_of_proposed,,0.0,0.0,0.0,,0,0,0.0,0.0,0.0,0.0,6200.0,4214.8,1,0
6155a0df69bc,Koppal,4D4A2,4D4A2M3b,Raghunathanhalli-1,0704020018,19/*/*,0.6,0.0,OTHER,small,1,AG4,MKHhB1g1,TCB,120.0,98.4,formula_82pct_of_proposed,,0.0,0.0,0.0,,0,0,0.0,0.0,0.0,0.0,7440.0,5057.76,1,0
22d992c57c51,Koppal,4D4A2,4D4A2M3b,Raghunathanhalli-1,0704020018,13/*/*,0.27,0.0,OTHER,small,1,AG4,NSPiB1g1,TCB,54.0,44.28,formula_82pct_of_proposed,,0.0,0.0,0.0,,0,0,0.0,0.0,0.0,0.0,3348.0,2275.992,1,0
22d992c57c51,Koppal,4D4A2,4D4A2M3b,Raghunathanhalli-1,0704020018,13/*/*,1.11,0.0,OTHER,small,0,AG4,NSPiB1g1,TCB,222.00000000000003,182.04000000000005,formula_82pct_of_proposed,,1.0,,0.0,,0,0,277.0,277.0,40.0,95.0,55346.0,45804.856,1,1
2767a47a1200,Koppal,4D4A2,4D4A2M3b,Raghunathanhalli-1,0704020018,15/*/*,1.07,1.0,OTHER,small,1,AG4,NSPiB1g1,TCB,214.0,175.48,formula_82pct_of_proposed,,1.0,,0.0,,0,0,277.0,0.0,40.0,0.0,54634.0,9019.671999999999,1,0
22d992c57c51,Koppal,4D4A2,4D4A2M3b,Raghunathanhalli-1,0704020018,13/*/*,0.26,0.0,OTHER,small,1,AG4,NSPiB1g1,TCB,52.0,42.64,formula_82pct_of_proposed,,0.0,0.0,0.0,,0,0,0.0,0.0,0.0,0.0,3224.0,2191.696,1,0
22d992c57c51,Koppal,4D4A2,4D4A2M3b,Raghunathanhalli-1,0704020018,13/*/*,1.12,0.0,OTHER,small,1,AG4,NSPiB1g1,TCB,224.00000000000003,183.68000000000004,formula_82pct_of_proposed,,1.0,,0.0,,0,0,100.0,100.0,40.0,95.0,49634.0,40066.152,1,1
22d992c57c51,Koppal,4D4A2,4D4A2M3b,Raghunathanhalli-1,0704020018,13/*/*,0.56,0.0,OTHER,small,1,AG4,NSPiB1g1,TCB,112.00000000000001,91.84000000000002,formula_82pct_of_proposed,,0.0,0.0,0.0,,0,0,0.0,0.0,0.0,0.0,6944.000000000001,4720.576000000001,1,0
6155a0df69bc,Koppal,4D4A2,4D4A2M3b,Raghunathanhalli-1,0704020018,19/*/*,0.5,0.0,OTHER,small,1,AG4,MKHhB1g1,TCB,100.0,82.0,formula_82pct_of_proposed,,0.0,0.0,0.0,,0,0,0.0,0.0,0.0,0.0,6200.0,4214.8,1,0
6155a0df69bc,Koppal,4D4A2,4D4A2M3b,Raghunathanhalli-1,0704020018,19/*/*,1.0,0.0,OTHER,small,1,AG4,MKHhB1g1,TCB,200.0,64.0,value,64.0,0.0,0.0,0.0,,0,0,0.0,0.0,0.0,0.0,9400.0,3289.6,1,1
d51d064954d4,Koppal,4D4A2,4D4A2M3b,Raghunathanhalli-1,0704020018,21/*/4,0.77,0.0,OTHER,small,0,AG4,HRVhB1g2,TCB,154.0,126.28,formula_82pct_of_proposed,,0.0,0.0,0.0,,0,0,0.0,0.0,0.0,0.0,7238.0,6490.7919999999995,1,0
a0c5c2c4bbcf,Koppal,4D4A2,4D4A2M3b,Raghunathanhalli-1,0704020018,21/*/3,0.76,0.0,OTHER,small,1,AG4,HRVhB1g2,TCB,152.0,124.64,formula_82pct_of_proposed,,0.0,0.0,0.0,,0,0,0.0,0.0,0.0,0.0,7144.0,6406.496,1,0
6155a0df69bc,Koppal,4D4A2,4D4A2M3b,Raghunathanhalli-1,0704020018,19/*/*,0.6,1.0,OTHER,small,0,AG4,MKHhB1g1,TCB,120.0,98.4,formula_82pct_of_proposed,,0.0,0.0,0.0,,0,0,0.0,0.0,0.0,0.0,7440.0,5057.76,1,0
6155a0df69bc,Koppal,4D4A2,4D4A2M3b,Raghunathanhalli-1,0704020018,19/*/*,0.6,0.0,OTHER,small,0,AG4,MKHhB1g1,TCB,120.0,0.0,value,0.0,0.0,0.0,0.0,,0,0,0.0,0.0,0.0,0.0,7440.0,0.0,0,0
22d992c57c51,Koppal,4D4A2,4D4A2M3b,Raghunathanhalli-1,0704020018,13/*/*,0.19,0.0,OTHER,small,1,AG4,NSPiB1g1,TCB,38.0,31.16,formula_82pct_of_proposed,,0.0,0.0,0.0,,0,0,0.0,0.0,0.0,0.0,2356.0,1601.624,1,0
ce5a20208d5a,Koppal,4D4A2,4D4A2M3b,Raghunathanhalli-1,0704020018,3/*  /ಈ/1,0.22,0.0,OTHER,small,0,AG4,HRVhB1g2,TCB,44.0,36.08,formula_82pct_of_proposed,,0.0,0.0,0.0,,0,0,0.0,0.0,0.0,0.0,2068.0,1854.512,1,0
71d6b9cb63d2,Koppal,4D4A2,4D4A2M3b,Raghunathanhalli-1,0704020018,5/*/13,0.09,0.0,OTHER,small,1,AG4,MKHhB1g1,TCB,18.0,14.76,formula_82pct_of_proposed,,0.0,0.0,0.0,,0,0,0.0,0.0,0.0,0.0,1116.0,758.664,1,0
973de7bbf0e2,Koppal,4D4A2,4D4A2M3b,Raghunathanhalli-1,0704020018,5/*/8,0.18,0.0,OTHER,small,1,AG4,MKHhB1g1,TCB,36.0,29.52,formula_82pct_of_proposed,,0.0,0.0,0.0,,0,0,0.0,0.0,0.0,0.0,2232.0,1517.328,1,0
c78609f79584,Koppal,4D4A2,4D4A2M3b,Raghunathanhalli-1,0704020018,6/*/4,1.6,0.0,OTHER,small,1,AG4,RNKmB1g1,TCB,320.0,262.4,formula_82pct_of_proposed,,1.0,,0.0,,0,1,0.0,0.0,0.0,0.0,130280.0,164255.36,1,1
f6e6c90cf385,Koppal,4D4A2,4D4A2M3b,Raghunathanhalli-1,0704020018,3/*/2,0.3,0.0,OTHER,small,1,AG4,HRVhB1g2,TCB,60.0,49.2,formula_82pct_of_proposed,,0.0,0.0,0.0,,0,0,0.0,0.0,0.0,0.0,2820.0,2528.88,1,0
feb118352b55,Koppal,4D4A2,4D4A2M3b,Raghunathanhalli-1,0704020018,5/*/9,0.18,0.0,OTHER,small,1,AG4,MKHhB1g1,TCB,36.0,29.52,formula_82pct_of_proposed,,0.0,0.0,0.0,,0,0,0.0,0.0,0.0,0.0,2232.0,1517.328,1,0
1ef3dc9ba1c7,Koppal,4D4A2,4D4A2M3b,Raghunathanhalli-1,0704020018,3/*/1,0.23,0.0,OTHER,small,0,AG4,HRVhB1g2,TCB,46.0,37.72,formula_82pct_of_proposed,,0.0,0.0,0.0,,0,0,0.0,0.0,0.0,0.0,2162.0,1938.808,1,0
f162c1e0d468,Koppal,4D4A2,4D4A2M3b,Raghunathanhalli-1,0704020018,3/*/10,0.3,0.0,OTHER,small,0,AG4,HRVhB1g2,TCB,60.0,49.2,formula_82pct_of_proposed,,0.0,0.0,0.0,,0,0,0.0,0.0,0.0,0.0,2820.0,2528.88,1,0
5062a6bbe68d,Koppal,4D4A2,4D4A2M3b,Raghunathanhalli-1,0704020018,3/*/5,0.22,0.0,OTHER,small,0,AG4,HRVhB1g2,TCB,44.0,36.08,formula_82pct_of_proposed,,0.0,0.0,0.0,,0,0,0.0,0.0,0.0,0.0,2068.0,1854.512,1,0
2826cae7ea5a,Koppal,4D4A2,4D4A2M3b,Raghunathanhalli-1,0704020018,71/*/1,0.2,0.0,ST,small,1,AG4,BDGhB2g2,TCB,40.0,32.8,formula_82pct_of_proposed,,0.0,0.0,0.0,,0,0,0.0,0.0,0.0,0.0,2480.0,1685.9199999999998,1,0
a15ab4db319c,Koppal,4D4A2,4D4A2M3b,Raghunathanhalli-1,0704020018,4/*/3,0.37,0.0,OTHER,small,0,AG4,MKHhB1g1,TCB,74.0,60.68,formula_82pct_of_proposed,,0.0,0.0,0.0,,0,0,0.0,0.0,0.0,0.0,4588.0,3118.9519999999998,1,0
b076ba74de6f,Koppal,4D4A2,4D4A2M3b,Raghunathanhalli-1,0704020018,71/*/5,0.39,0.0,ST,small,1,AG4,BDGhB2g2,TCB,78.0,63.96,formula_82pct_of_proposed,,0.0,0.0,0.0,,0,0,0.0,0.0,0.0,0.0,4836.0,3287.544,1,0
a2a3addd527d,Koppal,4D4A2,4D4A2M3b,Raghunathanhalli-1,0704020018,73/*/2,0.28,0.0,OTHER,small,1,AG4,HTIiB1g1,TCB,56.00000000000001,45.92000000000001,formula_82pct_of_proposed,,0.0,0.0,0.0,,0,0,0.0,0.0,0.0,0.0,3472.0000000000005,2360.2880000000005,1,0
5f96546eb974,Koppal,4D4A2,4D4A2M3b,Raghunathanhalli-1,0704020018,73/*/4,0.28,0.0,OTHER,small,0,AG4,HTIiB1g1,TCB,56.00000000000001,45.92000000000001,formula_82pct_of_proposed,,0.0,0.0,0.0,,0,0,0.0,0.0,0.0,0.0,3472.0000000000005,2360.2880000000005,1,0
7d0acb8e969e,Koppal,4D4A2,4D4A2M3b,Raghunathanhalli-1,0704020018,73/*/9,0.12,0.0,OTHER,small,1,AG4,HTIiB1g1,TCB,24.0,19.68,formula_82pct_of_proposed,,0.0,0.0,0.0,,0,0,0.0,0.0,0.0,0.0,1488.0,1011.5519999999999,1,0
465422c241bb,Koppal,4D4A2,4D4A2M3b,Raghunathanhalli-1,0704020018,75/*/*,1.21,0.0,ST,small,1,AG1,RNKmB1g1,TCB,242.0,198.44,formula_82pct_of_proposed,,1.0,,0.0,,0,0,0.0,0.0,0.0,0.0,25838.0,10199.815999999999,1,0
1ce58d076d95,Koppal,4D4A2,4D4A2M3b,Raghunathanhalli-1,0704020018,76/*/2,2.39,0.0,OTHER,medium,1,AG4,RNKmB1g1,TCB,478.0,391.96,formula_82pct_of_proposed,,2.0,,0.0,,0,0,277.0,0.0,0.0,0.0,78630.0,20146.744,1,0
48610baaea68,Koppal,4D4A2,4D4A2M3b,Raghunathanhalli-1,0704020018,76/*/5,0.49,0.0,OTHER,small,1,AG4,RNKmB1g1,TCB,98.0,80.36,formula_82pct_of_proposed,,0.0,0.0,0.0,,0,0,0.0,0.0,0.0,0.0,6076.0,4130.504,1,0
cfc268c6a66c,Koppal,4D4A2,4D4A2M3b,Raghunathanhalli-1,0704020018,5/*/14,0.09,0.0,OTHER,small,0,AG4,MKHhB1g1,TCB,18.0,14.76,formula_82pct_of_proposed,,0.0,0.0,0.0,,0,0,0.0,0.0,0.0,0.0,1116.0,758.664,1,0
ed3be3fe0a65,Koppal,4D4A2,4D4A2M3b,Raghunathanhalli-1,0704020018,5/*/17,0.52,0.0,OTHER,small,0,AG4,MKHhB1g1,TCB,104.0,85.28,formula_82pct_of_proposed,,0.0,0.0,0.0,,0,0,0.0,0.0,0.0,0.0,6448.0,4383.392,1,0
bc6f9cae26b7,Koppal,4D4A2,4D4A2M3b,Raghunathanhalli-1,0704020018,72/*/3,0.87,0.0,OTHER,small,0,AG4,HTIiB1g1,TCB,174.0,142.68,formula_82pct_of_proposed,,0.0,0.0,0.0,,0,0,0.0,0.0,0.0,0.0,10788.0,7333.752,1,0
c7d14ffc65cc,Koppal,4D4A2,4D4A2M3b,Raghunathanhalli-1,0704020018,73/*/3,0.29,0.0,OTHER,small,1,AG4,HTIiB1g1,TCB,57.99999999999999,47.55999999999999,formula_82pct_of_proposed,,0.0,0.0,0.0,,0,0,0.0,0.0,0.0,0.0,3595.9999999999995,2444.5839999999994,1,0
188be240b086,Koppal,4D4A2,4D4A2M3b,Raghunathanhalli-1,0704020018,73/*/6,0.31,0.0,OTHER,small,0,AG4,HTIiB1g1,TCB,62.0,50.84,formula_82pct_of_proposed,,0.0,0.0,0.0,,0,0,0.0,0.0,0.0,0.0,3844.0,2613.176,1,0
725f1e427176,Koppal,4D4A2,4D4A2M3b,Raghunathanhalli-1,0704020018,76/*/6,0.45,0.0,OTHER,small,1,AG4,RNKmB1g1,TCB,90.0,73.8,formula_82pct_of_proposed,,0.0,0.0,0.0,,0,0,0.0,0.0,0.0,0.0,5580.0,3793.3199999999997,1,0
a0f21ebbc5e7,Koppal,4D4A2,4D4A2M3b,Raghunathanhalli-1,0704020018,84/*/1,0.6,0.0,OBC,small,0,AG4,RNKmB1g1,TCB,120.0,98.4,formula_82pct_of_proposed,,0.0,0.0,0.0,,0,0,0.0,0.0,0.0,0.0,7440.0,5057.76,1,0
1d0bfd5fedb1,Koppal,4D4A2,4D4A2M3b,Raghunathanhalli-1,0704020018,21/*/5,0.77,0.0,ST,small,1,AG4,HRVhB1g2,TCB,154.0,126.28,formula_82pct_of_proposed,,0.0,0.0,0.0,,0,0,0.0,0.0,0.0,0.0,7238.0,6490.7919999999995,1,0
bd74f84578ac,Koppal,4D4A2,4D4A2M3b,Raghunathanhalli-1,0704020018,6/*/3,2.21,0.0,OTHER,medium,1,AG4,RNKmB1g1,TCB,442.0,362.44,formula_82pct_of_proposed,,2.0,,0.0,,0,0,277.0,0.0,0.0,0.0,75426.0,18629.416,1,0
c78609f79584,Koppal,4D4A2,4D4A2M3b,Raghunathanhalli-1,0704020018,6/*/4,1.6,0.0,OTHER,small,1,AG4,RNKmB1g1,TCB,320.0,262.4,formula_82pct_of_proposed,,1.0,,0.0,,0,0,100.0,100.0,0.0,0.0,54378.0,35087.36,1,1
e6fb9015e77d,Koppal,4D4A2,4D4A2M3b,Raghunathanhalli-1,0704020018,3/*/8,0.31,0.0,OTHER,small,0,AG4,HRVhB1g2,TCB,62.0,50.84,formula_82pct_of_proposed,,0.0,0.0,0.0,,0,0,0.0,0.0,0.0,0.0,2914.0,2613.176,1,0
ed642abb5604,Koppal,4D4A2,4D4A2M3b,Raghunathanhalli-1,0704020018,5/*/16,0.04,0.0,OBC,small,1,AG1,MKHhB1g1,TCB,8.0,6.56,formula_82pct_of_proposed,,0.0,0.0,0.0,,0,0,0.0,0.0,0.0,0.0,496.0,337.18399999999997,1,0
702a2a648326,Koppal,4D4A2,4D4A2M3b,Raghunathanhalli-1,0704020018,71/*/4,0.39,0.0,ST,small,1,AG1,BDGhB2g2,TCB,78.0,63.96,formula_82pct_of_proposed,,0.0,0.0,0.0,,0,0,0.0,0.0,0.0,0.0,4836.0,3287.544,1,0
3c0aa6cbe4c5,Koppal,4D4A2,4D4A2M3b,Raghunathanhalli-1,0704020018,73/*/8,0.13,0.0,OBC,small,1,AG1,HTIiB1g1,TCB,26.0,21.32,formula_82pct_of_proposed,,0.0,0.0,0.0,,0,0,0.0,0.0,0.0,0.0,1612.0,1095.848,1,0
465422c241bb,Koppal,4D4A2,4D4A2M3b,Raghunathanhalli-1,0704020018,75/*/*,1.61,0.0,ST,small,1,AG1,RNKmB1g1,TCB,322.0,264.04,formula_82pct_of_proposed,,1.0,,0.0,,0,0,277.0,0.0,0.0,0.0,60446.0,13571.656,1,0
b3c12644b6f8,Koppal,4D4A2,4D4A2M3b,Raghunathanhalli-1,0704020018,86/*/2,0.39,0.0,OBC,small,0,AG1,RNKmB1g1,TCB,78.0,63.96,formula_82pct_of_proposed,,0.0,0.0,0.0,,0,0,0.0,0.0,0.0,0.0,4836.0,3287.544,1,0
e132bbd3eee7,Koppal,4D4A2,4D4A2M3b,Raghunathanhalli-1,0704020018,87/*/2,0.62,0.0,OBC,small,1,AG1,MLRmA1g1,TCB,124.0,101.68,formula_82pct_of_proposed,,0.0,0.0,0.0,,0,0,0.0,0.0,0.0,0.0,7688.0,5226.352,1,0
2f31a2e68d7a,Koppal,4D4A2,4D4A2M3b,Raghunathanhalli-1,0704020018,87/*/5,0.58,0.0,OBC,small,1,AG1,MLRmA1g1,TCB,115.99999999999999,95.11999999999998,formula_82pct_of_proposed,,0.0,0.0,0.0,,0,0,0.0,0.0,0.0,0.0,7191.999999999999,4889.167999999999,1,0
465422c241bb,Koppal,4D4A2,4D4A2M3b,Raghunathanhalli-1,0704020018,75/*/*,1.61,0.0,ST,small,1,AG1,RNKmB1g1,TCB,322.0,264.04,formula_82pct_of_proposed,,1.0,,0.0,,0,0,277.0,0.0,0.0,0.0,60446.0,13571.656,1,0
f5d800c1ba12,Koppal,4D4A2,4D4A2M3b,Raghunathanhalli-1,0704020018,76/*/7,0.45,0.0,OBC,small,1,AG1,RNKmB1g1,TCB,90.0,73.8,formula_82pct_of_proposed,,0.0,0.0,0.0,,0,0,0.0,0.0,0.0,0.0,5580.0,3793.3199999999997,1,0
a0f21ebbc5e7,Koppal,4D4A2,4D4A2M3b,Raghunathanhalli-1,0704020018,84/*/1,0.66,0.0,OBC,small,1,AG1,RNKmB1g1,TCB,132.0,108.24,formula_82pct_of_proposed,,0.0,0.0,0.0,,0,0,0.0,0.0,0.0,0.0,8184.0,5563.535999999999,1,0
0b2a0eee7126,Koppal,4D4A2,4D4A2M3b,Raghunathanhalli-1,0704020018,84/*/2,0.6,0.0,OBC,small,0,AG1,RNKmB1g1,TCB,120.0,98.4,formula_82pct_of_proposed,,0.0,0.0,0.0,,0,0,0.0,0.0,0.0,0.0,7440.0,5057.76,1,0
dd5f0511ad7b,Koppal,4D4A2,4D4A2M3b,Raghunathanhalli-1,0704020018,85/*/*,5.12,0.0,ST,medium,1,AG1,RNKmB1g1,TCB,1024.0,839.68,formula_82pct_of_proposed,,3.0,,0.0,,0,0,0.0,0.0,40.0,0.0,107836.0,43159.551999999996,1,0
fcb26b8d4f31,Koppal,4D4A2,4D4A2M3b,Raghunathanhalli-1,0704020018,4/*/1,0.75,1.0,ST,small,1,AG1,MKHhB1g1,TCB,150.0,123.0,formula_82pct_of_proposed,,0.0,0.0,0.0,,0,0,0.0,0.0,0.0,0.0,9300.0,6322.2,1,0
465422c241bb,Koppal,4D4A2,4D4A2M3b,Raghunathanhalli-1,0704020018,75/*/*,1.21,0.0,OBC,small,0,AG1,RNKmB1g1,TCB,242.0,198.44,formula_82pct_of_proposed,,1.0,,0.0,,0,0,277.0,277.0,0.0,0.0,53326.0,37622.816,1,1
2846c5110d4b,Koppal,4D4A2,4D4A2M3b,Raghunathanhalli-1,0704020018,4/*/2,0.38,0.0,OBC,small,1,AG1,MKHhB1g1,TCB,76.0,0.0,value,0.0,0.0,0.0,0.0,,0,0,0.0,0.0,0.0,0.0,4712.0,0.0,0,0
a0f21ebbc5e7,Koppal,4D4A2,4D4A2M3b,Raghunathanhalli-1,0704020018,84/*/1,2.0,0.0,OBC,medium,1,AG1,RNKmB1g1,TCB,400.0,328.0,formula_82pct_of_proposed,,2.0,,0.0,,0,0,0.0,0.0,40.0,0.0,48000.0,16859.2,1,0
a0f21ebbc5e7,Koppal,4D4A2,4D4A2M3b,Raghunathanhalli-1,0704020018,84/*/1,0.6,0.0,OBC,small,1,AG1,RNKmB1g1,TCB,120.0,98.4,formula_82pct_of_proposed,,0.0,0.0,0.0,,0,0,0.0,0.0,0.0,0.0,7440.0,5057.76,1,0
dd39ba161c39,Koppal,4D4A2,4D4A2M3b,Raghunathanhalli-1,0704020018,86/*/1,0.39,0.0,OBC,small,1,AG1,RNKmB1g1,TCB,78.0,63.96,formula_82pct_of_proposed,,0.0,0.0,0.0,,0,0,0.0,0.0,0.0,0.0,4836.0,3287.544,1,0
6fe1d6b95423,Koppal,4D4A2,4D4A2M3b,Raghunathanhalli-1,0704020018,89/*/*,0.67,0.0,ST,small,1,AG1,HTIiB1g1,TCB,134.0,109.88,formula_82pct_of_proposed,,0.0,0.0,0.0,,0,0,0.0,0.0,0.0,0.0,8308.0,5647.831999999999,1,0
a0f21ebbc5e7,Koppal,4D4A2,4D4A2M3b,Raghunathanhalli-1,0704020018,84/*/1,1.2,0.0,OBC,small,1,AG1,RNKmB1g1,TCB,240.0,196.8,formula_82pct_of_proposed,,1.0,,0.0,,0,0,0.0,0.0,40.0,0.0,29460.0,10115.52,1,0
ced2d2a2dd97,Koppal,4D4A2,4D4A2M3b,Raghunathanhalli-1,0704020018,86/*/5,1.6,0.0,OBC,small,1,AG1,RNKmB1g1,TCB,320.0,262.4,formula_82pct_of_proposed,,1.0,,0.0,,0,0,490.0,490.0,40.0,95.0,76534.0,62692.36,1,1
1270036e66b1,Koppal,4D4A2,4D4A2M3b,Raghunathanhalli-1,0704020018,88/*/1,1.56,0.0,ST,small,1,AG1,HTIiB1g1,TCB,312.0,255.84,formula_82pct_of_proposed,,1.0,,0.0,,0,0,0.0,0.0,0.0,0.0,22744.0,13150.176,1,0
1d2202dc1650,Koppal,4D4A2,4D4A2M3b,Raghunathanhalli-1,0704020018,88/*/2,1.6,0.0,OBC,small,0,AG1,HTIiB1g1,TCB,320.0,256.0,value,256.0,1.0,,0.0,,0,0,0.0,0.0,0.0,0.0,23240.0,13158.4,1,1
f383d7a3360d,Koppal,4D4A2,4D4A2M3b,Raghunathanhalli-1,0704020018,5/*/1,1.05,0.0,OBC,small,1,AG1,MKHhB1g1,TCB,210.0,172.2,formula_82pct_of_proposed,,1.0,,0.0,,0,0,277.0,0.0,0.0,0.0,37358.0,8851.08,1,0
4585397f4255,Koppal,4D4A2,4D4A2M3b,Raghunathanhalli-1,0704020018,5/*/11,0.18,0.0,OBC,small,1,AG1,MKHhB1g1,TCB,36.0,29.52,formula_82pct_of_proposed,,0.0,0.0,0.0,,0,0,0.0,0.0,0.0,0.0,2232.0,1517.328,1,0
6fe1d6b95423,Koppal,4D4A2,4D4A2M3b,Raghunathanhalli-1,0704020018,89/*/*,1.29,0.0,OBC,small,0,AG1,HTIiB1g1,TCB,258.0,211.56,formula_82pct_of_proposed,,1.0,,0.0,,0,0,0.0,0.0,0.0,0.0,19396.0,10874.184,1,0
96d9d1a95c21,Koppal,4D4A2,4D4A2M3b,Raghunathanhalli-1,0704020018,73/*/7,0.13,0.0,OBC,small,1,AG1,HTIiB1g1,TCB,26.0,21.32,formula_82pct_of_proposed,,0.0,0.0,0.0,,0,0,0.0,0.0,0.0,0.0,1612.0,1095.848,1,0
e7f570da6a86,Koppal,4D4A2,4D4A2M3b,Raghunathanhalli-1,0704020018,74/*/1,4.53,0.0,ST,medium,1,AG1,MLRmB1g2,TCB,906.0,0.0,value,0.0,3.0,,0.0,,0,0,277.0,0.0,0.0,0.0,121022.0,0.0,0,0
29a8e99a4d16,Koppal,4D4A2,4D4A2M3b,Raghunathanhalli-1,0704020018,76/*/3,1.2,0.0,OBC,small,1,AG1,RNKmB1g1,TCB,240.0,196.8,formula_82pct_of_proposed,,1.0,,0.0,,0,0,277.0,0.0,0.0,0.0,53148.0,10115.52,1,0
7fd59819e60c,Koppal,4D4A2,4D4A2M3b,Raghunathanhalli-1,0704020018,5/*/15,0.04,0.0,OBC,small,1,AG1,MKHhB1g1,TCB,8.0,6.56,formula_82pct_of_proposed,,0.0,0.0,0.0,,0,0,0.0,0.0,0.0,0.0,496.0,337.18399999999997,1,0
61072cbe51e8,Koppal,4D4A2,4D4A2M3b,Raghunathanhalli-1,0704020018,5/*/2,0.53,0.0,OBC,small,1,AG1,MKHhB1g1,TCB,106.0,86.92,formula_82pct_of_proposed,,0.0,0.0,0.0,,0,0,0.0,0.0,0.0,0.0,6572.0,4467.688,1,0
61ef8f310c94,Koppal,4D4A2,4D4A2M3b,Raghunathanhalli-1,0704020018,5/*/4,0.35,0.0,OBC,small,1,AG1,MKHhB1g1,TCB,70.0,57.4,formula_82pct_of_proposed,,0.0,0.0,0.0,,0,0,0.0,0.0,0.0,0.0,4340.0,2950.3599999999997,1,0
0b6be9064b20,Koppal,4D4A2,4D4A2M3b,Raghunathanhalli-1,0704020018,6/*/5,1.4,1.0,OBC,small,1,AG1,RNKmB1g1,TCB,280.0,229.6,formula_82pct_of_proposed,,1.0,,0.0,,0,0,277.0,277.0,0.0,0.0,56708.0,39224.44,1,1
a0f21ebbc5e7,Koppal,4D4A2,4D4A2M3b,Raghunathanhalli-1,0704020018,84/*/1,0.6,0.0,OBC,small,1,AG1,RNKmB1g1,TCB,120.0,98.4,formula_82pct_of_proposed,,0.0,0.0,0.0,,0,0,0.0,0.0,0.0,0.0,7440.0,5057.76,1,0
e6d1e8af2868,Koppal,4D4A2,4D4A2M3b,Raghunathanhalli-1,0704020018,86/*/4,0.4,1.0,OBC,small,1,AG1,RNKmB1g1,TCB,80.0,65.6,formula_82pct_of_proposed,,0.0,0.0,0.0,,0,0,0.0,0.0,0.0,0.0,4960.0,3371.8399999999997,1,0
48a9bf87dd81,Koppal,4D4A2,4D4A2M3b,Raghunathanhalli-1,0704020018,86/*/7,1.57,0.0,OBC,small,1,AG1,RNKmB1g1,TCB,314.0,257.48,formula_82pct_of_proposed,,1.0,,0.0,,0,0,490.0,490.0,40.0,95.0,76000.0,62439.472,1,1
4ff60c7cf893,Koppal,4D4A2,4D4A2M3b,Raghunathanhalli-1,0704020018,87/*/1,0.66,0.0,OBC,small,1,AG1,MLRmA1g1,TCB,132.0,108.24,formula_82pct_of_proposed,,0.0,0.0,0.0,,0,0,0.0,0.0,0.0,0.0,8184.0,5563.535999999999,1,0
31e9e6f4972f,Koppal,4D4A2,4D4A2M3b,Raghunathanhalli-1,0704020018,87/*/3,1.14,0.0,OBC,small,1,AG1,MLRmA1g1,TCB,227.99999999999997,186.95999999999995,formula_82pct_of_proposed,,1.0,,0.0,,0,0,0.0,0.0,40.0,0.0,24091.999999999996,9609.743999999997,1,0
6fe1d6b95423,Koppal,4D4A2,4D4A2M3b,Raghunathanhalli-1,0704020018,89/*/*,0.65,0.0,ST,small,1,AG1,HTIiB1g1,TCB,130.0,106.6,formula_82pct_of_proposed,,0.0,0.0,0.0,,0,0,0.0,0.0,0.0,0.0,8060.0,5479.24,1,0
759237832ce3,Koppal,4D4A2,4D4A2M3b,Raghunathanhalli-1,0704020018,71/*/2,0.2,1.0,OBC,small,0,AG1,BDGhB2g2,TCB,40.0,32.8,formula_82pct_of_proposed,,0.0,0.0,0.0,,0,0,0.0,0.0,0.0,0.0,2480.0,1685.9199999999998,1,0
f94d873a1fa8,Koppal,4D4A2,4D4A2M3b,Raghunathanhalli-1,0704020018,73/*/1,0.38,0.0,OBC,small,0,AG1,HTIiB1g1,TCB,76.0,0.0,value,0.0,0.0,0.0,0.0,,0,0,0.0,0.0,0.0,0.0,4712.0,0.0,0,0
92a8d8e8727f,Koppal,4D4A2,4D4A2M3b,Raghunathanhalli-1,0704020018,76/*/1,2.39,0.0,OBC,medium,1,AG1,RNKmB1g1,TCB,478.0,391.96,formula_82pct_of_proposed,,2.0,,0.0,,0,0,277.0,277.0,0.0,0.0,78630.0,47569.744,1,1
a0f21ebbc5e7,Koppal,4D4A2,4D4A2M3b,Raghunathanhalli-1,0704020018,84/*/1,1.38,0.0,OBC,small,1,AG1,RNKmB1g1,TCB,276.0,0.0,value,0.0,1.0,,0.0,,0,0,0.0,0.0,40.0,0.0,32664.0,0.0,0,0
f33e5a1b338f,Koppal,4D4A2,4D4A2M3b,Raghunathanhalli-1,0704020018,6/*/2,1.6,1.0,OBC,small,1,AG1,RNKmB1g1,TCB,320.0,262.4,formula_82pct_of_proposed,,1.0,,0.0,,0,0,277.0,0.0,0.0,0.0,60268.0,13487.359999999999,1,0
a0f21ebbc5e7,Koppal,4D4A2,4D4A2M3b,Raghunathanhalli-1,0704020018,84/*/1,1.34,0.0,OBC,small,0,AG1,RNKmB1g1,TCB,268.0,219.76,formula_82pct_of_proposed,,1.0,,0.0,,0,0,0.0,0.0,40.0,0.0,31952.0,11295.663999999999,1,0
b63e8e13158e,Koppal,4D4A2,4D4A2M3b,Raghunathanhalli-1,0704020018,86/*/6,1.55,1.0,OBC,small,1,AG1,RNKmB1g1,TCB,310.0,254.2,formula_82pct_of_proposed,,1.0,,0.0,,0,0,490.0,490.0,40.0,95.0,75644.0,62270.88,1,1
410bb6ba29cc,Koppal,4D4A2,4D4A2M3b,Raghunathanhalli-1,0704020018,87/*/4,0.61,0.0,OBC,small,1,AG1,MLRmA1g1,TCB,122.0,100.04,formula_82pct_of_proposed,,0.0,0.0,0.0,,0,0,0.0,0.0,0.0,0.0,7564.0,5142.0560000000005,1,0
7063b970a999,Koppal,4D4A2,4D4A2M3b,Raghunathanhalli-1,0704020018,5/*/10,0.18,0.0,OBC,small,1,AG1,MKHhB1g1,TCB,36.0,29.52,formula_82pct_of_proposed,,0.0,0.0,0.0,,0,0,0.0,0.0,0.0,0.0,2232.0,1517.328,1,0
6266d968da22,Koppal,4D4A2,4D4A2M3b,Raghunathanhalli-1,0704020018,5/*/12,0.08,1.0,OBC,small,1,AG1,MKHhB1g1,TCB,16.0,13.12,formula_82pct_of_proposed,,0.0,0.0,0.0,,0,0,0.0,0.0,0.0,0.0,992.0,674.3679999999999,1,0
137c4cc7d427,Koppal,4D4A2,4D4A2M3b,Raghunathanhalli-1,0704020018,6/*/1,0.8,0.0,OBC,small,0,AG1,RNKmB1g1,TCB,160.0,131.2,formula_82pct_of_proposed,,0.0,0.0,0.0,,0,0,0.0,0.0,0.0,0.0,9920.0,6743.679999999999,1,0
51cc258275ed,Koppal,4D4A2,4D4A2M3b,Raghunathanhalli-1,0704020018,6/*/6,1.4,0.0,OBC,small,0,AG1,RNKmB1g1,TCB,280.0,229.6,formula_82pct_of_proposed,,1.0,,0.0,,0,0,100.0,0.0,0.0,0.0,50818.0,11801.439999999999,1,0
e3b15b085525,Koppal,4D4A2,4D4A2M3b,Raghunathanhalli-1,0704020018,71/*/3,0.4,0.0,ST,small,1,AG1,BDGhB2g2,TCB,80.0,65.6,formula_82pct_of_proposed,,0.0,0.0,0.0,,0,0,0.0,0.0,0.0,0.0,4960.0,3371.8399999999997,1,0
2a36e9bac3c0,Koppal,4D4A2,4D4A2M3b,Raghunathanhalli-1,0704020018,72/*/1,0.44,0.0,OBC,small,1,AG1,HTIiB1g1,TCB,88.0,72.16,formula_82pct_of_proposed,,0.0,0.0,0.0,,0,0,0.0,0.0,0.0,0.0,5456.0,3709.024,1,0
1255804a3c90,Koppal,4D4A2,4D4A2M3b,Raghunathanhalli-1,0704020018,72/*/4,0.88,0.0,OBC,small,1,AG1,HTIiB1g1,TCB,176.0,144.32,formula_82pct_of_proposed,,0.0,0.0,0.0,,0,0,0.0,0.0,0.0,0.0,10912.0,7418.048,1,0
a564a6e10965,Koppal,4D4A2,4D4A2M3b,Raghunathanhalli-1,0704020018,86/*/3,0.39,1.0,OBC,small,1,AG1,RNKmB1g1,TCB,78.0,0.0,value,0.0,0.0,0.0,0.0,,0,0,0.0,0.0,0.0,0.0,4836.0,0.0,0,0
16ea365633ec,Koppal,4D4A2,4D4A2M3b,Raghunathanhalli-1,0704020018,87/*/6,1.31,0.0,OBC,small,1,AG1,MLRmA1g1,TCB,262.0,214.84,formula_82pct_of_proposed,,1.0,,0.0,,0,0,0.0,0.0,40.0,0.0,27118.0,11042.776,1,0
95d51d10aa84,Koppal,4D4A2,4D4A2M3b,Raghunathanhalli-1,0704020018,72/*/2,0.44,0.0,OBC,small,0,AG1,HTIiB1g1,TCB,88.0,72.16,formula_82pct_of_proposed,,0.0,0.0,0.0,,0,0,0.0,0.0,0.0,0.0,5456.0,3709.024,1,0
1144b436801a,Koppal,4D4A2,4D4A2M3b,Raghunathanhalli-1,0704020018,73/*/5,0.28,0.0,OBC,small,0,AG1,HTIiB1g1,TCB,56.00000000000001,45.92000000000001,formula_82pct_of_proposed,,0.0,0.0,0.0,,0,0,0.0,0.0,0.0,0.0,3472.0000000000005,2360.2880000000005,1,0
531d52ab1e1c,Koppal,4D4A2,4D4A2M3b,Raghunathanhalli-1,0704020018,74/*/2,1.11,0.0,OBC,small,0,AG1,MLRmB1g2,TCB,222.00000000000003,182.04000000000005,formula_82pct_of_proposed,,1.0,,0.0,,0,0,0.0,0.0,0.0,0.0,24058.000000000004,9356.856000000002,1,0
bc0784d71210,Koppal,4D4A2,4D4A2M3b,Raghunathanhalli-1,0704020018,74/*/3,1.12,0.0,OBC,small,0,AG1,MLRmB1g2,TCB,224.00000000000003,183.68000000000004,formula_82pct_of_proposed,,1.0,,0.0,,0,0,277.0,0.0,0.0,0.0,51724.0,9441.152000000002,1,0
bf49535d9a41,Koppal,4D4A2,4D4A2M3b,Raghunathanhalli-1,0704020018,76/*/4,0.92,0.0,OBC,small,1,AG1,RNKmB1g1,TCB,184.0,150.88,formula_82pct_of_proposed,,0.0,0.0,0.0,,0,0,0.0,0.0,0.0,0.0,11408.0,7755.232,1,0
6fe1d6b95423,Koppal,4D4A2,4D4A2M3b,Raghunathanhalli-1,0704020018,89/*/*,0.64,0.0,ST,small,1,AG1,HTIiB1g1,TCB,128.0,104.96,formula_82pct_of_proposed,,0.0,0.0,0.0,,0,0,0.0,0.0,0.0,0.0,7936.0,5394.9439999999995,1,0
6fe1d6b95423,Koppal,4D4A2,4D4A2M3b,Raghunathanhalli-1,0704020018,89/*/*,1.91,0.0,ST,small,1,AG1,HTIiB1g1,TCB,382.0,313.24,formula_82pct_of_proposed,,1.0,,0.0,,0,0,0.0,0.0,40.0,0.0,30884.0,16100.536,1,0
8b5d83d3634e,Koppal,4D4A2,4D4A2M3b,Raghunathanhalli-1,0704020029,10/*/4,2.29,0.0,OTHER,small,0,AG2,GRHmB1,TCB,458.0,375.56,formula_82pct_of_proposed,,2.0,,0.0,,0,0,0.0,0.0,0.0,0.0,49362.0,19303.784,1,0
821fb1be249a,Koppal,4D4A2,4D4A2M3b,Raghunathanhalli-1,0704020029,11/*/3,3.72,0.0,OTHER,medium,1,AG2,GRHmB1,TCB,744.0,610.08,formula_82pct_of_proposed,,3.0,,0.0,,0,0,277.0,0.0,0.0,0.0,106604.0,31358.112,1,0
6dab6b2af903,Koppal,4D4A2,4D4A2M3b,Raghunathanhalli-1,0704020029,11/*/5,2.4,0.0,OTHER,medium,1,AG2,GRHmB1,TCB,480.0,393.6,formula_82pct_of_proposed,,2.0,,0.0,,0,0,80.0,0.0,0.0,0.0,68598.0,20231.04,1,0
481a2128b958,Koppal,4D4A2,4D4A2M3b,Raghunathanhalli-1,0704020029,11/*/7,0.8,0.0,OTHER,small,0,AG2,GRHmB1,TCB,160.0,131.2,formula_82pct_of_proposed,,0.0,0.0,0.0,,0,0,80.0,0.0,0.0,0.0,27198.0,6743.679999999999,1,0
36462589f49b,Koppal,4D4A2,4D4A2M3b,Raghunathanhalli-1,0704020029,11/*/8,0.8,0.0,OTHER,small,1,AG2,GRHmB1,TCB,160.0,131.2,formula_82pct_of_proposed,,0.0,0.0,0.0,,0,0,0.0,0.0,0.0,0.0,9920.0,6743.679999999999,1,0
d5f2f17e1cb8,Koppal,4D4A2,4D4A2M3b,Raghunathanhalli-1,0704020029,10/*/3,1.9,1.0,OTHER,small,1,AG2,GRHmB1,TCB,380.0,311.6,formula_82pct_of_proposed,,1.0,,0.0,,0,0,277.0,277.0,0.0,0.0,65608.0,43439.240000000005,1,1
5740386a479a,Koppal,4D4A2,4D4A2M3b,Raghunathanhalli-1,0704020029,10/*/5,2.48,0.0,ST,medium,1,AG2,GRHmB1,TCB,496.0,406.72,formula_82pct_of_proposed,,2.0,,0.0,,0,0,277.0,0.0,0.0,0.0,80232.0,20905.408,1,0
7e80cc62a8fc,Koppal,4D4A2,4D4A2M3b,Raghunathanhalli-1,0704020029,10/*/1,2.15,1.0,OTHER,small,1,AG2,GRHmB1,TCB,430.0,352.6,formula_82pct_of_proposed,,2.0,,0.0,,0,0,0.0,0.0,0.0,0.0,46870.0,18123.64,1,0
684a89b8e8e6,Koppal,4D4A2,4D4A2M3b,Raghunathanhalli-1,0704020029,10/*/2,1.1,0.0,OTHER,small,1,AG2,GRHmB1,TCB,220.00000000000003,180.40000000000003,formula_82pct_of_proposed,,1.0,,0.0,,0,0,100.0,100.0,0.0,0.0,45478.0,30872.56,1,1
0a122d231cfa,Koppal,4D4A2,4D4A2M3b,Raghunathanhalli-1,0704020029,10/*/6,2.68,0.0,OTHER,medium,0,AG2,GRHmB1,TCB,536.0,439.52,formula_82pct_of_proposed,,2.0,,0.0,,0,0,277.0,0.0,0.0,0.0,83792.0,22591.327999999998,1,0
b61273864d8d,Koppal,4D4A2,4D4A2M3b,Raghunathanhalli-1,0704020029,10/*/7,1.1,0.0,OTHER,small,1,AG2,GRHmB1,TCB,220.00000000000003,180.40000000000003,formula_82pct_of_proposed,,1.0,,0.0,,0,0,100.0,100.0,0.0,0.0,45478.0,30872.56,1,1
60f24914f5e2,Koppal,4D4A2,4D4A2M3b,Raghunathanhalli-1,0704020029,11/*/6,0.44,0.0,OTHER,small,0,AG2,GRHmB1,TCB,88.0,72.16,formula_82pct_of_proposed,,0.0,0.0,0.0,,0,0,0.0,0.0,0.0,0.0,5456.0,3709.024,1,0
a6722bff9dda,Koppal,4D4A2,4D4A2M3b,Raghunathanhalli-1,0704020029,11/*/1,4.0,0.0,OTHER,medium,1,AG2,GRHmB1,TCB,800.0,656.0,formula_82pct_of_proposed,,3.0,,0.0,,0,0,277.0,0.0,0.0,0.0,111588.0,33718.4,1,0
0f1cc3f70cbd,Koppal,4D4A2,4D4A2M3b,Raghunathanhalli-1,0704020029,11/*/4,0.8,1.0,OTHER,small,0,AG2,GRHmB1,TCB,160.0,131.2,formula_82pct_of_proposed,,0.0,0.0,0.0,,0,0,80.0,80.0,0.0,0.0,27198.0,24023.68,1,1
0272f8157226,Koppal,4D4A2,4D4A2M3b,Raghunathanhalli-1,0704020029,19/*/*,0.2,0.0,OTHER,small,0,AG2,RNKmB1,TCB,40.0,32.8,formula_82pct_of_proposed,,0.0,0.0,0.0,,0,0,0.0,0.0,0.0,0.0,2480.0,1685.9199999999998,1,0
0272f8157226,Koppal,4D4A2,4D4A2M3b,Raghunathanhalli-1,0704020029,19/*/*,0.4,0.0,OBC,small,1,AG2,RNKmB1,TCB,80.0,65.6,formula_82pct_of_proposed,,0.0,0.0,0.0,,0,0,0.0,0.0,0.0,0.0,4960.0,3371.8399999999997,1,0
6a56d9249299,Koppal,4D4A2,4D4A2M3b,Raghunathanhalli-1,0704020029,23/*/*,0.67,0.0,OTHER,small,0,AG2,RNKmB1,TCB,134.0,109.88,formula_82pct_of_proposed,,0.0,0.0,0.0,,0,0,0.0,0.0,0.0,0.0,8308.0,5647.831999999999,1,0
b0b63f95c2c4,Koppal,4D4A2,4D4A2M3b,Raghunathanhalli-1,0704020029,25/*/5,0.11,0.0,OTHER,small,0,AG2,GRHmB1,TCB,22.0,18.04,formula_82pct_of_proposed,,0.0,0.0,0.0,,0,0,0.0,0.0,0.0,0.0,1364.0,927.256,1,0
1a407a522226,Koppal,4D4A2,4D4A2M3b,Raghunathanhalli-1,0704020029,11/*/2,0.04,0.0,OTHER,small,1,AG2,GRHmB1,TCB,8.0,6.56,formula_82pct_of_proposed,,0.0,0.0,0.0,,0,0,0.0,0.0,0.0,0.0,496.0,337.18399999999997,1,0
6c22f144f03b,Koppal,4D4A2,4D4A2M3b,Raghunathanhalli-1,0704020029,29/*/2,1.82,0.0,OTHER,small,1,AG1,NGPhB1g2,TCB,364.0,298.48,formula_82pct_of_proposed,,1.0,,0.0,,0,0,0.0,0.0,0.0,0.0,25968.0,15341.872000000001,1,0
b38f05fbe0c1,Koppal,4D4A2,4D4A2M3b,Raghunathanhalli-1,0704020029,33/*/6,1.53,0.0,OTHER,small,0,AG1,HTIiB2g1,TCB,306.0,250.92,formula_82pct_of_proposed,,1.0,,0.0,,0,0,0.0,0.0,0.0,0.0,22372.0,12897.287999999999,1,0
0272f8157226,Koppal,4D4A2,4D4A2M3b,Raghunathanhalli-1,0704020029,19/*/*,0.4,0.0,OTHER,small,0,AG2,RNKmB1,TCB,80.0,65.6,formula_82pct_of_proposed,,0.0,0.0,0.0,,0,0,0.0,0.0,0.0,0.0,4960.0,3371.8399999999997,1,0
dedbac1428c7,Koppal,4D4A2,4D4A2M3b,Raghunathanhalli-1,0704020029,20/*/1,3.15,0.0,OTHER,medium,0,AG2,MTLmB2g1,TCB,630.0,516.6,formula_82pct_of_proposed,,3.0,,0.0,,0,0,0.0,0.0,0.0,0.0,68970.0,26553.24,1,0
0272f8157226,Koppal,4D4A2,4D4A2M3b,Raghunathanhalli-1,0704020029,19/*/*,0.18,1.0,OTHER,small,0,AG2,RNKmB1,TCB,36.0,29.52,formula_82pct_of_proposed,,0.0,0.0,0.0,,0,0,0.0,0.0,0.0,0.0,2232.0,1517.328,1,0
b3c4a2642436,Koppal,4D4A2,4D4A2M3b,Raghunathanhalli-1,0704020029,19/*/10,0.99,1.0,OTHER,small,0,AG2,RNKmB1,TCB,198.0,162.36,formula_82pct_of_proposed,,0.0,0.0,0.0,,0,0,0.0,0.0,0.0,0.0,12276.0,8345.304,1,0
c033eae1c0f5,Koppal,4D4A2,4D4A2M3b,Raghunathanhalli-1,0704020029,19/*/2,0.8,0.0,OTHER,small,1,AG2,RNKmB1,TCB,160.0,131.2,formula_82pct_of_proposed,,0.0,0.0,0.0,,0,0,0.0,0.0,0.0,0.0,9920.0,6743.679999999999,1,0
3f97358a5d46,Koppal,4D4A2,4D4A2M3b,Raghunathanhalli-1,0704020029,35/*/2,1.2,0.0,OTHER,small,1,AG1,MKHiB1g1,TCB,240.0,196.8,formula_82pct_of_proposed,,1.0,,0.0,,0,0,0.0,0.0,0.0,0.0,18280.0,10115.52,1,0
bcab464b9a5a,Koppal,4D4A2,4D4A2M3b,Raghunathanhalli-1,0704020029,40/*/3,0.41,0.0,OTHER,small,0,AG1,HTIhB2g3,TCB,82.0,67.24,formula_82pct_of_proposed,,0.0,0.0,0.0,,0,0,0.0,0.0,0.0,0.0,5084.0,3456.1359999999995,1,0
83c9f357ad4e,Koppal,4D4A2,4D4A2M3b,Raghunathanhalli-1,0704020029,22/*/4,0.82,0.0,OTHER,small,1,AG2,RNKmB1,TCB,164.0,134.48,formula_82pct_of_proposed,,0.0,0.0,0.0,,0,0,0.0,0.0,0.0,0.0,10168.0,6912.271999999999,1,0
6a56d9249299,Koppal,4D4A2,4D4A2M3b,Raghunathanhalli-1,0704020029,23/*/*,0.38,0.0,OTHER,small,1,AG2,RNKmB1,TCB,76.0,62.32,formula_82pct_of_proposed,,0.0,0.0,0.0,,0,0,0.0,0.0,0.0,0.0,4712.0,3203.248,1,0
0af3f3b9711a,Koppal,4D4A2,4D4A2M3b,Raghunathanhalli-1,0704020029,21/*/4,1.37,0.0,OTHER,small,1,AG2,RNKmB1,TCB,274.0,0.0,value,0.0,1.0,,0.0,,0,0,0.0,0.0,0.0,0.0,28686.0,0.0,0,0
6a56d9249299,Koppal,4D4A2,4D4A2M3b,Raghunathanhalli-1,0704020029,23/*/*,0.35,0.0,OBC,small,1,AG2,RNKmB1,TCB,70.0,57.4,formula_82pct_of_proposed,,0.0,0.0,0.0,,0,0,0.0,0.0,0.0,0.0,4340.0,2950.3599999999997,1,0
6a56d9249299,Koppal,4D4A2,4D4A2M3b,Raghunathanhalli-1,0704020029,23/*/*,2.03,1.0,OTHER,medium,1,AG2,RNKmB1,TCB,405.99999999999994,332.9199999999999,formula_82pct_of_proposed,,2.0,,0.0,,0,0,0.0,0.0,0.0,0.0,44733.99999999999,17112.087999999996,1,0
b0f1e7c1a17e,Koppal,4D4A2,4D4A2M3b,Raghunathanhalli-1,0704020029,44/*/4,0.96,0.0,OTHER,small,1,AG1,NGPhB1g2,TCB,192.0,157.44,formula_82pct_of_proposed,,0.0,0.0,0.0,,0,0,0.0,0.0,0.0,0.0,11904.0,8092.415999999999,1,0
6109c5f25b1b,Koppal,4D4A2,4D4A2M3b,Raghunathanhalli-1,0704020029,45/*/3,1.17,0.0,OBC,small,1,AG1,MKHiB1g1,TCB,234.0,191.88,formula_82pct_of_proposed,,1.0,,0.0,,0,0,0.0,0.0,0.0,0.0,17908.0,9862.632,1,0
b1d64e397e51,Koppal,4D4A2,4D4A2M3b,Raghunathanhalli-1,0704020029,29/*/3,0.6,0.0,OTHER,small,0,AG1,NGPhB1g2,TCB,120.0,98.4,formula_82pct_of_proposed,,0.0,0.0,0.0,,0,0,0.0,0.0,0.0,0.0,7440.0,5057.76,1,0
8e5f598c1972,Koppal,4D4A2,4D4A2M3b,Raghunathanhalli-1,0704020029,29/*/4,0.8,0.0,OTHER,small,0,AG1,NGPhB1g2,TCB,160.0,131.2,formula_82pct_of_proposed,,0.0,0.0,0.0,,0,0,0.0,0.0,0.0,0.0,9920.0,6743.679999999999,1,0
ec6c740d986e,Koppal,4D4A2,4D4A2M3b,Raghunathanhalli-1,0704020029,30/*/3,2.14,0.0,OBC,medium,1,AG1,NGPhB1g2,TCB,428.0,350.96,formula_82pct_of_proposed,,2.0,,0.0,,0,0,0.0,0.0,0.0,0.0,35136.0,18039.343999999997,1,0
0cd3cf36adc3,Koppal,4D4A2,4D4A2M3b,Raghunathanhalli-1,0704020029,32/*/2,0.49,0.0,OTHER,small,1,AG1,NGPhB1g2,TCB,98.0,80.36,formula_82pct_of_proposed,,0.0,0.0,0.0,,0,0,0.0,0.0,0.0,0.0,6076.0,4130.504,1,0
fa65e53ae9dd,Koppal,4D4A2,4D4A2M3b,Raghunathanhalli-1,0704020029,32/*/3,0.48,0.0,OTHER,small,1,AG1,NGPhB1g2,TCB,96.0,78.72,formula_82pct_of_proposed,,0.0,0.0,0.0,,0,0,0.0,0.0,0.0,0.0,5952.0,4046.2079999999996,1,0
468b4d0c1dc7,Koppal,4D4A2,4D4A2M3b,Raghunathanhalli-1,0704020029,24/*/4,1.15,0.0,ST,small,1,AG2,GRHmB1,TCB,229.99999999999997,188.59999999999997,formula_82pct_of_proposed,,1.0,,0.0,,0,0,0.0,0.0,0.0,0.0,24769.999999999996,9694.039999999997,1,0
f47e5fe9e0de,Koppal,4D4A2,4D4A2M3b,Raghunathanhalli-1,0704020029,33/*/2,0.8,0.0,OTHER,small,1,AG1,HTIiB2g1,TCB,160.0,131.2,formula_82pct_of_proposed,,0.0,0.0,0.0,,0,0,0.0,0.0,0.0,0.0,9920.0,6743.679999999999,1,0
3f97358a5d46,Koppal,4D4A2,4D4A2M3b,Raghunathanhalli-1,0704020029,35/*/2,0.8,1.0,OTHER,small,0,AG1,MKHiB1g1,TCB,160.0,131.2,formula_82pct_of_proposed,,0.0,0.0,0.0,,0,0,0.0,0.0,0.0,0.0,9920.0,6743.679999999999,1,0
a8112011f7c3,Koppal,4D4A2,4D4A2M3b,Raghunathanhalli-1,0704020029,39/*/1,1.21,1.0,OTHER,small,0,AG1,NGPhB1g2,TCB,242.0,0.0,value,0.0,1.0,,0.0,,0,0,0.0,0.0,0.0,0.0,18404.0,0.0,0,0
100cc09d9bd9,Koppal,4D4A2,4D4A2M3b,Raghunathanhalli-1,0704020029,4/*/4,0.35,0.0,OTHER,small,0,AG1,HRVhB1g2,TCB,70.0,57.4,formula_82pct_of_proposed,,0.0,0.0,0.0,,0,0,0.0,0.0,0.0,0.0,3290.0,2950.3599999999997,1,0
28e96da72676,Koppal,4D4A2,4D4A2M3b,Raghunathanhalli-1,0704020029,40/*/1,0.41,1.0,OTHER,small,1,AG1,HTIhB2g3,TCB,82.0,67.24,formula_82pct_of_proposed,,0.0,0.0,0.0,,0,0,0.0,0.0,0.0,0.0,5084.0,3456.1359999999995,1,0
769b61800f81,Koppal,4D4A2,4D4A2M3b,Raghunathanhalli-1,0704020029,19/*/11,0.88,1.0,OTHER,small,0,AG2,RNKmB1,TCB,176.0,144.32,formula_82pct_of_proposed,,0.0,0.0,0.0,,0,0,0.0,0.0,0.0,0.0,10912.0,7418.048,1,0
5ab589798d35,Koppal,4D4A2,4D4A2M3b,Raghunathanhalli-1,0704020029,22/*/1,0.82,0.0,OBC,small,1,AG2,RNKmB1,TCB,164.0,134.48,formula_82pct_of_proposed,,0.0,0.0,0.0,,0,0,0.0,0.0,0.0,0.0,10168.0,6912.271999999999,1,0
d72587546be2,Koppal,4D4A2,4D4A2M3b,Raghunathanhalli-1,0704020029,33/*/5,2.33,0.0,OTHER,small,0,AG1,HTIiB2g1,TCB,466.0,382.12,formula_82pct_of_proposed,,2.0,,0.0,,0,0,0.0,0.0,0.0,0.0,35692.0,19640.968,1,0
67d749e99a62,Koppal,4D4A2,4D4A2M3b,Raghunathanhalli-1,0704020029,34/*/*,0.7,0.0,OTHER,small,0,AG1,HTIiB2g1,TCB,140.0,114.8,formula_82pct_of_proposed,,0.0,0.0,0.0,,0,0,0.0,0.0,0.0,0.0,8680.0,5900.719999999999,1,0
a66f061bfbec,Koppal,4D4A2,4D4A2M3b,Raghunathanhalli-1,0704020029,35/*/6,0.37,0.0,OTHER,small,0,AG1,MKHiB1g1,TCB,74.0,60.68,formula_82pct_of_proposed,,0.0,0.0,0.0,,0,0,0.0,0.0,0.0,0.0,4588.0,3118.9519999999998,1,0
6c2ecf52173a,Koppal,4D4A2,4D4A2M3b,Raghunathanhalli-1,0704020029,39/*/2,1.22,0.0,OTHER,small,0,AG1,NGPhB1g2,TCB,244.0,200.08,formula_82pct_of_proposed,,1.0,,0.0,,0,0,0.0,0.0,0.0,0.0,18528.0,10284.112000000001,1,0
0272f8157226,Koppal,4D4A2,4D4A2M3b,Raghunathanhalli-1,0704020029,19/*/*,0.3,1.0,OTHER,small,0,AG2,RNKmB1,TCB,60.0,49.2,formula_82pct_of_proposed,,0.0,0.0,0.0,,0,0,0.0,0.0,0.0,0.0,3720.0,2528.88,1,0
0272f8157226,Koppal,4D4A2,4D4A2M3b,Raghunathanhalli-1,0704020029,19/*/*,0.39,0.0,OTHER,small,0,AG2,RNKmB1,TCB,78.0,63.96,formula_82pct_of_proposed,,0.0,0.0,0.0,,0,0,0.0,0.0,0.0,0.0,4836.0,3287.544,1,0
bf966e9451f2,Koppal,4D4A2,4D4A2M3b,Raghunathanhalli-1,0704020029,20/*/4,0.58,0.0,OBC,small,1,AG2,MTLmB2g1,TCB,115.99999999999999,95.11999999999998,formula_82pct_of_proposed,,0.0,0.0,0.0,,0,0,0.0,0.0,0.0,0.0,7191.999999999999,4889.167999999999,1,0
6f45a872c76d,Koppal,4D4A2,4D4A2M3b,Raghunathanhalli-1,0704020029,22/*/3,1.64,1.0,OTHER,small,1,AG2,RNKmB1,TCB,328.0,268.96,formula_82pct_of_proposed,,1.0,,0.0,,0,0,0.0,0.0,0.0,0.0,33492.0,13824.543999999998,1,0
6a56d9249299,Koppal,4D4A2,4D4A2M3b,Raghunathanhalli-1,0704020029,23/*/*,2.3,0.0,OTHER,small,1,AG2,RNKmB1,TCB,459.99999999999994,377.19999999999993,formula_82pct_of_proposed,,2.0,,0.0,,0,0,0.0,0.0,0.0,0.0,49539.99999999999,19388.079999999994,1,0
6ace81682301,Koppal,4D4A2,4D4A2M3b,Raghunathanhalli-1,0704020029,24/*/1,1.14,1.0,ST,small,1,AG2,GRHmB1,TCB,227.99999999999997,0.0,value,0.0,1.0,,0.0,,0,0,0.0,0.0,0.0,0.0,24591.999999999996,0.0,0,0
5f6a26f96411,Koppal,4D4A2,4D4A2M3b,Raghunathanhalli-1,0704020029,5/*/2,0.3,0.0,OTHER,small,0,AG1,HRVhB1g2,TCB,60.0,49.2,formula_82pct_of_proposed,,0.0,0.0,0.0,,0,0,0.0,0.0,0.0,0.0,2820.0,2528.88,1,0
1929e2e89f9a,Koppal,4D4A2,4D4A2M3b,Raghunathanhalli-1,0704020029,5/*/6,0.44,1.0,OTHER,small,0,AG1,HRVhB1g2,TCB,88.0,72.16,formula_82pct_of_proposed,,0.0,0.0,0.0,,0,0,0.0,0.0,0.0,0.0,4136.0,3709.024,1,0
7c1ba0e8178c,Koppal,4D4A2,4D4A2M3b,Raghunathanhalli-1,0704020029,44/*/8,0.29,0.0,OTHER,small,0,AG1,NGPhB1g2,TCB,57.99999999999999,47.55999999999999,formula_82pct_of_proposed,,0.0,0.0,0.0,,0,0,0.0,0.0,0.0,0.0,3595.9999999999995,2444.5839999999994,1,0
9845649a3f67,Koppal,4D4A2,4D4A2M3b,Raghunathanhalli-1,0704020029,24/*/3,1.15,0.0,ST,small,1,AG2,GRHmB1,TCB,229.99999999999997,0.0,value,0.0,1.0,,0.0,,0,0,0.0,0.0,0.0,0.0,24769.999999999996,0.0,0,0
5f6a7b5daefc,Koppal,4D4A2,4D4A2M3b,Raghunathanhalli-1,0704020029,24/*/5,0.4,0.0,OTHER,small,0,AG2,GRHmB1,TCB,80.0,65.6,formula_82pct_of_proposed,,0.0,0.0,0.0,,0,0,0.0,0.0,0.0,0.0,4960.0,3371.8399999999997,1,0
2be5b3e47474,Koppal,4D4A2,4D4A2M3b,Raghunathanhalli-1,0704020029,25/*/3,0.74,0.0,OTHER,small,1,AG2,GRHmB1,TCB,148.0,121.36,formula_82pct_of_proposed,,0.0,0.0,0.0,,0,0,166.0,0.0,0.0,0.0,25669.0,6237.9039999999995,1,0
e1ef2dd2ffe8,Koppal,4D4A2,4D4A2M3b,Raghunathanhalli-1,0704020029,25/*/6,0.64,0.0,OTHER,small,1,AG2,GRHmB1,TCB,128.0,104.96,formula_82pct_of_proposed,,0.0,0.0,0.0,,0,0,166.0,0.0,0.0,0.0,24429.0,5394.9439999999995,1,0
7a9f3c6dafad,Koppal,4D4A2,4D4A2M3b,Raghunathanhalli-1,0704020029,44/*/7,1.11,0.0,OTHER,small,1,AG1,NGPhB1g2,TCB,222.00000000000003,182.04000000000005,formula_82pct_of_proposed,,1.0,,0.0,,0,0,0.0,0.0,0.0,0.0,17164.0,9356.856000000002,1,0
f0495246987b,Koppal,4D4A2,4D4A2M3b,Raghunathanhalli-1,0704020029,45/*/1,1.18,0.0,OBC,small,1,AG1,MKHiB1g1,TCB,236.0,193.52,formula_82pct_of_proposed,,1.0,,0.0,,0,0,0.0,0.0,0.0,0.0,18032.0,9946.928,1,0
6a56d9249299,Koppal,4D4A2,4D4A2M3b,Raghunathanhalli-1,0704020029,23/*/*,0.37,0.0,OTHER,small,1,AG2,RNKmB1,TCB,74.0,60.68,formula_82pct_of_proposed,,0.0,0.0,0.0,,0,0,0.0,0.0,0.0,0.0,4588.0,3118.9519999999998,1,0
6a56d9249299,Koppal,4D4A2,4D4A2M3b,Raghunathanhalli-1,0704020029,23/*/*,0.38,0.0,OTHER,small,1,AG2,RNKmB1,TCB,76.0,62.32,formula_82pct_of_proposed,,0.0,0.0,0.0,,0,0,0.0,0.0,0.0,0.0,4712.0,3203.248,1,0
e9d4c6d2f90d,Koppal,4D4A2,4D4A2M3b,Raghunathanhalli-1,0704020029,25/*/1,1.54,0.0,OTHER,small,1,AG2,GRHmB1,TCB,308.0,252.56,formula_82pct_of_proposed,,1.0,,0.0,,0,0,277.0,0.0,0.0,0.0,59200.0,12981.583999999999,1,0
1a9a9fb04c24,Koppal,4D4A2,4D4A2M3b,Raghunathanhalli-1,0704020029,29/*/1,1.63,0.0,OTHER,small,1,AG1,NGPhB1g2,TCB,326.0,267.32,formula_82pct_of_proposed,,1.0,,0.0,,0,0,0.0,0.0,0.0,0.0,23612.0,13740.248,1,0
0272f8157226,Koppal,4D4A2,4D4A2M3b,Raghunathanhalli-1,0704020029,19/*/*,0.52,0.0,OBC,small,1,AG2,RNKmB1,TCB,104.0,85.28,formula_82pct_of_proposed,,0.0,0.0,0.0,,0,0,0.0,0.0,0.0,0.0,6448.0,4383.392,1,0
6ee738b3c7e1,Koppal,4D4A2,4D4A2M3b,Raghunathanhalli-1,0704020029,19/*/1,0.8,0.0,OTHER,small,1,AG2,RNKmB1,TCB,160.0,131.2,formula_82pct_of_proposed,,0.0,0.0,0.0,,0,0,0.0,0.0,0.0,0.0,9920.0,6743.679999999999,1,0
d6e603b5a927,Koppal,4D4A2,4D4A2M3b,Raghunathanhalli-1,0704020029,5/*/1,0.42,0.0,OTHER,small,0,AG1,HRVhB1g2,TCB,84.0,68.88,formula_82pct_of_proposed,,0.0,0.0,0.0,,0,0,0.0,0.0,0.0,0.0,3948.0,3540.432,1,0
a33784737d09,Koppal,4D4A2,4D4A2M3b,Raghunathanhalli-1,0704020029,5/*/7,0.89,0.0,OTHER,small,1,AG1,HRVhB1g2,TCB,178.0,145.96,formula_82pct_of_proposed,,0.0,0.0,0.0,,0,0,0.0,0.0,0.0,0.0,8366.0,7502.344,1,0
4235b1a3fb6f,Koppal,4D4A2,4D4A2M3b,Raghunathanhalli-1,0704020029,33/*/1,1.27,0.0,OTHER,small,0,AG1,HTIiB2g1,TCB,254.0,0.0,value,0.0,1.0,,0.0,,0,0,0.0,0.0,0.0,0.0,19148.0,0.0,0,0
201dd092ac2c,Koppal,4D4A2,4D4A2M3b,Raghunathanhalli-1,0704020029,33/*/4,0.8,0.0,OTHER,small,1,AG1,HTIiB2g1,TCB,160.0,131.2,formula_82pct_of_proposed,,0.0,0.0,0.0,,0,0,0.0,0.0,0.0,0.0,9920.0,6743.679999999999,1,0
171d90015668,Koppal,4D4A2,4D4A2M3b,Raghunathanhalli-1,0704020029,30/*/4,1.1,0.0,OTHER,small,0,AG1,NGPhB1g2,TCB,220.00000000000003,180.40000000000003,formula_82pct_of_proposed,,1.0,,0.0,,0,0,0.0,0.0,0.0,0.0,17040.0,9272.560000000001,1,0
3a61ccee53d7,Koppal,4D4A2,4D4A2M3b,Raghunathanhalli-1,0704020029,32/*/5,0.9,0.0,OBC,small,1,AG1,NGPhB1g2,TCB,180.0,147.6,formula_82pct_of_proposed,,0.0,0.0,0.0,,0,0,0.0,0.0,0.0,0.0,11160.0,7586.639999999999,1,0
67d749e99a62,Koppal,4D4A2,4D4A2M3b,Raghunathanhalli-1,0704020029,34/*/*,0.7,0.0,ST,small,1,AG1,HTIiB2g1,TCB,140.0,0.0,value,0.0,0.0,0.0,0.0,,0,0,0.0,0.0,0.0,0.0,8680.0,0.0,0,0
3f97358a5d46,Koppal,4D4A2,4D4A2M3b,Raghunathanhalli-1,0704020029,35/*/2,1.38,1.0,OTHER,small,1,AG1,MKHiB1g1,TCB,276.0,226.32,formula_82pct_of_proposed,,1.0,,0.0,,0,0,0.0,0.0,0.0,0.0,20512.0,11632.848,1,0
9708cc694712,Koppal,4D4A2,4D4A2M3b,Raghunathanhalli-1,0704020029,36/*/*,1.88,1.0,OTHER,small,1,AG1,NGPhB1g2,TCB,376.0,308.32,formula_82pct_of_proposed,,1.0,,0.0,,0,0,0.0,0.0,0.0,0.0,26712.0,15847.648,1,0
fbd2d7c35388,Koppal,4D4A2,4D4A2M3b,Raghunathanhalli-1,0704020029,37/*/1,0.76,0.0,OBC,small,1,AG1,NGPhB1g2,TCB,152.0,124.64,formula_82pct_of_proposed,,0.0,0.0,0.0,,0,0,0.0,0.0,0.0,0.0,9424.0,6406.496,1,0
f0b4497e710e,Koppal,4D4A2,4D4A2M3b,Raghunathanhalli-1,0704020029,22/*/2,0.8,0.0,OTHER,small,1,AG2,RNKmB1,TCB,160.0,0.0,value,0.0,0.0,0.0,0.0,,0,0,0.0,0.0,0.0,0.0,9920.0,0.0,0,0
d982015c124b,Koppal,4D4A2,4D4A2M3b,Raghunathanhalli-1,0704020029,22/*/6,0.85,0.0,OTHER,small,0,AG2,RNKmB1,TCB,170.0,139.4,formula_82pct_of_proposed,,0.0,0.0,0.0,,0,0,0.0,0.0,0.0,0.0,10540.0,7165.16,1,0
67d749e99a62,Koppal,4D4A2,4D4A2M3b,Raghunathanhalli-1,0704020029,34/*/*,2.17,0.0,OTHER,small,0,AG1,HTIiB2g1,TCB,434.0,355.88,formula_82pct_of_proposed,,2.0,,0.0,,0,0,0.0,0.0,0.0,0.0,33708.0,18292.232,1,0
cfaefacca39a,Koppal,4D4A2,4D4A2M3b,Raghunathanhalli-1,0704020029,35/*/3,0.5,0.0,OTHER,small,1,AG1,MKHiB1g1,TCB,100.0,82.0,formula_82pct_of_proposed,,0.0,0.0,0.0,,0,0,0.0,0.0,0.0,0.0,6200.0,4214.8,1,0
c4d12062492d,Koppal,4D4A2,4D4A2M3b,Raghunathanhalli-1,0704020029,38/*/*,2.01,0.0,OTHER,small,1,AG1,NGPhB1g2,TCB,401.99999999999994,329.63999999999993,formula_82pct_of_proposed,,2.0,,0.0,,0,0,0.0,0.0,0.0,0.0,33524.0,16943.495999999996,1,0
f8485e9cb8a5,Koppal,4D4A2,4D4A2M3b,Raghunathanhalli-1,0704020029,4/*/2,0.36,0.0,OTHER,small,1,AG1,HRVhB1g2,TCB,72.0,59.04,formula_82pct_of_proposed,,0.0,0.0,0.0,,0,0,0.0,0.0,0.0,0.0,3384.0,3034.656,1,0
7dfa57f46d84,Koppal,4D4A2,4D4A2M3b,Raghunathanhalli-1,0704020029,5/*/4,0.42,0.0,OTHER,small,0,AG1,HRVhB1g2,TCB,84.0,0.0,value,0.0,0.0,0.0,0.0,,0,0,0.0,0.0,0.0,0.0,3948.0,0.0,0,0
b438dd791c7f,Koppal,4D4A2,4D4A2M3b,Raghunathanhalli-1,0704020029,5/*/5,0.44,1.0,OBC,small,1,AG1,HRVhB1g2,TCB,88.0,72.16,formula_82pct_of_proposed,,0.0,0.0,0.0,,0,0,0.0,0.0,0.0,0.0,4136.0,3709.024,1,0
9e083febc40c,Koppal,4D4A2,4D4A2M3b,Raghunathanhalli-1,0704020029,45/*/2,1.17,0.0,OBC,small,1,AG1,MKHiB1g1,TCB,234.0,191.88,formula_82pct_of_proposed,,1.0,,0.0,,0,0,0.0,0.0,0.0,0.0,17908.0,9862.632,1,0
14856ecbeeba,Koppal,4D4A2,4D4A2M3b,Raghunathanhalli-1,0704020029,6/*/1,0.7,0.0,OBC,small,1,AG1,MKHhB1g1,TCB,140.0,114.8,formula_82pct_of_proposed,,0.0,0.0,0.0,,0,0,0.0,0.0,0.0,0.0,8680.0,5900.719999999999,1,0
2437f7a25a45,Koppal,4D4A2,4D4A2M3b,Raghunathanhalli-1,0704020029,6/*/6,0.24,0.0,OTHER,small,0,AG1,MKHhB1g1,TCB,48.0,39.36,formula_82pct_of_proposed,,0.0,0.0,0.0,,0,0,0.0,0.0,0.0,0.0,2976.0,2023.1039999999998,1,0
6a56d9249299,Koppal,4D4A2,4D4A2M3b,Raghunathanhalli-1,0704020029,23/*/*,0.7,0.0,OTHER,small,1,AG2,RNKmB1,TCB,140.0,0.0,value,0.0,0.0,0.0,0.0,,0,0,0.0,0.0,0.0,0.0,8680.0,0.0,0,0
c71048afa0f5,Koppal,4D4A2,4D4A2M3b,Raghunathanhalli-1,0704020029,24/*/2,0.74,0.0,ST,small,1,AG2,GRHmB1,TCB,148.0,121.36,formula_82pct_of_proposed,,0.0,0.0,0.0,,0,0,0.0,0.0,0.0,0.0,9176.0,6237.9039999999995,1,0
cb2debd64c44,Koppal,4D4A2,4D4A2M3b,Raghunathanhalli-1,0704020029,25/*/4,0.09,0.0,OBC,small,1,AG2,GRHmB1,TCB,18.0,0.0,value,0.0,0.0,0.0,0.0,,0,0,0.0,0.0,0.0,0.0,1116.0,0.0,0,0
d7786be08492,Koppal,4D4A2,4D4A2M3b,Raghunathanhalli-1,0704020029,6/*/5,0.33,0.0,OTHER,small,1,AG1,MKHhB1g1,TCB,66.0,54.12,formula_82pct_of_proposed,,0.0,0.0,0.0,,0,0,0.0,0.0,0.0,0.0,4092.0,2781.7679999999996,1,0
acf03108fa41,Koppal,4D4A2,4D4A2M3b,Raghunathanhalli-1,0704020029,6/*/8,0.34,0.0,OTHER,small,0,AG1,MKHhB1g1,TCB,68.0,55.76,formula_82pct_of_proposed,,0.0,0.0,0.0,,0,0,0.0,0.0,0.0,0.0,4216.0,2866.064,1,0
0dc7a53e5562,Koppal,4D4A2,4D4A2M3b,Raghunathanhalli-1,0704020029,4/*/1,1.41,0.0,OTHER,small,0,AG1,HRVhB1g2,TCB,282.0,231.24,formula_82pct_of_proposed,,1.0,,0.0,,0,0,0.0,0.0,0.0,0.0,13254.0,11885.736,1,0
ab4c2490765d,Koppal,4D4A2,4D4A2M3b,Raghunathanhalli-1,0704020029,4/*/3,0.7,0.0,ST,small,1,AG1,HRVhB1g2,TCB,140.0,114.8,formula_82pct_of_proposed,,0.0,0.0,0.0,,0,0,0.0,0.0,0.0,0.0,6580.0,5900.719999999999,1,0
988225634376,Koppal,4D4A2,4D4A2M3b,Raghunathanhalli-1,0704020029,44/*/3,2.13,0.0,OTHER,medium,1,AG1,NGPhB1g2,TCB,426.0,349.32,formula_82pct_of_proposed,,2.0,,0.0,,0,0,0.0,0.0,0.0,0.0,35012.0,17955.048,1,0
934fcda421c0,Koppal,4D4A2,4D4A2M3b,Raghunathanhalli-1,0704020029,44/*/5,0.96,0.0,OTHER,small,1,AG1,NGPhB1g2,TCB,192.0,157.44,formula_82pct_of_proposed,,0.0,0.0,0.0,,0,0,0.0,0.0,0.0,0.0,11904.0,8092.415999999999,1,0
5f6a26f96411,Koppal,4D4A2,4D4A2M3b,Raghunathanhalli-1,0704020029,5/*/2,0.1,0.0,OTHER,small,0,AG1,HRVhB1g2,TCB,20.0,16.4,formula_82pct_of_proposed,,0.0,0.0,0.0,,0,0,0.0,0.0,0.0,0.0,940.0,842.9599999999999,1,0
50684d29a91e,Koppal,4D4A2,4D4A2M3b,Raghunathanhalli-1,0704020029,30/*/2,0.51,0.0,OTHER,small,0,AG1,NGPhB1g2,TCB,102.0,83.64,formula_82pct_of_proposed,,0.0,0.0,0.0,,0,0,0.0,0.0,0.0,0.0,6324.0,4299.096,1,0
bb91f7b98e73,Koppal,4D4A2,4D4A2M3b,Raghunathanhalli-1,0704020029,31/*/*,3.26,1.0,OTHER,medium,1,AG1,NGPhB1g2,TCB,652.0,534.64,formula_82pct_of_proposed,,3.0,,0.0,,0,0,0.0,0.0,0.0,0.0,53324.0,27480.496,1,0
0cd3cf36adc3,Koppal,4D4A2,4D4A2M3b,Raghunathanhalli-1,0704020029,32/*/2,0.49,0.0,OTHER,small,1,AG1,NGPhB1g2,TCB,98.0,80.36,formula_82pct_of_proposed,,0.0,0.0,0.0,,0,0,0.0,0.0,0.0,0.0,6076.0,4130.504,1,0
ba0bfab29c09,Koppal,4D4A2,4D4A2M3b,Raghunathanhalli-1,0704020029,35/*/1,0.69,0.0,OBC,small,1,AG1,MKHiB1g1,TCB,138.0,113.16,formula_82pct_of_proposed,,0.0,0.0,0.0,,0,0,0.0,0.0,0.0,0.0,8556.0,5816.424,1,0
35cffb60a3cf,Koppal,4D4A2,4D4A2M3b,Raghunathanhalli-1,0704020029,35/*/8,0.5,0.0,OTHER,small,0,AG1,MKHiB1g1,TCB,100.0,82.0,formula_82pct_of_proposed,,0.0,0.0,0.0,,0,0,0.0,0.0,0.0,0.0,6200.0,4214.8,1,0
3aea7278500c,Koppal,4D4A2,4D4A2M3b,Raghunathanhalli-1,0704020029,37/*/2,0.75,0.0,OBC,small,1,AG1,NGPhB1g2,TCB,150.0,0.0,value,0.0,0.0,0.0,0.0,,0,0,0.0,0.0,0.0,0.0,9300.0,0.0,0,0
0272f8157226,Koppal,4D4A2,4D4A2M3b,Raghunathanhalli-1,0704020029,19/*/*,0.4,0.0,OBC,small,1,AG2,RNKmB1,TCB,80.0,65.6,formula_82pct_of_proposed,,0.0,0.0,0.0,,0,0,0.0,0.0,0.0,0.0,4960.0,3371.8399999999997,1,0
0272f8157226,Koppal,4D4A2,4D4A2M3b,Raghunathanhalli-1,0704020029,19/*/*,0.55,0.0,OTHER,small,0,AG2,RNKmB1,TCB,110.00000000000001,90.20000000000002,formula_82pct_of_proposed,,0.0,0.0,0.0,,0,0,0.0,0.0,0.0,0.0,6820.000000000001,4636.280000000001,1,0
bf2b9aaf5ab4,Koppal,4D4A2,4D4A2M3b,Raghunathanhalli-1,0704020029,7/*/4,0.16,0.0,OTHER,small,0,AG1,NGPhB1g2,TCB,32.0,26.24,formula_82pct_of_proposed,,0.0,0.0,0.0,,0,0,0.0,0.0,0.0,0.0,1984.0,1348.7359999999999,1,0
a689d8a4d498,Koppal,4D4A2,4D4A2M3b,Raghunathanhalli-1,0704020029,7/*/8,0.64,0.0,OTHER,small,1,AG1,NGPhB1g2,TCB,128.0,104.96,formula_82pct_of_proposed,,0.0,0.0,0.0,,0,0,0.0,0.0,0.0,0.0,7936.0,5394.9439999999995,1,0
0dcad904eb8e,Koppal,4D4A2,4D4A2M3b,Raghunathanhalli-1,0704020029,7/*/9,1.28,0.0,OTHER,small,0,AG1,NGPhB1g2,TCB,256.0,209.92,formula_82pct_of_proposed,,1.0,,0.0,,0,0,0.0,0.0,0.0,0.0,19272.0,10789.887999999999,1,0
0272f8157226,Koppal,4D4A2,4D4A2M3b,Raghunathanhalli-1,0704020029,19/*/*,0.8,0.0,OTHER,small,0,AG2,RNKmB1,TCB,160.0,131.2,formula_82pct_of_proposed,,0.0,0.0,0.0,,0,0,0.0,0.0,0.0,0.0,9920.0,6743.679999999999,1,0
0272f8157226,Koppal,4D4A2,4D4A2M3b,Raghunathanhalli-1,0704020029,19/*/*,0.52,0.0,OBC,small,1,AG2,RNKmB1,TCB,104.0,85.28,formula_82pct_of_proposed,,0.0,0.0,0.0,,0,0,0.0,0.0,0.0,0.0,6448.0,4383.392,1,0
492e56e19abd,Koppal,4D4A2,4D4A2M3b,Raghunathanhalli-1,0704020029,20/*/5,0.8,0.0,OTHER,small,1,AG2,MTLmB2g1,TCB,160.0,131.2,formula_82pct_of_proposed,,0.0,0.0,0.0,,0,0,0.0,0.0,0.0,0.0,9920.0,6743.679999999999,1,0
2af9655b209c,Koppal,4D4A2,4D4A2M3b,Raghunathanhalli-1,0704020029,44/*/1,1.2,0.0,OTHER,small,1,AG1,NGPhB1g2,TCB,240.0,196.8,formula_82pct_of_proposed,,1.0,,0.0,,0,0,0.0,0.0,0.0,0.0,18280.0,10115.52,1,0
b1de9cfd47be,Koppal,4D4A2,4D4A2M3b,Raghunathanhalli-1,0704020029,44/*/2,2.5,0.0,OTHER,medium,0,AG1,NGPhB1g2,TCB,500.0,410.0,formula_82pct_of_proposed,,2.0,,0.0,,0,0,0.0,0.0,0.0,0.0,36800.0,21074.0,1,0
af21f85bf141,Koppal,4D4A2,4D4A2M3b,Raghunathanhalli-1,0704020029,20/*/2,4.0,0.0,OTHER,medium,0,AG2,MTLmB2g1,TCB,800.0,656.0,formula_82pct_of_proposed,,3.0,,0.0,,0,0,0.0,0.0,0.0,0.0,84100.0,33718.4,1,0
210a9135d94b,Koppal,4D4A2,4D4A2M3b,Raghunathanhalli-1,0704020029,20/*/3,0.59,0.0,OTHER,small,0,AG2,MTLmB2g1,TCB,118.0,96.76,formula_82pct_of_proposed,,0.0,0.0,0.0,,0,0,0.0,0.0,0.0,0.0,10502.0,4973.464,1,0
a9c2c97ab26d,Koppal,4D4A2,4D4A2M3b,Raghunathanhalli-1,0704020029,6/*/3,0.67,0.0,OTHER,small,1,AG1,MKHhB1g1,TCB,134.0,109.88,formula_82pct_of_proposed,,0.0,0.0,0.0,,0,0,0.0,0.0,0.0,0.0,6298.0,5647.831999999999,1,0
6d51e4e5643b,Koppal,4D4A2,4D4A2M3b,Raghunathanhalli-1,0704020029,22/*/5,1.49,0.0,OTHER,small,0,AG2,RNKmB1,TCB,298.0,244.36,formula_82pct_of_proposed,,1.0,,0.0,,0,0,0.0,0.0,0.0,0.0,31022.0,12560.104000000001,1,0
6a56d9249299,Koppal,4D4A2,4D4A2M3b,Raghunathanhalli-1,0704020029,23/*/*,0.69,0.0,OTHER,small,1,AG2,RNKmB1,TCB,138.0,113.16,formula_82pct_of_proposed,,0.0,0.0,0.0,,0,0,0.0,0.0,0.0,0.0,12282.0,5816.424,1,0
60cc38b9ed28,Koppal,4D4A2,4D4A2M3b,Raghunathanhalli-1,0704020029,25/*/7,0.66,0.0,OBC,small,1,AG2,GRHmB1,TCB,132.0,108.24,formula_82pct_of_proposed,,0.0,0.0,0.0,,0,0,166.0,0.0,0.0,0.0,28241.0,5563.535999999999,1,0
288a38bb270e,Koppal,4D4A2,4D4A2M3b,Raghunathanhalli-1,0704020029,7/*/5,0.16,1.0,OTHER,small,1,AG1,NGPhB1g2,TCB,32.0,26.24,formula_82pct_of_proposed,,0.0,0.0,0.0,,0,0,0.0,0.0,0.0,0.0,1984.0,1348.7359999999999,1,0
92a89db94a0a,Koppal,4D4A2,4D4A2M3b,Raghunathanhalli-1,0704020029,21/*/1,1.32,0.0,OTHER,small,0,AG2,RNKmB1,TCB,264.0,216.48,formula_82pct_of_proposed,,1.0,,0.0,,0,0,0.0,0.0,0.0,0.0,27996.0,11127.071999999998,1,0
9c849541701e,Koppal,4D4A2,4D4A2M3b,Raghunathanhalli-1,0704020029,21/*/2,1.32,0.0,OBC,small,1,AG2,RNKmB1,TCB,264.0,216.48,formula_82pct_of_proposed,,1.0,,0.0,,0,0,0.0,0.0,0.0,0.0,27996.0,11127.071999999998,1,0
7119773d99c7,Koppal,4D4A2,4D4A2M3b,Raghunathanhalli-1,0704020029,21/*/3,1.32,0.0,OTHER,small,0,AG2,RNKmB1,TCB,264.0,216.48,formula_82pct_of_proposed,,1.0,,0.0,,0,0,0.0,0.0,0.0,0.0,27996.0,11127.071999999998,1,0
6a56d9249299,Koppal,4D4A2,4D4A2M3b,Raghunathanhalli-1,0704020029,23/*/*,1.1,0.0,OBC,small,1,AG2,RNKmB1,TCB,220.00000000000003,180.40000000000003,formula_82pct_of_proposed,,1.0,,0.0,,0,0,0.0,0.0,0.0,0.0,24080.000000000004,9272.560000000001,1,0
cd42ec6426e5,Koppal,4D4A2,4D4A2M3b,Raghunathanhalli-1,0704020029,27/*/*,1.35,0.0,OTHER,small,1,AG2,MTLmB2g1,TCB,270.0,221.4,formula_82pct_of_proposed,,1.0,,0.0,,0,0,0.0,0.0,0.0,0.0,28530.0,11379.96,1,0
316704b8ed83,Koppal,4D4A2,4D4A2M3b,Raghunathanhalli-1,0704020029,32/*/1,1.05,0.0,OTHER,small,1,AG1,NGPhB1g2,TCB,210.0,172.2,formula_82pct_of_proposed,,1.0,,0.0,,0,0,0.0,0.0,0.0,0.0,16420.0,8851.08,1,0
67d749e99a62,Koppal,4D4A2,4D4A2M3b,Raghunathanhalli-1,0704020029,34/*/*,0.7,1.0,OTHER,small,0,AG1,HTIiB2g1,TCB,140.0,114.8,formula_82pct_of_proposed,,0.0,0.0,0.0,,0,0,0.0,0.0,0.0,0.0,8680.0,5900.719999999999,1,0
67d749e99a62,Koppal,4D4A2,4D4A2M3b,Raghunathanhalli-1,0704020029,34/*/*,0.77,1.0,OTHER,small,0,AG1,HTIiB2g1,TCB,154.0,126.28,formula_82pct_of_proposed,,0.0,0.0,0.0,,0,0,0.0,0.0,0.0,0.0,9548.0,6490.7919999999995,1,0
55cccf2db77d,Koppal,4D4A2,4D4A2M3b,Raghunathanhalli-1,0704020029,8/*/*,0.39,0.0,OTHER,small,1,AG1,NGPhB1g2,TCB,78.0,0.0,value,0.0,0.0,0.0,0.0,,0,0,0.0,0.0,0.0,0.0,4836.0,0.0,0,0
3eb9b800cb09,Koppal,4D4A2,4D4A2M3b,Raghunathanhalli-1,0704020029,7/*/6,0.32,0.0,OBC,small,1,AG1,NGPhB1g2,TCB,64.0,52.48,formula_82pct_of_proposed,,0.0,0.0,0.0,,0,0,0.0,0.0,0.0,0.0,3968.0,2697.4719999999998,1,0
c6b20cc5983d,Koppal,4D4A2,4D4A2M3b,Raghunathanhalli-1,0704020029,7/*/2,1.28,1.0,OTHER,small,1,AG1,NGPhB1g2,TCB,256.0,209.92,formula_82pct_of_proposed,,1.0,,0.0,,0,0,0.0,0.0,0.0,0.0,19272.0,10789.887999999999,1,0
cc0c45e7f514,Koppal,4D4A2,4D4A2M3b,Raghunathanhalli-1,0704020029,9/*/4,1.16,1.0,OTHER,small,1,AG1,MKHhB1g1,TCB,231.99999999999997,190.23999999999995,formula_82pct_of_proposed,,1.0,,0.0,,0,0,0.0,0.0,0.0,0.0,10903.999999999998,9778.335999999998,1,0
6a56d9249299,Koppal,4D4A2,4D4A2M3b,Raghunathanhalli-1,0704020029,23/*/*,0.17,0.0,OTHER,small,0,AG2,RNKmB1,TCB,34.0,27.88,formula_82pct_of_proposed,,0.0,0.0,0.0,,0,0,0.0,0.0,0.0,0.0,3026.0,1433.032,1,0
6a56d9249299,Koppal,4D4A2,4D4A2M3b,Raghunathanhalli-1,0704020029,23/*/*,0.18,1.0,OTHER,small,0,AG2,RNKmB1,TCB,36.0,29.52,formula_82pct_of_proposed,,0.0,0.0,0.0,,0,0,0.0,0.0,0.0,0.0,3204.0,1517.328,1,0
100bb3559128,Koppal,4D4A2,4D4A2M3b,Raghunathanhalli-1,0704020029,25/*/2,0.76,0.0,OTHER,small,0,AG2,GRHmB1,TCB,152.0,124.64,formula_82pct_of_proposed,,0.0,0.0,0.0,,0,0,194.0,0.0,0.0,0.0,32769.0,6406.496,1,0
ba0bfab29c09,Koppal,4D4A2,4D4A2M3b,Raghunathanhalli-1,0704020029,35/*/1,0.68,0.0,OTHER,small,0,AG1,MKHiB1g1,TCB,136.0,111.52,formula_82pct_of_proposed,,0.0,0.0,0.0,,0,0,0.0,0.0,0.0,0.0,8432.0,5732.128,1,0
d1925b66c5e2,Koppal,4D4A2,4D4A2M3b,Raghunathanhalli-1,0704020029,40/*/2,0.41,0.0,OTHER,small,0,AG1,HTIhB2g3,TCB,82.0,67.24,formula_82pct_of_proposed,,0.0,0.0,0.0,,0,0,0.0,0.0,0.0,0.0,3854.0,3456.1359999999995,1,0
d5828cc70bca,Koppal,4D4A2,4D4A2M3b,Raghunathanhalli-1,0704020029,44/*/6,0.04,0.0,OTHER,small,1,AG1,NGPhB1g2,TCB,8.0,6.56,formula_82pct_of_proposed,,0.0,0.0,0.0,,0,0,0.0,0.0,0.0,0.0,496.0,337.18399999999997,1,0
55cccf2db77d,Koppal,4D4A2,4D4A2M3b,Raghunathanhalli-1,0704020029,8/*/*,1.17,1.0,OTHER,small,1,AG1,NGPhB1g2,TCB,234.0,191.88,formula_82pct_of_proposed,,1.0,,0.0,,0,0,0.0,0.0,0.0,0.0,17908.0,9862.632,1,0
74c4589c85e3,Koppal,4D4A2,4D4A2M3b,Raghunathanhalli-1,0704020029,9/*/2,1.16,0.0,OTHER,small,0,AG1,MKHhB1g1,TCB,231.99999999999997,190.23999999999995,formula_82pct_of_proposed,,1.0,,0.0,,0,0,0.0,0.0,0.0,0.0,10903.999999999998,9778.335999999998,1,0
9f0115767a43,Koppal,4D4A2,4D4A2M3b,Raghunathanhalli-1,0704020029,8/*/6,0.4,0.0,OTHER,small,1,AG1,NGPhB1g2,TCB,80.0,65.6,formula_82pct_of_proposed,,0.0,0.0,0.0,,0,0,0.0,0.0,0.0,0.0,4960.0,3371.8399999999997,1,0
09645b9625bc,Koppal,4D4A2,4D4A2M3b,Raghunathanhalli-1,0704020029,30/*/1,0.53,1.0,OTHER,small,1,AG1,NGPhB1g2,TCB,106.0,0.0,value,0.0,0.0,0.0,0.0,,0,0,0.0,0.0,0.0,0.0,6572.0,0.0,0,0
52b9a53aea09,Koppal,4D4A2,4D4A2M3b,Raghunathanhalli-1,0704020029,32/*/4,0.48,0.0,OTHER,small,1,AG1,NGPhB1g2,TCB,96.0,0.0,value,0.0,0.0,0.0,0.0,,0,0,0.0,0.0,0.0,0.0,5952.0,0.0,0,0
23e1c3d9ceb8,Koppal,4D4A2,4D4A2M3b,Raghunathanhalli-1,0704020029,33/*/3,0.8,0.0,OTHER,small,1,AG1,HTIiB2g1,TCB,160.0,131.2,formula_82pct_of_proposed,,0.0,0.0,0.0,,0,0,0.0,0.0,0.0,0.0,9920.0,6743.679999999999,1,0
55cccf2db77d,Koppal,4D4A2,4D4A2M3b,Raghunathanhalli-1,0704020029,8/*/*,0.39,1.0,OTHER,small,0,AG1,NGPhB1g2,TCB,78.0,0.0,value,0.0,0.0,0.0,0.0,,0,0,0.0,0.0,0.0,0.0,4836.0,0.0,0,0
6a52abc7a5c1,Koppal,4D4A2,4D4A2M3b,Raghunathanhalli-1,0704020029,6/*/10,0.43,0.0,OBC,small,1,AG1,MKHhB1g1,TCB,86.0,70.52,formula_82pct_of_proposed,,0.0,0.0,0.0,,0,0,0.0,0.0,0.0,0.0,4042.0,3624.7279999999996,1,0
8750216331c8,Koppal,4D4A2,4D4A2M3b,Raghunathanhalli-1,0704020029,6/*/7,0.08,0.0,OTHER,small,0,AG1,MKHhB1g1,TCB,16.0,13.12,formula_82pct_of_proposed,,0.0,0.0,0.0,,0,0,0.0,0.0,0.0,0.0,752.0,674.3679999999999,1,0
2b343c6b3b19,Koppal,4D4A2,4D4A2M3b,Raghunathanhalli-1,0704020029,35/*/4,0.49,0.0,OTHER,small,1,AG1,MKHiB1g1,TCB,98.0,80.36,formula_82pct_of_proposed,,0.0,0.0,0.0,,0,0,0.0,0.0,0.0,0.0,6076.0,4130.504,1,0
cde109454177,Koppal,4D4A2,4D4A2M3b,Raghunathanhalli-1,0704020029,35/*/5,1.2,0.0,OTHER,small,1,AG1,MKHiB1g1,TCB,240.0,196.8,formula_82pct_of_proposed,,1.0,,0.0,,0,0,0.0,0.0,0.0,0.0,18280.0,10115.52,1,0
a2d6ca974d0a,Koppal,4D4A2,4D4A2M3b,Raghunathanhalli-1,0704020029,35/*/7,0.49,0.0,OTHER,small,0,AG1,MKHiB1g1,TCB,98.0,80.36,formula_82pct_of_proposed,,0.0,0.0,0.0,,0,0,0.0,0.0,0.0,0.0,6076.0,4130.504,1,0
aaa643aaeda5,Koppal,4D4A2,4D4A2M3b,Raghunathanhalli-1,0704020029,45/*/4,1.17,0.0,OBC,small,1,AG1,MKHiB1g1,TCB,234.0,191.88,formula_82pct_of_proposed,,1.0,,0.0,,0,0,0.0,0.0,0.0,0.0,17908.0,9862.632,1,0
36f8471adcc8,Koppal,4D4A2,4D4A2M3b,Raghunathanhalli-1,0704020029,7/*/1,1.28,0.0,OTHER,small,0,AG1,NGPhB1g2,TCB,256.0,209.92,formula_82pct_of_proposed,,1.0,,0.0,,0,0,0.0,0.0,0.0,0.0,19272.0,10789.887999999999,1,0
5a01f875db59,Koppal,4D4A2,4D4A2M3b,Raghunathanhalli-1,0704020029,6/*/2,0.67,0.0,OTHER,small,0,AG1,MKHhB1g1,TCB,134.0,109.88,formula_82pct_of_proposed,,0.0,0.0,0.0,,0,0,0.0,0.0,0.0,0.0,6298.0,5647.831999999999,1,0
11afa76bc9ea,Koppal,4D4A2,4D4A2M3b,Raghunathanhalli-1,0704020029,6/*/4,0.7,1.0,OTHER,small,0,AG1,MKHhB1g1,TCB,140.0,114.8,formula_82pct_of_proposed,,0.0,0.0,0.0,,0,0,0.0,0.0,0.0,0.0,6580.0,5900.719999999999,1,0
3101c101cde2,Koppal,4D4A2,4D4A2M3b,Raghunathanhalli-1,0704020029,6/*/9,0.33,0.0,OTHER,small,0,AG1,MKHhB1g1,TCB,66.0,54.12,formula_82pct_of_proposed,,0.0,0.0,0.0,,0,0,0.0,0.0,0.0,0.0,3102.0,2781.7679999999996,1,0
5dc249370d83,Koppal,4D4A2,4D4A2M3b,Raghunathanhalli-1,0704020029,5/*/3,0.44,0.0,OTHER,small,0,AG1,HRVhB1g2,TCB,88.0,72.16,formula_82pct_of_proposed,,0.0,0.0,0.0,,0,0,0.0,0.0,0.0,0.0,4136.0,3709.024,1,0
47ef9a0a2c18,Koppal,4D4A2,4D4A2M3b,Raghunathanhalli-1,0704020029,6/*/11,0.42,0.0,OTHER,small,1,AG1,MKHhB1g1,TCB,84.0,68.88,formula_82pct_of_proposed,,0.0,0.0,0.0,,0,0,0.0,0.0,0.0,0.0,3948.0,3540.432,1,0
c0d57360da44,Koppal,4D4A2,4D4A2M3b,Raghunathanhalli-1,0704020029,6/*/12,0.43,0.0,OTHER,small,0,AG1,MKHhB1g1,TCB,86.0,70.52,formula_82pct_of_proposed,,0.0,0.0,0.0,,0,0,0.0,0.0,0.0,0.0,4042.0,3624.7279999999996,1,0
65033440ed50,Koppal,4D4A2,4D4A2M3b,Raghunathanhalli-1,0704020029,7/*/7,0.64,0.0,OTHER,small,0,AG1,NGPhB1g2,TCB,128.0,104.96,formula_82pct_of_proposed,,0.0,0.0,0.0,,0,0,0.0,0.0,0.0,0.0,7936.0,5394.9439999999995,1,0
6cdf06350469,Koppal,4D4A2,4D4A2M3b,Raghunathanhalli-1,0704020029,7/*/3,0.63,0.0,OTHER,small,0,AG1,NGPhB1g2,TCB,126.0,103.32,formula_82pct_of_proposed,,0.0,0.0,0.0,,0,0,0.0,0.0,0.0,0.0,7812.0,5310.647999999999,1,0
6c982023441e,Koppal,4D4A2,4D4A2M3b,Raghunathanhalli-1,0704020029,9/*/1,1.15,0.0,OTHER,small,0,AG1,MKHhB1g1,TCB,229.99999999999997,0.0,value,0.0,1.0,,0.0,,0,0,0.0,0.0,0.0,0.0,10809.999999999998,0.0,0,0
55cccf2db77d,Koppal,4D4A2,4D4A2M3b,Raghunathanhalli-1,0704020029,8/*/*,1.17,0.0,OTHER,small,1,AG1,NGPhB1g2,TCB,234.0,191.88,formula_82pct_of_proposed,,1.0,,0.0,,0,0,0.0,0.0,0.0,0.0,17908.0,9862.632,1,0
bbd731ced09c,Koppal,4D4A2,4D4A2M3b,Raghunathanhalli-1,0704020029,9/*/3,1.16,0.0,OTHER,small,1,AG1,MKHhB1g1,TCB,231.99999999999997,0.0,value,0.0,1.0,,0.0,,0,0,0.0,0.0,0.0,0.0,10903.999999999998,0.0,0,0
55cccf2db77d,Koppal,4D4A2,4D4A2M3b,Raghunathanhalli-1,0704020029,8/*/*,0.77,0.0,OTHER,small,1,AG1,NGPhB1g2,TCB,154.0,0.0,value,0.0,0.0,0.0,0.0,,0,0,0.0,0.0,0.0,0.0,9548.0,0.0,0,0
c66110865999,Koppal,4D4A2,4D4A2M3b,Raghunathanhalli-1,0704020017,125/*/9,0.79,0.0,OTHER,small,0,AG3,MKHiB2g1,TCB,158.0,129.56,formula_82pct_of_proposed,,0.0,0.0,0.0,,0,0,0.0,0.0,0.0,0.0,9796.0,6659.384,1,0
b2cca0e5fbc5,Koppal,4D4A2,4D4A2M3b,Raghunathanhalli-1,0704020017,13/*/3,0.37,0.0,OTHER,small,1,AG3,AWDmA1,TCB,74.0,0.0,value,0.0,0.0,0.0,0.0,,0,0,0.0,0.0,0.0,0.0,6586.0,0.0,0,0
dd47f192a0d6,Koppal,4D4A2,4D4A2M3b,Raghunathanhalli-1,0704020017,18/*/1,1.14,0.0,SC,small,1,AG3,LGDmB1,TCB,227.99999999999997,186.95999999999995,formula_82pct_of_proposed,,1.0,,0.0,,0,0,0.0,0.0,0.0,0.0,24791.999999999996,9609.743999999997,1,0
65b4d27ee2ac,Koppal,4D4A2,4D4A2M3b,Raghunathanhalli-1,0704020017,18/*/2,1.14,0.0,OTHER,small,1,AG3,LGDmB1,TCB,227.99999999999997,186.95999999999995,formula_82pct_of_proposed,,1.0,,0.0,,0,0,0.0,0.0,0.0,0.0,24791.999999999996,9609.743999999997,1,0
17ad7322794d,Koppal,4D4A2,4D4A2M3b,Raghunathanhalli-1,0704020017,19/*/1,0.43,0.0,OTHER,small,1,AG3,LGDmB1,TCB,86.0,0.0,value,0.0,0.0,0.0,0.0,,0,0,0.0,0.0,0.0,0.0,7654.0,0.0,0,0
17ad7322794d,Koppal,4D4A2,4D4A2M3b,Raghunathanhalli-1,0704020017,19/*/1,0.43,0.0,OTHER,small,1,AG3,LGDmB1,TCB,86.0,0.0,value,0.0,0.0,0.0,0.0,,0,0,0.0,0.0,0.0,0.0,7654.0,0.0,0,0
03ec8c45c6b9,Koppal,4D4A2,4D4A2M3b,Raghunathanhalli-1,0704020017,19/*/2,1.1,0.0,OTHER,small,1,AG3,LGDmB1,TCB,220.00000000000003,180.40000000000003,formula_82pct_of_proposed,,1.0,,0.0,,0,0,100.0,100.0,0.0,0.0,45678.0,30872.56,1,1
91aebbd425dc,Koppal,4D4A2,4D4A2M3b,Raghunathanhalli-1,0704020017,22/*/2,1.46,0.0,OTHER,small,1,AG3,LGDmB1,TCB,292.0,239.44,formula_82pct_of_proposed,,1.0,,0.0,,0,0,0.0,0.0,0.0,0.0,30488.0,12307.216,1,0
eb26914ba512,Koppal,4D4A2,4D4A2M3b,Raghunathanhalli-1,0704020017,22/*/5,0.45,0.0,OTHER,small,1,AG3,LGDmB1,TCB,90.0,73.8,formula_82pct_of_proposed,,0.0,0.0,0.0,,0,0,0.0,0.0,0.0,0.0,8010.0,3793.3199999999997,1,0
26bf9150e9e3,Koppal,4D4A2,4D4A2M3b,Raghunathanhalli-1,0704020017,23/*/*,1.2,0.0,OTHER,small,1,AG3,RNKmB2g1,TCB,240.0,196.8,formula_82pct_of_proposed,,1.0,,0.0,,0,0,0.0,0.0,0.0,0.0,25860.0,10115.52,1,0
a0ac61b9ecb3,Koppal,4D4A2,4D4A2M3b,Raghunathanhalli-1,0704020017,124/*/2,1.12,0.0,OTHER,small,1,AG3,MKHiB1g1,TCB,224.00000000000003,183.68000000000004,formula_82pct_of_proposed,,1.0,,0.0,,0,0,0.0,0.0,40.0,0.0,21088.0,9441.152000000002,1,0
460042c1b906,Koppal,4D4A2,4D4A2M3b,Raghunathanhalli-1,0704020017,125/*/11,0.49,1.0,OTHER,small,0,AG3,MKHiB2g1,TCB,98.0,80.36,formula_82pct_of_proposed,,0.0,0.0,0.0,,0,0,0.0,0.0,0.0,0.0,6076.0,4130.504,1,0
a172a6ccea03,Koppal,4D4A2,4D4A2M3b,Raghunathanhalli-1,0704020017,24/*/5,0.38,0.0,OTHER,small,0,AG3,RNKmB2g1,TCB,76.0,0.0,value,0.0,0.0,0.0,0.0,,0,0,0.0,0.0,0.0,0.0,6764.0,0.0,0,0
075e4970adbe,Koppal,4D4A2,4D4A2M3b,Raghunathanhalli-1,0704020017,123/*/1,0.4,0.0,OTHER,small,1,AG3,MKHiB1g1,TCB,80.0,65.6,formula_82pct_of_proposed,,0.0,0.0,0.0,,0,0,0.0,0.0,0.0,0.0,4960.0,3371.8399999999997,1,0
7ac5bee9c9a7,Koppal,4D4A2,4D4A2M3b,Raghunathanhalli-1,0704020017,123/*/4,0.53,0.0,OTHER,small,1,AG3,MKHiB1g1,TCB,106.0,86.92,formula_82pct_of_proposed,,0.0,0.0,0.0,,0,0,0.0,0.0,0.0,0.0,6572.0,4467.688,1,0
437f2c317a16,Koppal,4D4A2,4D4A2M3b,Raghunathanhalli-1,0704020017,125/*/3,0.6,0.0,OTHER,small,1,AG3,MKHiB2g1,TCB,120.0,98.4,formula_82pct_of_proposed,,0.0,0.0,0.0,,0,0,0.0,0.0,0.0,0.0,7440.0,5057.76,1,0
46e8bf19d1b4,Koppal,4D4A2,4D4A2M3b,Raghunathanhalli-1,0704020017,123/*/3,0.53,0.0,OTHER,small,1,AG3,MKHiB1g1,TCB,106.0,86.92,formula_82pct_of_proposed,,0.0,0.0,0.0,,0,0,0.0,0.0,0.0,0.0,6572.0,4467.688,1,0
11ea0288d0c7,Koppal,4D4A2,4D4A2M3b,Raghunathanhalli-1,0704020017,125/*/8,0.79,0.0,OTHER,small,0,AG3,MKHiB2g1,TCB,158.0,129.56,formula_82pct_of_proposed,,0.0,0.0,0.0,,0,0,0.0,0.0,0.0,0.0,9796.0,6659.384,1,0
66b6af8c9f01,Koppal,4D4A2,4D4A2M3b,Raghunathanhalli-1,0704020017,123/*/5,0.52,0.0,OTHER,small,1,AG3,MKHiB1g1,TCB,104.0,85.28,formula_82pct_of_proposed,,0.0,0.0,0.0,,0,0,0.0,0.0,0.0,0.0,6448.0,4383.392,1,0
717f43e43961,Koppal,4D4A2,4D4A2M3b,Raghunathanhalli-1,0704020017,13/*/4,0.24,0.0,OTHER,small,1,AG3,AWDmA1,TCB,48.0,0.0,value,0.0,0.0,0.0,0.0,,0,0,0.0,0.0,0.0,0.0,4272.0,0.0,0,0
737ef7427593,Koppal,4D4A2,4D4A2M3b,Raghunathanhalli-1,0704020017,130/*/1,0.82,1.0,OTHER,small,1,AG3,MKHiB2g1,TCB,164.0,134.48,formula_82pct_of_proposed,,0.0,0.0,0.0,,0,0,0.0,0.0,0.0,0.0,10168.0,6912.271999999999,1,0
107878f125aa,Koppal,4D4A2,4D4A2M3b,Raghunathanhalli-1,0704020017,130/*/2,0.87,1.0,ST,small,1,AG3,MKHiB2g1,TCB,174.0,142.68,formula_82pct_of_proposed,,0.0,0.0,0.0,,0,0,0.0,0.0,0.0,0.0,10788.0,7333.752,1,0
3f9e143a82f4,Koppal,4D4A2,4D4A2M3b,Raghunathanhalli-1,0704020017,123/*/6,0.52,0.0,OTHER,small,1,AG3,MKHiB1g1,TCB,104.0,0.0,value,0.0,0.0,0.0,0.0,,0,0,0.0,0.0,0.0,0.0,6448.0,0.0,0,0
9204d082838f,Koppal,4D4A2,4D4A2M3b,Raghunathanhalli-1,0704020017,124/*/3,0.58,0.0,OTHER,small,1,AG3,MKHiB1g1,TCB,115.99999999999999,95.11999999999998,formula_82pct_of_proposed,,0.0,0.0,0.0,,0,0,0.0,0.0,0.0,0.0,7191.999999999999,4889.167999999999,1,0
0e95a3af4088,Koppal,4D4A2,4D4A2M3b,Raghunathanhalli-1,0704020017,13/*/7,0.73,1.0,OTHER,small,0,AG3,AWDmA1,TCB,146.0,0.0,value,0.0,0.0,0.0,0.0,,0,0,170.0,0.0,0.0,0.0,29835.0,0.0,0,0
1f8305b5b23e,Koppal,4D4A2,4D4A2M3b,Raghunathanhalli-1,0704020017,130/*/3,0.39,1.0,ST,small,1,AG3,MKHiB2g1,TCB,78.0,63.96,formula_82pct_of_proposed,,0.0,0.0,0.0,,0,0,0.0,0.0,0.0,0.0,4836.0,3287.544,1,0
b0ac31439ae4,Koppal,4D4A2,4D4A2M3b,Raghunathanhalli-1,0704020017,130/*/4,1.23,1.0,ST,small,1,AG3,MKHiB2g1,TCB,246.0,201.72,formula_82pct_of_proposed,,1.0,,0.0,,0,0,0.0,0.0,0.0,0.0,18652.0,10368.408,1,0
5633938b332b,Koppal,4D4A2,4D4A2M3b,Raghunathanhalli-1,0704020017,132/*/*,0.38,0.0,OBC,small,1,AG3,KTPhB2g1,TCB,76.0,0.0,value,0.0,0.0,0.0,0.0,,0,0,0.0,0.0,0.0,0.0,3572.0,0.0,0,0
de634a1cdeb2,Koppal,4D4A2,4D4A2M3b,Raghunathanhalli-1,0704020017,14/*/*,5.08,0.0,OBC,large,1,AG3,LGDmB1,TCB,1016.0,833.12,formula_82pct_of_proposed,,3.0,,0.0,,0,0,100.0,100.0,40.0,95.0,129322.0,73447.368,1,1
dea85332057d,Koppal,4D4A2,4D4A2M3b,Raghunathanhalli-1,0704020017,13/*/5,0.5,0.0,OTHER,small,0,AG3,AWDmA1,TCB,100.0,82.0,formula_82pct_of_proposed,,0.0,0.0,0.0,,0,0,0.0,0.0,0.0,0.0,8900.0,4214.8,1,0
93cad8b41e97,Koppal,4D4A2,4D4A2M3b,Raghunathanhalli-1,0704020017,5/.6.7  /ಉ,0.53,1.0,OTHER,small,0,AG3,BGTmB2g1,TCB,106.0,0.0,value,0.0,0.0,0.0,0.0,,0,0,0.0,0.0,0.0,0.0,9434.0,0.0,0,0
70b2952ab20d,Koppal,4D4A2,4D4A2M3b,Raghunathanhalli-1,0704020017,125/*/4,0.6,0.0,OTHER,small,1,AG3,MKHiB2g1,TCB,120.0,98.4,formula_82pct_of_proposed,,0.0,0.0,0.0,,0,0,0.0,0.0,0.0,0.0,7440.0,5057.76,1,0
5bbca4b70fbb,Koppal,4D4A2,4D4A2M3b,Raghunathanhalli-1,0704020017,125/*/5,0.8,0.0,OTHER,small,0,AG3,MKHiB2g1,TCB,160.0,131.2,formula_82pct_of_proposed,,0.0,0.0,0.0,,0,0,0.0,0.0,0.0,0.0,9920.0,6743.679999999999,1,0
e7e6622b95b9,Koppal,4D4A2,4D4A2M3b,Raghunathanhalli-1,0704020017,15/*/3,1.2,0.0,OTHER,small,1,AG3,LGDmB1,TCB,240.0,0.0,value,0.0,1.0,,0.0,,0,0,100.0,0.0,40.0,0.0,51258.0,0.0,0,0
27b52f31a8f2,Koppal,4D4A2,4D4A2M3b,Raghunathanhalli-1,0704020017,124/*/4,0.56,0.0,OTHER,small,1,AG3,MKHiB1g1,TCB,112.00000000000001,91.84000000000002,formula_82pct_of_proposed,,0.0,0.0,0.0,,0,0,0.0,0.0,0.0,0.0,6944.000000000001,4720.576000000001,1,0
fbdb0dc36a71,Koppal,4D4A2,4D4A2M3b,Raghunathanhalli-1,0704020017,125/*/10,0.49,0.0,OTHER,small,0,AG3,MKHiB2g1,TCB,98.0,80.36,formula_82pct_of_proposed,,0.0,0.0,0.0,,0,0,0.0,0.0,0.0,0.0,6076.0,4130.504,1,0
566487e6d0ea,Koppal,4D4A2,4D4A2M3b,Raghunathanhalli-1,0704020017,125/*/12,0.49,0.0,OTHER,small,0,AG3,MKHiB2g1,TCB,98.0,80.36,formula_82pct_of_proposed,,0.0,0.0,0.0,,0,0,0.0,0.0,0.0,0.0,6076.0,4130.504,1,0
ab123bb14e87,Koppal,4D4A2,4D4A2M3b,Raghunathanhalli-1,0704020017,124/*/1,0.06,0.0,OTHER,small,1,AG3,MKHiB1g1,TCB,12.0,9.84,formula_82pct_of_proposed,,0.0,0.0,0.0,,0,0,0.0,0.0,0.0,0.0,744.0,505.77599999999995,1,0
7c1e0778eef0,Koppal,4D4A2,4D4A2M3b,Raghunathanhalli-1,0704020017,16/*/3,0.82,1.0,SC,small,1,AG3,LGDmB1,TCB,164.0,0.0,value,0.0,0.0,0.0,0.0,,0,0,222.0,0.0,0.0,0.0,36586.0,0.0,0,0
17ad7322794d,Koppal,4D4A2,4D4A2M3b,Raghunathanhalli-1,0704020017,19/*/1,0.44,0.0,OTHER,small,1,AG3,LGDmB1,TCB,88.0,0.0,value,0.0,0.0,0.0,0.0,,0,0,0.0,0.0,0.0,0.0,7832.0,0.0,0,0
2979748b685b,Koppal,4D4A2,4D4A2M3b,Raghunathanhalli-1,0704020017,22/*/3,1.62,0.0,OBC,small,1,AG3,LGDmB1,TCB,324.0,0.0,value,0.0,1.0,,0.0,,0,0,0.0,0.0,0.0,0.0,33336.0,0.0,0,0
aff131ab784e,Koppal,4D4A2,4D4A2M3b,Raghunathanhalli-1,0704020017,131/*/1,1.09,0.0,OTHER,small,1,AG3,KTPhB2g1,TCB,218.00000000000003,0.0,value,0.0,1.0,,0.0,,0,0,0.0,0.0,0.0,0.0,10246.000000000002,0.0,0,0
751e6b327b4b,Koppal,4D4A2,4D4A2M3b,Raghunathanhalli-1,0704020017,131/*/2,1.09,0.0,OTHER,small,1,AG3,KTPhB2g1,TCB,218.00000000000003,178.76000000000005,formula_82pct_of_proposed,,1.0,,0.0,,0,0,0.0,0.0,0.0,0.0,10246.000000000002,9188.264000000003,1,0
7aad519e98cd,Koppal,4D4A2,4D4A2M3b,Raghunathanhalli-1,0704020017,13/*/6,0.74,0.0,OTHER,small,1,AG3,AWDmA1,TCB,148.0,121.36,formula_82pct_of_proposed,,0.0,0.0,0.0,,0,0,70.0,70.0,0.0,0.0,34770.0,21357.904,1,1
5633938b332b,Koppal,4D4A2,4D4A2M3b,Raghunathanhalli-1,0704020017,132/*/*,0.37,0.0,OTHER,small,1,AG3,KTPhB2g1,TCB,74.0,60.68,formula_82pct_of_proposed,,0.0,0.0,0.0,,0,0,0.0,0.0,0.0,0.0,3478.0,3118.9519999999998,1,0
b8d21f504b87,Koppal,4D4A2,4D4A2M3b,Raghunathanhalli-1,0704020017,15/*/1,2.53,0.0,OTHER,small,0,AG3,LGDmB1,TCB,505.99999999999994,414.9199999999999,formula_82pct_of_proposed,,2.0,,0.0,,0,0,100.0,100.0,0.0,0.0,75632.0,42926.88799999999,1,1
f97c4a5a267a,Koppal,4D4A2,4D4A2M3b,Raghunathanhalli-1,0704020017,16/*/5,1.02,1.0,SC,small,1,AG3,LGDmB1,TCB,204.0,0.0,value,0.0,1.0,,0.0,,0,0,277.0,0.0,0.0,0.0,50144.0,0.0,0,0
66731d80a873,Koppal,4D4A2,4D4A2M3b,Raghunathanhalli-1,0704020017,22/*/1,1.55,0.0,OBC,small,1,AG3,LGDmB1,TCB,310.0,0.0,value,0.0,1.0,,0.0,,0,0,0.0,0.0,0.0,0.0,32090.0,0.0,0,0
92261b1d756b,Koppal,4D4A2,4D4A2M3b,Raghunathanhalli-1,0704020017,13/*/1,0.37,0.0,OBC,small,1,AG3,AWDmA1,TCB,74.0,0.0,value,0.0,0.0,0.0,0.0,,0,0,0.0,0.0,0.0,0.0,6586.0,0.0,0,0
5633938b332b,Koppal,4D4A2,4D4A2M3b,Raghunathanhalli-1,0704020017,132/*/*,0.38,0.0,OTHER,small,1,AG3,KTPhB2g1,TCB,76.0,0.0,value,0.0,0.0,0.0,0.0,,0,0,0.0,0.0,0.0,0.0,3572.0,0.0,0,0
5633938b332b,Koppal,4D4A2,4D4A2M3b,Raghunathanhalli-1,0704020017,132/*/*,0.37,0.0,OTHER,small,1,AG3,KTPhB2g1,TCB,74.0,0.0,value,0.0,0.0,0.0,0.0,,0,0,0.0,0.0,0.0,0.0,3478.0,0.0,0,0
226b901bc84f,Koppal,4D4A2,4D4A2M3b,Raghunathanhalli-1,0704020017,125/*/1,0.51,1.0,OTHER,small,0,AG3,MKHiB2g1,TCB,102.0,83.64,formula_82pct_of_proposed,,0.0,0.0,0.0,,0,0,0.0,0.0,0.0,0.0,6324.0,4299.096,1,0
3529513cfffc,Koppal,4D4A2,4D4A2M3b,Raghunathanhalli-1,0704020017,125/*/6,0.79,0.0,OTHER,small,1,AG3,MKHiB2g1,TCB,158.0,129.56,formula_82pct_of_proposed,,0.0,0.0,0.0,,0,0,0.0,0.0,0.0,0.0,9796.0,6659.384,1,0
34d0a58b678a,Koppal,4D4A2,4D4A2M3b,Raghunathanhalli-1,0704020017,125/*/7,0.79,0.0,OTHER,small,1,AG3,MKHiB2g1,TCB,158.0,129.56,formula_82pct_of_proposed,,0.0,0.0,0.0,,0,0,0.0,0.0,0.0,0.0,9796.0,6659.384,1,0
c0bfbefdddae,Koppal,4D4A2,4D4A2M3b,Raghunathanhalli-1,0704020017,22/*/4,0.45,0.0,OTHER,small,1,AG3,LGDmB1,TCB,90.0,0.0,value,0.0,0.0,0.0,0.0,,0,0,0.0,0.0,0.0,0.0,8010.0,0.0,0,0
26bf9150e9e3,Koppal,4D4A2,4D4A2M3b,Raghunathanhalli-1,0704020017,23/*/*,1.19,0.0,OTHER,small,1,AG3,RNKmB2g1,TCB,238.0,0.0,value,0.0,1.0,,0.0,,0,0,0.0,0.0,0.0,0.0,25682.0,0.0,0,0
26bf9150e9e3,Koppal,4D4A2,4D4A2M3b,Raghunathanhalli-1,0704020017,23/*/*,0.6,0.0,OTHER,small,1,AG3,RNKmB2g1,TCB,120.0,0.0,value,0.0,0.0,0.0,0.0,,0,0,0.0,0.0,0.0,0.0,10680.0,0.0,0,0
26bf9150e9e3,Koppal,4D4A2,4D4A2M3b,Raghunathanhalli-1,0704020017,23/*/*,0.48,0.0,OTHER,small,1,AG3,RNKmB2g1,TCB,96.0,0.0,value,0.0,0.0,0.0,0.0,,0,0,0.0,0.0,0.0,0.0,8544.0,0.0,0,0
0d65ffdaa14c,Koppal,4D4A2,4D4A2M3b,Raghunathanhalli-1,0704020017,15/*/2,1.19,0.0,OBC,small,1,AG3,LGDmB1,TCB,238.0,195.16,formula_82pct_of_proposed,,1.0,,0.0,,0,0,277.0,277.0,40.0,95.0,56970.0,46479.224,1,1
6bd65d09347a,Koppal,4D4A2,4D4A2M3b,Raghunathanhalli-1,0704020017,8/*/*,1.1,1.0,OBC,small,1,AG3,MKHiB2g1,TCB,220.00000000000003,180.40000000000003,formula_82pct_of_proposed,,1.0,,0.0,,0,0,0.0,0.0,0.0,0.0,17040.0,9272.560000000001,1,0
e7174fdc86bb,Koppal,4D4A2,4D4A2M3b,Raghunathanhalli-1,0704020017,21/*/3,0.3,0.0,OTHER,small,0,AG3,LGDmB1,TCB,60.0,49.2,formula_82pct_of_proposed,,0.0,0.0,0.0,,0,0,0.0,0.0,0.0,0.0,5340.0,2528.88,1,0
1f737f3420d3,Koppal,4D4A2,4D4A2M3b,Raghunathanhalli-1,0704020017,24/*/3,0.38,0.0,OTHER,small,1,AG3,RNKmB2g1,TCB,76.0,62.32,formula_82pct_of_proposed,,0.0,0.0,0.0,,0,0,0.0,0.0,0.0,0.0,6764.0,3203.248,1,0
b8785533effe,Koppal,4D4A2,4D4A2M3b,Raghunathanhalli-1,0704020017,27/*/*,2.13,0.0,OTHER,small,1,AG3,RNKmB2g1,TCB,426.0,349.32,formula_82pct_of_proposed,,2.0,,0.0,,0,0,100.0,100.0,0.0,0.0,68512.0,39555.047999999995,1,1
b8785533effe,Koppal,4D4A2,4D4A2M3b,Raghunathanhalli-1,0704020017,27/*/*,2.12,0.0,OTHER,small,1,AG3,RNKmB2g1,TCB,424.0,347.68,formula_82pct_of_proposed,,2.0,,0.0,,0,0,100.0,100.0,0.0,0.0,68334.0,39470.752,1,1
2f20f8deaaa7,Koppal,4D4A2,4D4A2M3b,Raghunathanhalli-1,0704020017,16/*/1,0.86,0.0,OTHER,small,0,AG3,LGDmB1,TCB,172.0,141.04,formula_82pct_of_proposed,,0.0,0.0,0.0,,0,0,222.0,222.0,0.0,0.0,37298.0,29227.456,1,1
17ad7322794d,Koppal,4D4A2,4D4A2M3b,Raghunathanhalli-1,0704020017,19/*/1,0.44,0.0,OBC,small,1,AG3,LGDmB1,TCB,88.0,0.0,value,0.0,0.0,0.0,0.0,,0,0,0.0,0.0,0.0,0.0,7832.0,0.0,0,0
c0fdd42c0192,Koppal,4D4A2,4D4A2M3b,Raghunathanhalli-1,0704020017,19/.20.21 /ಈ,1.04,0.0,OTHER,small,0,AG3,LGDmB1,TCB,208.0,0.0,value,0.0,1.0,,0.0,,0,0,277.0,0.0,0.0,0.0,50500.0,0.0,0,0
3a93546cefff,Koppal,4D4A2,4D4A2M3b,Raghunathanhalli-1,0704020017,16/*/4,0.84,1.0,OTHER,small,0,AG3,LGDmB1,TCB,168.0,0.0,value,0.0,0.0,0.0,0.0,,0,0,222.0,0.0,0.0,0.0,36942.0,0.0,0,0
6313daa780dd,Koppal,4D4A2,4D4A2M3b,Raghunathanhalli-1,0704020017,21/*/2,0.96,0.0,OTHER,small,1,AG3,LGDmB1,TCB,192.0,0.0,value,0.0,0.0,0.0,0.0,,0,0,0.0,0.0,0.0,0.0,17088.0,0.0,0,0
26bf9150e9e3,Koppal,4D4A2,4D4A2M3b,Raghunathanhalli-1,0704020017,23/*/*,1.27,0.0,OTHER,small,0,AG3,RNKmB2g1,TCB,254.0,0.0,value,0.0,1.0,,0.0,,0,0,0.0,0.0,0.0,0.0,27106.0,0.0,0,0
26bf9150e9e3,Koppal,4D4A2,4D4A2M3b,Raghunathanhalli-1,0704020017,23/*/*,1.27,0.0,OTHER,small,0,AG3,RNKmB2g1,TCB,254.0,208.28,formula_82pct_of_proposed,,1.0,,0.0,,0,0,0.0,0.0,0.0,0.0,27106.0,10705.592,1,0
414e20284436,Koppal,4D4A2,4D4A2M3b,Raghunathanhalli-1,0704020017,130/*/5,1.59,1.0,ST,small,1,AG3,MKHiB2g1,TCB,318.0,260.76,formula_82pct_of_proposed,,1.0,,0.0,,0,0,0.0,0.0,0.0,0.0,23116.0,13403.063999999998,1,0
5633938b332b,Koppal,4D4A2,4D4A2M3b,Raghunathanhalli-1,0704020017,132/*/*,0.41,0.0,OTHER,small,1,AG3,KTPhB2g1,TCB,82.0,67.24,formula_82pct_of_proposed,,0.0,0.0,0.0,,0,0,0.0,0.0,0.0,0.0,3854.0,3456.1359999999995,1,0
6e7a1d8b2536,Koppal,4D4A2,4D4A2M3b,Raghunathanhalli-1,0704020017,17/*/*,0.39,0.0,OTHER,small,0,AG3,BGTmB2g1,TCB,78.0,0.0,value,0.0,0.0,0.0,0.0,,0,0,0.0,0.0,0.0,0.0,6942.0,0.0,0,0
26bf9150e9e3,Koppal,4D4A2,4D4A2M3b,Raghunathanhalli-1,0704020017,23/*/*,1.2,0.0,OTHER,small,1,AG3,RNKmB2g1,TCB,240.0,0.0,value,0.0,1.0,,0.0,,0,0,0.0,0.0,0.0,0.0,25860.0,0.0,0,0
4948b2a76a58,Koppal,4D4A2,4D4A2M3b,Raghunathanhalli-1,0704020017,24/*/6,0.37,0.0,OTHER,small,0,AG3,RNKmB2g1,TCB,74.0,0.0,value,0.0,0.0,0.0,0.0,,0,0,0.0,0.0,0.0,0.0,6586.0,0.0,0,0
031239acfe66,Koppal,4D4A2,4D4A2M3b,Raghunathanhalli-1,0704020017,24/*/8,0.38,0.0,OTHER,small,1,AG3,RNKmB2g1,TCB,76.0,0.0,value,0.0,0.0,0.0,0.0,,0,0,0.0,0.0,0.0,0.0,6764.0,0.0,0,0
bde15f4a0fab,Koppal,4D4A2,4D4A2M3b,Raghunathanhalli-1,0704020017,24/*/1,0.85,0.0,OTHER,small,1,AG3,RNKmB2g1,TCB,170.0,0.0,value,0.0,0.0,0.0,0.0,,0,0,0.0,0.0,0.0,0.0,15130.0,0.0,0,0
32341c7de22f,Koppal,4D4A2,4D4A2M3b,Raghunathanhalli-1,0704020017,21/*/1,0.3,0.0,OTHER,small,0,AG3,LGDmB1,TCB,60.0,0.0,value,0.0,0.0,0.0,0.0,,0,0,0.0,0.0,0.0,0.0,5340.0,0.0,0,0
17de33f8ecf0,Koppal,4D4A2,4D4A2M3b,Raghunathanhalli-1,0704020017,22/*/6,0.45,0.0,OTHER,small,1,AG3,LGDmB1,TCB,90.0,0.0,value,0.0,0.0,0.0,0.0,,0,0,0.0,0.0,0.0,0.0,8010.0,0.0,0,0
26bf9150e9e3,Koppal,4D4A2,4D4A2M3b,Raghunathanhalli-1,0704020017,23/*/*,0.54,0.0,OTHER,small,0,AG3,RNKmB2g1,TCB,108.0,0.0,value,0.0,0.0,0.0,0.0,,0,0,0.0,0.0,0.0,0.0,9612.0,0.0,0,0
bef415f8e97d,Koppal,4D4A2,4D4A2M3b,Raghunathanhalli-1,0704020017,5/.6.7 /ಈ,0.79,0.0,OTHER,small,0,AG3,BGTmB2g1,TCB,158.0,0.0,value,0.0,0.0,0.0,0.0,,0,0,0.0,0.0,0.0,0.0,14062.0,0.0,0,0
3ba3e7ec0a47,Koppal,4D4A2,4D4A2M3b,Raghunathanhalli-1,0704020017,4/*/2,1.57,0.0,OTHER,small,1,AG3,KTPhB2g1,TCB,314.0,0.0,value,0.0,1.0,,0.0,,0,0,0.0,0.0,0.0,0.0,14758.0,0.0,0,0
ff3ad9cffa99,Koppal,4D4A2,4D4A2M3b,Raghunathanhalli-1,0704020017,9/*/2,0.85,0.0,OTHER,small,1,AG3,MKHiB1g1,TCB,170.0,139.4,formula_82pct_of_proposed,,0.0,0.0,0.0,,0,0,0.0,0.0,0.0,0.0,10540.0,7165.16,1,0
93cad8b41e97,Koppal,4D4A2,4D4A2M3b,Raghunathanhalli-1,0704020017,5/.6.7  /ಉ,0.52,1.0,OTHER,small,1,AG3,BGTmB2g1,TCB,104.0,0.0,value,0.0,0.0,0.0,0.0,,0,0,0.0,0.0,0.0,0.0,9256.0,0.0,0,0
6bd65d09347a,Koppal,4D4A2,4D4A2M3b,Raghunathanhalli-1,0704020017,8/*/*,2.25,1.0,OTHER,small,1,AG3,MKHiB2g1,TCB,450.0,369.0,formula_82pct_of_proposed,,2.0,,0.0,,0,0,0.0,0.0,0.0,0.0,34700.0,18966.6,1,0
780b6a657bd6,Koppal,4D4A2,4D4A2M3b,Raghunathanhalli-1,0704020017,9/*/6,0.66,0.0,OTHER,small,1,AG3,MKHiB1g1,TCB,132.0,108.24,formula_82pct_of_proposed,,0.0,0.0,0.0,,0,0,0.0,0.0,0.0,0.0,8184.0,5563.535999999999,1,0
cafa49a7cc09,Koppal,4D4A2,4D4A2M3b,Raghunathanhalli-1,0704020017,5/.6.7/ಈ,0.51,0.0,OTHER,small,0,AG3,BGTmB2g1,TCB,102.0,0.0,value,0.0,0.0,0.0,0.0,,0,0,0.0,0.0,0.0,0.0,9078.0,0.0,0,0
cafa49a7cc09,Koppal,4D4A2,4D4A2M3b,Raghunathanhalli-1,0704020017,5/.6.7/ಈ,0.8,0.0,OTHER,small,0,AG3,BGTmB2g1,TCB,160.0,0.0,value,0.0,0.0,0.0,0.0,,0,0,0.0,0.0,0.0,0.0,14240.0,0.0,0,0
dbfcd72cc334,Koppal,4D4A2,4D4A2M3b,Raghunathanhalli-1,0704020017,24/*/4,0.37,0.0,OTHER,small,1,AG3,RNKmB2g1,TCB,74.0,0.0,value,0.0,0.0,0.0,0.0,,0,0,0.0,0.0,0.0,0.0,6586.0,0.0,0,0
7a25319b3627,Koppal,4D4A2,4D4A2M3b,Raghunathanhalli-1,0704020017,24/*/7,0.39,0.0,OTHER,small,0,AG3,RNKmB2g1,TCB,78.0,0.0,value,0.0,0.0,0.0,0.0,,0,0,0.0,0.0,0.0,0.0,6942.0,0.0,0,0
e57a9cb75fbe,Koppal,4D4A2,4D4A2M3b,Raghunathanhalli-1,0704020017,5/.6.7   /ಅ,1.05,1.0,OTHER,small,0,AG3,BGTmB2g1,TCB,210.0,0.0,value,0.0,1.0,,0.0,,0,0,0.0,0.0,40.0,0.0,26990.0,0.0,0,0
791de0078cda,Koppal,4D4A2,4D4A2M3b,Raghunathanhalli-1,0704020017,5/6.7 /ಇ/1,0.53,0.0,OTHER,small,0,AG3,BGTmB2g1,TCB,106.0,0.0,value,0.0,0.0,0.0,0.0,,0,0,0.0,0.0,0.0,0.0,9434.0,0.0,0,0
8e6852407a0e,Koppal,4D4A2,4D4A2M3b,Raghunathanhalli-1,0704020017,5/.6.7  /ಆ,1.01,1.0,OTHER,small,0,AG3,BGTmB2g1,TCB,202.0,0.0,value,0.0,1.0,,0.0,,0,0,0.0,0.0,0.0,0.0,22478.0,0.0,0,0
f8c1eaf986da,Koppal,4D4A2,4D4A2M3b,Raghunathanhalli-1,0704020017,5/.6.7/ಇ,1.06,0.0,OTHER,small,0,AG3,BGTmB2g1,TCB,212.0,0.0,value,0.0,1.0,,0.0,,0,0,0.0,0.0,0.0,0.0,23368.0,0.0,0,0
6bd65d09347a,Koppal,4D4A2,4D4A2M3b,Raghunathanhalli-1,0704020017,8/*/*,1.1,1.0,OTHER,small,0,AG3,MKHiB2g1,TCB,220.00000000000003,180.40000000000003,formula_82pct_of_proposed,,1.0,,0.0,,0,0,0.0,0.0,0.0,0.0,17040.0,9272.560000000001,1,0
e0662ea1b4b1,Koppal,4D4A2,4D4A2M3b,Raghunathanhalli-1,0704020017,9/*/5,1.27,1.0,OTHER,small,1,AG3,MKHiB1g1,TCB,254.0,208.28,formula_82pct_of_proposed,,1.0,,0.0,,0,0,0.0,0.0,0.0,0.0,19148.0,10705.592,1,0
29c557e3f9a2,Koppal,4D4A2,4D4A2M3b,Raghunathanhalli-1,0704020017,9/*/4,0.88,0.0,OTHER,small,1,AG3,MKHiB1g1,TCB,176.0,144.32,formula_82pct_of_proposed,,0.0,0.0,0.0,,0,0,0.0,0.0,0.0,0.0,10912.0,7418.048,1,0
de45cbbd33d7,Koppal,4D4A2,4D4A2M3b,Raghunathanhalli-1,0704020017,9/*/1,0.66,0.0,OTHER,small,1,AG3,MKHiB1g1,TCB,132.0,108.24,formula_82pct_of_proposed,,0.0,0.0,0.0,,0,0,0.0,0.0,0.0,0.0,8184.0,5563.535999999999,1,0
a7e59c0e2a6f,Koppal,4D4A2,4D4A2M3b,Raghunathanhalli-1,0704020017,9/*/3,0.86,0.0,OTHER,small,1,AG3,MKHiB1g1,TCB,172.0,141.04,formula_82pct_of_proposed,,0.0,0.0,0.0,,0,0,0.0,0.0,0.0,0.0,10664.0,7249.455999999999,1,0
2f6b89196901,Koppal,4D4A2,4D4A2M3b,Raghunathanhalli-1,0704020017,123/*/2,0.13,0.0,OTHER,small,1,AG3,MKHiB1g1,TCB,26.0,21.32,formula_82pct_of_proposed,,0.0,0.0,0.0,,0,0,0.0,0.0,0.0,0.0,1612.0,1095.848,1,0
5a2402cf2aaf,Koppal,4D4A2,4D4A2M3b,Raghunathanhalli-1,0704020017,125/*/2,0.76,0.0,OTHER,small,1,AG3,MKHiB2g1,TCB,152.0,124.64,formula_82pct_of_proposed,,0.0,0.0,0.0,,0,0,0.0,0.0,0.0,0.0,9424.0,6406.496,1,0
4a5ba8b01031,Koppal,4D4A2,4D4A2M3b,Raghunathanhalli-1,0704020017,13/*/2,0.74,0.0,OTHER,small,0,AG3,AWDmA1,TCB,148.0,0.0,value,0.0,0.0,0.0,0.0,,0,0,0.0,0.0,0.0,0.0,13172.0,0.0,0,0
5633938b332b,Koppal,4D4A2,4D4A2M3b,Raghunathanhalli-1,0704020017,132/*/*,0.4,0.0,OTHER,small,1,AG3,KTPhB2g1,TCB,80.0,0.0,value,0.0,0.0,0.0,0.0,,0,0,0.0,0.0,0.0,0.0,3760.0,0.0,0,0
402968fc9e2a,Koppal,4D4A2,4D4A2M3b,Raghunathanhalli-1,0704020017,16/*/2,0.82,1.0,ST,small,1,AG3,LGDmB1,TCB,164.0,0.0,value,0.0,0.0,0.0,0.0,,0,0,0.0,0.0,0.0,0.0,14596.0,0.0,0,0
17ad7322794d,Koppal,4D4A2,4D4A2M3b,Raghunathanhalli-1,0704020017,19/*/1,0.43,0.0,OTHER,small,1,AG3,LGDmB1,TCB,86.0,70.52,formula_82pct_of_proposed,,0.0,0.0,0.0,,0,0,0.0,0.0,0.0,0.0,7654.0,3624.7279999999996,1,0
03ec8c45c6b9,Koppal,4D4A2,4D4A2M3b,Raghunathanhalli-1,0704020017,19/*/2,1.1,0.0,OTHER,small,1,AG3,LGDmB1,TCB,220.00000000000003,180.40000000000003,formula_82pct_of_proposed,,1.0,,0.0,,0,0,0.0,0.0,0.0,0.0,24080.000000000004,9272.560000000001,1,0
77431ad60c72,Koppal,4D4A2,4D4A2M3b,Raghunathanhalli-1,0704020017,19/.20.21  /ಈ,1.04,0.0,OTHER,small,0,AG3,LGDmB1,TCB,208.0,170.56,formula_82pct_of_proposed,,1.0,,0.0,,0,0,100.0,100.0,0.0,0.0,44610.0,30366.784,1,1
36d9fda6e620,Koppal,4D4A2,4D4A2M3b,Raghunathanhalli-1,0704020017,21/*/4,0.3,0.0,OTHER,small,1,AG3,LGDmB1,TCB,60.0,0.0,value,0.0,0.0,0.0,0.0,,0,0,0.0,0.0,0.0,0.0,5340.0,0.0,0,0
3fd874bdd6ae,Koppal,4D4A2,4D4A2M3b,Raghunathanhalli-1,0704020017,24/*/2,0.38,0.0,OTHER,small,1,AG3,RNKmB2g1,TCB,76.0,0.0,value,0.0,0.0,0.0,0.0,,0,0,0.0,0.0,0.0,0.0,6764.0,0.0,0,0
e0986241b957,Koppal,4D4A2,4D4A2M3b,Raghunathanhalli-1,0704020017,4/*/1,1.53,0.0,OTHER,small,1,AG3,KTPhB2g1,TCB,306.0,0.0,value,0.0,1.0,,0.0,,0,0,0.0,0.0,0.0,0.0,14382.0,0.0,0,0
e2853058590c,Koppal,4D4A2,4D4A2M3b,Raghunathanhalli-1,0805010001,183/*/*,11.1,1.0,OBC,large,0,AG4,MLRmB1g2,TCB,2220.0,0.0,value,0.0,3.0,,0.0,,0,0,0.0,0.0,40.0,0.0,214880.0,0.0,0,0
5e968e957b33,Koppal,4D4A2,4D4A2M3b,Raghunathanhalli-1,0805010001,184/*/1,1.66,0.0,OTHER,small,1,AG4,MLRmB1g2,TCB,332.0,0.0,value,0.0,1.0,,0.0,,0,0,0.0,0.0,40.0,0.0,37848.0,0.0,0,0
658d18a43bbb,Koppal,4D4A2,4D4A2M3b,Raghunathanhalli-1,0805010001,185/*/3,1.69,1.0,OBC,small,0,AG4,MLRmB1g2,TCB,338.0,0.0,value,0.0,1.0,,0.0,,0,0,0.0,0.0,40.0,0.0,38382.0,0.0,0,0
d786d0ee8e15,Koppal,4D4A2,4D4A2M3b,Raghunathanhalli-1,0805010001,186/*/1,1.1,0.0,OBC,small,1,AG4,MLRmB1g2,TCB,220.00000000000003,0.0,value,0.0,1.0,,0.0,,0,0,0.0,0.0,40.0,0.0,27880.000000000004,0.0,0,0
4e8fd590ff46,Koppal,4D4A2,4D4A2M3b,Raghunathanhalli-1,0805010001,186/*/2,2.53,1.0,SC,medium,1,AG4,MLRmB1g2,TCB,505.99999999999994,0.0,value,0.0,2.0,,0.0,,0,0,0.0,0.0,0.0,0.0,54033.99999999999,0.0,0,0
98a7a7fbfc67,Koppal,4D4A2,4D4A2M3b,Raghunathanhalli-1,0805010001,186/*/3,2.66,0.0,OBC,medium,0,AG4,MLRmB1g2,TCB,532.0,0.0,value,0.0,2.0,,0.0,,0,0,0.0,0.0,0.0,0.0,56348.0,0.0,0,0
d1b259bde96a,Koppal,4D4A2,4D4A2M3b,Raghunathanhalli-1,0805010001,186/*/4,1.11,0.0,OBC,small,1,AG4,MLRmB1g2,TCB,222.00000000000003,0.0,value,0.0,1.0,,0.0,,0,0,0.0,0.0,40.0,0.0,28058.000000000004,0.0,0,0
4e3fd9051518,Koppal,4D4A2,4D4A2M3b,Raghunathanhalli-1,0805010001,187/*/1A,1.47,0.0,OBC,small,1,AG4,HTIiB1g1,TCB,294.0,241.08,formula_82pct_of_proposed,,1.0,,0.0,,0,0,0.0,0.0,40.0,0.0,25428.0,12391.512,1,0
f60b0479bfd3,Koppal,4D4A2,4D4A2M3b,Raghunathanhalli-1,0805010001,187/*/1B,1.47,0.0,OBC,small,0,AG4,HTIiB1g1,TCB,294.0,0.0,value,0.0,1.0,,0.0,,0,0,0.0,0.0,40.0,0.0,25428.0,0.0,0,0
60acc4230405,Koppal,4D4A2,4D4A2M3b,Raghunathanhalli-1,0805010001,187/*/2,3.2,0.0,OBC,medium,0,AG4,HTIiB1g1,TCB,640.0,524.8,formula_82pct_of_proposed,,3.0,,0.0,,0,0,0.0,0.0,0.0,0.0,49880.0,26974.719999999998,1,0
4e4593248787,Koppal,4D4A2,4D4A2M3b,Raghunathanhalli-1,0805010001,188/*/6,1.2,0.0,OBC,small,1,AG4,HTIiB1g1,TCB,240.0,196.8,formula_82pct_of_proposed,,1.0,,0.0,,0,0,0.0,0.0,0.0,0.0,18280.0,10115.52,1,0
2198ba7f87b6,Koppal,4D4A2,4D4A2M3b,Raghunathanhalli-1,0805010001,188/*/5,1.2,0.0,OBC,small,1,AG4,HTIiB1g1,TCB,240.0,196.8,formula_82pct_of_proposed,,1.0,,0.0,,0,0,0.0,0.0,0.0,0.0,18280.0,10115.52,1,0
7636fe15038c,Koppal,4D4A2,4D4A2M3b,Raghunathanhalli-1,0805010001,188/*/4,2.0,0.0,OBC,medium,1,AG4,HTIiB1g1,TCB,400.0,328.0,formula_82pct_of_proposed,,2.0,,0.0,,0,0,0.0,0.0,0.0,0.0,31600.0,16859.2,1,0
97da2bb0f587,Koppal,4D4A2,4D4A2M3b,Raghunathanhalli-1,0805010001,188/*/3,1.2,0.0,OBC,small,0,AG4,HTIiB1g1,TCB,240.0,196.8,formula_82pct_of_proposed,,1.0,,0.0,,0,0,0.0,0.0,0.0,0.0,18280.0,10115.52,1,0
805bbb313268,Koppal,4D4A2,4D4A2M3b,Raghunathanhalli-1,0805010001,188/*/2,1.65,0.0,OBC,small,1,AG4,HTIiB1g1,TCB,330.0,270.6,formula_82pct_of_proposed,,1.0,,0.0,,0,0,0.0,0.0,0.0,0.0,23860.0,13908.84,1,0
996006492966,Koppal,4D4A2,4D4A2M3b,Raghunathanhalli-1,0805010001,188/*/1,1.6,0.0,OBC,small,1,AG4,HTIiB1g1,TCB,320.0,256.0,value,256.0,1.0,,0.0,,0,0,0.0,0.0,0.0,0.0,23240.0,13158.4,1,1
a96fbb07e5e8,Koppal,4D4A2,4D4A2M3b,Raghunathanhalli-1,0805010001,190/*/1,2.25,1.0,OBC,medium,1,AG4,HTIiB1g1,TCB,450.0,369.0,formula_82pct_of_proposed,,2.0,,0.0,,0,0,0.0,0.0,0.0,0.0,34700.0,18966.6,1,0
2ed5725fac2f,Koppal,4D4A2,4D4A2M3b,Raghunathanhalli-1,0805010001,190/*/2,2.1,0.0,OBC,medium,1,AG4,HTIiB1g1,TCB,420.0,344.4,formula_82pct_of_proposed,,2.0,,0.0,,0,0,0.0,0.0,0.0,0.0,32840.0,17702.16,1,0
1671a38452b3,Koppal,4D4A2,4D4A2M3b,Raghunathanhalli-1,0805010001,191/*/2,4.35,0.0,OBC,medium,1,AG4,HTIiB1g1,TCB,869.9999999999999,713.3999999999999,formula_82pct_of_proposed,,3.0,,0.0,,0,0,0.0,0.0,0.0,0.0,64139.99999999999,36668.759999999995,1,0
6a56db70385c,Koppal,4D4A2,4D4A2M3b,Raghunathanhalli-1,0805010001,191/*/*,7.55,0.0,OBC,medium,1,AG4,HTIiB1g1,TCB,1510.0,1238.2,formula_82pct_of_proposed,,3.0,,0.0,,0,0,0.0,0.0,0.0,0.0,103820.0,63643.48,1,0
90349831809b,Koppal,4D4A2,4D4A2M3b,Raghunathanhalli-1,0805010001,191/*/1,0.8,0.0,OBC,small,1,AG4,HTIiB1g1,TCB,160.0,131.2,formula_82pct_of_proposed,,0.0,0.0,0.0,,0,0,0.0,0.0,0.0,0.0,9920.0,6743.679999999999,1,0
ef555c2d9f9f,Koppal,4D4A2,4D4A2M3b,Raghunathanhalli-1,0805010001,191/*/3,0.8,0.0,SC,small,1,AG4,HTIiB1g1,TCB,160.0,131.2,formula_82pct_of_proposed,,0.0,0.0,0.0,,0,0,0.0,0.0,0.0,0.0,9920.0,6743.679999999999,1,0
70717202234c,Koppal,4D4A2,4D4A2M3b,Raghunathanhalli-1,0805010001,191/*/4,0.8,0.0,SC,small,1,AG4,HTIiB1g1,TCB,160.0,131.2,formula_82pct_of_proposed,,0.0,0.0,0.0,,0,0,0.0,0.0,0.0,0.0,9920.0,6743.679999999999,1,0
3e7b7186c1c3,Koppal,4D4A2,4D4A2M3b,Raghunathanhalli-1,0805010001,191/*/5,0.8,0.0,SC,small,1,AG4,HTIiB1g1,TCB,160.0,131.2,formula_82pct_of_proposed,,0.0,0.0,0.0,,0,0,0.0,0.0,0.0,0.0,9920.0,6743.679999999999,1,0
e2a1ab633622,Koppal,4D4A2,4D4A2M3b,Raghunathanhalli-1,0805010001,192/*/1,1.89,0.0,OBC,small,1,AG4,HTIiB1g1,TCB,378.0,309.96,formula_82pct_of_proposed,,1.0,,0.0,,0,0,0.0,0.0,0.0,0.0,26836.0,15931.943999999998,1,0
aa9098e400c4,Koppal,4D4A2,4D4A2M3b,Raghunathanhalli-1,0805010001,192/*/2,0.4,0.0,OBC,small,1,AG4,HTIiB1g1,TCB,80.0,65.6,formula_82pct_of_proposed,,0.0,0.0,0.0,,0,0,0.0,0.0,0.0,0.0,4960.0,3371.8399999999997,1,0
83806496bd5c,Koppal,4D4A2,4D4A2M3b,Raghunathanhalli-1,0805010001,192/*/3,1.05,0.0,OBC,small,1,AG4,HTIiB1g1,TCB,210.0,172.2,formula_82pct_of_proposed,,1.0,,0.0,,0,0,0.0,0.0,0.0,0.0,16420.0,8851.08,1,0
9175ddf18456,Koppal,4D4A2,4D4A2M3b,Raghunathanhalli-1,0805010001,192/*/4,2.07,0.0,OBC,medium,1,AG4,HTIiB1g1,TCB,413.99999999999994,339.4799999999999,formula_82pct_of_proposed,,2.0,,0.0,,0,0,0.0,0.0,0.0,0.0,32467.999999999996,17449.271999999994,1,0
e737e53ecccd,Koppal,4D4A2,4D4A2M3b,Raghunathanhalli-1,0805010001,192/*/5,4.42,0.0,OBC,medium,0,AG4,HTIiB1g1,TCB,884.0,724.88,formula_82pct_of_proposed,,3.0,,0.0,,0,0,0.0,0.0,0.0,0.0,65008.0,37258.832,1,0
83806496bd5c,Koppal,4D4A2,4D4A2M3b,Raghunathanhalli-1,0805010001,192/*/3,1.04,0.0,OBC,small,1,AG4,HTIiB1g1,TCB,208.0,170.56,formula_82pct_of_proposed,,1.0,,0.0,,0,0,0.0,0.0,0.0,0.0,16296.0,8766.784,1,0
278b17c7d52a,Koppal,4D4A2,4D4A2M3b,Raghunathanhalli-1,0805010001,193/*/2,1.1,0.0,OBC,small,1,AG4,HTIiB1g1,TCB,220.00000000000003,180.40000000000003,formula_82pct_of_proposed,,1.0,,0.0,,0,0,0.0,0.0,0.0,0.0,17040.0,9272.560000000001,1,0
278b17c7d52a,Koppal,4D4A2,4D4A2M3b,Raghunathanhalli-1,0805010001,193/*/2,1.04,0.0,OBC,small,1,AG4,HTIiB1g1,TCB,208.0,170.56,formula_82pct_of_proposed,,1.0,,0.0,,0,0,0.0,0.0,0.0,0.0,16296.0,8766.784,1,0
afbfc414199b,Koppal,4D4A2,4D4A2M3b,Raghunathanhalli-1,0805010001,193/*/3,1.31,0.0,OBC,small,1,AG4,HTIiB1g1,TCB,262.0,214.84,formula_82pct_of_proposed,,1.0,,0.0,,0,0,0.0,0.0,0.0,0.0,19644.0,11042.776,1,0
fc977b863c2f,Koppal,4D4A2,4D4A2M3b,Raghunathanhalli-1,0805010001,193/*/4,1.31,0.0,OBC,small,0,AG4,HTIiB1g1,TCB,262.0,214.84,formula_82pct_of_proposed,,1.0,,0.0,,0,0,0.0,0.0,0.0,0.0,19644.0,11042.776,1,0
47ac71c04e56,Koppal,4D4A2,4D4A2M3b,Raghunathanhalli-1,0805010001,193/*/1,2.26,0.0,OBC,medium,1,AG4,HTIiB1g1,TCB,451.99999999999994,370.63999999999993,formula_82pct_of_proposed,,2.0,,0.0,,0,0,0.0,0.0,0.0,0.0,34824.0,19050.895999999997,1,0
9ba89bee30f1,Koppal,4D4A2,4D4A2M3b,Raghunathanhalli-1,0805010001,194/*/4,0.33,0.0,OBC,small,1,AG4,HTIiB1g1,TCB,66.0,54.12,formula_82pct_of_proposed,,0.0,0.0,0.0,,0,0,0.0,0.0,0.0,0.0,4092.0,2781.7679999999996,1,0
540f81f65dec,Koppal,4D4A2,4D4A2M3b,Raghunathanhalli-1,0805010001,194/*/1,0.25,0.0,OBC,small,1,AG4,HTIiB1g1,TCB,50.0,41.0,formula_82pct_of_proposed,,0.0,0.0,0.0,,0,0,0.0,0.0,0.0,0.0,3100.0,2107.4,1,0
c17e7f63f44e,Koppal,4D4A2,4D4A2M3b,Raghunathanhalli-1,0805010001,194/*/2,1.5,1.0,OBC,small,1,AG4,HTIiB1g1,TCB,300.0,246.0,formula_82pct_of_proposed,,1.0,,0.0,,0,0,0.0,0.0,0.0,0.0,22000.0,12644.4,1,0
74bb7d0f6841,Koppal,4D4A2,4D4A2M3b,Raghunathanhalli-1,0805010001,194/*/3,1.5,0.0,OBC,small,1,AG4,HTIiB1g1,TCB,300.0,246.0,formula_82pct_of_proposed,,1.0,,0.0,,0,0,0.0,0.0,0.0,0.0,22000.0,12644.4,1,0
bc8eea34557e,Koppal,4D4A2,4D4A2M3b,Raghunathanhalli-1,0805010001,195/*/2A,1.36,0.0,OBC,small,1,AG4,HTIiB1g1,TCB,272.0,223.04,formula_82pct_of_proposed,,1.0,,0.0,,0,0,0.0,0.0,0.0,0.0,20264.0,11464.256,1,0
6482a2649c72,Koppal,4D4A2,4D4A2M3b,Raghunathanhalli-1,0805010001,195/*/2B,1.48,0.0,SC,small,1,AG4,HTIiB1g1,TCB,296.0,242.72,formula_82pct_of_proposed,,1.0,,0.0,,0,0,0.0,0.0,0.0,0.0,21752.0,12475.807999999999,1,0
83b1327dda27,Koppal,4D4A2,4D4A2M3b,Raghunathanhalli-1,0805010001,195/*/2ಕ,1.6,0.0,OBC,small,1,AG4,HTIiB1g1,TCB,320.0,262.4,formula_82pct_of_proposed,,1.0,,0.0,,0,0,0.0,0.0,0.0,0.0,23240.0,13487.359999999999,1,0
0a05279da4b7,Koppal,4D4A2,4D4A2M3b,Raghunathanhalli-1,0805010001,195/*/1,1.6,0.0,OBC,small,1,AG4,HTIiB1g1,TCB,320.0,256.0,value,256.0,1.0,,0.0,,0,0,0.0,0.0,0.0,0.0,23240.0,13158.4,1,1
9451d420a0fc,Koppal,4D4A2,4D4A2M3b,Raghunathanhalli-1,0805010001,256/*/2ಬ,1.38,0.0,OBC,small,1,AG4,BDGhB2g2,TCB,276.0,226.32,formula_82pct_of_proposed,,1.0,,0.0,,0,0,0.0,0.0,0.0,0.0,20512.0,11632.848,1,0
e09d5895921a,Koppal,4D4A2,4D4A2M3b,Raghunathanhalli-1,0805010001,256/*/3,0.9,0.0,OBC,small,1,AG4,BDGhB2g2,TCB,180.0,147.6,formula_82pct_of_proposed,,0.0,0.0,0.0,,0,0,0.0,0.0,0.0,0.0,11160.0,7586.639999999999,1,0
42f04a0bff82,Koppal,4D4A2,4D4A2M3b,Raghunathanhalli-1,0805010001,256/*/4,0.8,0.0,OBC,small,1,AG4,BDGhB2g2,TCB,160.0,131.2,formula_82pct_of_proposed,,0.0,0.0,0.0,,0,0,0.0,0.0,0.0,0.0,9920.0,6743.679999999999,1,0
c60b6106e866,Koppal,4D4A2,4D4A2M3c,Hatti,0704020029,49/*/13,0.38,1.0,OTHER,small,1,AG1,NGPhB1g2,TCB,76.0,60.8,formula_80pct_of_proposed,,0.0,0.0,0.0,,0,0,0.0,0.0,0.0,0.0,4712.0,3125.12,1,0
0316802161cb,Koppal,4D4A2,4D4A2M3c,Hatti,0704020029,49/*/14,0.02,0.0,OTHER,small,1,AG1,NGPhB1g2,TCB,4.0,3.2,formula_80pct_of_proposed,,0.0,0.0,0.0,,0,0,0.0,0.0,0.0,0.0,248.0,164.48000000000002,1,0
ca736e238df6,Koppal,4D4A2,4D4A2M3c,Hatti,0704020029,49/*/17,0.03,1.0,OBC,small,1,AG1,NGPhB1g2,TCB,6.0,4.8,formula_80pct_of_proposed,,0.0,0.0,0.0,,0,0,0.0,0.0,0.0,0.0,372.0,246.71999999999997,1,0
ce7e50090ec4,Koppal,4D4A2,4D4A2M3c,Hatti,0704020029,49/*/19,0.52,0.0,OBC,small,1,AG1,NGPhB1g2,TCB,104.0,83.2,formula_80pct_of_proposed,,0.0,0.0,0.0,,0,0,0.0,0.0,0.0,0.0,6448.0,4276.4800000000005,1,0
cd972c0ddf99,Koppal,4D4A2,4D4A2M3c,Hatti,0704020029,49/*/2,0.71,0.0,OBC,small,1,AG1,NGPhB1g2,TCB,142.0,113.6,formula_80pct_of_proposed,,0.0,0.0,0.0,,0,0,0.0,0.0,0.0,0.0,8804.0,5839.04,1,0
8b5321369593,Koppal,4D4A2,4D4A2M3c,Hatti,0704020029,49/*/4,0.63,0.0,OBC,small,1,AG1,NGPhB1g2,TCB,126.0,100.8,formula_80pct_of_proposed,,0.0,0.0,0.0,,0,0,0.0,0.0,0.0,0.0,7812.0,5181.12,1,0
03e668c7e69f,Koppal,4D4A2,4D4A2M3c,Hatti,0704020029,50/*/*,0.77,0.0,OTHER,small,0,AG1,NGPhB1g2,TCB,154.0,0.0,value,0.0,0.0,0.0,0.0,,0,0,0.0,0.0,0.0,0.0,9548.0,0.0,0,0
50a1ef29974c,Koppal,4D4A2,4D4A2M3c,Hatti,0704020029,48/*/*,2.69,0.0,OTHER,medium,1,AG1,MKHiB1g1,TCB,538.0,430.4,formula_80pct_of_proposed,,2.0,,0.0,,0,0,0.0,0.0,40.0,0.0,43956.0,22122.559999999998,1,0
50a1ef29974c,Koppal,4D4A2,4D4A2M3c,Hatti,0704020029,48/*/*,1.6,1.0,OTHER,small,1,AG1,MKHiB1g1,TCB,320.0,256.0,value,256.0,1.0,,0.0,,0,0,0.0,0.0,40.0,95.0,27040.0,22183.4,1,1
22b005a2aaa6,Koppal,4D4A2,4D4A2M3c,Hatti,0704020029,49/*/8,0.21,0.0,OBC,small,1,AG1,NGPhB1g2,TCB,42.0,33.6,formula_80pct_of_proposed,,0.0,0.0,0.0,,0,0,0.0,0.0,0.0,0.0,2604.0,1727.04,1,0
03cda105aaa2,Koppal,4D4A2,4D4A2M3c,Hatti,0704020029,49/*/9,0.13,0.0,OBC,small,1,AG1,NGPhB1g2,TCB,26.0,20.8,formula_80pct_of_proposed,,0.0,0.0,0.0,,0,0,0.0,0.0,0.0,0.0,1612.0,1069.1200000000001,1,0
03e668c7e69f,Koppal,4D4A2,4D4A2M3c,Hatti,0704020029,50/*/*,2.31,0.0,OBC,medium,1,AG1,NGPhB1g2,TCB,462.0,369.6,formula_80pct_of_proposed,,2.0,,0.0,,0,0,0.0,0.0,0.0,0.0,34444.0,18997.440000000002,1,0
03e668c7e69f,Koppal,4D4A2,4D4A2M3c,Hatti,0704020029,50/*/*,0.57,0.0,OBC,small,1,AG1,NGPhB1g2,TCB,113.99999999999999,91.19999999999999,formula_80pct_of_proposed,,0.0,0.0,0.0,,0,0,0.0,0.0,0.0,0.0,7067.999999999999,4687.679999999999,1,0
257751ee69a7,Koppal,4D4A2,4D4A2M3c,Hatti,0704020029,57/*/1,0.5,1.0,OBC,small,1,AG1,HRVhB1g2,TCB,100.0,80.0,formula_80pct_of_proposed,,0.0,0.0,0.0,,0,0,0.0,0.0,0.0,0.0,4700.0,4112.0,1,0
257751ee69a7,Koppal,4D4A2,4D4A2M3c,Hatti,0704020029,57/*/1,0.8,0.0,OBC,small,1,AG1,HRVhB1g2,TCB,160.0,128.0,value,128.0,0.0,0.0,0.0,,0,0,0.0,0.0,0.0,0.0,7520.0,6579.2,1,1
55d4866e8a46,Koppal,4D4A2,4D4A2M3c,Hatti,0704020029,58/*/2,1.99,0.0,OBC,small,1,AG1,MKHiB1g1,TCB,398.0,318.4,formula_80pct_of_proposed,,1.0,,0.0,,0,0,0.0,0.0,0.0,0.0,28076.0,16365.759999999998,1,0
b84df3958242,Koppal,4D4A2,4D4A2M3c,Hatti,0704020029,49/*/5,0.92,0.0,OBC,small,1,AG1,NGPhB1g2,TCB,184.0,147.2,formula_80pct_of_proposed,,0.0,0.0,0.0,,0,0,0.0,0.0,0.0,0.0,11408.0,7566.079999999999,1,0
191379a335d2,Koppal,4D4A2,4D4A2M3c,Hatti,0704020029,49/*/11,0.02,1.0,OBC,small,1,AG1,NGPhB1g2,TCB,4.0,3.2,formula_80pct_of_proposed,,0.0,0.0,0.0,,0,0,0.0,0.0,0.0,0.0,248.0,164.48000000000002,1,0
85605d41daf1,Koppal,4D4A2,4D4A2M3c,Hatti,0704020029,49/*/7,0.12,0.0,OBC,small,1,AG1,NGPhB1g2,TCB,24.0,19.2,formula_80pct_of_proposed,,0.0,0.0,0.0,,0,0,0.0,0.0,0.0,0.0,1488.0,986.8799999999999,1,0
fb6b46e0ded0,Koppal,4D4A2,4D4A2M3c,Hatti,0704020029,58/*/4,0.5,0.0,OBC,small,1,AG1,MKHiB1g1,TCB,100.0,80.0,formula_80pct_of_proposed,,0.0,0.0,0.0,,0,0,0.0,0.0,0.0,0.0,6200.0,4112.0,1,0
b47abc76c42a,Koppal,4D4A2,4D4A2M3c,Hatti,0704020029,59/*/1,1.0,0.0,OTHER,small,1,AG1,MKHcB1g1,TCB,200.0,160.0,formula_80pct_of_proposed,,0.0,0.0,0.0,,0,0,0.0,0.0,0.0,0.0,9400.0,8224.0,1,0
c69f73db4b36,Koppal,4D4A2,4D4A2M3c,Hatti,0704020029,61/*/3,0.41,0.0,ST,small,1,AG1,BDGhB1g3,TCB,82.0,65.6,formula_80pct_of_proposed,,0.0,0.0,0.0,,0,0,0.0,0.0,0.0,0.0,5084.0,3371.8399999999997,1,0
b52056a6accf,Koppal,4D4A2,4D4A2M3c,Hatti,0704020029,63/*/3,0.4,0.0,OTHER,small,0,AG1,BDGhB1g3,TCB,80.0,64.0,value,64.0,0.0,0.0,0.0,,0,0,0.0,0.0,0.0,0.0,4960.0,3289.6,1,1
070ab9b76c3a,Koppal,4D4A2,4D4A2M3c,Hatti,0704020029,65/*/1,0.43,0.0,OTHER,small,0,AG1,BDGiB1g2,TCB,86.0,68.8,formula_80pct_of_proposed,,0.0,0.0,0.0,,0,0,0.0,0.0,0.0,0.0,7654.0,3536.3199999999997,1,0
2c0f4884f7c3,Koppal,4D4A2,4D4A2M3c,Hatti,0704020029,69/*/7,1.72,1.0,ST,small,1,AG1,HRVhB1g2,TCB,344.0,275.2,formula_80pct_of_proposed,,1.0,,0.0,,0,0,0.0,0.0,40.0,0.0,19968.0,14145.279999999999,1,0
03e668c7e69f,Koppal,4D4A2,4D4A2M3c,Hatti,0704020029,50/*/*,0.39,0.0,OTHER,small,1,AG1,NGPhB1g2,TCB,78.0,62.4,formula_80pct_of_proposed,,0.0,0.0,0.0,,0,0,0.0,0.0,0.0,0.0,4836.0,3207.3599999999997,1,0
ccc912753834,Koppal,4D4A2,4D4A2M3c,Hatti,0704020029,70/*/*,2.4,0.0,OTHER,medium,1,AG1,HRVhB1g2,TCB,480.0,384.0,value,384.0,2.0,,0.0,,0,0,277.0,0.0,40.0,95.0,53848.0,28762.6,1,1
72f62acea051,Koppal,4D4A2,4D4A2M3c,Hatti,0704020029,72/*/1,3.2,1.0,OTHER,medium,1,AG1,NSPmB1g1,TCB,640.0,512.0,value,512.0,3.0,,0.0,,0,1,0.0,0.0,40.0,95.0,171760.0,186109.8,1,1
58e034cd204c,Koppal,4D4A2,4D4A2M3c,Hatti,0704020029,56/*/2,0.45,0.0,ST,small,1,AG1,BDGhB1g3,TCB,90.0,72.0,formula_80pct_of_proposed,,0.0,0.0,0.0,,0,0,0.0,0.0,0.0,0.0,5580.0,3700.7999999999997,1,0
e523585eb794,Koppal,4D4A2,4D4A2M3c,Hatti,0704020029,56/*/4,0.46,0.0,OTHER,small,0,AG1,BDGhB1g3,TCB,92.0,73.6,formula_80pct_of_proposed,,0.0,0.0,0.0,,0,0,0.0,0.0,0.0,0.0,5704.0,3783.0399999999995,1,0
32fc0a504fcc,Koppal,4D4A2,4D4A2M3c,Hatti,0704020029,78/*/2,0.48,0.0,OTHER,small,1,AG1,DRLmA1g1,TCB,96.0,76.8,formula_80pct_of_proposed,,0.0,0.0,0.0,,0,0,0.0,0.0,0.0,0.0,8544.0,3947.5199999999995,1,0
e61c72e6fcde,Koppal,4D4A2,4D4A2M3c,Hatti,0704020029,78/*/5,1.66,0.0,OTHER,small,1,AG1,DRLmA1g1,TCB,332.0,265.6,value,265.6,1.0,,0.0,,0,0,0.0,0.0,0.0,0.0,34048.0,13651.84,1,1
d032f6b68037,Koppal,4D4A2,4D4A2M3c,Hatti,0704020029,61/*/6,0.47,0.0,ST,small,1,AG1,BDGhB1g3,TCB,94.0,75.2,formula_80pct_of_proposed,,0.0,0.0,0.0,,0,0,0.0,0.0,0.0,0.0,5828.0,3865.28,1,0
a1ec86babffe,Koppal,4D4A2,4D4A2M3c,Hatti,0704020029,47/*/*,1.08,0.0,OTHER,small,1,AG1,MKHiB1g1,TCB,216.0,172.8,formula_80pct_of_proposed,,1.0,,0.0,,0,0,0.0,0.0,0.0,0.0,16792.0,8881.92,1,0
b510b6b346e0,Koppal,4D4A2,4D4A2M3c,Hatti,0704020029,49/*/1,0.53,0.0,OTHER,small,1,AG1,NGPhB1g2,TCB,106.0,84.8,formula_80pct_of_proposed,,0.0,0.0,0.0,,0,0,0.0,0.0,0.0,0.0,6572.0,4358.719999999999,1,0
b2c4f91325c7,Koppal,4D4A2,4D4A2M3c,Hatti,0704020029,63/*/1,0.15,0.0,OTHER,small,1,AG1,BDGhB1g3,TCB,30.0,24.0,formula_80pct_of_proposed,,0.0,0.0,0.0,,0,0,0.0,0.0,0.0,0.0,1860.0,1233.6,1,0
b2c4f91325c7,Koppal,4D4A2,4D4A2M3c,Hatti,0704020029,63/*/1,0.4,0.0,OTHER,small,1,AG1,BDGhB1g3,TCB,80.0,64.0,value,64.0,0.0,0.0,0.0,,0,0,0.0,0.0,0.0,0.0,4960.0,3289.6,1,1
a839cc4445e1,Koppal,4D4A2,4D4A2M3c,Hatti,0704020029,65/*/6,0.84,0.0,OTHER,small,1,AG1,BDGiB1g2,TCB,168.0,134.4,formula_80pct_of_proposed,,0.0,0.0,0.0,,0,0,0.0,0.0,0.0,0.0,14952.0,6908.16,1,0
19326d6527b4,Koppal,4D4A2,4D4A2M3c,Hatti,0704020029,66/*/1,1.22,0.0,ST,small,1,AG1,BDGiB1g2,TCB,244.0,195.2,formula_80pct_of_proposed,,1.0,,0.0,,0,0,0.0,0.0,0.0,0.0,26216.0,10033.279999999999,1,0
c1c54014857d,Koppal,4D4A2,4D4A2M3c,Hatti,0704020029,71/*/2,0.57,0.0,OTHER,small,0,AG1,NSPmB1g1,TCB,113.99999999999999,91.19999999999999,formula_80pct_of_proposed,,0.0,0.0,0.0,,0,0,0.0,0.0,0.0,0.0,10145.999999999998,4687.679999999999,1,0
dc4e64cd35b9,Koppal,4D4A2,4D4A2M3c,Hatti,0704020029,78/*/1,0.38,0.0,OTHER,small,0,AG1,DRLmA1g1,TCB,76.0,60.8,formula_80pct_of_proposed,,0.0,0.0,0.0,,0,0,0.0,0.0,0.0,0.0,6764.0,3125.12,1,0
47c9401573cd,Koppal,4D4A2,4D4A2M3c,Hatti,0704020029,79/*/1,0.32,0.0,OBC,small,1,AG1,DRLmA1g1,TCB,64.0,51.2,formula_80pct_of_proposed,,0.0,0.0,0.0,,0,0,0.0,0.0,0.0,0.0,5696.0,2631.6800000000003,1,0
257751ee69a7,Koppal,4D4A2,4D4A2M3c,Hatti,0704020029,57/*/1,0.27,0.0,OTHER,small,1,AG1,HRVhB1g2,TCB,54.0,43.2,formula_80pct_of_proposed,,0.0,0.0,0.0,,0,0,0.0,0.0,0.0,0.0,2538.0,2220.48,1,0
257751ee69a7,Koppal,4D4A2,4D4A2M3c,Hatti,0704020029,57/*/1,0.8,0.0,OTHER,small,1,AG1,HRVhB1g2,TCB,160.0,128.0,value,128.0,0.0,0.0,0.0,,0,0,0.0,0.0,0.0,0.0,7520.0,6579.2,1,1
d2460e1a1f0b,Koppal,4D4A2,4D4A2M3c,Hatti,0704020029,56/*/5,0.46,0.0,OTHER,small,0,AG1,BDGhB1g3,TCB,92.0,73.6,formula_80pct_of_proposed,,0.0,0.0,0.0,,0,0,0.0,0.0,0.0,0.0,5704.0,3783.0399999999995,1,0
257751ee69a7,Koppal,4D4A2,4D4A2M3c,Hatti,0704020029,57/*/1,0.4,1.0,OTHER,small,1,AG1,HRVhB1g2,TCB,80.0,64.0,value,64.0,0.0,0.0,0.0,,0,0,0.0,0.0,0.0,0.0,3760.0,3289.6,1,1
5de180a825df,Koppal,4D4A2,4D4A2M3c,Hatti,0704020029,57/*/2,0.26,0.0,OTHER,small,1,AG1,HRVhB1g2,TCB,52.0,41.6,formula_80pct_of_proposed,,0.0,0.0,0.0,,0,0,0.0,0.0,0.0,0.0,2444.0,2138.2400000000002,1,0
c6fb501833da,Koppal,4D4A2,4D4A2M3c,Hatti,0704020029,78/*/6,1.71,1.0,OTHER,small,0,AG1,DRLmA1g1,TCB,342.0,273.6,formula_80pct_of_proposed,,1.0,,0.0,,0,0,0.0,0.0,0.0,0.0,34938.0,14063.04,1,0
f3fc49d296c3,Koppal,4D4A2,4D4A2M3c,Hatti,0704020029,80/*/*,0.9,0.0,OTHER,small,1,AG1,DRLmA1g1,TCB,180.0,144.0,formula_80pct_of_proposed,,0.0,0.0,0.0,,0,0,0.0,0.0,0.0,0.0,16020.0,7401.599999999999,1,0
a832fb3462a1,Koppal,4D4A2,4D4A2M3c,Hatti,0704020029,56/*/3,0.46,1.0,ST,small,1,AG1,BDGhB1g3,TCB,92.0,73.6,formula_80pct_of_proposed,,0.0,0.0,0.0,,0,0,0.0,0.0,0.0,0.0,5704.0,3783.0399999999995,1,0
2c73a9fe3fe6,Koppal,4D4A2,4D4A2M3c,Hatti,0704020029,59/*/2,4.25,0.0,OTHER,medium,1,AG1,MKHcB1g1,TCB,850.0,680.0,formula_80pct_of_proposed,,3.0,,0.0,,0,0,0.0,0.0,0.0,0.0,39950.0,34952.0,1,0
257751ee69a7,Koppal,4D4A2,4D4A2M3c,Hatti,0704020029,57/*/1,0.27,0.0,OTHER,small,1,AG1,HRVhB1g2,TCB,54.0,43.2,formula_80pct_of_proposed,,0.0,0.0,0.0,,0,0,0.0,0.0,0.0,0.0,2538.0,2220.48,1,0
257751ee69a7,Koppal,4D4A2,4D4A2M3c,Hatti,0704020029,57/*/1,1.1,0.0,OTHER,small,1,AG1,HRVhB1g2,TCB,220.00000000000003,176.00000000000003,formula_80pct_of_proposed,,1.0,,0.0,,0,0,0.0,0.0,0.0,0.0,10340.000000000002,9046.400000000001,1,0
257751ee69a7,Koppal,4D4A2,4D4A2M3c,Hatti,0704020029,57/*/1,0.78,0.0,OTHER,small,1,AG1,HRVhB1g2,TCB,156.0,124.8,formula_80pct_of_proposed,,0.0,0.0,0.0,,0,0,0.0,0.0,0.0,0.0,7332.0,6414.719999999999,1,0
bbf6fedad5dd,Koppal,4D4A2,4D4A2M3c,Hatti,0704020029,58/*/5,0.5,0.0,OTHER,small,1,AG1,MKHiB1g1,TCB,100.0,80.0,formula_80pct_of_proposed,,0.0,0.0,0.0,,0,0,0.0,0.0,0.0,0.0,6200.0,4112.0,1,0
b2c4f91325c7,Koppal,4D4A2,4D4A2M3c,Hatti,0704020029,63/*/1,0.6,0.0,OTHER,small,1,AG1,BDGhB1g3,TCB,120.0,96.0,formula_80pct_of_proposed,,0.0,0.0,0.0,,0,0,0.0,0.0,0.0,0.0,7440.0,4934.4,1,0
b2c4f91325c7,Koppal,4D4A2,4D4A2M3c,Hatti,0704020029,63/*/1,0.21,1.0,OTHER,small,1,AG1,BDGhB1g3,TCB,42.0,33.6,formula_80pct_of_proposed,,0.0,0.0,0.0,,0,0,0.0,0.0,0.0,0.0,2604.0,1727.04,1,0
913f745e1434,Koppal,4D4A2,4D4A2M3c,Hatti,0704020029,65/*/4,0.75,0.0,ST,small,1,AG1,BDGiB1g2,TCB,150.0,120.0,formula_80pct_of_proposed,,0.0,0.0,0.0,,0,0,0.0,0.0,0.0,0.0,13350.0,6168.0,1,0
b2c4f91325c7,Koppal,4D4A2,4D4A2M3c,Hatti,0704020029,63/*/1,0.12,0.0,OBC,small,1,AG1,BDGhB1g3,TCB,24.0,19.2,formula_80pct_of_proposed,,0.0,0.0,0.0,,0,0,0.0,0.0,0.0,0.0,1488.0,986.8799999999999,1,0
e078b1f27cfd,Koppal,4D4A2,4D4A2M3c,Hatti,0704020029,68/*/3,1.64,1.0,OTHER,small,1,AG1,BDGiB1g2,TCB,328.0,262.4,formula_80pct_of_proposed,,1.0,,0.0,,0,0,0.0,0.0,0.0,0.0,33692.0,13487.359999999999,1,0
f50cc2fb6577,Koppal,4D4A2,4D4A2M3c,Hatti,0704020029,69/*/1,0.75,1.0,ST,small,1,AG1,HRVhB1g2,TCB,150.0,120.0,formula_80pct_of_proposed,,0.0,0.0,0.0,,0,0,0.0,0.0,0.0,0.0,7050.0,6168.0,1,0
d7bf90d3aef5,Koppal,4D4A2,4D4A2M3c,Hatti,0704020029,59/*/3,0.63,0.0,OTHER,small,1,AG1,MKHcB1g1,TCB,126.0,100.8,formula_80pct_of_proposed,,0.0,0.0,0.0,,0,0,0.0,0.0,0.0,0.0,5922.0,5181.12,1,0
d2208405011e,Koppal,4D4A2,4D4A2M3c,Hatti,0704020029,60/*/*,5.74,1.0,OTHER,medium,1,AG1,HRVhB1g2,TCB,1148.0,918.4,formula_80pct_of_proposed,,3.0,,0.0,,0,0,0.0,0.0,0.0,0.0,53956.0,47205.759999999995,1,0
26cdb5b6cb1c,Koppal,4D4A2,4D4A2M3c,Hatti,0704020029,61/*/7,0.79,0.0,ST,small,1,AG1,BDGhB1g3,TCB,158.0,126.4,formula_80pct_of_proposed,,0.0,0.0,0.0,,0,0,0.0,0.0,0.0,0.0,9796.0,6496.96,1,0
364f33962377,Koppal,4D4A2,4D4A2M3c,Hatti,0704020029,61/*/8,0.39,0.0,ST,small,1,AG1,BDGhB1g3,TCB,78.0,62.4,formula_80pct_of_proposed,,0.0,0.0,0.0,,0,0,0.0,0.0,0.0,0.0,4836.0,3207.3599999999997,1,0
b2c4f91325c7,Koppal,4D4A2,4D4A2M3c,Hatti,0704020029,63/*/1,0.2,0.0,OTHER,small,0,AG1,BDGhB1g3,TCB,40.0,32.0,formula_80pct_of_proposed,,0.0,0.0,0.0,,0,0,0.0,0.0,0.0,0.0,2480.0,1644.8,1,0
8c084b97ad71,Koppal,4D4A2,4D4A2M3c,Hatti,0704020029,63/*/4,0.4,1.0,OTHER,small,0,AG1,BDGhB1g3,TCB,80.0,64.0,value,64.0,0.0,0.0,0.0,,0,0,0.0,0.0,0.0,0.0,4960.0,3289.6,1,1
fb8e07becc62,Koppal,4D4A2,4D4A2M3c,Hatti,0704020029,64/*/*,0.6,0.0,OBC,small,1,AG1,BDGiB1g2,TCB,120.0,96.0,formula_80pct_of_proposed,,0.0,0.0,0.0,,0,0,0.0,0.0,0.0,0.0,10680.0,4934.4,1,0
b6d7ea1a5860,Koppal,4D4A2,4D4A2M3c,Hatti,0704020029,71/*/1,0.57,0.0,OTHER,small,1,AG1,NSPmB1g1,TCB,113.99999999999999,91.19999999999999,formula_80pct_of_proposed,,0.0,0.0,0.0,,0,0,0.0,0.0,0.0,0.0,10145.999999999998,4687.679999999999,1,0
9ddb30e4878c,Koppal,4D4A2,4D4A2M3c,Hatti,0704020029,72/*/3,0.58,1.0,OBC,small,1,AG1,NSPmB1g1,TCB,115.99999999999999,92.79999999999998,formula_80pct_of_proposed,,0.0,0.0,0.0,,0,0,0.0,0.0,0.0,0.0,10323.999999999998,4769.919999999999,1,0
28c25ef90141,Koppal,4D4A2,4D4A2M3c,Hatti,0704020029,72/*/4,2.0,0.0,OTHER,medium,1,AG1,NSPmB1g1,TCB,400.0,320.0,value,320.0,2.0,,0.0,,0,0,0.0,0.0,0.0,0.0,44600.0,16448.0,1,1
ba1bbeac1289,Koppal,4D4A2,4D4A2M3c,Hatti,0704020029,67/*/2,2.15,0.0,OTHER,medium,1,AG1,BDGiB1g2,TCB,430.0,344.0,formula_80pct_of_proposed,,2.0,,0.0,,0,0,0.0,0.0,0.0,0.0,47270.0,17681.6,1,0
22153838fd8f,Koppal,4D4A2,4D4A2M3c,Hatti,0704020029,68/*/2,3.29,0.0,OTHER,medium,1,AG1,BDGiB1g2,TCB,658.0,526.4,formula_80pct_of_proposed,,3.0,,0.0,,0,0,0.0,0.0,0.0,0.0,169562.0,27056.96,1,0
11123653c2e7,Koppal,4D4A2,4D4A2M3c,Hatti,0704020029,69/*/3,0.8,0.0,ST,small,1,AG1,HRVhB1g2,TCB,160.0,128.0,value,128.0,0.0,0.0,0.0,,0,0,0.0,0.0,0.0,0.0,7520.0,6579.2,1,1
02b43f709934,Koppal,4D4A2,4D4A2M3c,Hatti,0704020029,65/*/5,1.68,0.0,OTHER,small,1,AG1,BDGiB1g2,TCB,336.0,268.8,formula_80pct_of_proposed,,1.0,,0.0,,0,0,277.0,0.0,0.0,0.0,61892.0,13816.32,1,0
11c0ed25358e,Koppal,4D4A2,4D4A2M3c,Hatti,0704020029,66/*/2,1.23,1.0,ST,small,1,AG1,BDGiB1g2,TCB,246.0,196.8,formula_80pct_of_proposed,,1.0,,0.0,,0,0,0.0,0.0,0.0,0.0,26394.0,10115.52,1,0
9f05c06b3a72,Koppal,4D4A2,4D4A2M3c,Hatti,0704020029,67/*/1,2.14,0.0,OTHER,small,0,AG1,BDGiB1g2,TCB,428.0,342.4,formula_80pct_of_proposed,,2.0,,0.0,,0,0,0.0,0.0,0.0,0.0,47092.0,17599.359999999997,1,0
477816f37c61,Koppal,4D4A2,4D4A2M3c,Hatti,0704020029,68/*/1,1.65,0.0,OTHER,small,1,AG1,BDGiB1g2,TCB,330.0,264.0,formula_80pct_of_proposed,,1.0,,0.0,,0,0,0.0,0.0,0.0,0.0,33870.0,13569.6,1,0
9e40bfd88a9a,Koppal,4D4A2,4D4A2M3c,Hatti,0704020029,79/*/2,0.3,1.0,OTHER,small,0,AG1,DRLmA1g1,TCB,60.0,48.0,formula_80pct_of_proposed,,0.0,0.0,0.0,,0,0,0.0,0.0,0.0,0.0,5340.0,2467.2,1,0
15409d208f99,Koppal,4D4A2,4D4A2M3c,Hatti,0704020029,46/*/2,1.53,0.0,OTHER,small,1,AG1,MKHiB1g1,TCB,306.0,244.8,formula_80pct_of_proposed,,1.0,,0.0,,0,0,0.0,0.0,0.0,0.0,22372.0,12582.72,1,0
a1ec86babffe,Koppal,4D4A2,4D4A2M3c,Hatti,0704020029,47/*/*,1.08,0.0,OTHER,small,1,AG1,MKHiB1g1,TCB,216.0,243.66,value,243.66,1.0,,0.0,,0,0,0.0,0.0,0.0,0.0,16792.0,12524.124,1,1
74dece45e0d1,Koppal,4D4A2,4D4A2M3c,Hatti,0704020029,49/*/18,0.37,1.0,OTHER,small,1,AG1,NGPhB1g2,TCB,74.0,59.2,formula_80pct_of_proposed,,0.0,0.0,0.0,,0,0,0.0,0.0,0.0,0.0,4588.0,3042.88,1,0
03e668c7e69f,Koppal,4D4A2,4D4A2M3c,Hatti,0704020029,50/*/*,0.4,1.0,OBC,small,1,AG1,NGPhB1g2,TCB,80.0,64.0,value,64.0,0.0,0.0,0.0,,0,0,0.0,0.0,0.0,0.0,4960.0,3289.6,1,1
ccc912753834,Koppal,4D4A2,4D4A2M3c,Hatti,0704020029,70/*/*,1.2,0.0,OTHER,small,0,AG1,HRVhB1g2,TCB,240.0,192.0,value,192.0,1.0,,0.0,,0,0,277.0,0.0,0.0,0.0,38768.0,9868.8,1,1
ccc912753834,Koppal,4D4A2,4D4A2M3c,Hatti,0704020029,70/*/*,0.6,0.0,OTHER,small,0,AG1,HRVhB1g2,TCB,120.0,96.0,formula_80pct_of_proposed,,0.0,0.0,0.0,,0,0,0.0,0.0,0.0,0.0,5640.0,4934.4,1,0
ccc912753834,Koppal,4D4A2,4D4A2M3c,Hatti,0704020029,70/*/*,0.6,0.0,OTHER,small,0,AG1,HRVhB1g2,TCB,120.0,96.0,formula_80pct_of_proposed,,0.0,0.0,0.0,,0,0,0.0,0.0,0.0,0.0,5640.0,4934.4,1,0
4027e8f6e62b,Koppal,4D4A2,4D4A2M3c,Hatti,0704020029,71/*/4,0.85,0.0,OTHER,small,0,AG1,NSPmB1g1,TCB,170.0,136.0,formula_80pct_of_proposed,,0.0,0.0,0.0,,0,0,0.0,0.0,0.0,0.0,15130.0,6990.4,1,0
c1161052bfb4,Koppal,4D4A2,4D4A2M3c,Hatti,0704020029,77/*/5,1.6,0.0,OTHER,small,1,AG1,BDGiB1g2,TCB,320.0,256.0,value,256.0,1.0,,0.0,,0,0,0.0,0.0,0.0,0.0,32980.0,13158.4,1,1
ccc912753834,Koppal,4D4A2,4D4A2M3c,Hatti,0704020029,70/*/*,0.61,0.0,OTHER,small,1,AG1,HRVhB1g2,TCB,122.0,97.6,formula_80pct_of_proposed,,0.0,0.0,0.0,,0,0,0.0,0.0,0.0,0.0,5734.0,5016.639999999999,1,0
986b6ddcfd9e,Koppal,4D4A2,4D4A2M3c,Hatti,0704020029,56/*/1,0.46,1.0,ST,small,1,AG1,BDGhB1g3,TCB,92.0,73.6,formula_80pct_of_proposed,,0.0,0.0,0.0,,0,0,0.0,0.0,0.0,0.0,5704.0,3783.0399999999995,1,0
afd78f75691c,Koppal,4D4A2,4D4A2M3c,Hatti,0704020029,56/*/6,0.46,0.0,ST,small,1,AG1,BDGhB1g3,TCB,92.0,73.6,formula_80pct_of_proposed,,0.0,0.0,0.0,,0,0,0.0,0.0,0.0,0.0,5704.0,3783.0399999999995,1,0
f3fc49d296c3,Koppal,4D4A2,4D4A2M3c,Hatti,0704020029,80/*/*,0.92,0.0,OTHER,small,0,AG1,DRLmA1g1,TCB,184.0,147.2,formula_80pct_of_proposed,,0.0,0.0,0.0,,0,0,0.0,0.0,0.0,0.0,16376.0,7566.079999999999,1,0
19b850666e7b,Koppal,4D4A2,4D4A2M3c,Hatti,0704020029,78/*/3,0.36,1.0,OTHER,small,0,AG1,DRLmA1g1,TCB,72.0,57.6,formula_80pct_of_proposed,,0.0,0.0,0.0,,0,0,0.0,0.0,0.0,0.0,6408.0,2960.64,1,0
47c9401573cd,Koppal,4D4A2,4D4A2M3c,Hatti,0704020029,79/*/1,2.0,0.0,OTHER,medium,1,AG1,DRLmA1g1,TCB,400.0,320.0,value,320.0,3.0,,0.0,,0,0,0.0,0.0,0.0,0.0,49100.0,16448.0,1,1
f3fc49d296c3,Koppal,4D4A2,4D4A2M3c,Hatti,0704020029,80/*/*,0.92,0.0,OTHER,small,1,AG1,DRLmA1g1,TCB,184.0,147.2,formula_80pct_of_proposed,,0.0,0.0,0.0,,0,0,0.0,0.0,0.0,0.0,16376.0,7566.079999999999,1,0
8071924efefc,Koppal,4D4A2,4D4A2M3c,Hatti,0704020029,46/*/1,1.53,0.0,OTHER,small,1,AG1,MKHiB1g1,TCB,306.0,244.8,formula_80pct_of_proposed,,1.0,,0.0,,0,0,0.0,0.0,0.0,0.0,22372.0,12582.72,1,0
50a1ef29974c,Koppal,4D4A2,4D4A2M3c,Hatti,0704020029,48/*/*,2.06,0.0,OTHER,medium,1,AG1,MKHiB1g1,TCB,412.0,329.6,value,329.6,2.0,,0.0,,0,0,0.0,0.0,40.0,95.0,36144.0,25966.440000000002,1,1
022276774f49,Koppal,4D4A2,4D4A2M3c,Hatti,0704020029,49/*/15,0.23,0.0,OBC,small,1,AG1,NGPhB1g2,TCB,46.0,36.8,formula_80pct_of_proposed,,0.0,0.0,0.0,,0,0,0.0,0.0,0.0,0.0,2852.0,1891.5199999999998,1,0
286169774cbd,Koppal,4D4A2,4D4A2M3c,Hatti,0704020029,49/*/16,0.38,0.0,OTHER,small,1,AG1,NGPhB1g2,TCB,76.0,60.8,formula_80pct_of_proposed,,0.0,0.0,0.0,,0,0,0.0,0.0,0.0,0.0,4712.0,3125.12,1,0
03e668c7e69f,Koppal,4D4A2,4D4A2M3c,Hatti,0704020029,50/*/*,0.58,0.0,OTHER,small,1,AG1,NGPhB1g2,TCB,115.99999999999999,92.79999999999998,formula_80pct_of_proposed,,0.0,0.0,0.0,,0,0,0.0,0.0,0.0,0.0,7191.999999999999,4769.919999999999,1,0
257751ee69a7,Koppal,4D4A2,4D4A2M3c,Hatti,0704020029,57/*/1,0.4,0.0,OTHER,small,1,AG1,HRVhB1g2,TCB,80.0,64.0,value,64.0,0.0,0.0,0.0,,0,0,0.0,0.0,0.0,0.0,3760.0,3289.6,1,1
257751ee69a7,Koppal,4D4A2,4D4A2M3c,Hatti,0704020029,57/*/1,1.15,0.0,OTHER,small,1,AG1,HRVhB1g2,TCB,229.99999999999997,183.99999999999997,formula_80pct_of_proposed,,1.0,,0.0,,0,0,0.0,0.0,0.0,0.0,10809.999999999998,9457.599999999999,1,0
d2208405011e,Koppal,4D4A2,4D4A2M3c,Hatti,0704020029,60/*/*,1.2,0.0,OTHER,small,0,AG1,HRVhB1g2,TCB,240.0,192.0,value,192.0,1.0,,0.0,,0,0,0.0,0.0,0.0,0.0,11280.0,9868.8,1,1
d2208405011e,Koppal,4D4A2,4D4A2M3c,Hatti,0704020029,60/*/*,0.2,0.0,OTHER,small,0,AG1,HRVhB1g2,TCB,40.0,32.0,formula_80pct_of_proposed,,0.0,0.0,0.0,,0,0,0.0,0.0,0.0,0.0,1880.0,1644.8,1,0
c0a38ddb7c29,Koppal,4D4A2,4D4A2M3c,Hatti,0704020029,61/*/4,1.1,1.0,ST,small,1,AG1,BDGhB1g3,TCB,220.00000000000003,176.00000000000003,formula_80pct_of_proposed,,1.0,,0.0,,0,0,0.0,0.0,0.0,0.0,17040.0,9046.400000000001,1,0
7e3fd06bb9f9,Koppal,4D4A2,4D4A2M3c,Hatti,0704020029,61/*/5,0.6,0.0,ST,small,1,AG1,BDGhB1g3,TCB,120.0,96.0,formula_80pct_of_proposed,,0.0,0.0,0.0,,0,0,0.0,0.0,0.0,0.0,7440.0,4934.4,1,0
98550c217a90,Koppal,4D4A2,4D4A2M3c,Hatti,0704020029,49/*/10,0.1,0.0,OBC,small,1,AG1,NGPhB1g2,TCB,20.0,16.0,formula_80pct_of_proposed,,0.0,0.0,0.0,,0,0,0.0,0.0,0.0,0.0,1240.0,822.4,1,0
a65fbaceb6c1,Koppal,4D4A2,4D4A2M3c,Hatti,0704020029,49/*/12,1.0,0.0,OBC,small,1,AG1,NGPhB1g2,TCB,200.0,160.0,formula_80pct_of_proposed,,0.0,0.0,0.0,,0,0,0.0,0.0,0.0,0.0,12400.0,8224.0,1,0
43052c6ceb3a,Koppal,4D4A2,4D4A2M3c,Hatti,0704020029,58/*/3,0.5,0.0,OBC,small,1,AG1,MKHiB1g1,TCB,100.0,80.0,formula_80pct_of_proposed,,0.0,0.0,0.0,,0,0,0.0,0.0,0.0,0.0,6200.0,4112.0,1,0
d4b616099411,Koppal,4D4A2,4D4A2M3c,Hatti,0704020029,59/*/4,1.6,0.0,OBC,small,1,AG1,MKHcB1g1,TCB,320.0,256.0,value,256.0,1.0,,0.0,,0,0,0.0,0.0,0.0,0.0,15040.0,13158.4,1,1
b2c4f91325c7,Koppal,4D4A2,4D4A2M3c,Hatti,0704020029,63/*/1,0.4,0.0,OTHER,small,0,AG1,BDGhB1g3,TCB,80.0,64.0,value,64.0,0.0,0.0,0.0,,0,0,0.0,0.0,0.0,0.0,4960.0,3289.6,1,1
b2c4f91325c7,Koppal,4D4A2,4D4A2M3c,Hatti,0704020029,63/*/1,0.19,0.0,OTHER,small,0,AG1,BDGhB1g3,TCB,38.0,30.4,formula_80pct_of_proposed,,0.0,0.0,0.0,,0,0,0.0,0.0,0.0,0.0,2356.0,1562.56,1,0
fb8e07becc62,Koppal,4D4A2,4D4A2M3c,Hatti,0704020029,64/*/*,0.6,1.0,OTHER,small,1,AG1,BDGiB1g2,TCB,120.0,96.0,formula_80pct_of_proposed,,0.0,0.0,0.0,,0,0,0.0,0.0,0.0,0.0,10680.0,4934.4,1,0
fb8e07becc62,Koppal,4D4A2,4D4A2M3c,Hatti,0704020029,64/*/*,1.38,0.0,OBC,small,1,AG1,BDGiB1g2,TCB,276.0,220.8,formula_80pct_of_proposed,,1.0,,0.0,,0,0,0.0,0.0,0.0,0.0,29064.0,11349.12,1,0
699d4378638e,Koppal,4D4A2,4D4A2M3c,Hatti,0704020029,69/*/6,0.47,1.0,ST,small,1,AG1,HRVhB1g2,TCB,94.0,75.2,formula_80pct_of_proposed,,0.0,0.0,0.0,,0,0,0.0,0.0,0.0,0.0,4418.0,3865.28,1,0
d2208405011e,Koppal,4D4A2,4D4A2M3c,Hatti,0704020029,60/*/*,1.2,0.0,OTHER,small,0,AG1,HRVhB1g2,TCB,240.0,192.0,formula_80pct_of_proposed,,1.0,,0.0,,0,0,0.0,0.0,0.0,0.0,11280.0,9868.8,1,0
a4a6e3a399e2,Koppal,4D4A2,4D4A2M3c,Hatti,0704020029,49/*/3,0.73,0.0,OTHER,small,0,AG1,NGPhB1g2,TCB,146.0,116.8,formula_80pct_of_proposed,,0.0,0.0,0.0,,0,0,0.0,0.0,0.0,0.0,9052.0,6003.5199999999995,1,0
da7ff360cce4,Koppal,4D4A2,4D4A2M3c,Hatti,0704020029,49/*/6,0.14,0.0,OTHER,small,0,AG1,NGPhB1g2,TCB,28.000000000000004,22.400000000000006,formula_80pct_of_proposed,,0.0,0.0,0.0,,0,0,0.0,0.0,0.0,0.0,1736.0000000000002,1151.3600000000004,1,0
d2208405011e,Koppal,4D4A2,4D4A2M3c,Hatti,0704020029,60/*/*,0.6,0.0,OTHER,small,0,AG1,HRVhB1g2,TCB,120.0,96.0,formula_80pct_of_proposed,,0.0,0.0,0.0,,0,0,0.0,0.0,0.0,0.0,5640.0,4934.4,1,0
d2208405011e,Koppal,4D4A2,4D4A2M3c,Hatti,0704020029,60/*/*,0.2,0.0,OTHER,small,0,AG1,HRVhB1g2,TCB,40.0,32.0,formula_80pct_of_proposed,,0.0,0.0,0.0,,0,0,0.0,0.0,0.0,0.0,1880.0,1644.8,1,0
134f5e6899e8,Koppal,4D4A2,4D4A2M3c,Hatti,0704020029,61/*/1,0.49,1.0,ST,small,1,AG1,BDGhB1g3,TCB,98.0,78.4,formula_80pct_of_proposed,,0.0,0.0,0.0,,0,0,0.0,0.0,0.0,0.0,6076.0,4029.76,1,0
52bde7d4acff,Koppal,4D4A2,4D4A2M3c,Hatti,0704020029,58/*/1,0.5,0.0,OBC,small,1,AG1,MKHiB1g1,TCB,100.0,80.0,formula_80pct_of_proposed,,0.0,0.0,0.0,,0,0,0.0,0.0,0.0,0.0,6200.0,4112.0,1,0
b2c4f91325c7,Koppal,4D4A2,4D4A2M3c,Hatti,0704020029,63/*/1,0.2,1.0,OTHER,small,0,AG1,BDGhB1g3,TCB,40.0,32.0,formula_80pct_of_proposed,,0.0,0.0,0.0,,0,0,0.0,0.0,0.0,0.0,2480.0,1644.8,1,0
dca50407af8f,Koppal,4D4A2,4D4A2M3c,Hatti,0704020029,63/*/2,0.59,0.0,OTHER,small,1,AG1,BDGhB1g3,TCB,118.0,94.4,formula_80pct_of_proposed,,0.0,0.0,0.0,,0,0,0.0,0.0,0.0,0.0,7316.0,4852.16,1,0
fb8e07becc62,Koppal,4D4A2,4D4A2M3c,Hatti,0704020029,64/*/*,0.18,0.0,OTHER,small,1,AG1,BDGiB1g2,TCB,36.0,28.8,formula_80pct_of_proposed,,0.0,0.0,0.0,,0,0,0.0,0.0,0.0,0.0,3204.0,1480.32,1,0
d2208405011e,Koppal,4D4A2,4D4A2M3c,Hatti,0704020029,60/*/*,2.4,1.0,OTHER,medium,1,AG1,HRVhB1g2,TCB,480.0,384.0,value,384.0,2.0,,0.0,,0,0,0.0,0.0,0.0,0.0,22560.0,19737.6,1,1
d2208405011e,Koppal,4D4A2,4D4A2M3c,Hatti,0704020029,60/*/*,0.2,0.0,OTHER,small,1,AG1,HRVhB1g2,TCB,40.0,32.0,formula_80pct_of_proposed,,0.0,0.0,0.0,,0,0,0.0,0.0,0.0,0.0,1880.0,1644.8,1,0
1688c9ef8f1c,Koppal,4D4A2,4D4A2M3c,Hatti,0704020029,61/*/2,0.52,0.0,ST,small,1,AG1,BDGhB1g3,TCB,104.0,0.0,value,0.0,0.0,0.0,0.0,,0,0,0.0,0.0,0.0,0.0,6448.0,0.0,0,0
5e848e2aaf80,Koppal,4D4A2,4D4A2M3c,Hatti,0704020029,65/*/2,3.37,0.0,OTHER,medium,1,AG1,BDGiB1g2,TCB,674.0,539.2,formula_80pct_of_proposed,,3.0,,0.0,,0,0,277.0,0.0,0.0,0.0,198474.0,27714.88,1,0
5ef1864d657e,Koppal,4D4A2,4D4A2M3c,Hatti,0704020029,65/*/3,0.75,1.0,ST,small,1,AG1,BDGiB1g2,TCB,150.0,120.0,formula_80pct_of_proposed,,0.0,0.0,0.0,,0,0,0.0,0.0,0.0,0.0,13350.0,6168.0,1,0
222cc6013c10,Koppal,4D4A2,4D4A2M3c,Hatti,0704020029,69/*/2,0.82,1.0,ST,small,1,AG1,HRVhB1g2,TCB,164.0,131.2,formula_80pct_of_proposed,,0.0,0.0,0.0,,0,0,0.0,0.0,0.0,0.0,7708.0,6743.679999999999,1,0
6f21b6e5575e,Koppal,4D4A2,4D4A2M3c,Hatti,0704020029,69/*/4,0.83,1.0,ST,small,1,AG1,HRVhB1g2,TCB,166.0,132.8,formula_80pct_of_proposed,,0.0,0.0,0.0,,0,0,0.0,0.0,0.0,0.0,7802.0,6825.92,1,0
b2c4f91325c7,Koppal,4D4A2,4D4A2M3c,Hatti,0704020029,63/*/1,0.59,0.0,OTHER,small,0,AG1,BDGhB1g3,TCB,118.0,94.4,formula_80pct_of_proposed,,0.0,0.0,0.0,,0,0,0.0,0.0,0.0,0.0,7316.0,4852.16,1,0
5b0e7b83ffd2,Koppal,4D4A2,4D4A2M3c,Hatti,0704020029,65/*/7,0.42,0.0,OTHER,small,0,AG1,BDGiB1g2,TCB,84.0,67.2,formula_80pct_of_proposed,,0.0,0.0,0.0,,0,0,0.0,0.0,0.0,0.0,7476.0,3454.08,1,0
d57f06f37785,Koppal,4D4A2,4D4A2M3c,Hatti,0704020029,69/*/5,0.4,0.0,OTHER,small,1,AG1,HRVhB1g2,TCB,80.0,64.0,value,64.0,0.0,0.0,0.0,,0,0,0.0,0.0,0.0,0.0,3760.0,3289.6,1,1
91ec3ee01a64,Koppal,4D4A2,4D4A2M3c,Hatti,0704020029,69/*/8,0.82,0.0,OTHER,small,0,AG1,HRVhB1g2,TCB,164.0,131.2,formula_80pct_of_proposed,,0.0,0.0,0.0,,0,0,0.0,0.0,0.0,0.0,7708.0,6743.679999999999,1,0
ccc912753834,Koppal,4D4A2,4D4A2M3c,Hatti,0704020029,70/*/*,0.89,0.0,OBC,small,1,AG1,HRVhB1g2,TCB,178.0,142.4,formula_80pct_of_proposed,,0.0,0.0,0.0,,0,0,0.0,0.0,0.0,0.0,8366.0,7319.36,1,0
d28f0e655f3d,Koppal,4D4A2,4D4A2M3c,Hatti,0704020029,69/*/9,0.8,0.0,ST,small,1,AG1,HRVhB1g2,TCB,160.0,128.0,value,128.0,0.0,0.0,0.0,,0,0,0.0,0.0,0.0,0.0,7520.0,6579.2,1,1
ccc912753834,Koppal,4D4A2,4D4A2M3c,Hatti,0704020029,70/*/*,0.6,0.0,OBC,small,1,AG1,HRVhB1g2,TCB,120.0,96.0,formula_80pct_of_proposed,,0.0,0.0,0.0,,0,0,0.0,0.0,0.0,0.0,5640.0,4934.4,1,0
ccc912753834,Koppal,4D4A2,4D4A2M3c,Hatti,0704020029,70/*/*,0.6,0.0,OBC,small,1,AG1,HRVhB1g2,TCB,120.0,96.0,formula_80pct_of_proposed,,0.0,0.0,0.0,,0,0,0.0,0.0,0.0,0.0,5640.0,4934.4,1,0
d8753900199e,Koppal,4D4A2,4D4A2M3c,Hatti,0704020029,71/*/3,0.64,0.0,OTHER,small,1,AG1,NSPmB1g1,TCB,128.0,0.0,value,0.0,0.0,0.0,0.0,,0,0,0.0,0.0,0.0,0.0,11392.0,0.0,0,0
2ec9746ecd13,Koppal,4D4A2,4D4A2M3c,Hatti,0704020029,72/*/2,0.58,0.0,OTHER,small,0,AG1,NSPmB1g1,TCB,115.99999999999999,0.0,value,0.0,0.0,0.0,0.0,,0,0,0.0,0.0,0.0,0.0,10323.999999999998,0.0,0,0
2f4ee8ab2b36,Koppal,4D4A2,4D4A2M3c,Hatti,0704020029,77/*/3,0.68,0.0,OTHER,small,0,AG1,BDGiB1g2,TCB,136.0,0.0,value,0.0,0.0,0.0,0.0,,0,0,0.0,0.0,0.0,0.0,12104.0,0.0,0,0
72a65c7b9bd9,Koppal,4D4A2,4D4A2M3c,Hatti,0704020029,71/*/7,0.4,0.0,OBC,small,1,AG1,NSPmB1g1,TCB,80.0,64.0,value,64.0,0.0,0.0,0.0,,0,0,0.0,0.0,0.0,0.0,7120.0,3289.6,1,1
b1a4ebb583e5,Koppal,4D4A2,4D4A2M3c,Hatti,0704020029,77/*/4,0.68,0.0,OBC,small,1,AG1,BDGiB1g2,TCB,136.0,0.0,value,0.0,0.0,0.0,0.0,,0,0,0.0,0.0,0.0,0.0,12104.0,0.0,0,0
f3fc49d296c3,Koppal,4D4A2,4D4A2M3c,Hatti,0704020029,80/*/*,0.92,1.0,OTHER,small,0,AG1,DRLmA1g1,TCB,184.0,147.2,formula_80pct_of_proposed,,0.0,0.0,0.0,,0,0,0.0,0.0,0.0,0.0,16376.0,7566.079999999999,1,0
d37ec97242b7,Koppal,4D4A2,4D4A2M3c,Hatti,0704020029,77/*/1,1.09,0.0,OBC,small,1,AG1,BDGiB1g2,TCB,218.00000000000003,174.40000000000003,formula_80pct_of_proposed,,1.0,,0.0,,0,0,0.0,0.0,0.0,0.0,23902.000000000004,8964.160000000002,1,0
5283ecb0d63f,Koppal,4D4A2,4D4A2M3c,Hatti,0704020029,78/*/4,0.49,0.0,OBC,small,1,AG1,DRLmA1g1,TCB,98.0,78.4,formula_80pct_of_proposed,,0.0,0.0,0.0,,0,0,0.0,0.0,0.0,0.0,8722.0,4029.76,1,0
d5c3edb696c4,Koppal,4D4A2,4D4A2M3c,Hatti,0704020029,78/*/7,2.09,0.0,OBC,medium,1,AG1,DRLmA1g1,TCB,418.0,334.4,formula_80pct_of_proposed,,2.0,,0.0,,0,1,0.0,0.0,0.0,0.0,143702.0,167956.16,1,1
82b724cff4fe,Koppal,4D4A2,4D4A2M3c,Hatti,0704020029,79/*/3,0.3,0.0,OTHER,small,0,AG1,DRLmA1g1,TCB,60.0,48.0,formula_80pct_of_proposed,,0.0,0.0,0.0,,0,0,0.0,0.0,0.0,0.0,5340.0,2467.2,1,0
1844e665bc57,Koppal,4D4A2,4D4A2M3c,Hatti,0704020029,71/*/5,1.06,0.0,OBC,small,1,AG1,NSPmB1g1,TCB,212.0,0.0,value,0.0,1.0,,0.0,,0,0,277.0,0.0,0.0,0.0,50856.0,0.0,0,0
87a56731fe76,Koppal,4D4A2,4D4A2M3c,Hatti,0704020029,71/*/6,0.62,0.0,OTHER,small,0,AG1,NSPmB1g1,TCB,124.0,0.0,value,0.0,0.0,0.0,0.0,,0,0,0.0,0.0,0.0,0.0,11036.0,0.0,0,0
a889693310a4,Koppal,4D4A2,4D4A2M3c,Hatti,0704020029,77/*/2,0.37,0.0,OTHER,small,0,AG1,BDGiB1g2,TCB,74.0,0.0,value,0.0,0.0,0.0,0.0,,0,0,0.0,0.0,0.0,0.0,6586.0,0.0,0,0
47c9401573cd,Koppal,4D4A2,4D4A2M3c,Hatti,0704020029,79/*/1,0.3,0.0,OTHER,small,1,AG1,DRLmA1g1,TCB,60.0,0.0,value,0.0,0.0,0.0,0.0,,0,0,0.0,0.0,0.0,0.0,5340.0,0.0,0,0
4f9215e254aa,Koppal,4D4A2,4D4A2M3c,Hatti,0704020031,78/*/3,0.98,0.0,OBC,small,1,AG2,HDHhB1g2,TCB,196.0,156.8,formula_80pct_of_proposed,,0.0,0.0,0.0,,0,0,0.0,0.0,0.0,0.0,12152.0,8059.52,1,0
ca173161a78e,Koppal,4D4A2,4D4A2M3c,Hatti,0704020031,78/*/1,1.96,1.0,OBC,small,1,AG2,HDHhB1g2,TCB,392.0,313.6,formula_80pct_of_proposed,,1.0,,0.0,,0,0,0.0,0.0,0.0,0.0,27704.0,16119.04,1,0
9fcbb585a865,Koppal,4D4A2,4D4A2M3c,Hatti,0704020031,82/*/3,0.9,0.0,OTHER,small,1,AG2,NDLiB1g1,TCB,180.0,144.0,formula_80pct_of_proposed,,0.0,0.0,0.0,,0,0,249.0,249.0,0.0,0.0,51977.0,43257.6,1,1
1156cdca43c7,Koppal,4D4A2,4D4A2M3c,Hatti,0704020031,83/*/2,1.2,0.0,OTHER,small,1,AG2,MTLmB2g1,TCB,240.0,192.0,value,192.0,1.0,,0.0,,0,0,0.0,0.0,0.0,0.0,25860.0,9868.8,1,1
6a7a1e34e4d8,Koppal,4D4A2,4D4A2M3c,Hatti,0704020031,77/*/2,0.82,0.0,OTHER,small,1,AG2,HDHhB1g2,TCB,164.0,131.2,formula_80pct_of_proposed,,0.0,0.0,0.0,,0,0,0.0,0.0,0.0,0.0,10168.0,6743.679999999999,1,0
87e988207062,Koppal,4D4A2,4D4A2M3c,Hatti,0704020031,80/*/*,1.31,0.0,OTHER,small,1,AG2,NDLiB1g1,TCB,262.0,209.6,formula_80pct_of_proposed,,1.0,,0.0,,0,0,490.0,490.0,0.0,0.0,63272.0,50953.44,1,1
d9b6b255df80,Koppal,4D4A2,4D4A2M3c,Hatti,0704020031,81/*/1,1.03,0.0,OTHER,small,1,AG2,NDLiB1g1,TCB,206.0,164.8,formula_80pct_of_proposed,,1.0,,0.0,,0,0,277.0,277.0,40.0,95.0,62087.0,57383.72,1,1
c9b33b4ab817,Koppal,4D4A2,4D4A2M3c,Hatti,0704020031,77/*/4,1.37,0.0,OTHER,small,1,AG2,HDHhB1g2,TCB,274.0,219.2,formula_80pct_of_proposed,,1.0,,0.0,,0,0,0.0,0.0,0.0,0.0,20388.0,11266.88,1,0
ec6991ed6cc4,Koppal,4D4A2,4D4A2M3c,Hatti,0704020031,82/*/2,2.3,0.0,OTHER,small,1,AG2,NDLiB1g1,TCB,459.99999999999994,367.99999999999994,formula_80pct_of_proposed,,2.0,,0.0,,0,0,490.0,490.0,0.0,0.0,80894.0,59095.2,1,1
8041e4c589de,Koppal,4D4A2,4D4A2M3c,Hatti,0704020031,83/*/3,1.2,0.0,OTHER,small,1,AG2,MTLmB2g1,TCB,240.0,192.0,value,192.0,1.0,,0.0,,0,0,0.0,0.0,0.0,0.0,25860.0,9868.8,1,1
87e988207062,Koppal,4D4A2,4D4A2M3c,Hatti,0704020031,80/*/*,1.6,1.0,OTHER,small,0,AG2,NDLiB1g1,TCB,320.0,256.0,value,256.0,1.0,,0.0,,0,0,490.0,490.0,0.0,0.0,68434.0,53338.4,1,1
0253017dd28c,Koppal,4D4A2,4D4A2M3c,Hatti,0704020031,83/*/4,0.8,0.0,OTHER,small,1,AG2,MTLmB2g1,TCB,160.0,128.0,value,128.0,0.0,0.0,0.0,,0,0,0.0,0.0,0.0,0.0,14240.0,6579.2,1,1
aac98242e7dd,Koppal,4D4A2,4D4A2M3c,Hatti,0704020031,83/*/5,0.8,0.0,OTHER,small,1,AG2,MTLmB2g1,TCB,160.0,128.0,value,128.0,0.0,0.0,0.0,,0,0,0.0,0.0,0.0,0.0,14240.0,6579.2,1,1
c17202645700,Koppal,4D4A2,4D4A2M3c,Hatti,0704020031,77/*/1,0.8,0.0,OTHER,small,0,AG2,HDHhB1g2,TCB,160.0,128.0,value,128.0,0.0,0.0,0.0,,0,0,0.0,0.0,0.0,0.0,9920.0,6579.2,1,1
0c3a7bf1a374,Koppal,4D4A2,4D4A2M3c,Hatti,0704020031,82/*/4,1.47,0.0,OTHER,small,0,AG2,NDLiB1g1,TCB,294.0,235.2,formula_80pct_of_proposed,,1.0,,0.0,,0,0,490.0,490.0,40.0,95.0,69920.0,61294.28,1,1
ef2129ce35f1,Koppal,4D4A2,4D4A2M3c,Hatti,0704020031,83/*/1,0.8,1.0,OTHER,small,1,AG2,MTLmB2g1,TCB,160.0,128.0,value,128.0,0.0,0.0,0.0,,0,0,0.0,0.0,0.0,0.0,14240.0,6579.2,1,1
a0ffb599ec36,Koppal,4D4A2,4D4A2M3c,Hatti,0704020031,84/*/1,2.13,1.0,OTHER,small,1,AG2,MTLiB2g2,TCB,426.0,340.8,formula_80pct_of_proposed,,2.0,,0.0,,0,0,0.0,0.0,0.0,0.0,46914.0,17517.12,1,0
a945efe1d04f,Koppal,4D4A2,4D4A2M3c,Hatti,0704020031,77/*/3,1.37,0.0,OTHER,small,1,AG2,HDHhB1g2,TCB,274.0,219.2,formula_80pct_of_proposed,,1.0,,0.0,,0,0,0.0,0.0,0.0,0.0,20388.0,11266.88,1,0
87e988207062,Koppal,4D4A2,4D4A2M3c,Hatti,0704020031,80/*/*,0.74,0.0,OTHER,small,1,AG2,NDLiB1g1,TCB,148.0,118.4,formula_80pct_of_proposed,,0.0,0.0,0.0,,0,0,0.0,0.0,0.0,0.0,13172.0,6085.76,1,0
55a1eaf537ae,Koppal,4D4A2,4D4A2M3c,Hatti,0704020031,82/*/1,1.67,0.0,OTHER,small,0,AG2,NDLiB1g1,TCB,334.0,267.2,formula_80pct_of_proposed,,1.0,,1.0,1.0,0,0,277.0,0.0,40.0,95.0,183479.0,132759.08,1,1
a386621dd3f6,Koppal,4D4A2,4D4A2M3c,Hatti,0704020031,83/*/6,0.8,0.0,OTHER,small,1,AG2,MTLmB2g1,TCB,160.0,128.0,value,128.0,0.0,0.0,0.0,,0,0,0.0,0.0,0.0,0.0,14240.0,6579.2,1,1
87e988207062,Koppal,4D4A2,4D4A2M3c,Hatti,0704020031,80/*/*,1.31,0.0,OTHER,small,0,AG2,NDLiB1g1,TCB,262.0,209.6,formula_80pct_of_proposed,,1.0,,0.0,,0,0,336.0,336.0,0.0,0.0,50723.0,38325.44,1,1
87e988207062,Koppal,4D4A2,4D4A2M3c,Hatti,0704020031,80/*/*,1.3,0.0,OTHER,small,0,AG2,NDLiB1g1,TCB,260.0,208.0,formula_80pct_of_proposed,,1.0,,0.0,,0,0,490.0,490.0,0.0,0.0,63094.0,50871.2,1,1
9d51d4101047,Koppal,4D4A2,4D4A2M3c,Hatti,0704020031,82/*/5,1.4,0.0,OTHER,small,1,AG2,NDLiB1g1,TCB,280.0,224.0,formula_80pct_of_proposed,,1.0,,0.0,,0,0,490.0,490.0,40.0,95.0,68674.0,60718.6,1,1
c85b1bb07fef,Koppal,4D4A2,4D4A2M3c,Hatti,0704020031,77/*/5,0.82,0.0,OTHER,small,0,AG2,HDHhB1g2,TCB,164.0,0.0,value,0.0,0.0,0.0,0.0,,0,0,0.0,0.0,0.0,0.0,10168.0,0.0,0,0
f99a64b8494f,Koppal,4D4A2,4D4A2M3c,Hatti,0704020031,77/*/6,1.1,0.0,OTHER,small,1,AG2,HDHhB1g2,TCB,220.00000000000003,176.00000000000003,formula_80pct_of_proposed,,1.0,,0.0,,0,0,0.0,0.0,0.0,0.0,17040.0,9046.400000000001,1,0
6d0e446b15d2,Koppal,4D4A2,4D4A2M3c,Hatti,0704020031,78/*/2,0.98,0.0,OTHER,small,1,AG2,HDHhB1g2,TCB,196.0,0.0,value,0.0,0.0,0.0,0.0,,0,0,0.0,0.0,0.0,0.0,12152.0,0.0,0,0
87e988207062,Koppal,4D4A2,4D4A2M3c,Hatti,0704020031,80/*/*,0.8,1.0,OTHER,small,1,AG2,NDLiB1g1,TCB,160.0,128.0,value,128.0,1.0,,0.0,,0,0,392.0,392.0,0.0,0.0,46203.0,38723.2,1,1
170f88aa1ba5,Koppal,4D4A2,4D4A2M3c,Hatti,0704020031,81/*/2,1.03,1.0,OTHER,small,0,AG2,NDLiB1g1,TCB,206.0,164.8,formula_80pct_of_proposed,,1.0,,0.0,,0,0,277.0,0.0,40.0,0.0,62087.0,8470.720000000001,1,0
b6fce10630f9,Koppal,4D4A2,4D4A2M3c,Hatti,0704020031,82/*/6,0.2,0.0,OTHER,small,1,AG2,NDLiB1g1,TCB,40.0,32.0,formula_80pct_of_proposed,,0.0,0.0,0.0,,0,0,0.0,0.0,0.0,0.0,3560.0,1644.8,1,0
3cf0fc6f7342,Koppal,4D4A2,4D4A2M3c,Hatti,0704020031,83/*/7,1.34,0.0,OTHER,small,1,AG2,MTLmB2g1,TCB,268.0,0.0,value,0.0,1.0,,0.0,,0,0,0.0,0.0,0.0,0.0,28352.0,0.0,0,0
dccc7aebcecc,Koppal,4D4A2,4D4A2M3c,Hatti,0704020031,84/*/2,2.13,0.0,OTHER,small,1,AG2,MTLiB2g2,TCB,426.0,340.8,formula_80pct_of_proposed,,2.0,,0.0,,0,0,0.0,0.0,0.0,0.0,46914.0,17517.12,1,0
df4f53493732,Koppal,4D4A2,4D4A2M3c,Hatti,0704020017,109/*/2,1.24,0.0,OTHER,small,0,AG3,MKHiB1g1,TCB,248.0,198.4,formula_80pct_of_proposed,,1.0,,0.0,,0,0,0.0,0.0,0.0,0.0,18776.0,10197.76,1,0
5a9652f3d5b2,Koppal,4D4A2,4D4A2M3c,Hatti,0704020017,110/*/1,1.4,0.0,OTHER,small,1,AG3,MKHcB1g1,TCB,280.0,224.0,formula_80pct_of_proposed,,1.0,,0.0,,0,0,0.0,0.0,0.0,0.0,13160.0,11513.6,1,0
547768808815,Koppal,4D4A2,4D4A2M3c,Hatti,0704020017,110/*/2,1.38,0.0,OTHER,small,1,AG3,MKHcB1g1,TCB,276.0,220.8,formula_80pct_of_proposed,,1.0,,0.0,,0,0,0.0,0.0,0.0,0.0,12972.0,11349.12,1,0
3005ccb50a1b,Koppal,4D4A2,4D4A2M3c,Hatti,0704020017,113/*/3,1.38,1.0,OTHER,small,1,AG3,MKHiB1g1,TCB,276.0,220.8,formula_80pct_of_proposed,,1.0,,0.0,,0,0,0.0,0.0,0.0,0.0,20512.0,11349.12,1,0
26ffaedf03b2,Koppal,4D4A2,4D4A2M3c,Hatti,0704020017,114/*/1,0.4,0.0,OTHER,small,1,AG4,MKHiB1g1,TCB,80.0,64.0,value,64.0,0.0,0.0,0.0,,0,0,0.0,0.0,0.0,0.0,4960.0,3289.6,1,1
1f769a524caa,Koppal,4D4A2,4D4A2M3c,Hatti,0704020017,114/*/2,0.62,0.0,OTHER,small,1,AG4,MKHiB1g1,TCB,124.0,99.2,formula_80pct_of_proposed,,0.0,0.0,0.0,,0,0,0.0,0.0,0.0,0.0,7688.0,5098.88,1,0
4c293102a265,Koppal,4D4A2,4D4A2M3c,Hatti,0704020017,116/*/*,1.24,0.0,OTHER,small,1,AG4,KSPiB1g1,TCB,248.0,198.4,formula_80pct_of_proposed,,1.0,,0.0,,0,0,0.0,0.0,0.0,0.0,18776.0,10197.76,1,0
24123890417c,Koppal,4D4A2,4D4A2M3c,Hatti,0704020017,121/*/10,1.6,0.0,OTHER,small,1,AG4,MKHiB2g1,TCB,320.0,256.0,value,256.0,1.0,,0.0,,0,0,0.0,0.0,0.0,0.0,23240.0,13158.4,1,1
4a1401d54677,Koppal,4D4A2,4D4A2M3c,Hatti,0704020017,121/*/9,0.78,0.0,OTHER,small,1,AG4,MKHiB2g1,TCB,156.0,124.8,formula_80pct_of_proposed,,0.0,0.0,0.0,,0,0,0.0,0.0,0.0,0.0,9672.0,6414.719999999999,1,0
c5865aa6b8f6,Koppal,4D4A2,4D4A2M3c,Hatti,0704020017,105/*/*,0.32,0.0,OTHER,small,1,AG3,MKHcB1g1,TCB,64.0,51.2,formula_80pct_of_proposed,,0.0,0.0,0.0,,0,0,0.0,0.0,0.0,0.0,3008.0,2631.6800000000003,1,0
c5865aa6b8f6,Koppal,4D4A2,4D4A2M3c,Hatti,0704020017,105/*/*,1.08,0.0,OTHER,small,1,AG3,MKHcB1g1,TCB,216.0,0.0,value,0.0,1.0,,0.0,,0,0,277.0,0.0,0.0,0.0,37640.0,0.0,0,0
6210eb30cc81,Koppal,4D4A2,4D4A2M3c,Hatti,0704020017,102/*/*,0.7,0.0,SC,small,1,AG3,GHTiB1,TCB,140.0,0.0,value,0.0,0.0,0.0,0.0,,0,0,0.0,0.0,0.0,0.0,12460.0,0.0,0,0
bceeaa968481,Koppal,4D4A2,4D4A2M3c,Hatti,0704020017,103/*/7,0.4,0.0,OTHER,small,1,AG3,GHTiB1,TCB,80.0,64.0,value,64.0,0.0,0.0,0.0,,0,0,0.0,0.0,0.0,0.0,7120.0,3289.6,1,1
c5865aa6b8f6,Koppal,4D4A2,4D4A2M3c,Hatti,0704020017,105/*/*,3.38,0.0,OTHER,small,0,AG3,MKHcB1g1,TCB,676.0,540.8,formula_80pct_of_proposed,,3.0,,0.0,,0,0,277.0,0.0,0.0,0.0,156760.0,27797.119999999995,1,0
6210eb30cc81,Koppal,4D4A2,4D4A2M3c,Hatti,0704020017,102/*/*,1.21,0.0,SC,small,1,AG3,GHTiB1,TCB,242.0,193.6,formula_80pct_of_proposed,,1.0,,0.0,,0,0,0.0,0.0,0.0,0.0,26038.0,9951.039999999999,1,0
6210eb30cc81,Koppal,4D4A2,4D4A2M3c,Hatti,0704020017,102/*/*,0.51,0.0,SC,small,1,AG3,GHTiB1,TCB,102.0,0.0,value,0.0,0.0,0.0,0.0,,0,0,0.0,0.0,0.0,0.0,9078.0,0.0,0,0
6210eb30cc81,Koppal,4D4A2,4D4A2M3c,Hatti,0704020017,102/*/*,0.93,0.0,SC,small,1,AG3,GHTiB1,TCB,186.0,148.8,formula_80pct_of_proposed,,0.0,0.0,0.0,,0,0,0.0,0.0,0.0,0.0,16554.0,7648.320000000001,1,0
d75e19acaba1,Koppal,4D4A2,4D4A2M3c,Hatti,0704020017,117/*/4,0.7,0.0,OTHER,small,1,AG4,KSPiB1g1,TCB,140.0,112.0,formula_80pct_of_proposed,,0.0,0.0,0.0,,0,0,0.0,0.0,0.0,0.0,8680.0,5756.8,1,0
80e1045543c6,Koppal,4D4A2,4D4A2M3c,Hatti,0704020017,119/*/*,1.97,0.0,OTHER,small,0,AG4,HDHiB2g1,TCB,394.0,315.2,formula_80pct_of_proposed,,1.0,,0.0,,0,0,277.0,277.0,0.0,0.0,79519.0,56089.28,1,1
709686c60394,Koppal,4D4A2,4D4A2M3c,Hatti,0704020017,121/*/2,0.02,0.0,OTHER,small,1,AG4,MKHiB2g1,TCB,4.0,3.2,formula_80pct_of_proposed,,0.0,0.0,0.0,,0,0,0.0,0.0,0.0,0.0,248.0,164.48000000000002,1,0
6210eb30cc81,Koppal,4D4A2,4D4A2M3c,Hatti,0704020017,102/*/*,0.92,0.0,OTHER,small,1,AG3,GHTiB1,TCB,184.0,147.2,formula_80pct_of_proposed,,0.0,0.0,0.0,,0,0,0.0,0.0,0.0,0.0,16376.0,7566.079999999999,1,0
c5865aa6b8f6,Koppal,4D4A2,4D4A2M3c,Hatti,0704020017,105/*/*,0.33,0.0,OTHER,small,1,AG3,MKHcB1g1,TCB,66.0,52.8,formula_80pct_of_proposed,,0.0,0.0,0.0,,0,0,0.0,0.0,0.0,0.0,3102.0,2713.9199999999996,1,0
3edd6fba94d5,Koppal,4D4A2,4D4A2M3c,Hatti,0704020017,110/*/3,3.51,0.0,OTHER,small,1,AG3,MKHcB1g1,TCB,702.0,0.0,value,0.0,3.0,,0.0,,0,0,0.0,0.0,0.0,0.0,32994.0,0.0,0,0
a2ee97cfe92b,Koppal,4D4A2,4D4A2M3c,Hatti,0704020017,114/*/*,0.2,0.0,OTHER,small,0,AG4,MKHiB1g1,TCB,40.0,32.0,formula_80pct_of_proposed,,0.0,0.0,0.0,,0,0,0.0,0.0,0.0,0.0,2480.0,1644.8,1,0
4c293102a265,Koppal,4D4A2,4D4A2M3c,Hatti,0704020017,116/*/*,0.92,0.0,OTHER,small,0,AG4,KSPiB1g1,TCB,184.0,147.2,formula_80pct_of_proposed,,0.0,0.0,0.0,,0,0,0.0,0.0,0.0,0.0,11408.0,7566.079999999999,1,0
1ad34391d884,Koppal,4D4A2,4D4A2M3c,Hatti,0704020017,118/*/*,3.27,0.0,OTHER,small,1,AG4,KSPiB1g1,TCB,654.0,523.2,formula_80pct_of_proposed,,3.0,,0.0,,0,0,277.0,277.0,0.0,0.0,188201.0,66780.48000000001,1,1
80e1045543c6,Koppal,4D4A2,4D4A2M3c,Hatti,0704020017,119/*/*,0.49,0.0,OTHER,small,1,AG4,HDHiB2g1,TCB,98.0,0.0,value,0.0,0.0,0.0,0.0,,0,0,0.0,0.0,0.0,0.0,8722.0,0.0,0,0
e91a98ba0b17,Koppal,4D4A2,4D4A2M3c,Hatti,0704020017,100/*/1,2.02,1.0,OTHER,small,1,AG3,MKHcB2g2,TCB,404.0,0.0,value,0.0,2.0,,0.0,,0,0,0.0,0.0,0.0,0.0,18988.0,0.0,0,0
6210eb30cc81,Koppal,4D4A2,4D4A2M3c,Hatti,0704020017,102/*/*,0.93,0.0,OTHER,small,1,AG3,GHTiB1,TCB,186.0,148.8,formula_80pct_of_proposed,,0.0,0.0,0.0,,0,0,0.0,0.0,0.0,0.0,16554.0,7648.320000000001,1,0
098ef82d96d6,Koppal,4D4A2,4D4A2M3c,Hatti,0704020017,103/*/*,0.78,0.0,OTHER,small,1,AG3,GHTiB1,TCB,156.0,124.8,formula_80pct_of_proposed,,0.0,0.0,0.0,,0,0,0.0,0.0,0.0,0.0,13884.0,6414.719999999999,1,0
1050a0716d0e,Koppal,4D4A2,4D4A2M3c,Hatti,0704020017,104/*/3,1.37,1.0,OTHER,small,1,AG3,GHTiB1,TCB,274.0,0.0,value,0.0,1.0,,0.0,,0,0,277.0,0.0,0.0,0.0,56374.0,0.0,0,0
f98d17aa5ff7,Koppal,4D4A2,4D4A2M3c,Hatti,0704020017,101/*/2,1.85,0.0,OTHER,small,1,AG3,BPRiB1g1,TCB,370.0,296.0,formula_80pct_of_proposed,,1.0,,0.0,,0,0,0.0,0.0,40.0,0.0,30140.0,15214.4,1,0
26fc02efbd5e,Koppal,4D4A2,4D4A2M3c,Hatti,0704020017,103/*/3,0.3,0.0,OTHER,small,1,AG3,GHTiB1,TCB,60.0,0.0,value,0.0,0.0,0.0,0.0,,0,0,0.0,0.0,0.0,0.0,5340.0,0.0,0,0
c5865aa6b8f6,Koppal,4D4A2,4D4A2M3c,Hatti,0704020017,105/*/*,0.33,0.0,OTHER,small,1,AG3,MKHcB1g1,TCB,66.0,0.0,value,0.0,0.0,0.0,0.0,,0,0,0.0,0.0,0.0,0.0,3102.0,0.0,0,0
2d1f3aef0df1,Koppal,4D4A2,4D4A2M3c,Hatti,0704020017,107/*/*,0.41,1.0,OTHER,small,1,AG3,MKHcB1g1,TCB,82.0,0.0,value,0.0,0.0,0.0,0.0,,0,0,0.0,0.0,0.0,0.0,3854.0,0.0,0,0
098ef82d96d6,Koppal,4D4A2,4D4A2M3c,Hatti,0704020017,103/*/*,0.78,0.0,OTHER,small,1,AG3,GHTiB1,TCB,156.0,124.8,formula_80pct_of_proposed,,0.0,0.0,0.0,,0,0,0.0,0.0,0.0,0.0,13884.0,6414.719999999999,1,0
dd748c810471,Koppal,4D4A2,4D4A2M3c,Hatti,0704020017,104/*/2,0.67,0.0,OTHER,small,1,AG3,GHTiB1,TCB,134.0,107.2,formula_80pct_of_proposed,,0.0,0.0,0.0,,0,0,0.0,0.0,0.0,0.0,11926.0,5510.08,1,0
c5865aa6b8f6,Koppal,4D4A2,4D4A2M3c,Hatti,0704020017,105/*/*,0.33,0.0,OTHER,small,1,AG3,MKHcB1g1,TCB,66.0,52.8,formula_80pct_of_proposed,,0.0,0.0,0.0,,0,0,0.0,0.0,0.0,0.0,3102.0,2713.9199999999996,1,0
de483a3c6137,Koppal,4D4A2,4D4A2M3c,Hatti,0704020017,104/*/4,0.7,0.0,OTHER,small,1,AG3,GHTiB1,TCB,140.0,112.0,formula_80pct_of_proposed,,0.0,0.0,0.0,,0,0,0.0,0.0,0.0,0.0,12460.0,5756.8,1,0
bc1ac21cb2d3,Koppal,4D4A2,4D4A2M3c,Hatti,0704020017,104/*/5,0.84,0.0,OTHER,small,1,AG3,GHTiB1,TCB,168.0,134.4,formula_80pct_of_proposed,,0.0,0.0,0.0,,0,0,222.0,0.0,0.0,0.0,36942.0,6908.16,1,0
c5865aa6b8f6,Koppal,4D4A2,4D4A2M3c,Hatti,0704020017,105/*/*,0.32,0.0,OTHER,small,1,AG3,MKHcB1g1,TCB,64.0,0.0,value,0.0,0.0,0.0,0.0,,0,0,0.0,0.0,0.0,0.0,3008.0,0.0,0,0
80e1045543c6,Koppal,4D4A2,4D4A2M3c,Hatti,0704020017,119/*/*,0.32,0.0,OTHER,small,1,AG4,HDHiB2g1,TCB,64.0,0.0,value,0.0,0.0,0.0,0.0,,0,0,0.0,0.0,0.0,0.0,5696.0,0.0,0,0
24123890417c,Koppal,4D4A2,4D4A2M3c,Hatti,0704020017,121/*/10,1.6,0.0,OTHER,small,1,AG4,MKHiB2g1,TCB,320.0,256.0,value,256.0,1.0,,0.0,,0,0,0.0,0.0,0.0,0.0,23240.0,13158.4,1,1
3ee41b7b179d,Koppal,4D4A2,4D4A2M3c,Hatti,0704020017,121/*/6,0.45,1.0,OTHER,small,1,AG4,MKHiB2g1,TCB,90.0,72.0,formula_80pct_of_proposed,,0.0,0.0,0.0,,0,0,0.0,0.0,0.0,0.0,5580.0,3700.7999999999997,1,0
953a160efc6f,Koppal,4D4A2,4D4A2M3c,Hatti,0704020017,121/*/7,0.38,0.0,OTHER,small,1,AG4,MKHiB2g1,TCB,76.0,60.8,formula_80pct_of_proposed,,0.0,0.0,0.0,,0,0,0.0,0.0,0.0,0.0,4712.0,3125.12,1,0
c5865aa6b8f6,Koppal,4D4A2,4D4A2M3c,Hatti,0704020017,105/*/*,0.33,0.0,OTHER,small,0,AG3,MKHcB1g1,TCB,66.0,0.0,value,0.0,0.0,0.0,0.0,,0,0,0.0,0.0,0.0,0.0,3102.0,0.0,0,0
c5865aa6b8f6,Koppal,4D4A2,4D4A2M3c,Hatti,0704020017,105/*/*,0.52,0.0,OTHER,small,0,AG3,MKHcB1g1,TCB,104.0,0.0,value,0.0,0.0,0.0,0.0,,0,0,0.0,0.0,0.0,0.0,4888.0,0.0,0,0
2d1f3aef0df1,Koppal,4D4A2,4D4A2M3c,Hatti,0704020017,107/*/*,0.8,0.0,OTHER,small,1,AG3,MKHcB1g1,TCB,160.0,64.0,value,64.0,0.0,0.0,0.0,,0,0,0.0,0.0,0.0,0.0,7520.0,3289.6,1,1
b996cf5f09d0,Koppal,4D4A2,4D4A2M3c,Hatti,0704020017,108/*/1,2.06,0.0,OTHER,small,1,AG3,MKHcB1g1,TCB,412.0,329.6,value,329.6,2.0,,0.0,,0,0,0.0,0.0,0.0,0.0,19364.0,16941.440000000002,1,1
a2ee97cfe92b,Koppal,4D4A2,4D4A2M3c,Hatti,0704020017,114/*/*,0.57,0.0,OTHER,small,1,AG4,MKHiB1g1,TCB,113.99999999999999,91.19999999999999,formula_80pct_of_proposed,,0.0,0.0,0.0,,0,0,0.0,0.0,0.0,0.0,7067.999999999999,4687.679999999999,1,0
a2ee97cfe92b,Koppal,4D4A2,4D4A2M3c,Hatti,0704020017,114/*/*,0.71,0.0,OTHER,small,0,AG4,MKHiB1g1,TCB,142.0,113.6,formula_80pct_of_proposed,,0.0,0.0,0.0,,0,0,0.0,0.0,0.0,0.0,8804.0,5839.04,1,0
9ae13b885996,Koppal,4D4A2,4D4A2M3c,Hatti,0704020017,114/*/3,0.8,0.0,OTHER,small,1,AG4,MKHiB1g1,TCB,160.0,64.0,value,64.0,0.0,0.0,0.0,,0,0,194.0,194.0,0.0,0.0,37887.0,31225.6,1,1
bd7cae3e6b27,Koppal,4D4A2,4D4A2M3c,Hatti,0704020017,117/*/6,0.75,0.0,OTHER,small,0,AG4,KSPiB1g1,TCB,150.0,120.0,formula_80pct_of_proposed,,0.0,0.0,0.0,,0,0,0.0,0.0,0.0,0.0,9300.0,6168.0,1,0
2d1f3aef0df1,Koppal,4D4A2,4D4A2M3c,Hatti,0704020017,107/*/*,0.81,0.0,OTHER,small,1,AG3,MKHcB1g1,TCB,162.0,129.6,formula_80pct_of_proposed,,0.0,0.0,0.0,,0,0,0.0,0.0,0.0,0.0,7614.0,6661.44,1,0
6f6ae14cf8c6,Koppal,4D4A2,4D4A2M3c,Hatti,0704020017,108/*/2,0.89,0.0,OTHER,small,1,AG3,MKHcB1g1,TCB,178.0,142.4,formula_80pct_of_proposed,,0.0,0.0,0.0,,0,0,0.0,0.0,0.0,0.0,8366.0,7319.36,1,0
6f6ae14cf8c6,Koppal,4D4A2,4D4A2M3c,Hatti,0704020017,108/*/2,0.52,0.0,OTHER,small,1,AG3,MKHcB1g1,TCB,104.0,83.2,formula_80pct_of_proposed,,0.0,0.0,0.0,,0,0,0.0,0.0,0.0,0.0,4888.0,4276.4800000000005,1,0
f310a77efe9d,Koppal,4D4A2,4D4A2M3c,Hatti,0704020017,109/*/1,1.22,0.0,OTHER,small,1,AG3,MKHiB1g1,TCB,244.0,195.2,formula_80pct_of_proposed,,1.0,,0.0,,0,0,0.0,0.0,0.0,0.0,18528.0,10033.279999999999,1,0
2d1f3aef0df1,Koppal,4D4A2,4D4A2M3c,Hatti,0704020017,107/*/*,0.81,0.0,OTHER,small,1,AG3,MKHcB1g1,TCB,162.0,0.0,value,0.0,0.0,0.0,0.0,,0,0,0.0,0.0,0.0,0.0,7614.0,0.0,0,0
da92021806cb,Koppal,4D4A2,4D4A2M3c,Hatti,0704020017,109/*/3,1.21,0.0,OTHER,small,1,AG3,MKHiB1g1,TCB,242.0,193.6,formula_80pct_of_proposed,,1.0,,0.0,,0,0,0.0,0.0,0.0,0.0,18404.0,9951.039999999999,1,0
5a9652f3d5b2,Koppal,4D4A2,4D4A2M3c,Hatti,0704020017,110/*/1,1.4,0.0,OTHER,small,1,AG3,MKHcB1g1,TCB,280.0,0.0,value,0.0,1.0,,0.0,,0,0,0.0,0.0,0.0,0.0,13160.0,0.0,0,0
3a1afe714274,Koppal,4D4A2,4D4A2M3c,Hatti,0704020017,113/*/5,1.37,0.0,OTHER,small,0,AG3,MKHiB1g1,TCB,274.0,219.2,formula_80pct_of_proposed,,1.0,,0.0,,0,0,0.0,0.0,0.0,0.0,20388.0,11266.88,1,0
76912f0d6fdf,Koppal,4D4A2,4D4A2M3c,Hatti,0704020017,115/-116/ಅ,1.22,1.0,OTHER,small,1,AG4,KSPiB1g1,TCB,244.0,195.2,formula_80pct_of_proposed,,1.0,,0.0,,0,0,0.0,0.0,0.0,0.0,18528.0,10033.279999999999,1,0
3381057c762a,Koppal,4D4A2,4D4A2M3c,Hatti,0704020017,117/*/2,0.97,0.0,OTHER,small,1,AG4,KSPiB1g1,TCB,194.0,155.2,formula_80pct_of_proposed,,0.0,0.0,0.0,,0,0,277.0,0.0,0.0,0.0,51981.0,7977.279999999999,1,0
c63bb7715a14,Koppal,4D4A2,4D4A2M3c,Hatti,0704020017,121/*/3,0.37,0.0,OTHER,small,1,AG4,MKHiB2g1,TCB,74.0,59.2,formula_80pct_of_proposed,,0.0,0.0,0.0,,0,0,0.0,0.0,0.0,0.0,4588.0,3042.88,1,0
7c94cccbc9b9,Koppal,4D4A2,4D4A2M3c,Hatti,0704020017,121/*/4,0.76,0.0,OTHER,small,1,AG4,MKHiB2g1,TCB,152.0,121.6,formula_80pct_of_proposed,,0.0,0.0,0.0,,0,0,0.0,0.0,0.0,0.0,9424.0,6250.24,1,0
547768808815,Koppal,4D4A2,4D4A2M3c,Hatti,0704020017,110/*/2,1.38,0.0,OTHER,small,1,AG3,MKHcB1g1,TCB,276.0,220.8,formula_80pct_of_proposed,,1.0,,0.0,,0,0,0.0,0.0,0.0,0.0,12972.0,11349.12,1,0
a2ee97cfe92b,Koppal,4D4A2,4D4A2M3c,Hatti,0704020017,114/*/*,0.71,0.0,ST,small,1,AG4,MKHiB1g1,TCB,142.0,113.6,formula_80pct_of_proposed,,0.0,0.0,0.0,,0,0,194.0,0.0,0.0,0.0,36771.0,5839.04,1,0
76912f0d6fdf,Koppal,4D4A2,4D4A2M3c,Hatti,0704020017,115/-116/ಅ,1.22,1.0,OTHER,small,1,AG4,KSPiB1g1,TCB,244.0,195.2,formula_80pct_of_proposed,,1.0,,0.0,,0,0,0.0,0.0,0.0,0.0,18528.0,10033.279999999999,1,0
80e1045543c6,Koppal,4D4A2,4D4A2M3c,Hatti,0704020017,119/*/*,0.49,0.0,OTHER,small,1,AG4,HDHiB2g1,TCB,98.0,78.4,formula_80pct_of_proposed,,0.0,0.0,0.0,,0,0,0.0,0.0,0.0,0.0,8722.0,4029.76,1,0
39271ff069b1,Koppal,4D4A2,4D4A2M3c,Hatti,0704020017,120/*/6,0.72,1.0,OTHER,small,1,AG4,MKHiB2g1,TCB,144.0,115.2,formula_80pct_of_proposed,,0.0,0.0,0.0,,0,0,0.0,0.0,0.0,0.0,8928.0,5921.28,1,0
8424a04e2419,Koppal,4D4A2,4D4A2M3c,Hatti,0704020017,121/*/1,0.36,0.0,OTHER,small,1,AG4,MKHiB2g1,TCB,72.0,57.6,formula_80pct_of_proposed,,0.0,0.0,0.0,,0,0,0.0,0.0,0.0,0.0,4464.0,2960.64,1,0
6f6ae14cf8c6,Koppal,4D4A2,4D4A2M3c,Hatti,0704020017,108/*/2,0.52,0.0,OTHER,small,1,AG3,MKHcB1g1,TCB,104.0,83.2,formula_80pct_of_proposed,,0.0,0.0,0.0,,0,0,0.0,0.0,0.0,0.0,4888.0,4276.4800000000005,1,0
bf6a85abd0d4,Koppal,4D4A2,4D4A2M3c,Hatti,0704020017,111/-112/ಆ1,2.2,0.0,OTHER,small,0,AG3,KSPiB2g1,TCB,440.00000000000006,352.00000000000006,formula_80pct_of_proposed,,2.0,,0.0,,0,0,0.0,0.0,0.0,0.0,34080.0,18092.800000000003,1,0
76569bf4b534,Koppal,4D4A2,4D4A2M3c,Hatti,0704020017,113/*/1,0.58,1.0,OTHER,small,0,AG3,MKHiB1g1,TCB,115.99999999999999,92.79999999999998,formula_80pct_of_proposed,,0.0,0.0,0.0,,0,0,0.0,0.0,0.0,0.0,7191.999999999999,4769.919999999999,1,0
fa3c5f12f26b,Koppal,4D4A2,4D4A2M3c,Hatti,0704020017,122/*/1,1.82,0.0,OTHER,small,1,AG4,MKHiB2g1,TCB,364.0,291.2,formula_80pct_of_proposed,,1.0,,0.0,,0,0,0.0,0.0,0.0,0.0,25968.0,14967.679999999998,1,0
b1d3723de769,Koppal,4D4A2,4D4A2M3c,Hatti,0704020017,113/*/2,1.38,1.0,OTHER,small,1,AG3,MKHiB1g1,TCB,276.0,220.8,formula_80pct_of_proposed,,1.0,,0.0,,0,0,0.0,0.0,0.0,0.0,20512.0,11349.12,1,0
3c64bdfbb958,Koppal,4D4A2,4D4A2M3c,Hatti,0704020017,113/*/6,0.8,0.0,OTHER,small,1,AG3,MKHiB1g1,TCB,160.0,64.0,value,64.0,0.0,0.0,0.0,,0,0,0.0,0.0,0.0,0.0,9920.0,3289.6,1,1
a2ee97cfe92b,Koppal,4D4A2,4D4A2M3c,Hatti,0704020017,114/*/*,1.6,1.0,OTHER,small,1,AG4,MKHiB1g1,TCB,320.0,256.0,value,256.0,1.0,,0.0,,0,0,277.0,0.0,0.0,0.0,50728.0,13158.4,1,1
7ab50856ce4e,Koppal,4D4A2,4D4A2M3c,Hatti,0704020017,126/*/3,2.43,0.0,OTHER,small,1,AG4,MKHiB2g1,TCB,486.00000000000006,388.80000000000007,formula_80pct_of_proposed,,2.0,,0.0,,0,0,0.0,0.0,0.0,0.0,36932.0,19984.320000000003,1,0
0f93a244eed1,Koppal,4D4A2,4D4A2M3c,Hatti,0704020017,127/*/*,0.75,1.0,OTHER,small,1,AG4,MKHiB2g1,TCB,150.0,120.0,formula_80pct_of_proposed,,0.0,0.0,0.0,,0,0,0.0,0.0,0.0,0.0,9300.0,6168.0,1,0
5976c610a542,Koppal,4D4A2,4D4A2M3c,Hatti,0704020017,128/*/*,0.27,1.0,OTHER,small,0,AG4,MKHiB2g1,TCB,54.0,43.2,formula_80pct_of_proposed,,0.0,0.0,0.0,,0,0,0.0,0.0,0.0,0.0,3348.0,2220.48,1,0
5976c610a542,Koppal,4D4A2,4D4A2M3c,Hatti,0704020017,128/*/*,0.4,0.0,OTHER,small,1,AG4,MKHiB2g1,TCB,80.0,64.0,value,64.0,0.0,0.0,0.0,,0,0,0.0,0.0,0.0,0.0,4960.0,3289.6,1,1
5976c610a542,Koppal,4D4A2,4D4A2M3c,Hatti,0704020017,128/*/*,0.26,0.0,OTHER,small,1,AG4,MKHiB2g1,TCB,52.0,41.6,formula_80pct_of_proposed,,0.0,0.0,0.0,,0,0,0.0,0.0,0.0,0.0,3224.0,2138.2400000000002,1,0
9a5bd4e39c34,Koppal,4D4A2,4D4A2M3c,Hatti,0704020017,129/*/2,2.62,0.0,OTHER,small,1,AG4,MKHiB2g1,TCB,524.0,419.2,formula_80pct_of_proposed,,2.0,,0.0,,0,0,0.0,0.0,0.0,0.0,39288.0,21546.879999999997,1,0
b5fab088104e,Koppal,4D4A2,4D4A2M3c,Hatti,0704020017,120/*/3,0.77,1.0,OTHER,small,1,AG4,MKHiB2g1,TCB,154.0,123.2,formula_80pct_of_proposed,,0.0,0.0,0.0,,0,0,0.0,0.0,0.0,0.0,9548.0,6332.48,1,0
e9aae7822131,Koppal,4D4A2,4D4A2M3c,Hatti,0704020017,126/*/2,1.2,0.0,OTHER,small,1,AG4,MKHiB2g1,TCB,240.0,192.0,value,192.0,1.0,,0.0,,0,0,0.0,0.0,0.0,0.0,18280.0,9868.8,1,1
0f93a244eed1,Koppal,4D4A2,4D4A2M3c,Hatti,0704020017,127/*/*,0.75,0.0,OTHER,small,1,AG4,MKHiB2g1,TCB,150.0,120.0,formula_80pct_of_proposed,,0.0,0.0,0.0,,0,0,0.0,0.0,0.0,0.0,9300.0,6168.0,1,0
a2ee97cfe92b,Koppal,4D4A2,4D4A2M3c,Hatti,0704020017,114/*/*,2.13,0.0,OTHER,small,1,AG4,MKHiB1g1,TCB,426.0,340.8,formula_80pct_of_proposed,,2.0,,0.0,,0,0,277.0,0.0,0.0,0.0,60700.0,17517.12,1,0
bbf63ffb7739,Koppal,4D4A2,4D4A2M3c,Hatti,0704020017,114/*/4,0.4,0.0,OTHER,small,1,AG4,MKHiB1g1,TCB,80.0,64.0,value,64.0,0.0,0.0,0.0,,0,0,0.0,0.0,0.0,0.0,4960.0,3289.6,1,1
4c293102a265,Koppal,4D4A2,4D4A2M3c,Hatti,0704020017,116/*/*,0.31,0.0,OTHER,small,1,AG4,KSPiB1g1,TCB,62.0,49.6,formula_80pct_of_proposed,,0.0,0.0,0.0,,0,0,0.0,0.0,0.0,0.0,3844.0,2549.44,1,0
a859f0cc79a5,Koppal,4D4A2,4D4A2M3c,Hatti,0704020017,117/*/3,0.57,0.0,OTHER,small,1,AG4,KSPiB1g1,TCB,113.99999999999999,91.19999999999999,formula_80pct_of_proposed,,0.0,0.0,0.0,,0,0,0.0,0.0,0.0,0.0,7067.999999999999,4687.679999999999,1,0
5976c610a542,Koppal,4D4A2,4D4A2M3c,Hatti,0704020017,128/*/*,0.38,0.0,OTHER,small,1,AG4,MKHiB2g1,TCB,76.0,60.8,formula_80pct_of_proposed,,0.0,0.0,0.0,,0,0,0.0,0.0,0.0,0.0,4712.0,3125.12,1,0
eb0cd74741b8,Koppal,4D4A2,4D4A2M3c,Hatti,0704020017,129/*/1,0.61,0.0,OTHER,small,1,AG4,MKHiB2g1,TCB,122.0,97.6,formula_80pct_of_proposed,,0.0,0.0,0.0,,0,0,0.0,0.0,0.0,0.0,7564.0,5016.639999999999,1,0
eb0cd74741b8,Koppal,4D4A2,4D4A2M3c,Hatti,0704020017,129/*/1,2.04,0.0,OTHER,small,1,AG4,MKHiB2g1,TCB,408.0,326.4,formula_80pct_of_proposed,,2.0,,0.0,,0,0,0.0,0.0,0.0,0.0,32096.0,16776.96,1,0
52886e56018b,Koppal,4D4A2,4D4A2M3c,Hatti,0704020017,117/*/7,0.06,1.0,OTHER,small,0,AG4,KSPiB1g1,TCB,12.0,9.6,formula_80pct_of_proposed,,0.0,0.0,0.0,,0,0,0.0,0.0,0.0,0.0,744.0,493.43999999999994,1,0
3ee41b7b179d,Koppal,4D4A2,4D4A2M3c,Hatti,0704020017,121/*/6,0.45,1.0,OTHER,small,1,AG4,MKHiB2g1,TCB,90.0,72.0,formula_80pct_of_proposed,,0.0,0.0,0.0,,0,0,0.0,0.0,0.0,0.0,5580.0,3700.7999999999997,1,0
47bd174ddfdb,Koppal,4D4A2,4D4A2M3c,Hatti,0704020017,122/*/2,1.82,1.0,OTHER,small,1,AG4,MKHiB2g1,TCB,364.0,291.2,formula_80pct_of_proposed,,1.0,,0.0,,0,0,0.0,0.0,0.0,0.0,25968.0,14967.679999999998,1,0
80e1045543c6,Koppal,4D4A2,4D4A2M3c,Hatti,0704020017,119/*/*,0.33,0.0,OTHER,small,1,AG4,HDHiB2g1,TCB,66.0,52.8,formula_80pct_of_proposed,,0.0,0.0,0.0,,0,0,0.0,0.0,0.0,0.0,5874.0,2713.9199999999996,1,0
e4fbeff430a7,Koppal,4D4A2,4D4A2M3c,Hatti,0704020017,120/*/1,1.49,1.0,OTHER,small,1,AG4,MKHiB2g1,TCB,298.0,238.4,formula_80pct_of_proposed,,1.0,,0.0,,0,0,277.0,277.0,0.0,0.0,61829.0,52141.76,1,1
5976c610a542,Koppal,4D4A2,4D4A2M3c,Hatti,0704020017,128/*/*,0.26,0.0,OTHER,small,1,AG4,MKHiB2g1,TCB,52.0,41.6,formula_80pct_of_proposed,,0.0,0.0,0.0,,0,0,0.0,0.0,0.0,0.0,3224.0,2138.2400000000002,1,0
eb0cd74741b8,Koppal,4D4A2,4D4A2M3c,Hatti,0704020017,129/*/1,0.61,0.0,OTHER,small,1,AG4,MKHiB2g1,TCB,122.0,97.6,formula_80pct_of_proposed,,0.0,0.0,0.0,,0,0,0.0,0.0,0.0,0.0,7564.0,5016.639999999999,1,0
5976c610a542,Koppal,4D4A2,4D4A2M3c,Hatti,0704020017,128/*/*,0.75,0.0,OTHER,small,1,AG4,MKHiB2g1,TCB,150.0,120.0,formula_80pct_of_proposed,,0.0,0.0,0.0,,0,0,0.0,0.0,0.0,0.0,9300.0,6168.0,1,0
5462bf650bc2,Koppal,4D4A2,4D4A2M3c,Hatti,0704020017,120/*/2,1.5,0.0,OTHER,small,1,AG4,MKHiB2g1,TCB,300.0,240.0,formula_80pct_of_proposed,,1.0,,0.0,,0,0,277.0,0.0,0.0,0.0,61953.0,12336.0,1,0
3c63a55cc413,Koppal,4D4A2,4D4A2M3c,Hatti,0704020017,121/*/5,0.38,0.0,OTHER,small,1,AG4,MKHiB2g1,TCB,76.0,60.8,formula_80pct_of_proposed,,0.0,0.0,0.0,,0,0,0.0,0.0,0.0,0.0,4712.0,3125.12,1,0
bb03af64b3a3,Koppal,4D4A2,4D4A2M3c,Hatti,0704020017,69/*/3,0.33,1.0,OTHER,small,0,AG2,NDLiB1g1,TCB,66.0,52.8,formula_80pct_of_proposed,,0.0,0.0,0.0,,0,0,0.0,0.0,0.0,0.0,5874.0,2713.9199999999996,1,0
1cc26d86f1c4,Koppal,4D4A2,4D4A2M3c,Hatti,0704020017,71/*/2,2.28,0.0,OTHER,small,1,AG2,MTLmB2g1,TCB,455.99999999999994,0.0,value,0.0,2.0,,0.0,,0,0,0.0,0.0,0.0,0.0,49583.99999999999,0.0,0,0
afe742d26e1e,Koppal,4D4A2,4D4A2M3c,Hatti,0704020017,75/*/*,0.87,1.0,OTHER,small,1,AG2,KSPiB2g1,TCB,174.0,139.2,formula_80pct_of_proposed,,0.0,0.0,0.0,,0,0,0.0,0.0,0.0,0.0,10788.0,7154.879999999999,1,0
afe742d26e1e,Koppal,4D4A2,4D4A2M3c,Hatti,0704020017,75/*/*,0.81,0.0,OTHER,small,1,AG2,KSPiB2g1,TCB,162.0,129.6,formula_80pct_of_proposed,,0.0,0.0,0.0,,0,0,0.0,0.0,0.0,0.0,10044.0,6661.44,1,0
b265a1f7877a,Koppal,4D4A2,4D4A2M3c,Hatti,0704020017,81/*/2,0.97,0.0,OTHER,small,0,AG2,HRViB1g2,TCB,194.0,0.0,value,0.0,0.0,0.0,0.0,,0,0,0.0,0.0,0.0,0.0,12028.0,0.0,0,0
1f9195dad3d1,Koppal,4D4A2,4D4A2M3c,Hatti,0704020017,126/*/1,1.75,0.0,OTHER,small,0,AG4,MKHiB2g1,TCB,350.0,280.0,formula_80pct_of_proposed,,1.0,,0.0,,0,0,0.0,0.0,0.0,0.0,25100.0,14392.0,1,0
f5e36413897f,Koppal,4D4A2,4D4A2M3c,Hatti,0704020017,82/*/*,0.85,1.0,OTHER,small,1,AG2,MTLmB2g1,TCB,170.0,0.0,value,0.0,0.0,0.0,0.0,,0,0,0.0,0.0,0.0,0.0,15130.0,0.0,0,0
92d5f3d0f84f,Koppal,4D4A2,4D4A2M3c,Hatti,0704020017,84/*/7,2.0,0.0,OTHER,small,1,AG2,KSPiB1g1,TCB,400.0,320.0,value,320.0,2.0,,0.0,,0,0,0.0,0.0,0.0,0.0,31600.0,16448.0,1,1
c0068156573e,Koppal,4D4A2,4D4A2M3c,Hatti,0704020017,89/*/4,1.4,0.0,OTHER,small,1,AG2,MKHiB2g1,TCB,280.0,224.0,formula_80pct_of_proposed,,1.0,,0.0,,0,0,277.0,0.0,0.0,0.0,48248.0,11513.6,1,0
c1f514ea86c7,Koppal,4D4A2,4D4A2M3c,Hatti,0704020017,69/*/1,0.79,0.0,OTHER,small,0,AG2,NDLiB1g1,TCB,158.0,126.4,formula_80pct_of_proposed,,0.0,0.0,0.0,,0,0,0.0,0.0,0.0,0.0,14062.0,6496.96,1,0
493aa46c6d50,Koppal,4D4A2,4D4A2M3c,Hatti,0704020017,73/*/2,0.58,0.0,OTHER,small,1,AG2,MTLmB2g1,TCB,115.99999999999999,92.79999999999998,formula_80pct_of_proposed,,0.0,0.0,0.0,,0,0,0.0,0.0,0.0,0.0,10323.999999999998,4769.919999999999,1,0
12fd5a3ff063,Koppal,4D4A2,4D4A2M3c,Hatti,0704020017,81/*/1,0.98,0.0,OTHER,small,0,AG2,HRViB1g2,TCB,196.0,156.8,formula_80pct_of_proposed,,0.0,0.0,0.0,,0,0,0.0,0.0,0.0,0.0,12152.0,8059.52,1,0
f5e36413897f,Koppal,4D4A2,4D4A2M3c,Hatti,0704020017,82/*/*,0.75,0.0,OTHER,small,1,AG2,MTLmB2g1,TCB,150.0,0.0,value,0.0,0.0,0.0,0.0,,0,0,0.0,0.0,0.0,0.0,13350.0,0.0,0,0
f5e36413897f,Koppal,4D4A2,4D4A2M3c,Hatti,0704020017,82/*/*,1.38,0.0,OTHER,small,1,AG2,MTLmB2g1,TCB,276.0,0.0,value,0.0,1.0,,0.0,,0,0,0.0,0.0,40.0,0.0,32864.0,0.0,0,0
a64911d642a1,Koppal,4D4A2,4D4A2M3c,Hatti,0704020017,83/*/1,1.43,0.0,OTHER,small,1,AG2,NDLiB1g1,TCB,286.0,228.8,formula_80pct_of_proposed,,1.0,,0.0,,0,0,277.0,0.0,0.0,0.0,52942.0,11760.32,1,0
e4d26706695f,Koppal,4D4A2,4D4A2M3c,Hatti,0704020017,72/*/3,0.95,0.0,OTHER,small,1,AG2,MTLmB2g1,TCB,190.0,152.0,formula_80pct_of_proposed,,0.0,0.0,0.0,,0,0,0.0,0.0,0.0,0.0,16910.0,7812.8,1,0
a3dddc0ecb8a,Koppal,4D4A2,4D4A2M3c,Hatti,0704020017,85/*/3,1.56,0.0,OTHER,small,1,AG2,MKHiB2g1,TCB,312.0,249.6,formula_80pct_of_proposed,,1.0,,0.0,,0,0,0.0,0.0,0.0,0.0,22744.0,12829.439999999999,1,0
93d8370d3fcd,Koppal,4D4A2,4D4A2M3c,Hatti,0704020017,86/*/1,1.01,1.0,OTHER,small,0,AG2,MKHiB2g1,TCB,202.0,161.6,formula_80pct_of_proposed,,1.0,,0.0,,0,0,0.0,0.0,0.0,0.0,15924.0,8306.24,1,0
60f4b2641d58,Koppal,4D4A2,4D4A2M3c,Hatti,0704020017,89/*/3,0.8,0.0,OTHER,small,1,AG2,MKHiB2g1,TCB,160.0,128.0,value,128.0,0.0,0.0,0.0,,0,0,0.0,0.0,0.0,0.0,9920.0,6579.2,1,1
0d720adc95ea,Koppal,4D4A2,4D4A2M3c,Hatti,0704020017,83/*/2,1.46,0.0,OTHER,small,1,AG2,NDLiB1g1,TCB,292.0,0.0,value,0.0,1.0,,0.0,,0,0,277.0,0.0,0.0,0.0,53476.0,0.0,0,0
5871644d481f,Koppal,4D4A2,4D4A2M3c,Hatti,0704020017,86/*/2,1.96,0.0,OTHER,small,1,AG2,MKHiB2g1,TCB,392.0,313.6,formula_80pct_of_proposed,,1.0,,0.0,,0,0,0.0,0.0,0.0,0.0,27704.0,16119.04,1,0
02144d43fe5a,Koppal,4D4A2,4D4A2M3c,Hatti,0704020017,99/*/*,0.68,1.0,OTHER,small,0,AG3,MKHcB2g2,TCB,136.0,0.0,value,0.0,0.0,0.0,0.0,,0,0,0.0,0.0,0.0,0.0,6392.0,0.0,0,0
73c7ca1b514f,Koppal,4D4A2,4D4A2M3c,Hatti,0704020017,88/*/*,1.05,0.0,OTHER,small,1,AG2,KSPiB1g1,TCB,210.0,168.0,formula_80pct_of_proposed,,1.0,,0.0,,0,0,0.0,0.0,0.0,0.0,16420.0,8635.199999999999,1,0
61fd13295aec,Koppal,4D4A2,4D4A2M3c,Hatti,0704020017,89/*/2,1.4,0.0,OTHER,small,1,AG2,MKHiB2g1,TCB,280.0,224.0,formula_80pct_of_proposed,,1.0,,0.0,,0,0,277.0,0.0,0.0,0.0,48248.0,11513.6,1,0
dc7ee78e207f,Koppal,4D4A2,4D4A2M3c,Hatti,0704020017,90/*/4,1.26,0.0,OTHER,small,1,AG2,MKHiB2g1,TCB,252.0,201.6,value,201.6,1.0,,0.0,,0,0,0.0,0.0,0.0,0.0,19024.0,10362.24,1,1
c315679e9266,Koppal,4D4A2,4D4A2M3c,Hatti,0704020017,91/*/3,1.25,0.0,OTHER,small,1,AG2,MKHiB2g1,TCB,250.0,200.0,formula_80pct_of_proposed,,1.0,,0.0,,0,0,0.0,0.0,0.0,0.0,18900.0,10280.0,1,0
c315679e9266,Koppal,4D4A2,4D4A2M3c,Hatti,0704020017,91/*/3,1.35,0.0,OTHER,small,0,AG2,MKHiB2g1,TCB,270.0,216.0,formula_80pct_of_proposed,,1.0,,0.0,,0,0,0.0,0.0,0.0,0.0,20140.0,11102.4,1,0
f5a5397a7713,Koppal,4D4A2,4D4A2M3c,Hatti,0704020017,91/*/4,0.66,0.0,OTHER,small,0,AG2,MKHiB2g1,TCB,132.0,105.6,formula_80pct_of_proposed,,0.0,0.0,0.0,,0,0,0.0,0.0,0.0,0.0,8184.0,5427.839999999999,1,0
d1d63b3e0aa3,Koppal,4D4A2,4D4A2M3c,Hatti,0704020017,92/*/*,1.46,0.0,OTHER,small,1,AG3,HDHiB2g1,TCB,292.0,233.6,formula_80pct_of_proposed,,1.0,,0.0,,0,0,277.0,277.0,0.0,0.0,70441.0,51895.04,1,1
a2350a5014ea,Koppal,4D4A2,4D4A2M3c,Hatti,0704020017,95/*/*,1.3,0.0,OTHER,small,1,AG3,MKHcB2g2,TCB,260.0,0.0,value,0.0,1.0,,0.0,,0,0,0.0,0.0,0.0,0.0,12220.0,0.0,0,0
a2350a5014ea,Koppal,4D4A2,4D4A2M3c,Hatti,0704020017,95/*/*,1.28,0.0,OTHER,small,1,AG3,MKHcB2g2,TCB,256.0,0.0,value,0.0,1.0,,0.0,,0,0,0.0,0.0,0.0,0.0,12032.0,0.0,0,0
75e51285804d,Koppal,4D4A2,4D4A2M3c,Hatti,0704020017,70/*/2,1.16,0.0,OTHER,small,1,AG2,MKHiB2g1,TCB,231.99999999999997,185.59999999999997,formula_80pct_of_proposed,,1.0,,0.0,,0,0,0.0,0.0,0.0,0.0,17784.0,9539.839999999998,1,0
05d2f56ef07e,Koppal,4D4A2,4D4A2M3c,Hatti,0704020017,70/*/4,2.35,0.0,OTHER,small,1,AG2,MKHiB2g1,TCB,470.0,376.0,formula_80pct_of_proposed,,2.0,,0.0,,0,0,490.0,490.0,0.0,0.0,75894.0,59506.399999999994,1,1
558a78288224,Koppal,4D4A2,4D4A2M3c,Hatti,0704020017,71/*/1,1.48,0.0,OTHER,small,1,AG2,MTLmB2g1,TCB,296.0,0.0,value,0.0,1.0,,0.0,,0,0,0.0,0.0,0.0,0.0,30844.0,0.0,0,0
e77fb2536f70,Koppal,4D4A2,4D4A2M3c,Hatti,0704020017,72/*/2,0.94,0.0,OTHER,small,1,AG2,MTLmB2g1,TCB,188.0,0.0,value,0.0,0.0,0.0,0.0,,0,0,0.0,0.0,0.0,0.0,16732.0,0.0,0,0
bfa707ed2709,Koppal,4D4A2,4D4A2M3c,Hatti,0704020017,73/*/1,0.58,0.0,OTHER,small,0,AG2,MTLmB2g1,TCB,115.99999999999999,0.0,value,0.0,0.0,0.0,0.0,,0,0,0.0,0.0,0.0,0.0,10323.999999999998,0.0,0,0
6ef2ec2845a8,Koppal,4D4A2,4D4A2M3c,Hatti,0704020017,73/*/3,1.16,0.0,OTHER,small,1,AG2,MTLmB2g1,TCB,231.99999999999997,185.59999999999997,formula_80pct_of_proposed,,1.0,,0.0,,0,0,0.0,0.0,0.0,0.0,25147.999999999996,9539.839999999998,1,0
3915a967dcd1,Koppal,4D4A2,4D4A2M3c,Hatti,0704020017,98/*/*,2.11,0.0,OTHER,small,1,AG3,BPRiB1g1,TCB,422.0,337.6,formula_80pct_of_proposed,,2.0,,0.0,,0,0,0.0,0.0,0.0,0.0,31964.0,17352.64,1,0
3915a967dcd1,Koppal,4D4A2,4D4A2M3c,Hatti,0704020017,98/*/*,0.41,0.0,OTHER,small,1,AG3,BPRiB1g1,TCB,82.0,65.6,formula_80pct_of_proposed,,0.0,0.0,0.0,,0,0,0.0,0.0,0.0,0.0,5084.0,3371.8399999999997,1,0
02144d43fe5a,Koppal,4D4A2,4D4A2M3c,Hatti,0704020017,99/*/*,0.57,0.0,OTHER,small,0,AG3,MKHcB2g2,TCB,113.99999999999999,0.0,value,0.0,0.0,0.0,0.0,,0,0,0.0,0.0,0.0,0.0,5357.999999999999,0.0,0,0
afe742d26e1e,Koppal,4D4A2,4D4A2M3c,Hatti,0704020017,75/*/*,0.35,0.0,OTHER,small,1,AG2,KSPiB2g1,TCB,70.0,56.0,formula_80pct_of_proposed,,0.0,0.0,0.0,,0,0,0.0,0.0,0.0,0.0,4340.0,2878.4,1,0
f5e36413897f,Koppal,4D4A2,4D4A2M3c,Hatti,0704020017,82/*/*,0.6,0.0,OTHER,small,1,AG2,MTLmB2g1,TCB,120.0,0.0,value,0.0,0.0,0.0,0.0,,0,0,0.0,0.0,0.0,0.0,10680.0,0.0,0,0
56c9cf2766a7,Koppal,4D4A2,4D4A2M3c,Hatti,0704020017,83/*/5,0.75,0.0,OTHER,small,1,AG2,NDLiB1g1,TCB,150.0,0.0,value,0.0,0.0,0.0,0.0,,0,0,0.0,0.0,0.0,0.0,13350.0,0.0,0,0
a97e8202401c,Koppal,4D4A2,4D4A2M3c,Hatti,0704020017,71/*/5,0.8,0.0,OTHER,small,0,AG2,MTLmB2g1,TCB,160.0,128.0,value,128.0,0.0,0.0,0.0,,0,0,0.0,0.0,0.0,0.0,14240.0,6579.2,1,1
bbf7ff01b3b7,Koppal,4D4A2,4D4A2M3c,Hatti,0704020017,70/*/1,1.16,0.0,OTHER,small,1,AG2,MKHiB2g1,TCB,231.99999999999997,185.59999999999997,formula_80pct_of_proposed,,1.0,,0.0,,0,0,490.0,490.0,0.0,0.0,57738.0,49719.84,1,1
d1dcde9c52fc,Koppal,4D4A2,4D4A2M3c,Hatti,0704020017,72/*/1,3.4,0.0,ST,small,1,AG2,MTLmB2g1,TCB,680.0,0.0,value,0.0,3.0,,0.0,,0,0,0.0,0.0,0.0,0.0,74020.0,0.0,0,0
c365aed65b6f,Koppal,4D4A2,4D4A2M3c,Hatti,0704020017,77/-79  /ಅ,1.13,0.0,OTHER,small,1,AG2,MKHiB2g1,TCB,225.99999999999997,180.79999999999995,formula_80pct_of_proposed,,1.0,,0.0,,0,0,0.0,0.0,0.0,0.0,17412.0,9293.119999999997,1,0
17be314dc0f7,Koppal,4D4A2,4D4A2M3c,Hatti,0704020017,77/-79  /ಇ,1.12,0.0,OTHER,small,1,AG2,MKHiB2g1,TCB,224.00000000000003,179.20000000000005,formula_80pct_of_proposed,,1.0,,0.0,,0,0,0.0,0.0,0.0,0.0,17288.0,9210.880000000003,1,0
6013a29212df,Koppal,4D4A2,4D4A2M3c,Hatti,0704020017,77/-79/*,1.13,1.0,OTHER,small,0,AG2,MKHiB2g1,TCB,225.99999999999997,180.79999999999995,formula_80pct_of_proposed,,1.0,,0.0,,0,0,0.0,0.0,0.0,0.0,17412.0,9293.119999999997,1,0
8351ca3933cb,Koppal,4D4A2,4D4A2M3c,Hatti,0704020017,80/*/*,2.24,0.0,OTHER,small,0,AG2,HRViB1g2,TCB,448.00000000000006,0.0,value,0.0,2.0,,0.0,,0,0,0.0,0.0,0.0,0.0,33576.0,0.0,0,0
f5e36413897f,Koppal,4D4A2,4D4A2M3c,Hatti,0704020017,82/*/*,1.7,0.0,OTHER,small,1,AG2,MTLmB2g1,TCB,340.0,0.0,value,0.0,1.0,,0.0,,0,0,0.0,0.0,40.0,0.0,38560.0,0.0,0,0
4a777ecb18c1,Koppal,4D4A2,4D4A2M3c,Hatti,0704020017,84/*/5,1.42,0.0,OTHER,small,0,AG2,KSPiB1g1,TCB,284.0,227.2,formula_80pct_of_proposed,,1.0,,0.0,,0,0,0.0,0.0,0.0,0.0,21008.0,11678.08,1,0
ec04f8a1488e,Koppal,4D4A2,4D4A2M3c,Hatti,0704020017,84/*/6,0.83,0.0,OTHER,small,1,AG2,KSPiB1g1,TCB,166.0,132.8,formula_80pct_of_proposed,,0.0,0.0,0.0,,0,0,0.0,0.0,0.0,0.0,10292.0,6825.92,1,0
b709cb20a517,Koppal,4D4A2,4D4A2M3c,Hatti,0704020017,69/*/2,1.18,1.0,OTHER,small,0,AG2,NDLiB1g1,TCB,236.0,0.0,value,0.0,1.0,,0.0,,0,0,0.0,0.0,40.0,0.0,24804.0,0.0,0,0
20a8583219bf,Koppal,4D4A2,4D4A2M3c,Hatti,0704020017,70/*/3,2.35,0.0,OTHER,small,1,AG2,MKHiB2g1,TCB,470.0,376.0,formula_80pct_of_proposed,,2.0,,0.0,,0,0,0.0,0.0,0.0,0.0,35940.0,19326.399999999998,1,0
9216edd0b74d,Koppal,4D4A2,4D4A2M3c,Hatti,0704020017,71/*/3,3.72,1.0,OTHER,small,1,AG2,MTLmB2g1,TCB,744.0,0.0,value,0.0,3.0,,0.0,,0,0,0.0,0.0,0.0,0.0,79716.0,0.0,0,0
ec04f8a1488e,Koppal,4D4A2,4D4A2M3c,Hatti,0704020017,84/*/6,0.83,0.0,OTHER,small,1,AG2,KSPiB1g1,TCB,166.0,132.8,formula_80pct_of_proposed,,0.0,0.0,0.0,,0,0,0.0,0.0,0.0,0.0,10292.0,6825.92,1,0
29b24198b791,Koppal,4D4A2,4D4A2M3c,Hatti,0704020017,85/*/2,2.06,0.0,OTHER,small,1,AG2,MKHiB2g1,TCB,412.0,329.6,value,329.6,2.0,,0.0,,0,0,0.0,0.0,0.0,0.0,32344.0,16941.440000000002,1,1
68c97681cc70,Koppal,4D4A2,4D4A2M3c,Hatti,0704020017,91/*/1,0.66,1.0,OTHER,small,0,AG2,MKHiB2g1,TCB,132.0,105.6,formula_80pct_of_proposed,,0.0,0.0,0.0,,0,0,0.0,0.0,0.0,0.0,8184.0,5427.839999999999,1,0
eb19d622b995,Koppal,4D4A2,4D4A2M3c,Hatti,0704020017,74/*/*,1.08,0.0,OTHER,small,1,AG2,HRViB1g2,TCB,216.0,172.8,formula_80pct_of_proposed,,1.0,,0.0,,0,0,0.0,0.0,0.0,0.0,16792.0,8881.92,1,0
f5e36413897f,Koppal,4D4A2,4D4A2M3c,Hatti,0704020017,82/*/*,1.15,0.0,OTHER,small,1,AG2,MTLmB2g1,TCB,229.99999999999997,0.0,value,0.0,1.0,,0.0,,0,0,0.0,0.0,40.0,0.0,28769.999999999996,0.0,0,0
10ae9051a2f0,Koppal,4D4A2,4D4A2M3c,Hatti,0704020017,93/-94  /ಆ,2.39,1.0,OTHER,small,1,AG3,HDHiB2g1,TCB,478.0,0.0,value,0.0,2.0,,0.0,,0,0,277.0,0.0,0.0,0.0,91495.0,0.0,0,0
a2350a5014ea,Koppal,4D4A2,4D4A2M3c,Hatti,0704020017,95/*/*,1.3,0.0,OTHER,small,1,AG3,MKHcB2g2,TCB,260.0,0.0,value,0.0,1.0,,0.0,,0,0,0.0,0.0,0.0,0.0,12220.0,0.0,0,0
4a777ecb18c1,Koppal,4D4A2,4D4A2M3c,Hatti,0704020017,84/*/5,1.42,0.0,OTHER,small,0,AG2,KSPiB1g1,TCB,284.0,227.2,formula_80pct_of_proposed,,1.0,,0.0,,0,0,0.0,0.0,0.0,0.0,21008.0,11678.08,1,0
73c7ca1b514f,Koppal,4D4A2,4D4A2M3c,Hatti,0704020017,88/*/*,1.05,0.0,OTHER,small,1,AG2,KSPiB1g1,TCB,210.0,168.0,formula_80pct_of_proposed,,1.0,,0.0,,0,0,0.0,0.0,0.0,0.0,16420.0,8635.199999999999,1,0
73c7ca1b514f,Koppal,4D4A2,4D4A2M3c,Hatti,0704020017,88/*/*,1.06,0.0,OTHER,small,1,AG2,KSPiB1g1,TCB,212.0,169.6,formula_80pct_of_proposed,,1.0,,0.0,,0,0,0.0,0.0,0.0,0.0,16544.0,8717.439999999999,1,0
ab63244241e8,Koppal,4D4A2,4D4A2M3c,Hatti,0704020017,89/*/6,0.8,1.0,ST,small,1,AG2,MKHiB2g1,TCB,160.0,128.0,value,128.0,0.0,0.0,0.0,,0,0,222.0,0.0,0.0,0.0,31910.0,6579.2,1,1
02144d43fe5a,Koppal,4D4A2,4D4A2M3c,Hatti,0704020017,99/*/*,0.68,0.0,OTHER,small,0,AG3,MKHcB2g2,TCB,136.0,108.8,formula_80pct_of_proposed,,0.0,0.0,0.0,,0,0,0.0,0.0,0.0,0.0,6392.0,5592.32,1,0
cb90abc5fbd2,Koppal,4D4A2,4D4A2M3c,Hatti,0704020017,84/*/4,1.3,1.0,OTHER,small,1,AG2,KSPiB1g1,TCB,260.0,208.0,formula_80pct_of_proposed,,1.0,,0.0,,0,0,0.0,0.0,0.0,0.0,19520.0,10691.199999999999,1,0
f37d9ecefcab,Koppal,4D4A2,4D4A2M3c,Hatti,0704020017,85/*/1,0.73,0.0,OTHER,small,1,AG2,MKHiB2g1,TCB,146.0,116.8,formula_80pct_of_proposed,,0.0,0.0,0.0,,0,0,0.0,0.0,0.0,0.0,9052.0,6003.5199999999995,1,0
29b24198b791,Koppal,4D4A2,4D4A2M3c,Hatti,0704020017,85/*/2,2.06,1.0,OTHER,small,1,AG2,MKHiB2g1,TCB,412.0,329.6,value,329.6,2.0,,0.0,,0,0,0.0,0.0,0.0,0.0,32344.0,16941.440000000002,1,1
afe742d26e1e,Koppal,4D4A2,4D4A2M3c,Hatti,0704020017,75/*/*,0.35,0.0,OTHER,small,1,AG2,KSPiB2g1,TCB,70.0,56.0,formula_80pct_of_proposed,,0.0,0.0,0.0,,0,0,0.0,0.0,0.0,0.0,4340.0,2878.4,1,0
a1d689b68360,Koppal,4D4A2,4D4A2M3c,Hatti,0704020017,83/*/3,1.82,0.0,OTHER,small,1,AG2,NDLiB1g1,TCB,364.0,291.2,formula_80pct_of_proposed,,1.0,,0.0,,0,0,277.0,0.0,0.0,0.0,59884.0,14967.679999999998,1,0
cc11b8af45a3,Koppal,4D4A2,4D4A2M3c,Hatti,0704020017,83/*/4,0.77,0.0,OTHER,small,1,AG2,NDLiB1g1,TCB,154.0,123.2,formula_80pct_of_proposed,,0.0,0.0,0.0,,0,0,0.0,0.0,0.0,0.0,13706.0,6332.48,1,0
68e9b2f0c5e4,Koppal,4D4A2,4D4A2M3c,Hatti,0704020017,83/*/6,2.2,0.0,OTHER,small,0,AG2,NDLiB1g1,TCB,440.00000000000006,352.00000000000006,formula_80pct_of_proposed,,2.0,,0.0,,0,0,0.0,0.0,0.0,0.0,39160.00000000001,18092.800000000003,1,0
21aff5c92fe7,Koppal,4D4A2,4D4A2M3c,Hatti,0704020017,84/*/1,0.2,0.0,OTHER,small,0,AG2,KSPiB1g1,TCB,40.0,32.0,formula_80pct_of_proposed,,0.0,0.0,0.0,,0,0,0.0,0.0,0.0,0.0,2480.0,1644.8,1,0
02144d43fe5a,Koppal,4D4A2,4D4A2M3c,Hatti,0704020017,99/*/*,1.6,1.0,OTHER,small,0,AG3,MKHcB2g2,TCB,320.0,256.0,value,256.0,1.0,,0.0,,0,0,0.0,0.0,0.0,0.0,15040.0,13158.4,1,1
171288c1dbef,Koppal,4D4A2,4D4A2M3c,Hatti,0704020017,90/*/2,1.19,0.0,OTHER,small,0,AG2,MKHiB2g1,TCB,238.0,190.4,formula_80pct_of_proposed,,1.0,,0.0,,0,0,0.0,0.0,0.0,0.0,18156.0,9786.56,1,0
ee430f779510,Koppal,4D4A2,4D4A2M3c,Hatti,0704020017,90/*/3,1.96,0.0,OTHER,small,1,AG2,MKHiB2g1,TCB,392.0,313.6,formula_80pct_of_proposed,,1.0,,0.0,,0,0,0.0,0.0,0.0,0.0,27704.0,16119.04,1,0
a2350a5014ea,Koppal,4D4A2,4D4A2M3c,Hatti,0704020017,95/*/*,1.3,0.0,OTHER,small,1,AG3,MKHcB2g2,TCB,260.0,0.0,value,0.0,1.0,,0.0,,0,0,0.0,0.0,0.0,0.0,12220.0,0.0,0,0
02144d43fe5a,Koppal,4D4A2,4D4A2M3c,Hatti,0704020017,99/*/*,1.36,0.0,OTHER,small,0,AG3,MKHcB2g2,TCB,272.0,0.0,value,0.0,1.0,,0.0,,0,0,0.0,0.0,0.0,0.0,12784.0,0.0,0,0
36afc0af89f4,Koppal,4D4A2,4D4A2M3c,Hatti,0704020017,96/*/*,0.95,0.0,OTHER,small,1,AG3,MKHcB2g2,TCB,190.0,0.0,value,0.0,0.0,0.0,0.0,,0,0,249.0,0.0,0.0,0.0,44887.0,0.0,0,0
36afc0af89f4,Koppal,4D4A2,4D4A2M3c,Hatti,0704020017,96/*/*,0.95,0.0,OTHER,small,0,AG3,MKHcB2g2,TCB,190.0,0.0,value,0.0,0.0,0.0,0.0,,0,0,249.0,0.0,0.0,0.0,44887.0,0.0,0,0
d67c0380e54c,Koppal,4D4A2,4D4A2M3c,Hatti,0704020017,97/*/*,3.72,0.0,OTHER,small,1,AG3,HDHiB2g1,TCB,744.0,0.0,value,0.0,3.0,,0.0,,0,0,0.0,0.0,0.0,0.0,79716.0,0.0,0,0
d67c0380e54c,Koppal,4D4A2,4D4A2M3c,Hatti,0704020017,97/*/*,1.8,0.0,OTHER,small,1,AG3,HDHiB2g1,TCB,360.0,0.0,value,0.0,1.0,,0.0,,0,0,0.0,0.0,0.0,0.0,36540.0,0.0,0,0
02144d43fe5a,Koppal,4D4A2,4D4A2M3c,Hatti,0704020017,99/*/*,0.56,0.0,OTHER,small,0,AG3,MKHcB2g2,TCB,112.00000000000001,0.0,value,0.0,0.0,0.0,0.0,,0,0,0.0,0.0,0.0,0.0,5264.000000000001,0.0,0,0
17c3f9d4e38a,Koppal,4D4A2,4D4A2M3c,Hatti,0704020017,100/*/2,0.67,0.0,OTHER,small,1,AG3,MKHcB2g2,TCB,134.0,0.0,value,0.0,0.0,0.0,0.0,,0,0,0.0,0.0,0.0,0.0,6298.0,0.0,0,0
588cb1d97da0,Koppal,4D4A2,4D4A2M3c,Hatti,0704020017,100/*/3,0.67,0.0,OTHER,small,1,AG3,MKHcB2g2,TCB,134.0,0.0,value,0.0,0.0,0.0,0.0,,0,0,0.0,0.0,0.0,0.0,6298.0,0.0,0,0
87d0ddd023ab,Koppal,4D4A2,4D4A2M3c,Hatti,0704020017,100/*/4,0.67,0.0,OTHER,small,0,AG3,MKHcB2g2,TCB,134.0,0.0,value,0.0,0.0,0.0,0.0,,0,0,0.0,0.0,0.0,0.0,6298.0,0.0,0,0
6685534f67ff,Koppal,4D4A2,4D4A2M3c,Hatti,0704020017,101/*/1,1.75,0.0,OTHER,small,0,AG3,BPRiB1g1,TCB,350.0,280.0,formula_80pct_of_proposed,,1.0,,0.0,,0,0,0.0,0.0,40.0,0.0,28900.0,14392.0,1,0
6210eb30cc81,Koppal,4D4A2,4D4A2M3c,Hatti,0704020017,102/*/*,0.93,0.0,OTHER,small,0,AG3,GHTiB1,TCB,186.0,0.0,value,0.0,0.0,0.0,0.0,,0,0,0.0,0.0,0.0,0.0,16554.0,0.0,0,0
6210eb30cc81,Koppal,4D4A2,4D4A2M3c,Hatti,0704020017,102/*/*,1.21,0.0,SC,small,1,AG3,GHTiB1,TCB,242.0,0.0,value,0.0,1.0,,0.0,,0,0,0.0,0.0,0.0,0.0,26038.0,0.0,0,0
098ef82d96d6,Koppal,4D4A2,4D4A2M3c,Hatti,0704020017,103/*/*,0.87,0.0,OTHER,small,0,AG3,GHTiB1,TCB,174.0,0.0,value,0.0,0.0,0.0,0.0,,0,0,222.0,0.0,0.0,0.0,47448.0,0.0,0,0
098ef82d96d6,Koppal,4D4A2,4D4A2M3c,Hatti,0704020017,103/*/*,0.79,0.0,OTHER,small,0,AG3,GHTiB1,TCB,158.0,126.4,formula_80pct_of_proposed,,0.0,0.0,0.0,,0,0,222.0,0.0,0.0,0.0,46024.0,6496.96,1,0
c261bc9ab311,Koppal,4D4A2,4D4A2M3c,Hatti,0704020017,104/*/1,0.76,0.0,OTHER,small,1,AG3,GHTiB1,TCB,152.0,121.6,formula_80pct_of_proposed,,0.0,0.0,0.0,,0,0,0.0,0.0,0.0,0.0,13528.0,6250.24,1,0
2d1f3aef0df1,Koppal,4D4A2,4D4A2M3c,Hatti,0704020017,107/*/*,0.4,1.0,OTHER,small,1,AG3,MKHcB1g1,TCB,80.0,64.0,value,64.0,0.0,0.0,0.0,,0,0,0.0,0.0,0.0,0.0,3760.0,3289.6,1,1
f7d8dc5b42f2,Koppal,4D4A2,4D4A2M3c,Hatti,0704020017,109/*/4,1.24,0.0,OTHER,small,0,AG3,MKHiB1g1,TCB,248.0,198.4,formula_80pct_of_proposed,,1.0,,0.0,,0,0,0.0,0.0,0.0,0.0,18776.0,10197.76,1,0
af86ad9a4f6b,Koppal,4D4A2,4D4A2M3c,Hatti,0704020017,113/*/4,1.37,0.0,OTHER,small,1,AG3,MKHiB1g1,TCB,274.0,219.2,formula_80pct_of_proposed,,1.0,,0.0,,0,0,0.0,0.0,0.0,0.0,20388.0,11266.88,1,0
a2ee97cfe92b,Koppal,4D4A2,4D4A2M3c,Hatti,0704020017,114/*/*,0.71,0.0,ST,small,1,AG4,MKHiB1g1,TCB,142.0,113.6,formula_80pct_of_proposed,,0.0,0.0,0.0,,0,0,0.0,0.0,0.0,0.0,8804.0,5839.04,1,0
48829a4df9af,Koppal,4D4A2,4D4A2M3c,Hatti,0704020017,117/*/1,0.8,1.0,OTHER,small,1,AG4,KSPiB1g1,TCB,160.0,64.0,value,64.0,0.0,0.0,0.0,,0,0,0.0,0.0,0.0,0.0,9920.0,3289.6,1,1
23dd5801fcc7,Koppal,4D4A2,4D4A2M3c,Hatti,0704020017,117/*/5,2.01,0.0,OTHER,small,1,AG4,KSPiB1g1,TCB,401.99999999999994,321.59999999999997,formula_80pct_of_proposed,,2.0,,0.0,,0,0,277.0,0.0,0.0,0.0,71677.0,16530.239999999998,1,0
80e1045543c6,Koppal,4D4A2,4D4A2M3c,Hatti,0704020017,119/*/*,0.32,0.0,OTHER,small,1,AG4,HDHiB2g1,TCB,64.0,51.2,formula_80pct_of_proposed,,0.0,0.0,0.0,,0,0,0.0,0.0,0.0,0.0,5696.0,2631.6800000000003,1,0
5462bf650bc2,Koppal,4D4A2,4D4A2M3c,Hatti,0704020017,120/*/2,1.5,0.0,OTHER,small,1,AG4,MKHiB2g1,TCB,300.0,240.0,formula_80pct_of_proposed,,1.0,,0.0,,0,0,277.0,0.0,0.0,0.0,49488.0,12336.0,1,0
431a34ec67af,Koppal,4D4A2,4D4A2M3c,Hatti,0704020017,121/*/8,0.4,0.0,OTHER,small,1,AG4,MKHiB2g1,TCB,80.0,64.0,value,64.0,0.0,0.0,0.0,,0,0,0.0,0.0,0.0,0.0,4960.0,3289.6,1,1
5976c610a542,Koppal,4D4A2,4D4A2M3c,Hatti,0704020017,128/*/*,0.75,0.0,OTHER,small,1,AG4,MKHiB2g1,TCB,150.0,120.0,formula_80pct_of_proposed,,0.0,0.0,0.0,,0,0,0.0,0.0,0.0,0.0,9300.0,6168.0,1,0
210e2afdc698,Koppal,4D4A2,4D4A2M3c,Hatti,0704020017,71/*/4,0.8,1.0,OTHER,small,0,AG2,MTLmB2g1,TCB,160.0,128.0,value,128.0,0.0,0.0,0.0,,0,0,0.0,0.0,0.0,0.0,14240.0,6579.2,1,1
afe742d26e1e,Koppal,4D4A2,4D4A2M3c,Hatti,0704020017,75/*/*,1.32,0.0,OTHER,small,1,AG2,KSPiB2g1,TCB,264.0,211.2,formula_80pct_of_proposed,,1.0,,0.0,,0,0,0.0,0.0,0.0,0.0,19768.0,10855.679999999998,1,0
256f5cdd7bf8,Koppal,4D4A2,4D4A2M3c,Hatti,0704020017,77/-79  /ಆ,1.13,0.0,OTHER,small,1,AG2,MKHiB2g1,TCB,225.99999999999997,180.79999999999995,formula_80pct_of_proposed,,1.0,,0.0,,0,0,0.0,0.0,0.0,0.0,17412.0,9293.119999999997,1,0
8351ca3933cb,Koppal,4D4A2,4D4A2M3c,Hatti,0704020017,80/*/*,2.24,0.0,OTHER,small,0,AG2,HRViB1g2,TCB,448.00000000000006,358.4000000000001,formula_80pct_of_proposed,,2.0,,0.0,,0,0,0.0,0.0,0.0,0.0,33576.0,18421.760000000006,1,0
851dc17e488d,Koppal,4D4A2,4D4A2M3c,Hatti,0704020017,84/*/2,0.2,0.0,OTHER,small,1,AG2,KSPiB1g1,TCB,40.0,32.0,formula_80pct_of_proposed,,0.0,0.0,0.0,,0,0,0.0,0.0,0.0,0.0,2480.0,1644.8,1,0
77374d6390bd,Koppal,4D4A2,4D4A2M3c,Hatti,0704020017,84/*/3,0.2,0.0,OTHER,small,0,AG2,KSPiB1g1,TCB,40.0,32.0,formula_80pct_of_proposed,,0.0,0.0,0.0,,0,0,0.0,0.0,0.0,0.0,2480.0,1644.8,1,0
92d5f3d0f84f,Koppal,4D4A2,4D4A2M3c,Hatti,0704020017,84/*/7,2.0,0.0,OTHER,small,1,AG2,KSPiB1g1,TCB,400.0,320.0,value,320.0,2.0,,0.0,,0,0,0.0,0.0,0.0,0.0,31600.0,16448.0,1,1
edd7e205ebc3,Koppal,4D4A2,4D4A2M3c,Hatti,0704020017,86/*/3,0.97,0.0,OTHER,small,1,AG2,MKHiB2g1,TCB,194.0,155.2,formula_80pct_of_proposed,,0.0,0.0,0.0,,0,0,0.0,0.0,0.0,0.0,12028.0,7977.279999999999,1,0
73c7ca1b514f,Koppal,4D4A2,4D4A2M3c,Hatti,0704020017,88/*/*,1.05,0.0,OTHER,small,1,AG2,KSPiB1g1,TCB,210.0,168.0,formula_80pct_of_proposed,,1.0,,0.0,,0,0,0.0,0.0,0.0,0.0,16420.0,8635.199999999999,1,0
37aef8543396,Koppal,4D4A2,4D4A2M3c,Hatti,0704020017,89/*/1,0.8,0.0,OTHER,small,1,AG2,MKHiB2g1,TCB,160.0,128.0,value,128.0,0.0,0.0,0.0,,0,0,0.0,0.0,0.0,0.0,9920.0,6579.2,1,1
d452099e2127,Koppal,4D4A2,4D4A2M3c,Hatti,0704020017,89/*/5,0.8,0.0,OTHER,small,1,AG2,MKHiB2g1,TCB,160.0,128.0,value,128.0,0.0,0.0,0.0,,0,0,0.0,0.0,0.0,0.0,9920.0,6579.2,1,1
0828fcb3a656,Koppal,4D4A2,4D4A2M3c,Hatti,0704020017,90/*/1,1.18,0.0,OTHER,small,1,AG2,MKHiB2g1,TCB,236.0,188.8,formula_80pct_of_proposed,,1.0,,0.0,,0,0,0.0,0.0,0.0,0.0,18032.0,9704.32,1,0
21e160c8e72b,Koppal,4D4A2,4D4A2M3c,Hatti,0704020017,91/*/2,1.4,1.0,OTHER,small,1,AG2,MKHiB2g1,TCB,280.0,224.0,formula_80pct_of_proposed,,1.0,,0.0,,0,0,0.0,0.0,0.0,0.0,20760.0,11513.6,1,0
9bcd2f6c035c,Koppal,4D4A2,4D4A2M3c,Hatti,0704020017,93/-94 /ಅ,2.39,0.0,OTHER,small,1,AG3,HDHiB2g1,TCB,478.0,382.4,formula_80pct_of_proposed,,2.0,,0.0,,0,0,277.0,0.0,0.0,0.0,91495.0,19655.359999999997,1,0
36afc0af89f4,Koppal,4D4A2,4D4A2M3c,Hatti,0704020017,96/*/*,0.95,0.0,OTHER,small,1,AG3,MKHcB2g2,TCB,190.0,152.0,formula_80pct_of_proposed,,0.0,0.0,0.0,,0,0,249.0,0.0,0.0,0.0,33669.0,7812.8,1,0
d67c0380e54c,Koppal,4D4A2,4D4A2M3c,Hatti,0704020017,97/*/*,1.81,0.0,OTHER,small,1,AG3,HDHiB2g1,TCB,362.0,289.6,formula_80pct_of_proposed,,1.0,,0.0,,0,0,0.0,0.0,0.0,0.0,36718.0,14885.44,1,0
3915a967dcd1,Koppal,4D4A2,4D4A2M3c,Hatti,0704020017,98/*/*,1.8,0.0,OTHER,small,1,AG3,BPRiB1g1,TCB,360.0,288.0,formula_80pct_of_proposed,,1.0,,0.0,,0,0,0.0,0.0,0.0,0.0,25720.0,14803.199999999999,1,0
f41f5faa2fe9,Koppal,4D4A2,4D4A2M3d,Kalhalli,0704020031,11/*/1,1.2,0.0,OTHER,medium,0,AG1,GHTiB1,TCB,240.0,192.0,value,192.0,1.0,,0.0,,0,0,490.0,490.0,0.0,0.0,65814.0,59764.0,1,1
c50c107a6157,Koppal,4D4A2,4D4A2M3d,Kalhalli,0704020031,1/*/*,1.21,0.0,OTHER,small,0,AG2,DVHcB2g2,TCB,242.0,193.6,value,193.6,1.0,,0.0,,0,0,0.0,0.0,0.0,0.0,24038.0,19747.2,1,1
492b04ac3bd2,Koppal,4D4A2,4D4A2M3d,Kalhalli,0704020031,10/*/*,2.81,0.0,OTHER,medium,0,AG1,GHTiB1,TCB,562.0,449.6,value,449.6,1.0,,0.0,,0,0,490.0,490.0,0.0,0.0,94472.0,86039.20000000001,1,1
894a0a0725ba,Koppal,4D4A2,4D4A2M3d,Kalhalli,0704020031,36/*/*,0.52,1.0,OTHER,small,0,AG1,GHTiB1,TCB,104.0,100.36,value,100.36,1.0,1.0,0.0,,0,0,0.0,0.0,0.0,0.0,13756.0,9264.504,1,1
43885fb7d89a,Koppal,4D4A2,4D4A2M3d,Kalhalli,0704020031,16/*/2,2.16,0.0,OTHER,medium,0,AG1,GHTiB1,TCB,432.0,345.6,value,345.6,1.0,,0.0,,0,0,0.0,0.0,0.0,0.0,42948.0,35251.200000000004,1,1
15af0a3220a7,Koppal,4D4A2,4D4A2M3d,Kalhalli,0704020031,11/*/4,0.4,1.0,OTHER,small,1,AG1,GHTiB1,TCB,80.0,64.0,value,64.0,0.0,0.0,0.0,,0,0,0.0,0.0,0.0,0.0,7120.0,6528.0,1,1
ae7ef956d4a2,Koppal,4D4A2,4D4A2M3d,Kalhalli,0704020031,16/*/1,2.4,1.0,OTHER,medium,0,AG1,GHTiB1,TCB,480.0,384.0,value,384.0,1.0,,0.0,,0,0,277.0,0.0,0.0,0.0,184673.0,19737.6,1,1
91beb2f0cd47,Koppal,4D4A2,4D4A2M3d,Kalhalli,0704020031,11/*/2,1.6,0.0,OTHER,small,1,AG1,GHTiB1,TCB,320.0,256.0,value,256.0,1.0,,0.0,,0,0,490.0,490.0,0.0,0.0,72934.0,66292.0,1,1
cdb309384a8d,Koppal,4D4A2,4D4A2M3d,Kalhalli,0704020031,15/*/1,2.46,1.0,OTHER,medium,0,AG1,GHTcB1g1,TCB,492.0,393.6,value,393.6,1.0,,0.0,,0,0,0.0,0.0,0.0,0.0,46688.0,40147.200000000004,1,1
f9f68b4d169d,Koppal,4D4A2,4D4A2M3d,Kalhalli,0704020031,38/*/5,0.89,0.0,OTHER,small,0,AG1,GHTiB1,TCB,178.0,171.77,value,171.77,0.0,0.0,0.0,,0,0,0.0,0.0,0.0,0.0,15842.0,8828.978000000001,1,1
185e7301ecfe,Koppal,4D4A2,4D4A2M3d,Kalhalli,0704020031,4/*/*,1.28,1.0,OTHER,small,1,AG2,AWDmB2,TCB,256.0,204.8,value,204.8,1.0,,0.0,,0,0,0.0,0.0,0.0,0.0,27284.0,20889.600000000002,1,1
4e9700d0c63d,Koppal,4D4A2,4D4A2M3d,Kalhalli,0704020031,40/*/5,2.0,0.0,OTHER,small,1,AG1,GHTiB1,TCB,400.0,386.0,value,386.0,1.0,,0.0,,0,0,0.0,0.0,0.0,0.0,40100.0,19840.399999999998,1,1
f0996260df1f,Koppal,4D4A2,4D4A2M3d,Kalhalli,0704020031,15/*/2,2.47,0.0,OTHER,medium,0,AG1,GHTcB1g1,TCB,494.00000000000006,395.2,value,395.2,1.0,,0.0,,0,0,0.0,0.0,0.0,0.0,46866.00000000001,40310.4,1,1
25b2156bde10,Koppal,4D4A2,4D4A2M3d,Kalhalli,0704020031,35/*/*,1.31,0.0,OTHER,small,0,AG1,GHTiB1,TCB,262.0,209.6,value,209.6,1.0,,0.0,,0,0,0.0,0.0,0.0,0.0,27818.0,21379.2,1,1
161489e39bfd,Koppal,4D4A2,4D4A2M3d,Kalhalli,0704020031,39/*/*,0.4,0.0,OTHER,small,0,AG1,GHTiB1,TCB,80.0,77.2,value,77.2,0.0,0.0,0.0,,0,0,0.0,0.0,0.0,0.0,7120.0,3968.08,1,1
d033d9086faa,Koppal,4D4A2,4D4A2M3d,Kalhalli,0704020031,39/*/1,0.72,0.0,OTHER,small,0,AG1,GHTiB1,TCB,144.0,138.96,value,138.96,0.0,0.0,0.0,,0,0,0.0,0.0,0.0,0.0,12816.0,7142.544,1,1
94a01377e330,Koppal,4D4A2,4D4A2M3d,Kalhalli,0704020031,39/*/2,0.8,1.0,OTHER,small,0,AG1,GHTiB1,TCB,160.0,154.4,value,154.4,0.0,0.0,0.0,,0,0,0.0,0.0,0.0,0.0,14240.0,7936.16,1,1
29e4802ab8f1,Koppal,4D4A2,4D4A2M3d,Kalhalli,0704020031,39/*/3,0.8,0.0,OTHER,small,0,AG1,GHTiB1,TCB,160.0,154.4,value,154.4,0.0,0.0,0.0,,0,0,0.0,0.0,0.0,0.0,14240.0,7936.16,1,1
0557ec996b39,Koppal,4D4A2,4D4A2M3d,Kalhalli,0704020031,40/*/1,1.6,0.0,OTHER,small,1,AG1,GHTiB1,TCB,320.0,308.8,value,308.8,1.0,1.0,0.0,,0,0,277.0,0.0,0.0,0.0,72933.0,19978.32,1,1
155c55f011d1,Koppal,4D4A2,4D4A2M3d,Kalhalli,0704020031,2/*/*,1.52,0.0,OTHER,small,1,AG2,AWDmB2,TCB,304.0,243.2,value,243.2,1.0,,0.0,,0,0,0.0,0.0,0.0,0.0,31556.0,24806.399999999998,1,1
9ea13406a5a1,Koppal,4D4A2,4D4A2M3d,Kalhalli,0704020031,41/*/1,0.44,0.0,OTHER,small,1,AG1,GHTiB1,TCB,88.0,70.4,value,70.4,0.0,0.0,0.0,,0,0,0.0,0.0,0.0,0.0,7832.0,7180.8,1,1
f4abedeb5776,Koppal,4D4A2,4D4A2M3d,Kalhalli,0704020031,41/*/3,0.9,0.0,ST,small,1,AG1,GHTiB1,TCB,180.0,144.0,value,144.0,0.0,0.0,0.0,,0,0,249.0,249.0,0.0,0.0,40759.0,39339.0,1,1
6ef5253e337c,Koppal,4D4A2,4D4A2M3d,Kalhalli,0704020031,3/*/*,2.54,0.0,OTHER,medium,0,AG2,AWDmB2,TCB,508.0,406.4,value,406.4,1.0,,0.0,,0,0,0.0,0.0,0.0,0.0,49712.0,41452.799999999996,1,1
0a5aabe4ce28,Koppal,4D4A2,4D4A2M3d,Kalhalli,0704020031,34/*/1,1.6,1.0,OTHER,small,1,AG1,GHTiB1,TCB,320.0,256.0,value,256.0,1.0,,0.0,,0,0,277.0,277.0,0.0,0.0,60468.0,53535.0,1,1
2ca0f9c3aac9,Koppal,4D4A2,4D4A2M3d,Kalhalli,0704020031,40/*/3,1.2,0.0,OTHER,small,1,AG1,GHTiB1,TCB,240.0,231.6,value,231.6,1.0,1.0,0.0,,0,0,277.0,277.0,0.0,0.0,65813.0,55898.24,1,1
2422a2a284bf,Koppal,4D4A2,4D4A2M3d,Kalhalli,0704020031,40/*/4,0.4,0.0,OTHER,small,1,AG1,GHTiB1,TCB,80.0,77.2,value,77.2,0.0,0.0,0.0,,0,0,0.0,0.0,0.0,0.0,7120.0,3968.08,1,1
f4abedeb5776,Koppal,4D4A2,4D4A2M3d,Kalhalli,0704020031,41/*/3,0.88,0.0,ST,small,1,AG1,GHTiB1,TCB,176.0,140.8,value,140.8,0.0,0.0,0.0,,0,0,0.0,0.0,0.0,0.0,15664.0,14361.6,1,1
25b2156bde10,Koppal,4D4A2,4D4A2M3d,Kalhalli,0704020031,35/*/*,1.32,0.0,OTHER,small,1,AG1,GHTiB1,TCB,264.0,211.2,value,211.2,1.0,,0.0,,0,0,277.0,277.0,0.0,0.0,67949.0,61430.399999999994,1,1
e24bc45d5bf2,Koppal,4D4A2,4D4A2M3d,Kalhalli,0704020031,43/*/1,0.79,1.0,OTHER,small,0,AG1,GHTiB1,TCB,158.0,126.4,value,126.4,0.0,0.0,0.0,,0,0,0.0,0.0,0.0,0.0,14062.0,12892.800000000001,1,1
e7289f10d350,Koppal,4D4A2,4D4A2M3d,Kalhalli,0704020031,44/*/1,1.64,1.0,OTHER,small,0,AG1,GHTiB1,TCB,328.0,262.4,value,262.4,1.0,,0.0,,0,0,490.0,490.0,0.0,0.0,73646.0,66944.8,1,1
a2aede998db4,Koppal,4D4A2,4D4A2M3d,Kalhalli,0704020031,44/*/2,1.63,0.0,OTHER,small,0,AG1,GHTiB1,TCB,326.0,260.8,value,260.8,1.0,,0.0,,0,0,490.0,490.0,0.0,0.0,73468.0,66781.6,1,1
e6e26dcdbd73,Koppal,4D4A2,4D4A2M3d,Kalhalli,0704020031,47/*/1,1.1,0.0,OTHER,small,1,AG1,GHTiB1,TCB,220.00000000000003,176.0,value,176.0,1.0,,0.0,,0,0,0.0,0.0,0.0,0.0,24080.000000000004,17952.0,1,1
f2941f5e2306,Koppal,4D4A2,4D4A2M3d,Kalhalli,0704020031,48/*/4,0.72,1.0,OTHER,small,1,AG1,MKHcB2g2,TCB,144.0,129.89,value,129.89,0.0,0.0,0.0,,0,0,0.0,0.0,0.0,0.0,6768.0,6676.346,1,1
28e4e166c40c,Koppal,4D4A2,4D4A2M3d,Kalhalli,0704020031,34/*/2,1.6,1.0,OTHER,small,0,AG1,GHTiB1,TCB,320.0,256.0,value,256.0,1.0,,0.0,,0,0,0.0,0.0,0.0,0.0,32980.0,26112.0,1,1
25b2156bde10,Koppal,4D4A2,4D4A2M3d,Kalhalli,0704020031,35/*/*,1.31,0.0,OTHER,small,1,AG1,GHTiB1,TCB,262.0,209.6,value,209.6,1.0,,0.0,,0,0,100.0,0.0,0.0,0.0,49416.0,21379.2,1,1
03f5166b2fbd,Koppal,4D4A2,4D4A2M3d,Kalhalli,0704020031,42/*/3,1.08,0.0,OTHER,small,1,AG1,GHTiB1,TCB,216.0,172.8,value,172.8,1.0,,0.0,,0,0,0.0,0.0,0.0,0.0,23724.0,17625.600000000002,1,1
98563b1c3a0a,Koppal,4D4A2,4D4A2M3d,Kalhalli,0704020031,43/*/4,1.4,0.0,SC,small,1,AG1,GHTiB1,TCB,280.0,224.0,value,224.0,1.0,,0.0,,0,0,0.0,0.0,0.0,0.0,29420.0,22848.0,1,1
0d7231680b59,Koppal,4D4A2,4D4A2M3d,Kalhalli,0704020031,46/*/3,1.2,0.0,OTHER,small,0,AG1,KMHiB2,TCB,240.0,192.0,value,192.0,1.0,,0.0,,0,0,490.0,490.0,0.0,0.0,64714.0,59764.0,1,1
4c5bf9024114,Koppal,4D4A2,4D4A2M3d,Kalhalli,0704020031,47/*/4,3.25,1.0,OTHER,medium,0,AG1,GHTiB1,TCB,650.0,520.0,value,520.0,1.0,,0.0,,0,0,0.0,0.0,0.0,0.0,62350.0,53040.0,1,1
25b2156bde10,Koppal,4D4A2,4D4A2M3d,Kalhalli,0704020031,35/*/*,1.32,0.0,OTHER,small,0,AG1,GHTiB1,TCB,264.0,0.0,value,0.0,1.0,,0.0,,0,0,100.0,0.0,0.0,0.0,49594.0,0.0,0,0
29a2124f8ae6,Koppal,4D4A2,4D4A2M3d,Kalhalli,0704020031,38/*/1,0.8,0.0,OTHER,small,0,AG1,GHTiB1,TCB,160.0,154.4,value,154.4,0.0,0.0,0.0,,0,0,0.0,0.0,0.0,0.0,14240.0,7936.16,1,1
b466805eb61a,Koppal,4D4A2,4D4A2M3d,Kalhalli,0704020031,38/*/4,1.98,1.0,OTHER,small,1,AG1,GHTiB1,TCB,396.0,382.14,value,382.14,1.0,1.0,0.0,,0,0,0.0,0.0,0.0,0.0,39744.0,23747.996,1,1
d033d9086faa,Koppal,4D4A2,4D4A2M3d,Kalhalli,0704020031,39/*/1,0.8,0.0,OTHER,small,1,AG1,GHTiB1,TCB,160.0,154.4,value,154.4,0.0,0.0,0.0,,0,0,0.0,0.0,0.0,0.0,14240.0,7936.16,1,1
0243a4eeb5b2,Koppal,4D4A2,4D4A2M3d,Kalhalli,0704020031,50/*/2,0.78,0.0,OTHER,small,1,AG1,MKHcB2g2,TCB,156.0,129.89,value,129.89,0.0,1.0,0.0,,0,0,75.0,75.0,0.0,0.0,24280.0,27815.345999999998,1,1
90a9fc3497c2,Koppal,4D4A2,4D4A2M3d,Kalhalli,0704020031,50/*/4,2.68,0.0,OBC,medium,1,AG1,MKHcB2g2,TCB,536.0,503.71,value,503.71,1.0,,0.0,,0,0,100.0,100.0,0.0,0.0,72802.0,48490.694,1,1
13f72c7bc77f,Koppal,4D4A2,4D4A2M3d,Kalhalli,0704020031,54/*/*,2.68,1.0,OTHER,medium,1,AG1,GHTiB1,TCB,536.0,0.0,value,0.0,1.0,,0.0,,0,0,0.0,0.0,0.0,0.0,52204.0,0.0,0,0
161489e39bfd,Koppal,4D4A2,4D4A2M3d,Kalhalli,0704020031,39/*/*,1.2,0.0,OTHER,small,1,AG1,GHTiB1,TCB,240.0,231.6,value,231.6,1.0,1.0,0.0,,0,0,0.0,0.0,0.0,0.0,25860.0,16010.24,1,1
d033d9086faa,Koppal,4D4A2,4D4A2M3d,Kalhalli,0704020031,39/*/1,0.72,0.0,OTHER,small,1,AG1,GHTiB1,TCB,144.0,138.96,value,138.96,0.0,0.0,0.0,,0,0,0.0,0.0,0.0,0.0,12816.0,7142.544,1,1
217d60187ec9,Koppal,4D4A2,4D4A2M3d,Kalhalli,0704020031,51/*/3,0.8,1.0,OTHER,small,1,AG1,MKHcB2g2,TCB,160.0,167.9,value,167.9,0.0,1.0,0.0,,0,0,390.0,390.0,0.0,0.0,47071.0,44799.06,1,1
f009e69e6d33,Koppal,4D4A2,4D4A2M3d,Kalhalli,0704020031,56/*/2,2.62,1.0,OTHER,medium,1,AG1,MKHcB2g2,TCB,524.0,404.5,value,404.5,1.0,1.0,0.0,,0,0,0.0,0.0,0.0,0.0,49136.0,24979.3,1,1
a63ddb5dd6f6,Koppal,4D4A2,4D4A2M3d,Kalhalli,0704020031,56/*/3,0.72,0.0,OTHER,small,0,AG1,MKHcB2g2,TCB,144.0,253.44,value,253.44,0.0,0.0,0.0,,0,0,0.0,0.0,0.0,0.0,6768.0,13026.815999999999,1,1
69528c1438ed,Koppal,4D4A2,4D4A2M3d,Kalhalli,0704020031,61/*/2,1.98,0.0,OTHER,small,1,AG2,MKHhB2g2,TCB,396.0,297.79,value,297.79,1.0,,0.0,,0,0,0.0,0.0,0.0,0.0,37744.0,15306.406,1,1
a5358a624eea,Koppal,4D4A2,4D4A2M3d,Kalhalli,0704020031,69/*/1,2.52,0.0,OTHER,medium,1,AG2,MKHcB2g2,TCB,504.0,316.8,value,316.8,1.0,,0.0,,0,0,0.0,0.0,0.0,0.0,47356.0,16283.52,1,1
620d970eb260,Koppal,4D4A2,4D4A2M3d,Kalhalli,0704020031,70/*/3,1.2,0.0,OBC,small,1,AG2,MKHcB2g2,TCB,240.0,167.9,value,167.9,1.0,,0.0,,0,0,0.0,0.0,0.0,0.0,23860.0,8630.06,1,1
894a0a0725ba,Koppal,4D4A2,4D4A2M3d,Kalhalli,0704020031,36/*/*,2.12,0.0,OBC,small,1,AG1,GHTiB1,TCB,424.0,0.0,value,0.0,1.0,,0.0,,0,0,0.0,0.0,0.0,0.0,42236.0,0.0,0,0
21c94045a133,Koppal,4D4A2,4D4A2M3d,Kalhalli,0704020031,38/*/7,0.9,0.0,OBC,small,1,AG1,GHTiB1,TCB,180.0,173.7,value,173.7,0.0,0.0,0.0,,0,1,0.0,0.0,0.0,0.0,113520.0,159696.18,1,1
fb931686c872,Koppal,4D4A2,4D4A2M3d,Kalhalli,0704020031,41/*/5,0.44,0.0,OBC,small,1,AG1,GHTiB1,TCB,88.0,0.0,value,0.0,0.0,0.0,0.0,,0,0,0.0,0.0,0.0,0.0,7832.0,0.0,0,0
b3965521e1fe,Koppal,4D4A2,4D4A2M3d,Kalhalli,0704020031,40/*/2,1.2,0.0,OTHER,small,1,AG1,GHTiB1,TCB,240.0,231.6,value,231.6,1.0,1.0,0.0,,0,0,0.0,0.0,0.0,0.0,25860.0,16010.24,1,1
34e6143d5c2d,Koppal,4D4A2,4D4A2M3d,Kalhalli,0704020031,43/*/3,0.8,0.0,OTHER,small,0,AG1,GHTiB1,TCB,160.0,0.0,value,0.0,0.0,0.0,0.0,,0,0,0.0,0.0,0.0,0.0,14240.0,0.0,0,0
c2efc2b1426a,Koppal,4D4A2,4D4A2M3d,Kalhalli,0704020031,45/*/1,1.51,0.0,SC,small,1,AG1,KMHiB2,TCB,302.0,241.6,formula_80pct_of_proposed,,1.0,,0.0,,0,0,490.0,490.0,0.0,0.0,70232.0,64823.2,1,1
8afd9d05bdb3,Koppal,4D4A2,4D4A2M3d,Kalhalli,0704020031,57/*/*,4.69,0.0,OTHER,medium,1,AG1,MKHcB2g2,TCB,938.0000000000001,383.33,value,383.33,1.0,,0.0,,0,0,490.0,490.0,0.0,0.0,125936.00000000001,59883.162,1,1
8afd9d05bdb3,Koppal,4D4A2,4D4A2M3d,Kalhalli,0704020031,57/*/*,3.2,1.0,OTHER,medium,1,AG1,MKHcB2g2,TCB,640.0,345.31,value,345.31,1.0,2.0,0.0,,0,0,0.0,0.0,0.0,0.0,59460.0,26124.934,1,1
ab156281a1e7,Koppal,4D4A2,4D4A2M3d,Kalhalli,0704020031,6/*/2,1.53,0.0,SC,small,1,AG2,KTPiB1,TCB,306.0,0.0,value,0.0,1.0,,0.0,,0,0,0.0,0.0,0.0,0.0,30634.0,0.0,0,0
894a0a0725ba,Koppal,4D4A2,4D4A2M3d,Kalhalli,0704020031,36/*/*,1.2,0.0,OTHER,small,1,AG1,GHTiB1,TCB,240.0,0.0,value,0.0,1.0,,0.0,,0,0,0.0,0.0,0.0,0.0,25860.0,0.0,0,0
413df9b243a5,Koppal,4D4A2,4D4A2M3d,Kalhalli,0704020031,38/*/3,0.89,0.0,OTHER,small,1,AG1,GHTiB1,TCB,178.0,171.77,value,171.77,0.0,0.0,0.0,,0,0,0.0,0.0,0.0,0.0,15842.0,8828.978000000001,1,1
3abd54339529,Koppal,4D4A2,4D4A2M3d,Kalhalli,0704020031,38/*/6,0.89,0.0,OTHER,small,1,AG1,GHTiB1,TCB,178.0,171.77,value,171.77,0.0,0.0,0.0,,0,0,0.0,0.0,0.0,0.0,15842.0,8828.978000000001,1,1
2273a1fb1d2f,Koppal,4D4A2,4D4A2M3d,Kalhalli,0704020031,45/*/2,1.51,1.0,SC,small,1,AG1,KMHiB2,TCB,302.0,241.6,formula_80pct_of_proposed,,1.0,,0.0,,0,0,490.0,490.0,0.0,0.0,70232.0,64823.2,1,1
fc139b70216b,Koppal,4D4A2,4D4A2M3d,Kalhalli,0704020031,48/*/2,1.14,1.0,OTHER,small,1,AG1,MKHcB2g2,TCB,227.99999999999997,215.42,value,215.42,1.0,,0.0,,0,0,0.0,0.0,0.0,0.0,22791.999999999996,11072.588,1,1
0a7bb1c78bdd,Koppal,4D4A2,4D4A2M3d,Kalhalli,0704020031,79/*/1,3.52,0.0,OTHER,medium,1,AG2,MTLiB2g2,TCB,704.0,0.0,value,0.0,1.0,,0.0,,0,0,0.0,0.0,0.0,0.0,67156.0,0.0,0,0
63e59b30f61b,Koppal,4D4A2,4D4A2M3d,Kalhalli,0704020031,79/*/3,0.4,0.0,OTHER,small,1,AG2,MTLiB2g2,TCB,80.0,0.0,value,0.0,0.0,0.0,0.0,,0,0,0.0,0.0,0.0,0.0,7120.0,0.0,0,0
ad4871d1fa00,Koppal,4D4A2,4D4A2M3d,Kalhalli,0704020031,43/*/5,1.39,1.0,OTHER,small,0,AG1,GHTiB1,TCB,278.0,0.0,value,0.0,1.0,,0.0,,0,0,0.0,0.0,0.0,0.0,29242.0,0.0,0,0
c8ff9c4363e0,Koppal,4D4A2,4D4A2M3d,Kalhalli,0704020031,49/*/3,0.81,0.0,OTHER,small,1,AG1,MKHcB2g2,TCB,162.0,156.33,value,156.33,0.0,0.0,0.0,,0,0,0.0,0.0,0.0,0.0,7614.0,8035.362,1,1
fbd13bafdc09,Koppal,4D4A2,4D4A2M3d,Kalhalli,0704020031,6/*/3,1.85,1.0,OTHER,small,1,AG2,KTPiB1,TCB,370.0,0.0,value,0.0,1.0,,0.0,,0,0,0.0,0.0,0.0,0.0,36330.0,0.0,0,0
9e89a50770b2,Koppal,4D4A2,4D4A2M3d,Kalhalli,0704020031,48/*/1,0.82,1.0,OTHER,small,1,AG1,MKHcB2g2,TCB,164.0,215.42,value,215.42,0.0,0.0,0.0,,0,0,0.0,0.0,0.0,0.0,7708.0,11072.588,1,1
f2941f5e2306,Koppal,4D4A2,4D4A2M3d,Kalhalli,0704020031,48/*/4,0.8,1.0,OTHER,small,1,AG1,MKHcB2g2,TCB,160.0,215.42,value,215.42,0.0,1.0,0.0,,0,0,0.0,0.0,0.0,0.0,7520.0,15261.588,1,1
8e1484ae546b,Koppal,4D4A2,4D4A2M3d,Kalhalli,0704020031,49/*/4,0.81,0.0,OTHER,small,1,AG1,MKHcB2g2,TCB,162.0,156.33,value,156.33,0.0,0.0,0.0,,0,0,0.0,0.0,0.0,0.0,7614.0,8035.362,1,1
a19c32f2c53e,Koppal,4D4A2,4D4A2M3d,Kalhalli,0704020031,63/*/2,1.6,0.0,OBC,small,1,AG2,KTPiB1,TCB,320.0,0.0,value,0.0,1.0,,0.0,,0,0,0.0,0.0,0.0,0.0,31880.0,0.0,0,0
24876bce35a6,Koppal,4D4A2,4D4A2M3d,Kalhalli,0704020031,67/*/*,0.18,0.0,OBC,small,1,AG2,MTLiB2g2,TCB,36.0,0.0,value,0.0,0.0,0.0,0.0,,0,0,0.0,0.0,0.0,0.0,3204.0,0.0,0,0
24876bce35a6,Koppal,4D4A2,4D4A2M3d,Kalhalli,0704020031,67/*/*,0.18,0.0,OTHER,small,0,AG2,MTLiB2g2,TCB,36.0,129.89,value,129.89,0.0,1.0,0.0,,0,0,0.0,0.0,0.0,0.0,3204.0,10743.346,1,1
62386f7d90d9,Koppal,4D4A2,4D4A2M3d,Kalhalli,0704020031,7/*/3,3.11,0.0,OTHER,medium,1,AG1,KTPiB1,TCB,622.0,0.0,value,0.0,1.0,,0.0,,0,0,0.0,0.0,0.0,0.0,58758.0,0.0,0,0
32e7bc2e8731,Koppal,4D4A2,4D4A2M3d,Kalhalli,0704020031,71/*/1,3.42,0.0,OTHER,medium,0,AG2,MKHcB2g2,TCB,684.0,281.95,value,281.95,1.0,1.0,0.0,,0,0,0.0,0.0,0.0,0.0,63376.0,18558.23,1,1
9bc33a4e493a,Koppal,4D4A2,4D4A2M3d,Kalhalli,0704020031,74/*/1,1.81,0.0,OTHER,small,0,AG2,HDHhB1g2,TCB,362.0,392.83,value,392.83,1.0,1.0,0.0,,0,0,490.0,490.0,0.0,0.0,75572.0,64437.462,1,1
d033d9086faa,Koppal,4D4A2,4D4A2M3d,Kalhalli,0704020031,39/*/1,0.6,0.0,OBC,small,1,AG1,GHTiB1,TCB,120.0,115.8,value,115.8,0.0,0.0,0.0,,0,0,0.0,0.0,0.0,0.0,10680.0,5952.12,1,1
34d82c1612e3,Koppal,4D4A2,4D4A2M3d,Kalhalli,0704020031,41/*/2,1.35,0.0,OBC,small,1,AG1,GHTiB1,TCB,270.0,216.0,formula_80pct_of_proposed,,1.0,,0.0,,0,0,277.0,277.0,0.0,0.0,68483.0,61920.0,1,1
3e55f748e92f,Koppal,4D4A2,4D4A2M3d,Kalhalli,0704020031,48/*/3,1.98,1.0,SC,small,1,AG1,MKHcB2g2,TCB,396.0,316.8,value,316.8,1.0,1.0,0.0,,0,0,0.0,0.0,0.0,0.0,37744.0,20472.52,1,1
d0813bed58b7,Koppal,4D4A2,4D4A2M3d,Kalhalli,0704020031,49/*/2,1.2,1.0,OTHER,small,0,AG1,MKHcB2g2,TCB,240.0,231.6,value,231.6,1.0,1.0,0.0,,0,0,0.0,0.0,0.0,0.0,23860.0,16010.24,1,1
0a84e12b20be,Koppal,4D4A2,4D4A2M3d,Kalhalli,0704020031,79/*/4,0.4,0.0,OTHER,small,1,AG2,MTLiB2g2,TCB,80.0,0.0,value,0.0,0.0,0.0,0.0,,0,0,0.0,0.0,0.0,0.0,7120.0,0.0,0,0
3f527cd10879,Koppal,4D4A2,4D4A2M3d,Kalhalli,0704020031,8/*/1,2.97,0.0,OTHER,medium,1,AG1,MKHcB2g2,TCB,594.0,0.0,value,0.0,1.0,,0.0,,0,0,0.0,0.0,0.0,0.0,55366.0,0.0,0,0
0bc6f021ed00,Koppal,4D4A2,4D4A2M3d,Kalhalli,0704020031,8/*/2,0.62,0.0,ST,small,1,AG1,MKHcB2g2,TCB,124.0,0.0,value,0.0,0.0,0.0,0.0,,0,0,0.0,0.0,0.0,0.0,5828.0,0.0,0,0
9515ef0999b6,Koppal,4D4A2,4D4A2M3d,Kalhalli,0704020031,61/*/1,1.74,0.0,OTHER,small,1,AG2,MKHhB2g2,TCB,348.0,307.3,value,307.3,1.0,,0.0,,0,0,0.0,0.0,0.0,0.0,33472.0,15795.22,1,1
db1b57f0a87e,Koppal,4D4A2,4D4A2M3d,Kalhalli,0704020031,65/*/*,3.93,1.0,OTHER,medium,1,AG2,MTLmB2g1,TCB,786.0,430.85,value,430.85,1.0,1.0,0.0,,0,0,0.0,0.0,0.0,0.0,74454.0,26212.690000000002,1,1
31f909f4e6eb,Koppal,4D4A2,4D4A2M3d,Kalhalli,0704020031,66/*/*,1.33,0.0,OTHER,small,0,AG2,MTLiB2g2,TCB,266.0,253.44,value,253.44,1.0,,0.0,,0,0,0.0,0.0,0.0,0.0,28174.0,13026.815999999999,1,1
0b326a7cbbd4,Koppal,4D4A2,4D4A2M3d,Kalhalli,0704020031,34/*/3,1.33,1.0,OTHER,small,1,AG1,GHTiB1,TCB,266.0,212.8,formula_80pct_of_proposed,,1.0,,0.0,,0,0,277.0,277.0,0.0,0.0,68127.0,61593.600000000006,1,1
acabcfea20e1,Koppal,4D4A2,4D4A2M3d,Kalhalli,0704020031,52/*/3,1.04,0.0,OTHER,small,1,AG1,MTLiB1g1,TCB,208.0,0.0,value,0.0,1.0,,0.0,,0,0,0.0,0.0,0.0,0.0,23012.0,0.0,0,0
73f9d86d7748,Koppal,4D4A2,4D4A2M3d,Kalhalli,0704020031,6/*/1,1.84,0.0,OBC,small,1,AG2,KTPiB1,TCB,368.0,0.0,value,0.0,1.0,,0.0,,0,0,0.0,0.0,0.0,0.0,36152.0,0.0,0,0
5ea39dd61fa8,Koppal,4D4A2,4D4A2M3d,Kalhalli,0704020031,63/*/4,0.4,0.0,OTHER,small,1,AG2,KTPiB1,TCB,80.0,0.0,value,0.0,0.0,0.0,0.0,,0,0,0.0,0.0,0.0,0.0,4960.0,0.0,0,0
e096a02e94e6,Koppal,4D4A2,4D4A2M3d,Kalhalli,0704020031,79/*/5,0.4,1.0,OTHER,small,0,AG2,MTLiB2g2,TCB,80.0,0.0,value,0.0,0.0,0.0,0.0,,0,0,0.0,0.0,0.0,0.0,7120.0,0.0,0,0
313e3f7ab397,Koppal,4D4A2,4D4A2M3d,Kalhalli,0704020031,8/*/4,0.59,0.0,OTHER,small,0,AG1,MKHcB2g2,TCB,118.0,0.0,value,0.0,0.0,0.0,0.0,,0,0,0.0,0.0,0.0,0.0,5546.0,0.0,0,0
84445d5b8e23,Koppal,4D4A2,4D4A2M3d,Kalhalli,0704020031,42/*/4,1.08,0.0,OBC,small,1,AG1,GHTiB1,TCB,216.0,0.0,value,0.0,1.0,,0.0,,0,0,0.0,0.0,0.0,0.0,23724.0,0.0,0,0
b8d0ff977499,Koppal,4D4A2,4D4A2M3d,Kalhalli,0704020031,46/*/2,1.1,0.0,OTHER,small,1,AG1,KMHiB2,TCB,220.00000000000003,0.0,value,0.0,1.0,,0.0,,0,0,0.0,0.0,0.0,0.0,22980.000000000004,0.0,0,0
0d7231680b59,Koppal,4D4A2,4D4A2M3d,Kalhalli,0704020031,46/*/3,2.05,1.0,OBC,small,1,AG1,KMHiB2,TCB,409.99999999999994,327.99999999999994,formula_80pct_of_proposed,,1.0,,0.0,,0,0,490.0,490.0,0.0,0.0,79344.0,73636.0,1,1
ac49be7d9794,Koppal,4D4A2,4D4A2M3d,Kalhalli,0704020031,46/*/4,0.97,0.0,OBC,small,1,AG1,KMHiB2,TCB,194.0,0.0,value,0.0,0.0,0.0,0.0,,0,0,0.0,0.0,0.0,0.0,12028.0,0.0,0,0
a4ca9cfa6e9e,Koppal,4D4A2,4D4A2M3d,Kalhalli,0704020031,51/*/2,1.83,1.0,OTHER,small,0,AG1,MKHcB2g2,TCB,366.0,288.29,value,288.29,1.0,2.0,0.0,,0,0,490.0,490.0,0.0,0.0,75028.0,63376.106,1,1
13f72c7bc77f,Koppal,4D4A2,4D4A2M3d,Kalhalli,0704020031,54/*/*,2.68,1.0,OBC,medium,1,AG1,GHTiB1,TCB,536.0,0.0,value,0.0,1.0,,0.0,,0,0,0.0,0.0,0.0,0.0,52204.0,0.0,0,0
2ef91e8868c6,Koppal,4D4A2,4D4A2M3d,Kalhalli,0704020031,55/*/*,1.52,1.0,OTHER,small,0,AG1,GHTiB1,TCB,304.0,0.0,value,0.0,1.0,,0.0,,0,0,0.0,0.0,0.0,0.0,31556.0,0.0,0,0
18a37cf3fed1,Koppal,4D4A2,4D4A2M3d,Kalhalli,0704020031,87/*  /ಅ,0.14,0.0,OTHER,small,0,AG2,MTLmB2g1,TCB,28.000000000000004,0.0,value,0.0,0.0,0.0,0.0,,0,0,0.0,0.0,0.0,0.0,2492.0000000000005,0.0,0,0
ad09fb16f24b,Koppal,4D4A2,4D4A2M3d,Kalhalli,0704020031,88/*/*,1.45,0.0,OTHER,small,0,AG2,MTLmB2g1,TCB,290.0,0.0,value,0.0,1.0,,0.0,,0,0,0.0,0.0,0.0,0.0,30310.0,0.0,0,0
c6b8c87908da,Koppal,4D4A2,4D4A2M3d,Kalhalli,0704020031,7/*/1,3.05,0.0,OTHER,medium,0,AG1,KTPiB1,TCB,610.0,0.0,value,0.0,1.0,,0.0,,0,0,0.0,0.0,0.0,0.0,57690.0,0.0,0,0
eea9cd18a260,Koppal,4D4A2,4D4A2M3d,Kalhalli,0704020031,71/*/2,3.42,0.0,OTHER,medium,1,AG2,MKHcB2g2,TCB,684.0,262.94,value,262.94,1.0,1.0,0.0,,0,0,0.0,0.0,0.0,0.0,63376.0,17581.116,1,1
5f37076d4e9a,Koppal,4D4A2,4D4A2M3d,Kalhalli,0704020031,72/*/*,0.59,0.0,OTHER,small,0,AG2,HDHiB2g1,TCB,118.0,129.89,value,129.89,0.0,0.0,0.0,,0,0,0.0,0.0,0.0,0.0,10502.0,6676.346,1,1
161489e39bfd,Koppal,4D4A2,4D4A2M3d,Kalhalli,0704020031,39/*/*,3.2,0.0,OTHER,medium,1,AG1,GHTiB1,TCB,640.0,617.6,value,617.6,1.0,1.0,0.0,,0,0,0.0,0.0,0.0,0.0,61460.0,35850.64,1,1
d033d9086faa,Koppal,4D4A2,4D4A2M3d,Kalhalli,0704020031,39/*/1,0.8,0.0,OTHER,small,1,AG1,GHTiB1,TCB,160.0,154.4,value,154.4,0.0,0.0,0.0,,0,0,0.0,0.0,0.0,0.0,14240.0,7936.16,1,1
326d06e65e67,Koppal,4D4A2,4D4A2M3d,Kalhalli,0704020031,64/*/*,0.58,0.0,OTHER,small,0,AG2,MTLmB2g1,TCB,115.99999999999999,0.0,value,0.0,0.0,0.0,0.0,,0,0,0.0,0.0,0.0,0.0,10323.999999999998,0.0,0,0
71c3b84ae995,Koppal,4D4A2,4D4A2M3d,Kalhalli,0704020031,7/*/2,0.06,0.0,OTHER,small,0,AG1,KTPiB1,TCB,12.0,0.0,value,0.0,0.0,0.0,0.0,,0,0,0.0,0.0,0.0,0.0,744.0,0.0,0,0
96e27fb542af,Koppal,4D4A2,4D4A2M3d,Kalhalli,0704020031,73/*/1,2.23,0.0,OBC,small,1,AG2,HDHhB1g2,TCB,446.0,253.44,value,253.44,1.0,1.0,0.0,,0,0,0.0,0.0,0.0,0.0,42594.0,17092.816,1,1
5f37076d4e9a,Koppal,4D4A2,4D4A2M3d,Kalhalli,0704020031,72/*/*,2.64,0.0,OTHER,medium,0,AG2,HDHiB2g1,TCB,528.0,215.42,value,215.42,1.0,1.0,0.0,,0,0,0.0,0.0,0.0,0.0,51492.0,15138.588,1,1
0796a3969538,Koppal,4D4A2,4D4A2M3d,Kalhalli,0704020031,74/*/3,0.41,0.0,OTHER,small,0,AG2,HDHhB1g2,TCB,82.0,0.0,value,0.0,0.0,0.0,0.0,,0,0,0.0,0.0,0.0,0.0,5084.0,0.0,0,0
f4abedeb5776,Koppal,4D4A2,4D4A2M3d,Kalhalli,0704020031,41/*/3,0.89,0.0,ST,small,1,AG1,GHTiB1,TCB,178.0,0.0,value,0.0,0.0,0.0,0.0,,0,0,0.0,0.0,0.0,0.0,15842.0,0.0,0,0
ad6baa84f013,Koppal,4D4A2,4D4A2M3d,Kalhalli,0704020031,41/*/4,0.44,0.0,OTHER,small,1,AG1,GHTiB1,TCB,88.0,0.0,value,0.0,0.0,0.0,0.0,,0,0,0.0,0.0,0.0,0.0,7832.0,0.0,0,0
a4367612baae,Koppal,4D4A2,4D4A2M3d,Kalhalli,0704020031,75/*/2,1.62,1.0,OTHER,small,1,AG2,HDHhB1g2,TCB,324.0,148.9,value,148.9,1.0,1.0,0.0,,0,0,490.0,490.0,0.0,0.0,72190.0,51903.46,1,1
2855609ea07e,Koppal,4D4A2,4D4A2M3d,Kalhalli,0704020031,8/*/6,0.59,0.0,OTHER,small,0,AG1,MKHcB2g2,TCB,118.0,0.0,value,0.0,0.0,0.0,0.0,,0,0,0.0,0.0,0.0,0.0,5546.0,0.0,0,0
10c9658731e5,Koppal,4D4A2,4D4A2M3d,Kalhalli,0704020031,42/*/1,0.73,0.0,OTHER,small,1,AG1,GHTiB1,TCB,146.0,0.0,value,0.0,0.0,0.0,0.0,,0,0,194.0,0.0,0.0,0.0,32235.0,0.0,0,0
f014abe9cdee,Koppal,4D4A2,4D4A2M3d,Kalhalli,0704020031,42/*/2,0.72,0.0,OTHER,small,0,AG1,GHTiB1,TCB,144.0,115.2,formula_80pct_of_proposed,,0.0,0.0,0.0,,0,0,194.0,194.0,0.0,0.0,32057.0,31167.4,1,1
dbc4b2dde119,Koppal,4D4A2,4D4A2M3d,Kalhalli,0704020031,47/*/2,0.83,0.0,OTHER,small,1,AG1,GHTiB1,TCB,166.0,0.0,value,0.0,0.0,0.0,0.0,,0,0,0.0,0.0,0.0,0.0,14774.0,0.0,0,0
f0917ab90986,Koppal,4D4A2,4D4A2M3d,Kalhalli,0704020031,47/*/3,2.36,0.0,OTHER,small,1,AG1,GHTiB1,TCB,472.0,0.0,value,0.0,1.0,,0.0,,0,0,0.0,0.0,0.0,0.0,46508.0,0.0,0,0
9afddd8635d1,Koppal,4D4A2,4D4A2M3d,Kalhalli,0704020031,49/*/1,1.42,0.0,OTHER,small,1,AG1,MKHcB2g2,TCB,284.0,274.06,value,274.06,1.0,1.0,0.0,,0,0,0.0,0.0,0.0,0.0,27776.0,18192.684,1,1
d23c768ca100,Koppal,4D4A2,4D4A2M3d,Kalhalli,0704020031,5/*/2,1.48,1.0,OBC,small,1,AG2,KTPiB1,TCB,296.0,0.0,value,0.0,1.0,,0.0,,0,0,0.0,0.0,0.0,0.0,29744.0,0.0,0,0
723abde5ba6a,Koppal,4D4A2,4D4A2M3d,Kalhalli,0704020031,50/*/3,1.1,0.0,OTHER,small,1,AG1,MKHcB2g2,TCB,220.00000000000003,148.9,value,148.9,1.0,,0.0,,0,0,100.0,100.0,0.0,0.0,44678.0,22671.46,1,1
bebfaa7f9ac9,Koppal,4D4A2,4D4A2M3d,Kalhalli,0704020031,51/*/1,2.64,0.0,OTHER,medium,1,AG1,MKHcB2g2,TCB,528.0,316.8,value,316.8,1.0,,0.0,,0,0,100.0,100.0,0.0,0.0,72090.0,39039.520000000004,1,1
1b6168c3529a,Koppal,4D4A2,4D4A2M3d,Kalhalli,0704020031,58/*/1,1.89,0.0,OTHER,small,1,AG1,MKHhB2g2,TCB,378.0,0.0,value,0.0,1.0,,0.0,,0,0,0.0,0.0,0.0,0.0,36142.0,0.0,0,0
ba2b5feed910,Koppal,4D4A2,4D4A2M3d,Kalhalli,0704020031,58/*/5,1.44,0.0,OTHER,small,1,AG1,MKHhB2g2,TCB,288.0,0.0,value,0.0,1.0,,0.0,,0,0,0.0,0.0,0.0,0.0,28132.0,0.0,0,0
988a29d90a69,Koppal,4D4A2,4D4A2M3d,Kalhalli,0704020031,61/*/3,2.51,0.0,OTHER,medium,1,AG2,MKHhB2g2,TCB,501.99999999999994,307.3,value,307.3,1.0,1.0,0.0,,0,0,0.0,0.0,0.0,0.0,47177.99999999999,19862.22,1,1
2aa29f488cc5,Koppal,4D4A2,4D4A2M3d,Kalhalli,0704020031,5/*/1,1.47,1.0,OTHER,small,0,AG2,KTPiB1,TCB,294.0,0.0,value,0.0,1.0,,0.0,,0,0,0.0,0.0,0.0,0.0,29566.0,0.0,0,0
12c5af324dfe,Koppal,4D4A2,4D4A2M3d,Kalhalli,0704020031,52/*/1,1.27,0.0,OTHER,small,1,AG1,MTLiB1g1,TCB,254.0,364.32,value,364.32,1.0,,0.0,,0,0,0.0,0.0,0.0,0.0,27106.0,18726.048,1,1
b1e35094cb22,Koppal,4D4A2,4D4A2M3d,Kalhalli,0704020031,53/*/1,1.97,0.0,ST,small,1,AG1,MKHcB2g2,TCB,394.0,196.42,value,196.42,1.0,1.0,1.0,1.0,0,0,0.0,0.0,0.0,0.0,147566.0,139284.988,1,1
1dd7a47ee694,Koppal,4D4A2,4D4A2M3d,Kalhalli,0704020031,9/*/*,4.17,0.0,OTHER,medium,1,AG1,GHTiB1,TCB,834.0,667.2,formula_80pct_of_proposed,,1.0,,0.0,,0,0,490.0,490.0,0.0,0.0,118680.0,108238.40000000001,1,1
0993368a9588,Koppal,4D4A2,4D4A2M3d,Kalhalli,0704020031,53/*/2,2.36,1.0,OTHER,small,1,AG1,MKHcB2g2,TCB,472.0,234.43,value,234.43,1.0,1.0,1.0,1.0,0,1,100.0,100.0,0.0,0.0,274606.0,250631.86,1,1
13f72c7bc77f,Koppal,4D4A2,4D4A2M3d,Kalhalli,0704020031,54/*/*,2.7,1.0,OTHER,medium,0,AG1,GHTiB1,TCB,540.0,0.0,value,0.0,1.0,,0.0,,0,0,0.0,0.0,0.0,0.0,52560.0,0.0,0,0
2ef91e8868c6,Koppal,4D4A2,4D4A2M3d,Kalhalli,0704020031,55/*/*,1.52,1.0,OTHER,small,1,AG1,GHTiB1,TCB,304.0,243.2,formula_80pct_of_proposed,,1.0,,0.0,,0,0,272.0,272.0,0.0,0.0,58556.0,52028.399999999994,1,1
f1f45d8f61a5,Koppal,4D4A2,4D4A2M3d,Kalhalli,0704020031,56/*/1,1.91,0.0,OTHER,small,0,AG1,MKHcB2g2,TCB,382.0,305.6,formula_80pct_of_proposed,,1.0,,0.0,,0,0,490.0,490.0,0.0,0.0,76452.0,71355.2,1,1
f12e78eda315,Koppal,4D4A2,4D4A2M3d,Kalhalli,0704020031,58/*/3,1.51,0.0,OTHER,small,0,AG1,MKHhB2g2,TCB,302.0,0.0,value,0.0,1.0,,0.0,,0,0,0.0,0.0,0.0,0.0,29378.0,0.0,0,0
cd894293fee2,Koppal,4D4A2,4D4A2M3d,Kalhalli,0704020031,58/*/4,1.45,0.0,OTHER,small,1,AG1,MKHhB2g2,TCB,290.0,0.0,value,0.0,1.0,,0.0,,0,0,0.0,0.0,0.0,0.0,28310.0,0.0,0,0
2c2715460870,Koppal,4D4A2,4D4A2M3d,Kalhalli,0704020031,58/*/2,1.6,0.0,OTHER,small,1,AG1,MKHhB2g2,TCB,320.0,0.0,value,0.0,1.0,,0.0,,0,0,0.0,0.0,0.0,0.0,30980.0,0.0,0,0
071dc40467bf,Koppal,4D4A2,4D4A2M3d,Kalhalli,0704020031,59/*/*,2.2,0.0,OBC,small,1,AG1,KTPiB1,TCB,440.00000000000006,399.17,value,399.17,1.0,,0.0,,0,0,0.0,0.0,0.0,0.0,42560.00000000001,20517.338,1,1
49c29ccc796c,Koppal,4D4A2,4D4A2M3d,Kalhalli,0704020031,60/*/*,3.27,0.0,OTHER,medium,0,AG1,KTPiB1,TCB,654.0,0.0,value,0.0,1.0,,0.0,,0,0,0.0,0.0,0.0,0.0,61606.0,0.0,0,0
071dc40467bf,Koppal,4D4A2,4D4A2M3d,Kalhalli,0704020031,59/*/*,2.19,1.0,OTHER,small,1,AG1,KTPiB1,TCB,438.0,240.77,value,240.77,1.0,1.0,0.0,,0,0,0.0,0.0,0.0,0.0,42382.0,16442.578,1,1
6f01555fd1e4,Koppal,4D4A2,4D4A2M3d,Kalhalli,0704020031,63/*/1,1.9,0.0,OTHER,small,1,AG2,KTPiB1,TCB,380.0,0.0,value,0.0,1.0,,0.0,,0,0,0.0,0.0,0.0,0.0,37220.0,0.0,0,0
66476b8437d9,Koppal,4D4A2,4D4A2M3d,Kalhalli,0704020031,73/*/2,2.22,0.0,OTHER,small,1,AG2,HDHhB1g2,TCB,444.00000000000006,272.45,value,272.45,1.0,,0.0,,0,0,0.0,0.0,0.0,0.0,42416.00000000001,14003.929999999998,1,1
24876bce35a6,Koppal,4D4A2,4D4A2M3d,Kalhalli,0704020031,67/*/*,2.41,0.0,OTHER,medium,1,AG2,MTLiB2g2,TCB,482.0,310.46,value,310.46,1.0,,0.0,,0,0,0.0,0.0,0.0,0.0,47398.0,15957.643999999998,1,1
789b50c55a1c,Koppal,4D4A2,4D4A2M3d,Kalhalli,0704020031,68/*/1,2.86,0.0,OTHER,medium,0,AG2,MTLiB1g1,TCB,572.0,272.45,value,272.45,1.0,,0.0,,0,0,0.0,0.0,0.0,0.0,55408.0,14003.929999999998,1,1
cc6e421c33f8,Koppal,4D4A2,4D4A2M3d,Kalhalli,0704020031,70/*/4,0.05,0.0,OBC,small,1,AG2,MKHcB2g2,TCB,10.0,0.0,value,0.0,0.0,0.0,0.0,,0,0,0.0,0.0,0.0,0.0,470.0,0.0,0,0
fb8ee356b46c,Koppal,4D4A2,4D4A2M3d,Kalhalli,0704020031,74/*/2,0.63,0.0,OTHER,small,0,AG2,HDHhB1g2,TCB,126.0,0.0,value,0.0,0.0,0.0,0.0,,0,0,0.0,0.0,0.0,0.0,7812.0,0.0,0,0
04456219dae2,Koppal,4D4A2,4D4A2M3d,Kalhalli,0704020031,79/*/2,0.4,0.0,OTHER,small,1,AG2,MTLiB2g2,TCB,80.0,0.0,value,0.0,0.0,0.0,0.0,,0,0,0.0,0.0,0.0,0.0,7120.0,0.0,0,0
3c9fc6cff942,Koppal,4D4A2,4D4A2M3d,Kalhalli,0704020031,8/*/3,0.59,0.0,OTHER,small,0,AG1,MKHcB2g2,TCB,118.0,0.0,value,0.0,0.0,0.0,0.0,,0,0,0.0,0.0,0.0,0.0,5546.0,0.0,0,0
a4a9fadba345,Koppal,4D4A2,4D4A2M3d,Kalhalli,0704020031,70/*/5,0.6,0.0,OTHER,small,1,AG2,MKHcB2g2,TCB,120.0,185.0,value,185.0,0.0,0.0,0.0,,0,0,0.0,0.0,0.0,0.0,5640.0,9509.0,1,1
5f37076d4e9a,Koppal,4D4A2,4D4A2M3d,Kalhalli,0704020031,72/*/*,0.59,0.0,OTHER,small,1,AG2,HDHiB2g1,TCB,118.0,129.94,value,129.94,0.0,0.0,0.0,,0,0,0.0,0.0,0.0,0.0,10502.0,6678.915999999999,1,1
1f7df9ebe6d1,Koppal,4D4A2,4D4A2M3d,Kalhalli,0704020031,8/*/5,0.59,1.0,SC,small,1,AG1,MKHcB2g2,TCB,118.0,0.0,value,0.0,0.0,0.0,0.0,,0,0,0.0,0.0,0.0,0.0,5546.0,0.0,0,0
b141680c5c3f,Koppal,4D4A2,4D4A2M3d,Kalhalli,0704020031,63/*/3,2.3,0.0,OTHER,small,1,AG2,KTPiB1,TCB,459.99999999999994,0.0,value,0.0,1.0,,0.0,,0,0,0.0,0.0,0.0,0.0,44339.99999999999,0.0,0,0
31f909f4e6eb,Koppal,4D4A2,4D4A2M3d,Kalhalli,0704020031,66/*/*,1.29,1.0,OTHER,small,1,AG2,MTLiB2g2,TCB,258.0,234.43,value,234.43,1.0,1.0,0.0,,0,0,0.0,0.0,0.0,0.0,27462.0,16116.702,1,1
24876bce35a6,Koppal,4D4A2,4D4A2M3d,Kalhalli,0704020031,67/*/*,2.41,0.0,OTHER,medium,0,AG2,MTLiB2g2,TCB,482.0,291.46,value,291.46,1.0,,0.0,,0,0,0.0,0.0,0.0,0.0,47398.0,14981.043999999998,1,1
c19f15e52054,Koppal,4D4A2,4D4A2M3d,Kalhalli,0704020031,70/*/2,0.8,0.0,OTHER,small,1,AG2,MKHcB2g2,TCB,160.0,233.46,value,233.46,0.0,0.0,0.0,,0,0,0.0,0.0,0.0,0.0,7520.0,11999.844000000001,1,1
5f37076d4e9a,Koppal,4D4A2,4D4A2M3d,Kalhalli,0704020031,72/*/*,0.8,0.0,OTHER,small,0,AG2,HDHiB2g1,TCB,160.0,148.9,value,148.9,0.0,0.0,0.0,,0,0,0.0,0.0,0.0,0.0,14240.0,7653.46,1,1
44a7b7ca1589,Koppal,4D4A2,4D4A2M3d,Kalhalli,0704020031,75/*/1,1.63,0.0,OTHER,small,1,AG2,HDHhB1g2,TCB,326.0,158.4,value,158.4,1.0,,0.0,,0,0,490.0,490.0,0.0,0.0,72368.0,48321.76,1,1
02ec1f3c781b,Koppal,4D4A2,4D4A2M3d,Kalhalli,0704020031,76/*/*,2.01,1.0,OTHER,small,1,AG2,HDHhB1g2,TCB,401.99999999999994,211.14,value,211.14,1.0,1.0,0.0,,0,0,277.0,277.0,0.0,0.0,66166.0,42341.596,1,1
9174383cebaa,Koppal,4D4A2,4D4A2M3d,Kalhalli,0704020031,86/* /ಅ,0.14,0.0,OTHER,small,0,AG2,MTLmB2g1,TCB,28.000000000000004,0.0,value,0.0,0.0,0.0,0.0,,0,0,0.0,0.0,0.0,0.0,2492.0000000000005,0.0,0,0
0b3e533ae20c,Koppal,4D4A2,4D4A2M3d,Kalhalli,0704020031,89/*/*,6.29,0.0,OTHER,medium,0,AG2,MTLmB2g1,TCB,1258.0,0.0,value,0.0,1.0,,0.0,,0,0,0.0,0.0,0.0,0.0,116462.0,0.0,0,0
5beaced82e51,Koppal,4D4A2,4D4A2M3d,Kalhalli,0704020031,11/*/3,0.98,0.0,OTHER,small,1,AG1,GHTiB1,TCB,196.0,0.0,value,0.0,0.0,0.0,0.0,,0,0,0.0,0.0,0.0,0.0,17444.0,0.0,0,0
894a0a0725ba,Koppal,4D4A2,4D4A2M3d,Kalhalli,0704020031,36/*/*,2.12,0.0,OTHER,small,0,AG1,GHTiB1,TCB,424.0,0.0,value,0.0,1.0,,0.0,,0,0,0.0,0.0,0.0,0.0,42236.0,0.0,0,0
2da041b77e0c,Koppal,4D4A2,4D4A2M3d,Kalhalli,0704020031,38/*/2,0.79,0.0,OTHER,small,1,AG1,GHTiB1,TCB,158.0,152.47,value,152.47,0.0,0.0,0.0,,0,0,0.0,0.0,0.0,0.0,14062.0,7836.958,1,1
f4abedeb5776,Koppal,4D4A2,4D4A2M3d,Kalhalli,0704020031,41/*/3,2.67,1.0,ST,medium,1,AG1,GHTiB1,TCB,534.0,0.0,value,0.0,1.0,,0.0,,0,0,0.0,0.0,0.0,0.0,52026.0,0.0,0,0
34b29e125e37,Koppal,4D4A2,4D4A2M3d,Kalhalli,0704020031,43/*/2,1.2,0.0,OTHER,small,1,AG1,GHTiB1,TCB,240.0,0.0,value,0.0,1.0,,0.0,,0,0,0.0,0.0,0.0,0.0,25860.0,0.0,0,0
4b33032a3796,Koppal,4D4A2,4D4A2M3d,Kalhalli,0704020031,46/*/1,0.97,1.0,OTHER,small,1,AG1,KMHiB2,TCB,194.0,0.0,value,0.0,0.0,0.0,0.0,,0,0,0.0,0.0,0.0,0.0,12028.0,0.0,0,0
95b5b9879bc6,Koppal,4D4A2,4D4A2M3d,Kalhalli,0704020031,50/*/1,0.79,0.0,OTHER,small,1,AG1,MKHcB2g2,TCB,158.0,148.9,value,148.9,0.0,1.0,0.0,,0,0,79.0,79.0,0.0,0.0,25278.0,29696.46,1,1
b056529536f1,Koppal,4D4A2,4D4A2M3d,Kalhalli,0704020031,52/*/2,2.41,0.0,OTHER,medium,0,AG1,MTLiB1g1,TCB,482.0,335.81,value,335.81,1.0,1.0,0.0,,0,0,490.0,0.0,0.0,0.0,87352.0,21449.634,1,1
2ef91e8868c6,Koppal,4D4A2,4D4A2M3d,Kalhalli,0704020031,55/*/*,1.51,1.0,OTHER,small,1,AG1,GHTiB1,TCB,302.0,0.0,value,0.0,1.0,,0.0,,0,0,0.0,0.0,0.0,0.0,31378.0,0.0,0,0
0d3f0f46eda8,Koppal,4D4A2,4D4A2M3d,Kalhalli,0704020031,62/*/*,1.03,0.0,OTHER,small,1,AG2,KTPiB1,TCB,206.0,0.0,value,0.0,1.0,,0.0,,0,0,0.0,0.0,0.0,0.0,21734.0,0.0,0,0
0d3f0f46eda8,Koppal,4D4A2,4D4A2M3d,Kalhalli,0704020031,62/*/*,3.2,0.0,OTHER,medium,1,AG2,KTPiB1,TCB,640.0,0.0,value,0.0,1.0,,0.0,,0,0,0.0,0.0,0.0,0.0,60360.0,0.0,0,0
24876bce35a6,Koppal,4D4A2,4D4A2M3d,Kalhalli,0704020031,67/*/*,1.02,0.0,OTHER,small,0,AG2,MTLiB2g2,TCB,204.0,167.9,value,167.9,1.0,,0.0,,0,0,0.0,0.0,0.0,0.0,22656.0,8630.06,1,1
24876bce35a6,Koppal,4D4A2,4D4A2M3d,Kalhalli,0704020031,67/*/*,1.02,0.0,OTHER,small,0,AG2,MTLiB2g2,TCB,204.0,0.0,value,0.0,1.0,,0.0,,0,0,0.0,0.0,0.0,0.0,22656.0,0.0,0,0
e4146d6af7da,Koppal,4D4A2,4D4A2M3d,Kalhalli,0704020031,68/*/2,2.8,0.0,OTHER,medium,1,AG2,MTLiB1g1,TCB,560.0,272.45,value,272.45,1.0,1.0,0.0,,0,0,0.0,0.0,0.0,0.0,54340.0,18070.93,1,1
8c2de8a4f894,Koppal,4D4A2,4D4A2M3d,Kalhalli,0704020031,69/*/2,2.53,0.0,OTHER,medium,1,AG2,MKHcB2g2,TCB,505.99999999999994,513.22,value,513.22,1.0,2.0,0.0,,0,0,0.0,0.0,0.0,0.0,47533.99999999999,34755.508,1,1
3b31c67a335d,Koppal,4D4A2,4D4A2M3d,Kalhalli,0704020031,70/*/1,2.64,0.0,OTHER,medium,1,AG2,MKHcB2g2,TCB,528.0,158.4,value,158.4,1.0,,0.0,,0,0,0.0,0.0,0.0,0.0,49492.0,8141.76,1,1
5f37076d4e9a,Koppal,4D4A2,4D4A2M3d,Kalhalli,0704020031,72/*/*,0.66,0.0,OTHER,small,1,AG2,HDHiB2g1,TCB,132.0,148.9,value,148.9,0.0,1.0,0.0,,0,0,0.0,0.0,0.0,0.0,11748.0,11719.46,1,1
02ec1f3c781b,Koppal,4D4A2,4D4A2M3d,Kalhalli,0704020031,76/*/*,1.0,1.0,OTHER,small,1,AG2,HDHhB1g2,TCB,200.0,186.91,value,186.91,0.0,0.0,0.0,,0,0,277.0,277.0,0.0,0.0,52353.0,49495.174,1,1
82199da54412,Koppal,4D4A2,4D4A2M3d,Kalhalli,0704020027,133/*/1,4.08,0.0,OBC,medium,1,AG4,HDHiB2g1,TCB,816.0,357.98,value,357.98,1.0,1.0,0.0,,0,0,0.0,0.0,0.0,0.0,77124.0,41130.96,1,1
0b3ac336f80b,Koppal,4D4A2,4D4A2M3d,Kalhalli,0704020027,133/*/3,0.1,0.0,OTHER,small,0,AG4,HDHiB2g1,TCB,20.0,16.0,value,16.0,0.0,0.0,0.0,,0,0,0.0,0.0,0.0,0.0,1780.0,1632.0,1,1
1c75020d7050,Koppal,4D4A2,4D4A2M3d,Kalhalli,0704020027,134/*/2,1.98,0.0,OBC,small,1,AG4,KSPiB2g2,TCB,396.0,357.98,value,357.98,1.0,1.0,0.0,,0,0,0.0,0.0,0.0,0.0,38644.0,41017.96,1,1
49ba2407594f,Koppal,4D4A2,4D4A2M3d,Kalhalli,0704020027,135/*/2,1.71,1.0,SC,small,1,AG4,KSPiB2g2,TCB,342.0,221.76,value,221.76,1.0,1.0,0.0,,0,0,0.0,0.0,40.0,95.0,37638.0,36148.520000000004,1,1
8bd3d41bdfc0,Koppal,4D4A2,4D4A2M3d,Kalhalli,0704020027,137/*/3,2.72,0.0,OTHER,medium,0,AG4,KSPiB2g2,TCB,544.0,435.2,value,435.2,1.0,,0.0,,0,0,0.0,0.0,0.0,0.0,51816.0,44390.4,1,1
020100e81ce7,Koppal,4D4A2,4D4A2M3d,Kalhalli,0704020027,143/*/4,0.18,0.0,OTHER,small,0,AG4,MLRmB1,TCB,36.0,28.8,value,28.8,0.0,0.0,0.0,,0,0,0.0,0.0,0.0,0.0,3204.0,2937.6,1,1
142b7f784ddb,Koppal,4D4A2,4D4A2M3d,Kalhalli,0704020027,144/*/3,0.77,0.0,OBC,small,1,AG4,MLRmB1,TCB,154.0,0.0,value,0.0,0.0,0.0,0.0,,0,0,0.0,0.0,0.0,0.0,13706.0,0.0,0,0
f79a454a58e9,Koppal,4D4A2,4D4A2M3d,Kalhalli,0704020027,144/*/4,0.78,0.0,OTHER,small,0,AG4,MLRmB1,TCB,156.0,0.0,value,0.0,0.0,0.0,0.0,,0,0,0.0,0.0,0.0,0.0,13884.0,0.0,0,0
bcb1aeecf6f9,Koppal,4D4A2,4D4A2M3d,Kalhalli,0704020027,129/*/3,0.8,0.0,OBC,small,1,AG4,HDHiB2g1,TCB,160.0,117.22,value,117.22,0.0,0.0,0.0,,0,0,0.0,0.0,0.0,0.0,14240.0,11956.44,1,1
dfc3de10305f,Koppal,4D4A2,4D4A2M3d,Kalhalli,0704020027,130/*/5,0.79,0.0,OBC,small,1,AG4,BDGhB2g2,TCB,158.0,98.21,value,98.21,0.0,0.0,0.0,,0,0,0.0,0.0,0.0,0.0,9796.0,10017.42,1,1
df302a609a4b,Koppal,4D4A2,4D4A2M3d,Kalhalli,0704020027,132/*/1,1.92,0.0,OBC,small,1,AG4,HDHhB1g2,TCB,384.0,329.47,value,329.47,1.0,2.0,0.0,,0,0,0.0,0.0,40.0,95.0,41376.0,51864.94,1,1
0d02481f75ca,Koppal,4D4A2,4D4A2M3d,Kalhalli,0704020027,132/*/3,0.9,0.0,OBC,small,1,AG4,HDHhB1g2,TCB,180.0,144.0,value,144.0,0.0,0.0,0.0,,0,0,0.0,0.0,0.0,0.0,11160.0,14688.0,1,1
08d7a2e27909,Koppal,4D4A2,4D4A2M3d,Kalhalli,0704020027,135/*/5,1.4,0.0,OBC,small,1,AG4,KSPiB2g2,TCB,280.0,234.43,value,234.43,1.0,,0.0,,0,0,0.0,0.0,0.0,0.0,28320.0,23911.86,1,1
57dcc6fe44dc,Koppal,4D4A2,4D4A2M3d,Kalhalli,0704020027,141/*/*,1.13,0.0,OBC,small,1,AG4,BGTmB2g3,TCB,225.99999999999997,183.8,value,183.8,1.0,,0.0,,0,0,0.0,0.0,40.0,95.0,28413.999999999996,27772.600000000002,1,1
ad073bd00076,Koppal,4D4A2,4D4A2M3d,Kalhalli,0704020027,142/*/4,0.82,0.0,OBC,small,1,AG4,BGTmB2g3,TCB,164.0,131.2,value,131.2,0.0,0.0,0.0,,0,0,0.0,0.0,0.0,0.0,14596.0,13382.4,1,1
2b2904b58cd9,Koppal,4D4A2,4D4A2M3d,Kalhalli,0704020027,130/*/6,0.79,0.0,OBC,small,0,AG4,BDGhB2g2,TCB,158.0,107.71,value,107.71,0.0,1.0,0.0,,0,0,0.0,0.0,0.0,0.0,9796.0,15604.42,1,1
0e909173786c,Koppal,4D4A2,4D4A2M3d,Kalhalli,0704020027,130/*/7,0.79,0.0,OBC,small,1,AG4,BDGhB2g2,TCB,158.0,101.38,value,101.38,0.0,1.0,0.0,,0,0,0.0,0.0,0.0,0.0,9796.0,14958.76,1,1
c753efb9ed77,Koppal,4D4A2,4D4A2M3d,Kalhalli,0704020027,142/*/5,0.31,0.0,OBC,small,1,AG4,BGTmB2g3,TCB,62.0,49.6,value,49.6,0.0,0.0,0.0,,0,0,0.0,0.0,0.0,0.0,5518.0,5059.2,1,1
988b4b48f1f1,Koppal,4D4A2,4D4A2M3d,Kalhalli,0704020027,143/*/2,1.0,0.0,OBC,small,1,AG4,MLRmB1,TCB,200.0,160.0,value,160.0,0.0,0.0,0.0,,0,0,0.0,0.0,40.0,95.0,21600.0,25345.0,1,1
aa074f3034bc,Koppal,4D4A2,4D4A2M3d,Kalhalli,0704020027,143/*/3,0.28,0.0,OBC,small,1,AG4,MLRmB1,TCB,56.00000000000001,44.8,value,44.8,0.0,0.0,0.0,,0,0,0.0,0.0,0.0,0.0,4984.000000000001,4569.599999999999,1,1
bef2b1bd1417,Koppal,4D4A2,4D4A2M3d,Kalhalli,0704020027,143/*/5,0.2,0.0,OBC,small,1,AG4,MLRmB1,TCB,40.0,32.0,value,32.0,0.0,0.0,0.0,,0,0,0.0,0.0,0.0,0.0,3560.0,3264.0,1,1
1b30d144ba49,Koppal,4D4A2,4D4A2M3d,Kalhalli,0704020027,135/*/1,1.7,0.0,OBC,small,1,AG4,KSPiB2g2,TCB,340.0,221.76,value,221.76,1.0,1.0,0.0,,0,0,0.0,0.0,0.0,0.0,33660.0,27123.52,1,1
aed73143199c,Koppal,4D4A2,4D4A2M3d,Kalhalli,0704020027,140/*/2,1.84,0.0,OBC,small,1,AG4,BGTmB2g3,TCB,368.0,294.4,value,294.4,1.0,,0.0,,0,0,0.0,0.0,40.0,95.0,41052.0,39053.8,1,1
bd6071bdd6d1,Koppal,4D4A2,4D4A2M3d,Kalhalli,0704020027,142/*/2,0.2,0.0,OTHER,small,0,AG4,BGTmB2g3,TCB,40.0,32.0,value,32.0,0.0,0.0,0.0,,0,0,0.0,0.0,0.0,0.0,3560.0,3264.0,1,1
47e1114579f9,Koppal,4D4A2,4D4A2M3d,Kalhalli,0704020027,144/*/2,2.16,0.0,OBC,small,1,AG4,MLRmB1,TCB,432.0,345.6,value,345.6,1.0,,0.0,,0,0,0.0,0.0,0.0,0.0,42948.0,35251.200000000004,1,1
74c87c8cef1e,Koppal,4D4A2,4D4A2M3d,Kalhalli,0704020027,144/*/7,0.86,0.0,OBC,small,1,AG4,MLRmB1,TCB,172.0,137.6,value,137.6,0.0,0.0,0.0,,0,0,0.0,0.0,0.0,0.0,15308.0,14035.199999999999,1,1
8220f67283da,Koppal,4D4A2,4D4A2M3d,Kalhalli,0704020027,129/*/4,0.8,0.0,OBC,small,1,AG4,HDHiB2g1,TCB,160.0,117.22,value,117.22,0.0,0.0,0.0,,0,0,0.0,0.0,0.0,0.0,14240.0,11956.44,1,1
be407abb74d0,Koppal,4D4A2,4D4A2M3d,Kalhalli,0704020027,129/*/7,0.83,0.0,OBC,small,1,AG4,HDHiB2g1,TCB,166.0,117.22,value,117.22,0.0,0.0,0.0,,0,0,0.0,0.0,0.0,0.0,14774.0,11956.44,1,1
3a093a4b181b,Koppal,4D4A2,4D4A2M3d,Kalhalli,0704020027,131/*/2,0.88,0.0,OBC,small,1,AG4,HDHhB1g2,TCB,176.0,140.8,value,140.8,0.0,0.0,0.0,,0,0,0.0,0.0,0.0,0.0,10912.0,14361.6,1,1
cf6122481dbd,Koppal,4D4A2,4D4A2M3d,Kalhalli,0704020027,140/*/3,0.78,0.0,OBC,small,1,AG4,BGTmB2g3,TCB,156.0,0.0,value,0.0,0.0,0.0,0.0,,0,0,0.0,0.0,0.0,0.0,13884.0,0.0,0,0
b59dcf1fe4ec,Koppal,4D4A2,4D4A2M3d,Kalhalli,0704020027,140/*/4,0.81,0.0,OBC,small,1,AG4,BGTmB2g3,TCB,162.0,129.6,value,129.6,0.0,0.0,0.0,,0,0,0.0,0.0,0.0,0.0,14418.0,13219.199999999999,1,1
69428c480370,Koppal,4D4A2,4D4A2M3d,Kalhalli,0704020027,129/*/2,0.8,0.0,OBC,small,1,AG4,HDHiB2g1,TCB,160.0,98.21,value,98.21,0.0,0.0,0.0,,0,0,0.0,0.0,0.0,0.0,14240.0,10017.42,1,1
466747c1a461,Koppal,4D4A2,4D4A2M3d,Kalhalli,0704020027,131/*/3,0.88,1.0,OBC,small,1,AG4,HDHhB1g2,TCB,176.0,224.93,value,224.93,0.0,2.0,0.0,,0,0,0.0,0.0,0.0,0.0,10912.0,32178.86,1,1
2887e606bcdd,Koppal,4D4A2,4D4A2M3d,Kalhalli,0704020027,131/*/4,0.88,0.0,OBC,small,1,AG4,HDHhB1g2,TCB,176.0,101.38,value,101.38,0.0,0.0,0.0,,0,0,0.0,0.0,0.0,0.0,10912.0,10340.76,1,1
58c6b630684b,Koppal,4D4A2,4D4A2M3d,Kalhalli,0704020027,132/*/2,1.76,0.0,OBC,small,1,AG4,HDHhB1g2,TCB,352.0,281.6,value,281.6,1.0,,0.0,,0,0,0.0,0.0,40.0,95.0,38528.0,37748.2,1,1
86f59433c48f,Koppal,4D4A2,4D4A2M3d,Kalhalli,0704020027,132/*/4,1.6,0.0,OTHER,small,0,AG4,HDHhB1g2,TCB,320.0,414.0,value,414.0,1.0,1.0,0.0,,0,0,0.0,0.0,0.0,0.0,31880.0,46846.0,1,1
ed78be4874fb,Koppal,4D4A2,4D4A2M3d,Kalhalli,0704020027,133/*/2,4.17,1.0,OBC,medium,1,AG4,HDHiB2g1,TCB,834.0,357.98,value,357.98,1.0,1.0,0.0,,0,0,0.0,0.0,0.0,0.0,78726.0,41130.96,1,1
e1baf8dc2de5,Koppal,4D4A2,4D4A2M3d,Kalhalli,0704020027,136/*/1,3.78,0.0,OBC,medium,1,AG4,KSPiB2g2,TCB,756.0,513.22,value,513.22,1.0,1.0,1.0,1.0,0,1,0.0,0.0,0.0,0.0,278184.0,302620.44,1,1
ae8749f33e28,Koppal,4D4A2,4D4A2M3d,Kalhalli,0704020027,139/*/2,1.28,0.0,OBC,small,1,AG4,BGTmB2g3,TCB,256.0,204.8,value,204.8,1.0,,0.0,,0,0,0.0,0.0,40.0,95.0,31084.0,29914.600000000002,1,1
64347e78d7a3,Koppal,4D4A2,4D4A2M3d,Kalhalli,0704020027,140/*/1,1.88,0.0,OBC,small,1,AG4,BGTmB2g3,TCB,376.0,300.8,value,300.8,1.0,,0.0,,0,0,0.0,0.0,40.0,95.0,41764.0,39706.600000000006,1,1
b20e28ce3f64,Koppal,4D4A2,4D4A2M3d,Kalhalli,0704020027,129/*/5,0.8,0.0,OBC,small,1,AG4,HDHiB2g1,TCB,160.0,98.21,value,98.21,0.0,0.0,0.0,,0,0,0.0,0.0,0.0,0.0,14240.0,10017.42,1,1
3e644322d8f5,Koppal,4D4A2,4D4A2M3d,Kalhalli,0704020027,130/*/1,0.79,0.0,OBC,small,1,AG4,BDGhB2g2,TCB,158.0,98.21,value,98.21,0.0,0.0,0.0,,0,0,0.0,0.0,0.0,0.0,9796.0,10017.42,1,1
c9e4e886c757,Koppal,4D4A2,4D4A2M3d,Kalhalli,0704020027,142/*/1,0.2,0.0,OTHER,small,0,AG4,BGTmB2g3,TCB,40.0,32.0,value,32.0,0.0,0.0,0.0,,0,0,0.0,0.0,0.0,0.0,3560.0,3264.0,1,1
33b9ed934892,Koppal,4D4A2,4D4A2M3d,Kalhalli,0704020027,130/*/4,0.79,0.0,OTHER,small,0,AG4,BDGhB2g2,TCB,158.0,98.21,value,98.21,0.0,0.0,0.0,,0,0,0.0,0.0,0.0,0.0,9796.0,10017.42,1,1
ecbb08b43ca5,Koppal,4D4A2,4D4A2M3d,Kalhalli,0704020027,135/*/3,1.4,0.0,OBC,small,1,AG4,KSPiB2g2,TCB,280.0,145.73,value,145.73,1.0,,0.0,,0,0,0.0,0.0,0.0,0.0,28320.0,14864.46,1,1
61697d94fde6,Koppal,4D4A2,4D4A2M3d,Kalhalli,0704020027,135/*/4,1.4,0.0,OBC,small,1,AG4,KSPiB2g2,TCB,280.0,145.73,value,145.73,1.0,,0.0,,0,0,0.0,0.0,0.0,0.0,28320.0,14864.46,1,1
a9136869f615,Koppal,4D4A2,4D4A2M3d,Kalhalli,0704020027,139/*/1,1.28,0.0,OBC,small,1,AG4,BGTmB2g3,TCB,256.0,204.8,value,204.8,1.0,,0.0,,0,0,0.0,0.0,40.0,95.0,31084.0,29914.600000000002,1,1
6c81db24edc9,Koppal,4D4A2,4D4A2M3d,Kalhalli,0704020027,143/*/1,1.4,0.0,OBC,small,1,AG4,MLRmB1,TCB,280.0,224.0,value,224.0,1.0,,0.0,,0,0,0.0,0.0,40.0,95.0,33220.0,31873.0,1,1
00c7a61112a8,Koppal,4D4A2,4D4A2M3d,Kalhalli,0704020027,143/*/8,0.58,1.0,OTHER,small,0,AG4,MLRmB1,TCB,115.99999999999999,92.8,value,92.8,0.0,0.0,0.0,,0,0,0.0,0.0,0.0,0.0,10323.999999999998,9465.6,1,1
c9383b0c1bac,Koppal,4D4A2,4D4A2M3d,Kalhalli,0704020027,143/*/9,0.47,0.0,OBC,small,1,AG4,MLRmB1,TCB,94.0,75.2,value,75.2,0.0,0.0,0.0,,0,0,0.0,0.0,0.0,0.0,8366.0,7670.400000000001,1,1
aba680e19a88,Koppal,4D4A2,4D4A2M3d,Kalhalli,0704020027,144/*/1,1.6,1.0,OBC,small,1,AG4,MLRmB1,TCB,320.0,256.0,value,256.0,1.0,,0.0,,0,0,0.0,0.0,40.0,95.0,36780.0,35137.0,1,1
f0e9ec9eed6e,Koppal,4D4A2,4D4A2M3d,Kalhalli,0704020027,144/*/5,0.77,0.0,OBC,small,1,AG4,MLRmB1,TCB,154.0,0.0,value,0.0,0.0,0.0,0.0,,0,0,0.0,0.0,0.0,0.0,13706.0,0.0,0,0
1d24ae5c82c8,Koppal,4D4A2,4D4A2M3d,Kalhalli,0704020027,144/*/6,0.77,0.0,OTHER,small,0,AG4,MLRmB1,TCB,154.0,0.0,value,0.0,0.0,0.0,0.0,,0,0,0.0,0.0,0.0,0.0,13706.0,0.0,0,0
cfe56d927e23,Koppal,4D4A2,4D4A2M3d,Kalhalli,0704020027,130/*/2,0.79,0.0,OBC,small,1,AG4,BDGhB2g2,TCB,158.0,101.38,value,101.38,0.0,1.0,0.0,,0,0,0.0,0.0,0.0,0.0,9796.0,14958.76,1,1
99d702e92594,Koppal,4D4A2,4D4A2M3d,Kalhalli,0704020027,130/*/3,0.79,0.0,OBC,small,1,AG4,BDGhB2g2,TCB,158.0,95.04,value,95.04,0.0,1.0,0.0,,0,0,0.0,0.0,0.0,0.0,9796.0,14312.08,1,1
43db21b93db8,Koppal,4D4A2,4D4A2M3d,Kalhalli,0704020027,131/*/1,0.87,0.0,OTHER,small,0,AG4,HDHhB1g2,TCB,174.0,110.88,value,110.88,0.0,1.0,0.0,,0,0,0.0,0.0,0.0,0.0,10788.0,15927.76,1,1
ed78be4874fb,Koppal,4D4A2,4D4A2M3d,Kalhalli,0704020027,133/*/2,4.17,1.0,OBC,medium,1,AG4,HDHiB2g1,TCB,834.0,0.0,value,0.0,1.0,,0.0,,0,0,0.0,0.0,0.0,0.0,78726.0,0.0,0,0
5658bb29b89b,Koppal,4D4A2,4D4A2M3d,Kalhalli,0704020027,129/*/1,0.8,0.0,OBC,small,1,AG4,HDHiB2g1,TCB,160.0,107.71,value,107.71,0.0,0.0,0.0,,0,0,0.0,0.0,0.0,0.0,14240.0,10986.42,1,1
130cea7d4953,Koppal,4D4A2,4D4A2M3d,Kalhalli,0704020027,129/*/6,0.8,1.0,OTHER,small,0,AG4,HDHiB2g1,TCB,160.0,107.71,value,107.71,0.0,0.0,0.0,,0,0,0.0,0.0,0.0,0.0,14240.0,10986.42,1,1
15b8b1d5496e,Koppal,4D4A2,4D4A2M3d,Kalhalli,0704020027,134/*/1,1.95,0.0,OBC,small,1,AG4,KSPiB2g2,TCB,390.0,215.42,value,215.42,1.0,,0.0,,0,0,0.0,0.0,40.0,95.0,41910.0,30997.84,1,1
74b929c9bcfb,Koppal,4D4A2,4D4A2M3d,Kalhalli,0704020027,135/*/6,0.8,0.0,OBC,small,1,AG4,KSPiB2g2,TCB,160.0,63.36,value,63.36,0.0,0.0,0.0,,0,0,0.0,0.0,0.0,0.0,9920.0,6462.72,1,1
792d5ad9d388,Koppal,4D4A2,4D4A2M3d,Kalhalli,0704020027,136/*/2,3.78,1.0,OBC,medium,1,AG4,KSPiB2g2,TCB,756.0,487.87,value,487.87,1.0,1.0,0.0,,0,0,0.0,0.0,40.0,95.0,74484.0,63290.74,1,1
218513378f5e,Koppal,4D4A2,4D4A2M3d,Kalhalli,0704020027,76/*/*,1.35,0.0,OTHER,small,0,AG4,HDLmB2,TCB,270.0,216.0,value,216.0,1.0,,0.0,,0,0,277.0,277.0,0.0,0.0,56018.0,49455.0,1,1
f1c5fd96be8e,Koppal,4D4A2,4D4A2M3d,Kalhalli,0704020027,89/*/2,1.02,0.0,OBC,small,1,AG4,MLRmB1,TCB,204.0,163.2,value,163.2,1.0,,0.0,,0,0,0.0,0.0,40.0,95.0,26456.0,25671.399999999998,1,1
d27de5966795,Koppal,4D4A2,4D4A2M3d,Kalhalli,0704020027,91/* /ಆ,2.31,0.0,OBC,small,1,AG4,KSPiB1g1,TCB,462.0,373.82,value,373.82,1.0,,0.0,,0,0,0.0,0.0,40.0,0.0,48318.0,38129.64,1,1
f16eee7d239a,Koppal,4D4A2,4D4A2M3d,Kalhalli,0704020027,92/*/5,2.4,0.0,OBC,medium,1,AG4,HDHhB1g2,TCB,480.0,373.82,value,373.82,1.0,1.0,0.0,,0,0,0.0,0.0,0.0,0.0,45620.0,42932.64,1,1
24b45c016bda,Koppal,4D4A2,4D4A2M3d,Kalhalli,0704020027,132/*/5,0.86,0.0,OBC,small,0,AG4,HDHhB1g2,TCB,172.0,190.08,value,190.08,0.0,0.0,0.0,,0,0,0.0,0.0,0.0,0.0,10664.0,19388.16,1,1
37fb22e71b89,Koppal,4D4A2,4D4A2M3d,Kalhalli,0704020027,134/*/3,1.98,0.0,OTHER,small,0,AG4,KSPiB2g2,TCB,396.0,177.41,value,177.41,1.0,1.0,0.0,,0,0,0.0,0.0,40.0,95.0,42444.0,31624.82,1,1
4f935fbdbea9,Koppal,4D4A2,4D4A2M3d,Kalhalli,0704020027,137/*/1,2.4,0.0,OBC,medium,1,AG4,KSPiB2g2,TCB,480.0,384.0,value,384.0,1.0,,0.0,,0,0,0.0,0.0,40.0,95.0,49920.0,48193.0,1,1
dd340992939c,Koppal,4D4A2,4D4A2M3d,Kalhalli,0704020027,86/*/5,1.04,1.0,OTHER,small,0,AG4,MLRmB1,TCB,208.0,166.4,value,166.4,1.0,,0.0,,0,0,277.0,0.0,0.0,0.0,50500.0,16972.8,1,1
eecf50457a92,Koppal,4D4A2,4D4A2M3d,Kalhalli,0704020027,85/*/4,0.48,0.0,OTHER,small,0,AG4,MLRmB1,TCB,96.0,76.8,value,76.8,0.0,0.0,0.0,,0,0,0.0,0.0,0.0,0.0,8544.0,7833.599999999999,1,1
b6a594e078be,Koppal,4D4A2,4D4A2M3d,Kalhalli,0704020027,88/*/1,0.37,0.0,OTHER,small,0,AG4,MLRmB1,TCB,74.0,0.0,value,0.0,0.0,0.0,0.0,,0,0,0.0,0.0,0.0,0.0,6586.0,0.0,0,0
c5be8b71b69d,Koppal,4D4A2,4D4A2M3d,Kalhalli,0704020027,89/*/3,0.53,0.0,OBC,small,1,AG4,MLRmB1,TCB,106.0,84.8,value,84.8,0.0,0.0,0.0,,0,0,0.0,0.0,0.0,0.0,9434.0,8649.6,1,1
5f9022bbbc96,Koppal,4D4A2,4D4A2M3d,Kalhalli,0704020027,93/*/2,1.16,0.0,OTHER,small,0,AG4,MKHhB2g2,TCB,231.99999999999997,215.42,value,215.42,1.0,,0.0,,0,0,0.0,0.0,0.0,0.0,23147.999999999996,21972.84,1,1
8d498f8e84e4,Koppal,4D4A2,4D4A2M3d,Kalhalli,0704020027,96/*/2,1.14,1.0,OTHER,small,0,AG4,KSPiB1g1,TCB,227.99999999999997,139.39,value,139.39,1.0,,0.0,,0,0,0.0,0.0,40.0,95.0,27491.999999999996,23242.78,1,1
f1b8cb7a41f8,Koppal,4D4A2,4D4A2M3d,Kalhalli,0704020027,97/*/1,1.99,0.0,OBC,small,1,AG4,KSPiB1g1,TCB,398.0,0.0,value,0.0,1.0,,0.0,,0,0,0.0,0.0,40.0,0.0,42622.0,0.0,0,0
6e8b9ea8f200,Koppal,4D4A2,4D4A2M3d,Kalhalli,0704020027,87/*/*,1.51,0.0,OTHER,small,0,AG4,MLRmB1,TCB,302.0,241.6,value,241.6,1.0,,0.0,,0,0,277.0,277.0,0.0,0.0,58866.0,52066.2,1,1
414f95bd2bee,Koppal,4D4A2,4D4A2M3d,Kalhalli,0704020027,88/*/3,0.37,0.0,OBC,small,0,AG4,MLRmB1,TCB,74.0,0.0,value,0.0,0.0,0.0,0.0,,0,0,0.0,0.0,0.0,0.0,6586.0,0.0,0,0
0971f6ba9d2c,Koppal,4D4A2,4D4A2M3d,Kalhalli,0704020027,88/*/4,0.38,0.0,OBC,small,1,AG4,MLRmB1,TCB,76.0,0.0,value,0.0,0.0,0.0,0.0,,0,0,0.0,0.0,0.0,0.0,6764.0,0.0,0,0
36748510096e,Koppal,4D4A2,4D4A2M3d,Kalhalli,0704020027,93/*/1,1.17,0.0,OBC,small,0,AG4,MKHhB2g2,TCB,234.0,196.42,value,196.42,1.0,,0.0,,0,0,0.0,0.0,0.0,0.0,23326.0,20034.84,1,1
c5be8b71b69d,Koppal,4D4A2,4D4A2M3d,Kalhalli,0704020027,89/*/3,0.52,0.0,OBC,small,1,AG4,MLRmB1,TCB,104.0,83.2,value,83.2,0.0,0.0,0.0,,0,0,0.0,0.0,0.0,0.0,9256.0,8486.4,1,1
36fab308c292,Koppal,4D4A2,4D4A2M3d,Kalhalli,0704020027,90/*/2,2.18,1.0,OBC,small,1,AG4,KSPiB2g2,TCB,436.00000000000006,323.14,value,323.14,1.0,,0.0,,0,0,0.0,0.0,40.0,95.0,46004.00000000001,41985.28,1,1
f1b8cb7a41f8,Koppal,4D4A2,4D4A2M3d,Kalhalli,0704020027,97/*/1,1.99,1.0,OBC,small,1,AG4,KSPiB1g1,TCB,398.0,285.12,value,285.12,1.0,,0.0,,0,0,0.0,0.0,40.0,0.0,42622.0,29082.24,1,1
953eecd7538a,Koppal,4D4A2,4D4A2M3d,Kalhalli,0704020027,96/* /ಆ,1.15,0.0,OTHER,small,0,AG4,KSPiB1g1,TCB,229.99999999999997,164.74,value,164.74,1.0,,0.0,,0,0,0.0,0.0,40.0,0.0,27669.999999999996,16803.48,1,1
5ebb7fb4511b,Koppal,4D4A2,4D4A2M3d,Kalhalli,0704020027,91/* /ಈ,1.16,0.0,OBC,small,1,AG4,KSPiB1g1,TCB,231.99999999999997,152.06,value,152.06,1.0,1.0,0.0,,0,0,0.0,0.0,40.0,0.0,27847.999999999996,20313.120000000003,1,1
33f7810dd86e,Koppal,4D4A2,4D4A2M3d,Kalhalli,0704020027,91/*/*,4.64,0.0,OBC,medium,1,AG4,KSPiB1g1,TCB,927.9999999999999,411.84,value,411.84,1.0,,0.0,,0,0,0.0,0.0,40.0,95.0,89791.99999999999,51032.68,1,1
28baf1d317b3,Koppal,4D4A2,4D4A2M3d,Kalhalli,0704020027,92/*/6,0.94,0.0,OBC,small,1,AG4,HDHhB1g2,TCB,188.0,139.39,value,139.39,0.0,0.0,0.0,,0,0,0.0,0.0,0.0,0.0,11656.0,14217.779999999999,1,1
2cf94169cc68,Koppal,4D4A2,4D4A2M3d,Kalhalli,0704020027,137/*/2,2.4,0.0,OTHER,medium,0,AG4,KSPiB2g2,TCB,480.0,384.0,value,384.0,1.0,,0.0,,0,0,0.0,0.0,40.0,95.0,49920.0,48193.0,1,1
3805d76fad0e,Koppal,4D4A2,4D4A2M3d,Kalhalli,0704020027,143/*/6,0.06,0.0,OBC,small,1,AG4,MLRmB1,TCB,12.0,9.6,value,9.6,0.0,0.0,0.0,,0,0,0.0,0.0,0.0,0.0,1068.0,979.1999999999999,1,1
ba4631a1fe36,Koppal,4D4A2,4D4A2M3d,Kalhalli,0704020027,138/*/1,4.0,0.0,OBC,medium,1,AG4,KSPiB2g2,TCB,800.0,342.14,value,342.14,1.0,2.0,1.0,1.0,0,1,0.0,0.0,40.0,95.0,285900.0,298697.28,1,1
1d4f23f3cf04,Koppal,4D4A2,4D4A2M3d,Kalhalli,0704020027,138/*/2,4.06,0.0,OBC,medium,1,AG4,KSPiB2g2,TCB,811.9999999999999,569.38,value,569.38,1.0,1.0,0.0,,0,0,0.0,0.0,0.0,0.0,75667.99999999999,62579.76,1,1
4b4803e24d71,Koppal,4D4A2,4D4A2M3d,Kalhalli,0704020027,93/*/4,1.17,0.0,OBC,small,1,AG4,MKHhB2g2,TCB,234.0,196.42,value,196.42,1.0,,0.0,,0,0,0.0,0.0,40.0,0.0,27126.0,20034.84,1,1
159d94f2e109,Koppal,4D4A2,4D4A2M3d,Kalhalli,0704020027,95/*/1,2.96,0.0,OBC,medium,1,AG4,KSPiB1g1,TCB,592.0,399.17,value,399.17,1.0,,0.0,,0,0,0.0,0.0,0.0,0.0,56088.0,40715.340000000004,1,1
bdd83cc11ebd,Koppal,4D4A2,4D4A2M3d,Kalhalli,0704020027,97/*/3,1.59,0.0,OBC,small,1,AG4,KSPiB1g1,TCB,318.0,183.74,value,183.74,1.0,,0.0,,0,1,0.0,0.0,40.0,95.0,133002.0,178534.48,1,1
479cf8428aff,Koppal,4D4A2,4D4A2M3d,Kalhalli,0704020027,97/*/4,1.6,0.0,OBC,small,1,AG4,KSPiB1g1,TCB,320.0,177.51,value,177.51,1.0,1.0,0.0,,0,0,0.0,0.0,40.0,95.0,35680.0,31949.02,1,1
a9136869f615,Koppal,4D4A2,4D4A2M3d,Kalhalli,0704020027,139/*/1,1.28,0.0,OBC,small,1,AG4,BGTmB2g3,TCB,256.0,204.8,value,204.8,1.0,,0.0,,0,0,0.0,0.0,40.0,95.0,31084.0,29914.600000000002,1,1
32a09129bb9d,Koppal,4D4A2,4D4A2M3d,Kalhalli,0704020027,142/*/3,0.47,0.0,OBC,small,1,AG4,BGTmB2g3,TCB,94.0,75.2,value,75.2,0.0,0.0,0.0,,0,0,0.0,0.0,0.0,0.0,8366.0,7670.400000000001,1,1
3199bea4c3db,Koppal,4D4A2,4D4A2M3d,Kalhalli,0704020027,143/*/7,0.22,1.0,OTHER,small,0,AG4,MLRmB1,TCB,44.0,35.2,value,35.2,0.0,0.0,0.0,,0,0,0.0,0.0,0.0,0.0,3916.0,3590.4,1,1
a978c4963ce4,Koppal,4D4A2,4D4A2M3d,Kalhalli,0704020027,84/*/*,1.7,0.0,OBC,small,1,AG4,HDLmB2,TCB,340.0,272.0,value,272.0,1.0,,0.0,,0,0,277.0,0.0,40.0,95.0,66048.0,36769.0,1,1
898b78902134,Koppal,4D4A2,4D4A2M3d,Kalhalli,0704020027,86/*/2,0.8,1.0,OBC,small,1,AG4,MLRmB1,TCB,160.0,128.0,value,128.0,0.0,0.0,0.0,,0,0,0.0,0.0,0.0,0.0,14240.0,13056.0,1,1
c5be8b71b69d,Koppal,4D4A2,4D4A2M3d,Kalhalli,0704020027,89/*/3,1.04,0.0,OBC,small,1,AG4,MLRmB1,TCB,208.0,166.4,value,166.4,1.0,,0.0,,0,0,277.0,0.0,0.0,0.0,50500.0,16972.8,1,1
33f7810dd86e,Koppal,4D4A2,4D4A2M3d,Kalhalli,0704020027,91/*/*,1.16,0.0,OBC,small,1,AG4,KSPiB1g1,TCB,231.99999999999997,186.91,value,186.91,1.0,1.0,0.0,,0,0,0.0,0.0,0.0,0.0,24047.999999999996,23867.82,1,1
f0e0dddfbba9,Koppal,4D4A2,4D4A2M3d,Kalhalli,0704020027,92/*/1,1.19,0.0,OBC,small,1,AG4,HDHhB1g2,TCB,238.0,139.39,value,139.39,1.0,,0.0,,0,0,0.0,0.0,0.0,0.0,24582.0,14217.779999999999,1,1
0c440d3963a3,Koppal,4D4A2,4D4A2M3d,Kalhalli,0704020027,95/*/3,1.8,0.0,OBC,small,1,AG4,KSPiB1g1,TCB,360.0,202.75,value,202.75,1.0,,0.0,,0,0,0.0,0.0,40.0,95.0,39240.0,29705.5,1,1
61435ad88c9b,Koppal,4D4A2,4D4A2M3d,Kalhalli,0704020027,97/*/2,1.98,0.0,OBC,small,1,AG4,KSPiB1g1,TCB,396.0,310.46,value,310.46,1.0,2.0,0.0,,0,0,0.0,0.0,0.0,0.0,38644.0,41302.92,1,1
61435ad88c9b,Koppal,4D4A2,4D4A2M3d,Kalhalli,0704020027,97/*/2,1.98,0.0,OBC,small,1,AG4,KSPiB1g1,TCB,396.0,0.0,value,0.0,1.0,,0.0,,0,0,0.0,0.0,0.0,0.0,38644.0,0.0,0,0
f2a33dc42eec,Koppal,4D4A2,4D4A2M3d,Kalhalli,0704020027,85/*/2,0.49,0.0,OBC,small,1,AG4,MLRmB1,TCB,98.0,78.4,value,78.4,0.0,0.0,0.0,,0,0,0.0,0.0,0.0,0.0,8722.0,7996.8,1,1
87cf5bafdc59,Koppal,4D4A2,4D4A2M3d,Kalhalli,0704020027,86/*/1,2.63,0.0,OBC,medium,1,AG4,MLRmB1,TCB,526.0,420.8,value,420.8,1.0,,0.0,,0,0,0.0,0.0,0.0,0.0,51314.0,42921.6,1,1
6c49906f5b81,Koppal,4D4A2,4D4A2M3d,Kalhalli,0704020027,86/*/4,0.8,1.0,OTHER,small,0,AG4,MLRmB1,TCB,160.0,128.0,value,128.0,0.0,1.0,0.0,,0,0,0.0,0.0,0.0,0.0,14240.0,17674.0,1,1
338adb28d3b3,Koppal,4D4A2,4D4A2M3d,Kalhalli,0704020027,86/*/6,0.8,0.0,OBC,small,1,AG4,MLRmB1,TCB,160.0,128.0,value,128.0,0.0,0.0,0.0,,0,0,0.0,0.0,0.0,0.0,14240.0,13056.0,1,1
88e65d6124ef,Koppal,4D4A2,4D4A2M3d,Kalhalli,0704020027,85/*/1,5.84,0.0,OBC,medium,1,AG4,MLRmB1,TCB,1168.0,934.4,value,934.4,1.0,,0.0,,0,0,277.0,277.0,40.0,95.0,139740.0,131756.8,1,1
d61493f780a1,Koppal,4D4A2,4D4A2M3d,Kalhalli,0704020027,86/*/3,1.83,1.0,OBC,small,1,AG4,MLRmB1,TCB,366.0,292.8,value,292.8,1.0,,0.0,,0,0,0.0,0.0,40.0,95.0,40874.0,38890.600000000006,1,1
af0a11423774,Koppal,4D4A2,4D4A2M3d,Kalhalli,0704020027,88/*/2,1.29,0.0,OBC,small,1,AG4,MLRmB1,TCB,258.0,206.4,value,206.4,1.0,,0.0,,0,0,0.0,0.0,40.0,95.0,31262.0,30077.8,1,1
e64259e2f1a4,Koppal,4D4A2,4D4A2M3d,Kalhalli,0704020027,88/*/5,0.37,0.0,OTHER,small,0,AG4,MLRmB1,TCB,74.0,0.0,value,0.0,0.0,0.0,0.0,,0,0,0.0,0.0,0.0,0.0,6586.0,0.0,0,0
d922ffb5bc13,Koppal,4D4A2,4D4A2M3d,Kalhalli,0704020027,88/*/6,1.26,1.0,OBC,small,0,AG4,MLRmB1,TCB,252.0,201.6,value,201.6,1.0,,0.0,,0,0,0.0,0.0,0.0,0.0,26928.0,20563.2,1,1
11b925c349dd,Koppal,4D4A2,4D4A2M3d,Kalhalli,0704020027,92/*/2,1.2,1.0,OBC,small,1,AG4,HDHhB1g2,TCB,240.0,158.4,value,158.4,1.0,,0.0,,0,0,0.0,0.0,0.0,0.0,24760.0,16156.800000000001,1,1
fadf1e1b3606,Koppal,4D4A2,4D4A2M3d,Kalhalli,0704020027,92/*/3,1.2,0.0,OTHER,small,0,AG4,HDHhB1g2,TCB,240.0,139.39,value,139.39,1.0,1.0,0.0,,0,0,0.0,0.0,0.0,0.0,24760.0,19020.78,1,1
3672328bd96d,Koppal,4D4A2,4D4A2M3d,Kalhalli,0704020027,89/*/1,0.98,1.0,OBC,small,1,AG4,MLRmB1,TCB,196.0,156.8,value,156.8,0.0,0.0,0.0,,0,0,0.0,0.0,0.0,0.0,17444.0,15993.6,1,1
057f746c3502,Koppal,4D4A2,4D4A2M3d,Kalhalli,0704020027,90/*/3,1.77,0.0,OBC,small,1,AG4,KSPiB2g2,TCB,354.0,399.17,value,399.17,1.0,1.0,0.0,,0,0,0.0,0.0,0.0,0.0,34906.0,45533.340000000004,1,1
f434c864e1fa,Koppal,4D4A2,4D4A2M3d,Kalhalli,0704020027,92/*/4,0.8,0.0,OTHER,small,0,AG4,HDHhB1g2,TCB,160.0,60.19,value,60.19,0.0,0.0,0.0,,0,0,0.0,0.0,0.0,0.0,9920.0,6139.38,1,1
159d94f2e109,Koppal,4D4A2,4D4A2M3d,Kalhalli,0704020027,95/*/1,2.96,0.0,OBC,medium,1,AG4,KSPiB1g1,TCB,592.0,0.0,value,0.0,1.0,,0.0,,0,0,0.0,0.0,0.0,0.0,56088.0,0.0,0,0
664e80e124b5,Koppal,4D4A2,4D4A2M3d,Kalhalli,0704020027,95/*/2,1.75,0.0,OBC,small,1,AG4,KSPiB1g1,TCB,350.0,145.73,value,145.73,1.0,1.0,0.0,,0,0,0.0,0.0,40.0,0.0,38350.0,19682.46,1,1
479cf8428aff,Koppal,4D4A2,4D4A2M3d,Kalhalli,0704020027,97/*/4,1.6,0.0,OBC,small,1,AG4,KSPiB1g1,TCB,320.0,0.0,value,0.0,1.0,,0.0,,0,0,0.0,0.0,40.0,95.0,35680.0,9025.0,1,1
a978c4963ce4,Koppal,4D4A2,4D4A2M3d,Kalhalli,0704020027,84/*/*,1.13,0.0,OBC,small,1,AG4,HDLmB2,TCB,225.99999999999997,180.8,value,180.8,1.0,,0.0,,0,0,0.0,0.0,0.0,0.0,24613.999999999996,18441.600000000002,1,1
886b3f6574a6,Koppal,4D4A2,4D4A2M3d,Kalhalli,0704020027,90/*/1,1.77,0.0,OBC,small,1,AG4,KSPiB2g2,TCB,354.0,335.81,value,335.81,1.0,2.0,0.0,,0,0,0.0,0.0,0.0,0.0,34906.0,43888.62,1,1
4083ca32a383,Koppal,4D4A2,4D4A2M3d,Kalhalli,0704020027,92/*/7,0.95,0.0,OBC,small,0,AG4,HDHhB1g2,TCB,190.0,139.39,value,139.39,0.0,1.0,0.0,,0,0,0.0,0.0,0.0,0.0,11780.0,19020.78,1,1
1dfb3405a93a,Koppal,4D4A2,4D4A2M3d,Kalhalli,0704020027,93/*/3,1.16,1.0,OBC,small,0,AG4,MKHhB2g2,TCB,231.99999999999997,177.41,value,177.41,1.0,1.0,0.0,,0,0,0.0,0.0,0.0,0.0,23147.999999999996,22898.82,1,1
cc66b1f6d9da,Koppal,4D4A2,4D4A2M3d,Kalhalli,0704020027,85/*/3,0.49,0.0,OTHER,small,0,AG4,MLRmB1,TCB,98.0,78.4,value,78.4,0.0,0.0,0.0,,0,0,0.0,0.0,0.0,0.0,8722.0,7996.8,1,1
f857349c4fd6,Koppal,4D4A2,4D4A2M3d,Kalhalli,0704020027,95/*/4,1.56,0.0,OBC,small,1,AG4,KSPiB1g1,TCB,312.0,145.73,value,145.73,1.0,1.0,0.0,,0,0,0.0,0.0,0.0,0.0,31168.0,19682.46,1,1
9531e9a07bc0,Koppal,4D4A2,4D4A2M3d,Kalhalli,0704020027,95/*/5,1.56,0.0,OBC,small,1,AG4,KSPiB1g1,TCB,312.0,177.41,value,177.41,1.0,1.0,0.0,,0,0,0.0,0.0,40.0,95.0,34968.0,31938.82,1,1
01244d7cacb5,Koppal,4D4A2,4D4A2M3d,Kalhalli,0704020027,90/*/4,1.77,0.0,OBC,small,1,AG4,KSPiB2g2,TCB,354.0,278.59,value,278.59,1.0,,0.0,,0,0,0.0,0.0,0.0,0.0,34906.0,28416.179999999997,1,1
0c440d3963a3,Koppal,4D4A2,4D4A2M3d,Kalhalli,0704020027,95/*/3,1.8,0.0,OBC,small,1,AG4,KSPiB1g1,TCB,360.0,0.0,value,0.0,1.0,,0.0,,0,0,0.0,0.0,40.0,95.0,39240.0,9025.0,1,1
bdd83cc11ebd,Koppal,4D4A2,4D4A2M3d,Kalhalli,0704020027,97/*/3,1.59,0.0,OBC,small,1,AG4,KSPiB1g1,TCB,318.0,0.0,value,0.0,1.0,,0.0,,0,0,0.0,0.0,40.0,0.0,35502.0,0.0,0,0
19fc9a2bb3d9,Koppal,4D4A2,4D4A2M3d,Kalhalli,0704020001,593/*/6,0.25,1.0,OBC,small,1,AG3,BGTmB2g3,TCB,50.0,40.0,value,40.0,0.0,0.0,0.0,,0,0,0.0,0.0,0.0,0.0,4450.0,4080.0,1,1
ece80e829437,Koppal,4D4A2,4D4A2M3d,Kalhalli,0704020001,593/*/7,0.25,1.0,OTHER,small,0,AG3,BGTmB2g3,TCB,50.0,40.0,value,40.0,0.0,0.0,0.0,,0,0,0.0,0.0,0.0,0.0,4450.0,4080.0,1,1
32f7c1cd1cd5,Koppal,4D4A2,4D4A2M3d,Kalhalli,0704020001,594/*/2,1.85,0.0,OBC,small,1,AG3,DVHcB2g2,TCB,370.0,394.42,value,394.42,1.0,2.0,0.0,,0,0,0.0,0.0,0.0,0.0,35430.0,26193.188000000002,1,1
b754cba77b78,Koppal,4D4A2,4D4A2M3d,Kalhalli,0704020001,592/*/*,0.68,0.0,OBC,small,1,AG3,BGTmB2g3,TCB,136.0,235.22,value,235.22,0.0,1.0,0.0,,0,0,0.0,0.0,0.0,0.0,12104.0,15050.307999999999,1,1
b754cba77b78,Koppal,4D4A2,4D4A2M3d,Kalhalli,0704020001,592/*/*,0.52,0.0,OTHER,small,0,AG3,BGTmB2g3,TCB,104.0,206.98,value,206.98,0.0,0.0,0.0,,0,0,0.0,0.0,0.0,0.0,9256.0,10638.771999999999,1,1
21bec8f1218d,Koppal,4D4A2,4D4A2M3d,Kalhalli,0704020001,593/*/1,1.76,0.0,OBC,small,1,AG3,BGTmB2g3,TCB,352.0,385.92,value,385.92,1.0,1.0,0.0,,0,0,0.0,0.0,40.0,0.0,39628.0,22796.288,1,1
da23d9e32983,Koppal,4D4A2,4D4A2M3d,Kalhalli,0704020001,595/*/3,0.47,0.0,OBC,small,1,AG3,DVHcB2g2,TCB,94.0,109.3,value,109.3,0.0,0.0,0.0,,0,0,0.0,0.0,0.0,0.0,4418.0,5618.0199999999995,1,1
2f46870b3177,Koppal,4D4A2,4D4A2M3d,Kalhalli,0704020001,596/*/4,0.78,0.0,OBC,small,1,AG3,DVHcB2g2,TCB,156.0,161.57,value,161.57,0.0,0.0,0.0,,0,0,0.0,0.0,0.0,0.0,7332.0,8304.698,1,1
5b9c5f5b0e7f,Koppal,4D4A2,4D4A2M3d,Kalhalli,0704020001,593/*/3,0.84,1.0,OBC,small,1,AG3,BGTmB2g3,TCB,168.0,235.22,value,235.22,0.0,0.0,0.0,,0,0,0.0,0.0,0.0,0.0,14952.0,12090.307999999999,1,1
5955ecb442a6,Koppal,4D4A2,4D4A2M3d,Kalhalli,0704020001,594/*/5,1.23,0.0,OBC,small,1,AG3,DVHcB2g2,TCB,246.0,196.8,value,196.8,1.0,,0.0,,0,0,0.0,0.0,40.0,95.0,28194.0,29098.600000000002,1,1
aa193dfece15,Koppal,4D4A2,4D4A2M3d,Kalhalli,0704020001,595/*/4,0.47,0.0,OBC,small,1,AG3,DVHcB2g2,TCB,94.0,80.89,value,80.89,0.0,0.0,0.0,,0,0,0.0,0.0,0.0,0.0,4418.0,4157.746,1,1
36ca0431b499,Koppal,4D4A2,4D4A2M3d,Kalhalli,0704020001,596/*/10,0.8,0.0,OBC,small,1,AG3,DVHcB2g2,TCB,160.0,66.53,value,66.53,0.0,0.0,0.0,,0,0,0.0,0.0,0.0,0.0,7520.0,3419.642,1,1
c21e23a8fa4e,Koppal,4D4A2,4D4A2M3d,Kalhalli,0704020001,596/*/9,0.69,0.0,OBC,small,1,AG3,DVHcB2g2,TCB,138.0,110.4,value,110.4,0.0,0.0,0.0,,0,0,0.0,0.0,0.0,0.0,6486.0,11260.800000000001,1,1
4f9ca2162140,Koppal,4D4A2,4D4A2M3d,Kalhalli,0704020001,597/*/*,0.75,0.0,OBC,small,1,AG3,BGTmB2g1,TCB,150.0,120.53,value,120.53,0.0,0.0,0.0,,0,0,0.0,0.0,0.0,0.0,13350.0,6195.242,1,1
4f9ca2162140,Koppal,4D4A2,4D4A2M3d,Kalhalli,0704020001,597/*/*,2.27,0.0,OTHER,small,0,AG3,BGTmB2g1,TCB,454.0,241.06,value,241.06,1.0,1.0,0.0,,0,0,0.0,0.0,40.0,0.0,48706.0,16601.484,1,1
4f9ca2162140,Koppal,4D4A2,4D4A2M3d,Kalhalli,0704020001,597/*/*,0.76,0.0,OBC,small,1,AG3,BGTmB2g1,TCB,152.0,120.38,value,120.38,0.0,1.0,0.0,,0,0,0.0,0.0,0.0,0.0,13528.0,10398.532,1,1
fc0d4da5a496,Koppal,4D4A2,4D4A2M3d,Kalhalli,0704020001,598/*/5,0.8,0.0,SC,small,1,AG3,GHTcB1g1,TCB,160.0,110.88,value,110.88,0.0,0.0,0.0,,0,0,0.0,0.0,0.0,0.0,9920.0,5699.232,1,1
ab913e2c7111,Koppal,4D4A2,4D4A2M3d,Kalhalli,0704020001,600/*/5,0.8,0.0,SC,small,1,AG3,MKHhB1,TCB,160.0,155.23,value,155.23,0.0,0.0,0.0,,0,0,0.0,0.0,0.0,0.0,7520.0,7978.821999999999,1,1
5c592cfa9a54,Koppal,4D4A2,4D4A2M3d,Kalhalli,0704020001,595/*/2,0.92,0.0,OBC,small,1,AG3,DVHcB2g2,TCB,184.0,66.53,value,66.53,0.0,1.0,0.0,,0,0,250.0,0.0,0.0,0.0,44605.0,6379.642,1,1
76718ec75f48,Koppal,4D4A2,4D4A2M3d,Kalhalli,0704020001,598/*/1,0.9,0.0,OTHER,small,0,AG3,GHTcB1g1,TCB,180.0,110.88,value,110.88,0.0,0.0,0.0,,0,0,0.0,0.0,0.0,0.0,11160.0,5699.232,1,1
1aeb3d11da80,Koppal,4D4A2,4D4A2M3d,Kalhalli,0704020001,598/*/2,0.2,0.0,OTHER,small,0,AG3,GHTcB1g1,TCB,40.0,32.0,value,32.0,0.0,0.0,0.0,,0,0,0.0,0.0,0.0,0.0,2480.0,3264.0,1,1
468e184fd420,Koppal,4D4A2,4D4A2M3d,Kalhalli,0704020001,599/*/*,1.28,0.0,SC,small,1,AG3,MKHhB1,TCB,256.0,291.46,value,291.46,1.0,,0.0,,0,0,0.0,0.0,40.0,0.0,29084.0,14981.043999999998,1,1
946d4b09f299,Koppal,4D4A2,4D4A2M3d,Kalhalli,0704020001,596/*/2,1.58,0.0,OBC,small,1,AG3,DVHcB2g2,TCB,316.0,0.0,value,0.0,1.0,,0.0,,0,0,0.0,0.0,40.0,0.0,34424.0,0.0,0,0
4f9ca2162140,Koppal,4D4A2,4D4A2M3d,Kalhalli,0704020001,597/*/*,1.13,0.0,OBC,small,1,AG3,BGTmB2g1,TCB,225.99999999999997,139.39,value,139.39,1.0,,0.0,,0,0,0.0,0.0,40.0,0.0,28413.999999999996,7164.645999999999,1,1
6c248ddb024a,Koppal,4D4A2,4D4A2M3d,Kalhalli,0704020001,598/*/4,0.8,0.0,OTHER,small,0,AG3,GHTcB1g1,TCB,160.0,120.53,value,120.53,0.0,0.0,0.0,,0,0,0.0,0.0,0.0,0.0,9920.0,6195.242,1,1
b062fb4d5f08,Koppal,4D4A2,4D4A2M3d,Kalhalli,0704020001,600/*/1,0.69,0.0,SC,small,1,AG3,MKHhB1,TCB,138.0,110.4,value,110.4,0.0,0.0,0.0,,0,0,0.0,0.0,0.0,0.0,6486.0,11260.800000000001,1,1
d690a7ace592,Koppal,4D4A2,4D4A2M3d,Kalhalli,0704020001,600/*/10,0.46,0.0,SC,small,1,AG3,MKHhB1,TCB,92.0,126.72,value,126.72,0.0,1.0,0.0,,0,0,0.0,0.0,0.0,0.0,4324.0,10340.408,1,1
468e184fd420,Koppal,4D4A2,4D4A2M3d,Kalhalli,0704020001,599/*/*,0.99,0.0,SC,small,1,AG3,MKHhB1,TCB,198.0,164.74,value,164.74,0.0,0.0,0.0,,0,0,0.0,0.0,40.0,0.0,13106.0,8467.636,1,1
468e184fd420,Koppal,4D4A2,4D4A2M3d,Kalhalli,0704020001,599/*/*,0.86,0.0,OBC,small,1,AG3,MKHhB1,TCB,172.0,145.73,value,145.73,0.0,0.0,0.0,,0,0,0.0,0.0,0.0,0.0,8084.0,7490.521999999999,1,1
74468d436b9f,Koppal,4D4A2,4D4A2M3d,Kalhalli,0704020001,600/*/12,0.34,0.0,OTHER,small,0,AG3,MKHhB1,TCB,68.0,145.73,value,145.73,0.0,1.0,0.0,,0,0,0.0,0.0,0.0,0.0,3196.0,11317.521999999999,1,1
3b12769499f5,Koppal,4D4A2,4D4A2M3d,Kalhalli,0704020001,600/*/4,0.6,0.0,OBC,small,1,AG3,MKHhB1,TCB,120.0,145.73,value,145.73,0.0,1.0,0.0,,0,0,0.0,0.0,0.0,0.0,5640.0,11317.521999999999,1,1
3b42af82d7e7,Koppal,4D4A2,4D4A2M3d,Kalhalli,0704020001,600/*/6,1.36,0.0,SC,small,1,AG3,MKHhB1,TCB,272.0,262.94,value,262.94,1.0,1.0,0.0,,0,0,0.0,0.0,0.0,0.0,26708.0,17342.116,1,1
84b5bba0abcf,Koppal,4D4A2,4D4A2M3d,Kalhalli,0704020001,600/*/7,0.28,0.0,OTHER,small,0,AG3,MKHhB1,TCB,56.00000000000001,125.72,value,125.72,0.0,0.0,0.0,,0,0,0.0,0.0,0.0,0.0,2632.0000000000005,6462.008,1,1
76c7cfebaed0,Koppal,4D4A2,4D4A2M3d,Kalhalli,0704020001,601/*/3,0.96,0.0,ST,small,1,AG3,HDHiB2g1,TCB,192.0,148.9,value,148.9,0.0,0.0,0.0,,0,0,0.0,0.0,0.0,0.0,17088.0,7653.46,1,1
e85e72a5e521,Koppal,4D4A2,4D4A2M3d,Kalhalli,0704020001,601/*/5,0.97,0.0,OTHER,small,0,AG3,HDHiB2g1,TCB,194.0,158.4,value,158.4,0.0,0.0,0.0,,0,0,0.0,0.0,0.0,0.0,17266.0,8141.76,1,1
ce6adf640894,Koppal,4D4A2,4D4A2M3d,Kalhalli,0704020001,603/*/3,1.11,1.0,OBC,small,1,AG3,HDHiB2g1,TCB,222.00000000000003,177.6,value,177.6,1.0,,0.0,,0,0,100.0,0.0,0.0,0.0,45856.0,18115.2,1,1
196ef4d30840,Koppal,4D4A2,4D4A2M3d,Kalhalli,0704020001,594/*/4,1.23,0.0,OBC,small,1,AG2,DVHcB2g2,TCB,246.0,197.21,value,197.21,1.0,2.0,0.0,,0,0,0.0,0.0,0.0,0.0,24394.0,16056.594000000001,1,1
97576736002b,Koppal,4D4A2,4D4A2M3d,Kalhalli,0704020001,596/*/3,0.78,1.0,OTHER,small,0,AG3,DVHcB2g2,TCB,156.0,123.55,value,123.55,0.0,1.0,0.0,,0,0,0.0,0.0,0.0,0.0,7332.0,9310.47,1,1
56278a157a15,Koppal,4D4A2,4D4A2M3d,Kalhalli,0704020001,596/*/5,1.82,0.0,OBC,small,1,AG3,DVHcB2g2,TCB,364.0,190.08,value,190.08,1.0,1.0,0.0,,0,0,0.0,0.0,40.0,0.0,38696.0,12730.112000000001,1,1
7108c2d07d69,Koppal,4D4A2,4D4A2M3d,Kalhalli,0704020001,601/*/4,1.1,0.0,OTHER,small,0,AG3,HDHiB2g1,TCB,220.00000000000003,158.4,value,158.4,1.0,,0.0,,0,0,0.0,0.0,0.0,0.0,24080.000000000004,8141.76,1,1
4335e6131ccf,Koppal,4D4A2,4D4A2M3d,Kalhalli,0704020001,598/*/6,1.6,0.0,OBC,small,1,AG3,GHTcB1g1,TCB,320.0,228.24,value,228.24,1.0,1.0,0.0,,0,0,0.0,0.0,0.0,0.0,31880.0,15942.536,1,1
24de17f00c73,Koppal,4D4A2,4D4A2M3d,Kalhalli,0704020001,601/*/6,1.37,0.0,OTHER,small,0,AG3,HDHiB2g1,TCB,274.0,158.4,value,158.4,1.0,,0.0,,0,0,0.0,0.0,0.0,0.0,28886.0,8141.76,1,1
2461628c5119,Koppal,4D4A2,4D4A2M3d,Kalhalli,0704020001,593/*/4,1.4,0.0,OBC,small,1,AG3,BGTmB2g3,TCB,280.0,291.72,value,291.72,1.0,1.0,0.0,,0,0,0.0,0.0,0.0,0.0,29420.0,17954.408000000003,1,1
4b84793fe0ac,Koppal,4D4A2,4D4A2M3d,Kalhalli,0704020001,593/*/5,1.81,0.0,OBC,small,1,AG3,BGTmB2g3,TCB,362.0,498.7,value,498.7,1.0,,0.0,,0,0,0.0,0.0,0.0,0.0,36718.0,25633.18,1,1
460b20266ef3,Koppal,4D4A2,4D4A2M3d,Kalhalli,0704020001,594/*/1,1.85,0.0,OBC,small,1,AG3,DVHcB2g2,TCB,370.0,266.11,value,266.11,1.0,1.0,0.0,,0,0,0.0,0.0,0.0,0.0,35430.0,16638.054,1,1
ba9fc2b991f3,Koppal,4D4A2,4D4A2M3d,Kalhalli,0704020001,594/*/3,1.23,0.0,OBC,small,1,AG3,DVHcB2g2,TCB,246.0,196.8,value,196.8,1.0,,0.0,,0,0,0.0,0.0,0.0,0.0,24394.0,20073.600000000002,1,1
e358dfc2e0df,Koppal,4D4A2,4D4A2M3d,Kalhalli,0704020001,595/*/1,0.92,0.0,OTHER,small,0,AG3,DVHcB2g2,TCB,184.0,80.78,value,80.78,0.0,0.0,0.0,,0,0,0.0,0.0,0.0,0.0,8648.0,4152.092,1,1
7aac66a82e21,Koppal,4D4A2,4D4A2M3d,Kalhalli,0704020001,596/*/6,1.84,1.0,OBC,small,1,AG3,DVHcB2g2,TCB,368.0,182.95,value,182.95,1.0,1.0,0.0,,0,0,0.0,0.0,0.0,0.0,35252.0,12363.63,1,1
61f23f83b5d3,Koppal,4D4A2,4D4A2M3d,Kalhalli,0704020001,603/*/4,0.8,0.0,OTHER,small,0,AG3,HDHiB2g1,TCB,160.0,140.0,value,140.0,0.0,0.0,0.0,,0,0,0.0,0.0,0.0,0.0,14240.0,14280.0,1,1
5cdf16e1b7be,Koppal,4D4A2,4D4A2M3d,Kalhalli,0704020001,603/*/5,1.6,0.0,OBC,small,1,AG3,HDHiB2g1,TCB,320.0,256.0,value,256.0,1.0,,0.0,,0,0,277.0,0.0,0.0,0.0,72933.0,26112.0,1,1
ec073d28d924,Koppal,4D4A2,4D4A2M3d,Kalhalli,0704020001,625/*/4,0.53,1.0,OBC,small,1,AG3,MKHhB1,TCB,106.0,84.8,value,84.8,0.0,0.0,0.0,,0,0,0.0,0.0,0.0,0.0,4982.0,8649.6,1,1
3e3344b0590e,Koppal,4D4A2,4D4A2M3d,Kalhalli,0704020001,628/*/3,1.6,0.0,OTHER,small,0,AG3,MKHhB1,TCB,320.0,145.73,value,145.73,1.0,1.0,0.0,,0,0,0.0,0.0,0.0,0.0,30980.0,11318.521999999999,1,1
00413d83367f,Koppal,4D4A2,4D4A2M3d,Kalhalli,0704020001,600/*/14,0.8,1.0,SC,small,1,AG3,MKHhB1,TCB,160.0,126.72,value,126.72,0.0,1.0,0.0,,0,0,0.0,0.0,0.0,0.0,7520.0,10340.408,1,1
10e125182d2e,Koppal,4D4A2,4D4A2M3d,Kalhalli,0704020001,600/*/9,0.46,0.0,SC,small,1,AG3,MKHhB1,TCB,92.0,73.6,value,73.6,0.0,0.0,0.0,,0,0,0.0,0.0,0.0,0.0,4324.0,7507.2,1,1
53cd75541179,Koppal,4D4A2,4D4A2M3d,Kalhalli,0704020001,601/*/1,2.83,0.0,OBC,medium,1,AG3,HDHiB2g1,TCB,566.0,529.06,value,529.06,1.0,3.0,0.0,,0,0,0.0,0.0,0.0,0.0,54874.0,38674.683999999994,1,1
7026f16c204d,Koppal,4D4A2,4D4A2M3d,Kalhalli,0704020001,629/*/*,0.96,0.0,OTHER,small,0,AG3,GHTcB1g1,TCB,192.0,148.9,value,148.9,0.0,0.0,0.0,,0,0,249.0,0.0,0.0,0.0,47861.0,7653.46,1,1
7026f16c204d,Koppal,4D4A2,4D4A2M3d,Kalhalli,0704020001,629/*/*,0.96,0.0,OTHER,small,0,AG3,GHTcB1g1,TCB,192.0,139.39,value,139.39,0.0,0.0,0.0,,0,0,249.0,0.0,0.0,0.0,47861.0,7164.645999999999,1,1
7026f16c204d,Koppal,4D4A2,4D4A2M3d,Kalhalli,0704020001,629/*/*,2.0,1.0,OBC,small,1,AG3,GHTcB1g1,TCB,400.0,253.44,value,253.44,1.0,,1.0,1.0,0,1,0.0,0.0,0.0,0.0,246000.0,253794.816,1,1
fc3d8c90cd3e,Koppal,4D4A2,4D4A2M3d,Kalhalli,0704020001,630/*/4,0.7,1.0,OBC,small,1,AG3,GHTcB1g1,TCB,140.0,120.53,value,120.53,0.0,0.0,0.0,,0,0,0.0,0.0,0.0,0.0,8680.0,6195.242,1,1
f4fd59ce2e30,Koppal,4D4A2,4D4A2M3d,Kalhalli,0704020001,601/*/2,1.1,0.0,OBC,small,1,AG3,HDHiB2g1,TCB,220.00000000000003,148.9,value,148.9,1.0,,0.0,,0,0,0.0,0.0,40.0,0.0,27880.000000000004,7653.46,1,1
e8732007ea99,Koppal,4D4A2,4D4A2M3d,Kalhalli,0704020001,603/*/1,2.37,0.0,OBC,small,1,AG3,HDHiB2g1,TCB,474.0,0.0,value,0.0,1.0,,0.0,,0,0,277.0,0.0,0.0,0.0,86639.0,0.0,0,0
96a961e9d3dc,Koppal,4D4A2,4D4A2M3d,Kalhalli,0704020001,632/*/1,1.4,0.0,OBC,small,1,AG3,GHTcB1g1,TCB,280.0,120.38,value,120.38,1.0,,0.0,,0,0,0.0,0.0,40.0,0.0,32120.0,6187.531999999999,1,1
be2248d352c2,Koppal,4D4A2,4D4A2M3d,Kalhalli,0704020001,635/*/4,1.24,0.0,OBC,small,1,AG3,KTPiB1,TCB,248.0,234.43,value,234.43,1.0,1.0,0.0,,0,0,0.0,0.0,0.0,0.0,25472.0,15876.702,1,1
15112c0e22b7,Koppal,4D4A2,4D4A2M3d,Kalhalli,0704020001,626/*/3,0.28,0.0,OBC,small,1,AG3,MKHhB1,TCB,56.00000000000001,44.8,value,44.8,0.0,0.0,0.0,,0,0,0.0,0.0,0.0,0.0,2632.0000000000005,4569.599999999999,1,1
bdb84c58588e,Koppal,4D4A2,4D4A2M3d,Kalhalli,0704020001,626/*/5,0.24,1.0,OTHER,small,0,AG3,MKHhB1,TCB,48.0,158.4,value,158.4,0.0,0.0,0.0,,0,0,0.0,0.0,0.0,0.0,2256.0,8141.76,1,1
a115e3f85872,Koppal,4D4A2,4D4A2M3d,Kalhalli,0704020001,625/*/2,0.2,0.0,OBC,small,1,AG3,MKHhB1,TCB,40.0,32.0,value,32.0,0.0,0.0,0.0,,0,0,0.0,0.0,0.0,0.0,1880.0,3264.0,1,1
f57af741bc9d,Koppal,4D4A2,4D4A2M3d,Kalhalli,0704020001,626/*/2,1.49,0.0,OBC,small,1,AG3,MKHhB1,TCB,298.0,342.14,value,342.14,1.0,2.0,0.0,,0,0,0.0,0.0,0.0,0.0,29022.0,25239.996,1,1
bd368a58b5c3,Koppal,4D4A2,4D4A2M3d,Kalhalli,0704020001,627/*/7,0.29,1.0,OBC,small,1,AG3,MKHhB1,TCB,57.99999999999999,46.4,value,46.4,0.0,0.0,0.0,,0,0,0.0,0.0,0.0,0.0,2725.9999999999995,4732.8,1,1
7026f16c204d,Koppal,4D4A2,4D4A2M3d,Kalhalli,0704020001,629/*/*,3.77,0.0,OBC,small,1,AG3,GHTcB1g1,TCB,754.0,338.98,value,338.98,1.0,1.0,0.0,,0,0,0.0,0.0,0.0,0.0,70006.0,21251.572,1,1
2ada5d9273fd,Koppal,4D4A2,4D4A2M3d,Kalhalli,0704020001,630/*/1,0.44,0.0,OBC,small,1,AG3,GHTcB1g1,TCB,88.0,101.38,value,101.38,0.0,0.0,0.0,,0,0,0.0,0.0,0.0,0.0,5456.0,5210.932,1,1
7662c8d70603,Koppal,4D4A2,4D4A2M3d,Kalhalli,0704020001,626/*/7,0.4,1.0,OBC,small,1,AG3,MKHhB1,TCB,80.0,107.71,value,107.71,0.0,0.0,0.0,,0,0,0.0,0.0,0.0,0.0,3760.0,5536.294,1,1
5c5d494cab7b,Koppal,4D4A2,4D4A2M3d,Kalhalli,0704020001,627/*/3,0.96,1.0,OBC,small,1,AG3,MKHhB1,TCB,192.0,153.6,value,153.6,0.0,0.0,0.0,,0,0,0.0,0.0,0.0,0.0,9024.0,15667.199999999999,1,1
946ba9b54d0b,Koppal,4D4A2,4D4A2M3d,Kalhalli,0704020001,628/*/1,2.4,0.0,OBC,medium,1,AG3,MKHhB1,TCB,480.0,296.67,value,296.67,1.0,2.0,0.0,,0,0,0.0,0.0,0.0,0.0,45220.0,22904.838,1,1
a68d2b8ee6f0,Koppal,4D4A2,4D4A2M3d,Kalhalli,0704020001,631/*/1,0.8,0.0,OBC,small,1,AG3,GHTcB1g1,TCB,160.0,101.38,value,101.38,0.0,0.0,0.0,,0,0,0.0,0.0,0.0,0.0,9920.0,5210.932,1,1
03387368c831,Koppal,4D4A2,4D4A2M3d,Kalhalli,0704020001,633/*/6,0.8,0.0,OBC,small,1,AG3,KTPiB1,TCB,160.0,0.0,value,0.0,0.0,0.0,0.0,,0,0,0.0,0.0,0.0,0.0,9920.0,0.0,0,0
cfae1f0e6736,Koppal,4D4A2,4D4A2M3d,Kalhalli,0704020001,636/*/*,1.05,1.0,OTHER,small,0,AG3,DVHcB2g2,TCB,210.0,102.1,value,102.1,1.0,,0.0,,0,0,0.0,0.0,0.0,0.0,21190.0,5247.94,1,1
cfae1f0e6736,Koppal,4D4A2,4D4A2M3d,Kalhalli,0704020001,636/*/*,0.78,0.0,OBC,small,1,AG3,DVHcB2g2,TCB,156.0,147.42,value,147.42,0.0,0.0,0.0,,0,0,0.0,0.0,0.0,0.0,7332.0,7577.387999999999,1,1
27f7763f6930,Koppal,4D4A2,4D4A2M3d,Kalhalli,0704020001,626/*/8,0.67,0.0,OBC,small,1,AG3,MKHhB1,TCB,134.0,107.2,value,107.2,0.0,0.0,0.0,,0,0,0.0,0.0,0.0,0.0,6298.0,10934.4,1,1
e066d4201e8f,Koppal,4D4A2,4D4A2M3d,Kalhalli,0704020001,627/*/1,0.95,0.0,OBC,small,1,AG3,MKHhB1,TCB,190.0,126.72,value,126.72,0.0,0.0,0.0,,0,0,0.0,0.0,0.0,0.0,8930.0,6513.407999999999,1,1
b754cba77b78,Koppal,4D4A2,4D4A2M3d,Kalhalli,0704020001,592/*/*,0.67,0.0,OBC,small,1,AG3,BGTmB2g3,TCB,134.0,178.94,value,178.94,0.0,1.0,0.0,,0,0,0.0,0.0,0.0,0.0,11926.0,12157.516,1,1
b754cba77b78,Koppal,4D4A2,4D4A2M3d,Kalhalli,0704020001,592/*/*,0.52,1.0,OBC,small,1,AG3,BGTmB2g3,TCB,104.0,178.94,value,178.94,0.0,0.0,0.0,,0,0,0.0,0.0,0.0,0.0,9256.0,9197.516,1,1
26369b7ba101,Koppal,4D4A2,4D4A2M3d,Kalhalli,0704020001,627/*/6,0.56,1.0,OBC,small,1,AG3,MKHhB1,TCB,112.00000000000001,253.44,value,253.44,0.0,0.0,0.0,,0,0,0.0,0.0,0.0,0.0,5264.000000000001,13026.815999999999,1,1
8db35c8cb7b3,Koppal,4D4A2,4D4A2M3d,Kalhalli,0704020001,630/*/3,1.2,0.0,OBC,small,1,AG3,GHTcB1g1,TCB,240.0,110.88,value,110.88,1.0,,0.0,,0,0,0.0,0.0,0.0,0.0,24760.0,5699.232,1,1
588e90b4eed6,Koppal,4D4A2,4D4A2M3d,Kalhalli,0704020001,630/*/5,0.8,0.0,OBC,small,1,AG3,GHTcB1g1,TCB,160.0,110.88,value,110.88,0.0,0.0,0.0,,0,0,0.0,0.0,0.0,0.0,9920.0,5699.232,1,1
05f729f3be86,Koppal,4D4A2,4D4A2M3d,Kalhalli,0704020001,595/*/5,0.9,0.0,OTHER,small,0,AG3,DVHcB2g2,TCB,180.0,234.43,value,234.43,0.0,1.0,0.0,,0,0,0.0,0.0,0.0,0.0,8460.0,15009.702,1,1
80aa3f553ce5,Koppal,4D4A2,4D4A2M3d,Kalhalli,0704020001,596/*/7,0.8,0.0,OBC,small,1,AG3,DVHcB2g2,TCB,160.0,45.14,value,45.14,0.0,0.0,0.0,,0,0,0.0,0.0,0.0,0.0,7520.0,2320.196,1,1
c551c4758c36,Koppal,4D4A2,4D4A2M3d,Kalhalli,0704020001,596/*/8,0.64,1.0,OBC,small,1,AG3,DVHcB2g2,TCB,128.0,102.4,value,102.4,0.0,0.0,0.0,,0,0,0.0,0.0,0.0,0.0,6016.0,10444.800000000001,1,1
92d2555d1faa,Koppal,4D4A2,4D4A2M3d,Kalhalli,0704020001,598/*/3,2.71,0.0,OBC,medium,1,AG3,GHTcB1g1,TCB,542.0,440.35,value,440.35,1.0,3.0,0.0,,0,0,0.0,0.0,0.0,0.0,51138.0,35266.990000000005,1,1
22554c75f41b,Koppal,4D4A2,4D4A2M3d,Kalhalli,0704020001,631/*/3,0.8,0.0,OBC,small,1,AG3,GHTcB1g1,TCB,160.0,110.88,value,110.88,0.0,0.0,0.0,,0,0,0.0,0.0,0.0,0.0,9920.0,5699.232,1,1
03387368c831,Koppal,4D4A2,4D4A2M3d,Kalhalli,0704020001,633/*/6,0.8,0.0,OBC,small,1,AG3,KTPiB1,TCB,160.0,139.39,value,139.39,0.0,0.0,0.0,,0,0,0.0,0.0,0.0,0.0,9920.0,7164.645999999999,1,1
cb60f81bb212,Koppal,4D4A2,4D4A2M3d,Kalhalli,0704020001,634/*/2,0.77,0.0,OBC,small,1,AG3,KTPiB1,TCB,154.0,107.71,value,107.71,0.0,0.0,0.0,,0,0,0.0,0.0,0.0,0.0,9548.0,5536.294,1,1
e603f24e9883,Koppal,4D4A2,4D4A2M3d,Kalhalli,0704020001,634/*/5,0.79,0.0,OBC,small,1,AG3,KTPiB1,TCB,158.0,126.72,value,126.72,0.0,0.0,0.0,,0,0,0.0,0.0,0.0,0.0,9796.0,6513.407999999999,1,1
1c0b0b4e645f,Koppal,4D4A2,4D4A2M3d,Kalhalli,0704020001,626/*/4,1.45,0.0,SC,small,1,AG3,MKHhB1,TCB,290.0,218.59,value,218.59,1.0,,0.0,,0,0,0.0,0.0,40.0,0.0,32110.0,11235.526,1,1
83c2fb7044d1,Koppal,4D4A2,4D4A2M3d,Kalhalli,0704020001,626/*/6,0.03,0.0,OTHER,small,0,AG3,MKHhB1,TCB,6.0,4.8,value,4.8,0.0,0.0,0.0,,0,0,0.0,0.0,0.0,0.0,282.0,489.59999999999997,1,1
11eaffe51888,Koppal,4D4A2,4D4A2M3d,Kalhalli,0704020001,627/*/2,1.48,0.0,OTHER,small,0,AG3,MKHhB1,TCB,296.0,139.39,value,139.39,1.0,,0.0,,0,0,0.0,0.0,0.0,0.0,28844.0,7164.645999999999,1,1
8eea898a111d,Koppal,4D4A2,4D4A2M3d,Kalhalli,0704020001,634/*/6,0.8,0.0,OBC,small,1,AG3,KTPiB1,TCB,160.0,117.22,value,117.22,0.0,0.0,1.0,1.0,0,0,0.0,0.0,0.0,0.0,119920.0,101025.10800000001,1,1
cfae1f0e6736,Koppal,4D4A2,4D4A2M3d,Kalhalli,0704020001,636/*/*,0.53,0.0,OBC,small,1,AG3,DVHcB2g2,TCB,106.0,85.64,value,85.64,0.0,0.0,0.0,,0,0,0.0,0.0,0.0,0.0,4982.0,4401.896,1,1
e55c89806dcf,Koppal,4D4A2,4D4A2M3d,Kalhalli,0704020001,630/*/7,0.65,0.0,OBC,small,1,AG3,GHTcB1g1,TCB,130.0,110.88,value,110.88,0.0,1.0,0.0,,0,0,0.0,0.0,0.0,0.0,8060.0,9910.232,1,1
ee7832be18fd,Koppal,4D4A2,4D4A2M3d,Kalhalli,0704020001,632/*/2,1.4,0.0,OBC,small,1,AG3,GHTcB1g1,TCB,280.0,129.89,value,129.89,1.0,1.0,0.0,,0,0,0.0,0.0,40.0,0.0,32120.0,10888.346,1,1
a71e430d1268,Koppal,4D4A2,4D4A2M3d,Kalhalli,0704020001,633/*/3,0.8,0.0,OBC,small,1,AG3,KTPiB1,TCB,160.0,148.9,value,148.9,0.0,1.0,0.0,,0,0,0.0,0.0,0.0,0.0,9920.0,11865.46,1,1
0412a4f931ae,Koppal,4D4A2,4D4A2M3d,Kalhalli,0704020001,633/*/4,0.8,0.0,OBC,small,1,AG3,KTPiB1,TCB,160.0,139.39,value,139.39,0.0,0.0,0.0,,0,0,0.0,0.0,0.0,0.0,9920.0,7164.645999999999,1,1
fdf2674eead7,Koppal,4D4A2,4D4A2M3d,Kalhalli,0704020001,600/*/11,0.76,0.0,OBC,small,1,AG3,MKHhB1,TCB,152.0,121.6,value,121.6,0.0,0.0,0.0,,0,0,0.0,0.0,0.0,0.0,7144.0,12403.199999999999,1,1
0b715b48c416,Koppal,4D4A2,4D4A2M3d,Kalhalli,0704020001,600/*/13,0.35,0.0,OTHER,small,0,AG3,MKHhB1,TCB,70.0,56.0,value,56.0,0.0,0.0,0.0,,0,0,0.0,0.0,0.0,0.0,3290.0,5712.0,1,1
dd2a0d3da3e7,Koppal,4D4A2,4D4A2M3d,Kalhalli,0704020001,600/*/2,0.68,0.0,OTHER,small,0,AG3,MKHhB1,TCB,136.0,126.72,value,126.72,0.0,0.0,0.0,,0,0,0.0,0.0,0.0,0.0,6392.0,6513.407999999999,1,1
d0b8fec52c6c,Koppal,4D4A2,4D4A2M3d,Kalhalli,0704020001,600/*/8,0.23,0.0,OTHER,small,0,AG3,MKHhB1,TCB,46.0,36.8,value,36.8,0.0,0.0,0.0,,0,0,0.0,0.0,0.0,0.0,2162.0,3753.6,1,1
fc65ab242cf8,Koppal,4D4A2,4D4A2M3d,Kalhalli,0704020001,628/*/4,1.1,1.0,OTHER,small,0,AG3,MKHhB1,TCB,220.00000000000003,167.9,value,167.9,1.0,,0.0,,0,0,0.0,0.0,0.0,0.0,22080.000000000004,8630.06,1,1
a087371910d7,Koppal,4D4A2,4D4A2M3d,Kalhalli,0704020001,631/*/2,0.8,0.0,OBC,small,1,AG3,GHTcB1g1,TCB,160.0,120.38,value,120.38,0.0,0.0,0.0,,0,0,0.0,0.0,0.0,0.0,9920.0,6187.531999999999,1,1
dcf28ffc27a8,Koppal,4D4A2,4D4A2M3d,Kalhalli,0704020001,631/*/6,1.41,0.0,OBC,small,1,AG3,GHTcB1g1,TCB,282.0,139.39,value,139.39,1.0,1.0,0.0,,0,0,0.0,0.0,0.0,0.0,28498.0,11376.645999999999,1,1
7a37565d231c,Koppal,4D4A2,4D4A2M3d,Kalhalli,0704020001,633/*/2,1.45,1.0,OBC,small,1,AG3,KTPiB1,TCB,290.0,139.39,value,139.39,1.0,1.0,0.0,,0,0,0.0,0.0,0.0,0.0,29210.0,11376.645999999999,1,1
a71e430d1268,Koppal,4D4A2,4D4A2M3d,Kalhalli,0704020001,633/*/3,0.8,0.0,OBC,small,1,AG3,KTPiB1,TCB,160.0,0.0,value,0.0,0.0,0.0,0.0,,0,0,0.0,0.0,0.0,0.0,9920.0,0.0,0,0
5bdb12e22b99,Koppal,4D4A2,4D4A2M3d,Kalhalli,0704020001,635/*/2,1.18,1.0,OBC,small,1,AG3,KTPiB1,TCB,236.0,243.94,value,243.94,1.0,,0.0,,0,0,0.0,0.0,40.0,0.0,28204.0,12538.516,1,1
cfae1f0e6736,Koppal,4D4A2,4D4A2M3d,Kalhalli,0704020001,636/*/*,0.78,0.0,OBC,small,1,AG3,DVHcB2g2,TCB,156.0,159.3,value,159.3,0.0,0.0,0.0,,0,0,0.0,0.0,0.0,0.0,7332.0,8188.02,1,1
803d2a8bb098,Koppal,4D4A2,4D4A2M3d,Kalhalli,0704020001,633/*/8,0.72,0.0,OBC,small,1,AG3,KTPiB1,TCB,144.0,120.53,value,120.53,0.0,0.0,0.0,,0,0,0.0,0.0,0.0,0.0,8928.0,6195.242,1,1
2168cf1490a6,Koppal,4D4A2,4D4A2M3d,Kalhalli,0704020001,634/*/1,0.77,0.0,OTHER,small,0,AG3,KTPiB1,TCB,154.0,107.86,value,107.86,0.0,0.0,0.0,,0,0,0.0,0.0,0.0,0.0,9548.0,5544.004,1,1
d27903ab9b96,Koppal,4D4A2,4D4A2M3d,Kalhalli,0704020001,635/*/*,2.0,0.0,OBC,small,1,AG3,KTPiB1,TCB,400.0,266.11,value,266.11,1.0,1.0,0.0,,0,0,0.0,0.0,0.0,0.0,39000.0,17890.054,1,1
d27903ab9b96,Koppal,4D4A2,4D4A2M3d,Kalhalli,0704020001,635/*/*,0.8,1.0,OTHER,small,0,AG3,KTPiB1,TCB,160.0,133.06,value,133.06,0.0,0.0,0.0,,0,0,0.0,0.0,0.0,0.0,9920.0,6839.284,1,1
cfae1f0e6736,Koppal,4D4A2,4D4A2M3d,Kalhalli,0704020001,636/*/*,1.62,0.0,OTHER,small,0,AG3,DVHcB2g2,TCB,324.0,152.03,value,152.03,1.0,,0.0,,0,0,0.0,0.0,0.0,0.0,31336.0,7814.342,1,1
b754cba77b78,Koppal,4D4A2,4D4A2M3d,Kalhalli,0704020001,592/*/*,0.51,0.0,OBC,small,1,AG3,BGTmB2g3,TCB,102.0,122.23,value,122.23,0.0,1.0,0.0,,0,0,0.0,0.0,0.0,0.0,9078.0,9242.622,1,1
a06ac84906f0,Koppal,4D4A2,4D4A2M3d,Kalhalli,0704020001,593/*/2,0.84,1.0,OBC,small,1,AG3,BGTmB2g3,TCB,168.0,319.97,value,319.97,0.0,1.0,0.0,,0,0,0.0,0.0,0.0,0.0,14952.0,19406.458000000002,1,1
196ef4d30840,Koppal,4D4A2,4D4A2M3d,Kalhalli,0704020001,594/*/4,1.23,0.0,OBC,small,1,AG3,DVHcB2g2,TCB,246.0,123.55,value,123.55,1.0,1.0,0.0,,0,0,0.0,0.0,0.0,0.0,24394.0,9310.47,1,1
4f9ca2162140,Koppal,4D4A2,4D4A2M3d,Kalhalli,0704020001,597/*/*,0.76,0.0,OBC,small,1,AG3,BGTmB2g1,TCB,152.0,129.89,value,129.89,0.0,0.0,0.0,,0,0,0.0,0.0,0.0,0.0,13528.0,6676.346,1,1
4f9ca2162140,Koppal,4D4A2,4D4A2M3d,Kalhalli,0704020001,597/*/*,1.13,0.0,OBC,small,1,AG3,BGTmB2g1,TCB,225.99999999999997,129.89,value,129.89,1.0,1.0,0.0,,0,0,0.0,0.0,40.0,0.0,28413.999999999996,10887.346,1,1
decf850e5edf,Koppal,4D4A2,4D4A2M3d,Kalhalli,0704020001,625/*/3,5.36,1.0,OTHER,medium,0,AG3,MKHhB1,TCB,1072.0,857.6,value,857.6,1.0,,0.0,,0,0,0.0,0.0,0.0,0.0,97908.0,87475.2,1,1
ec073d28d924,Koppal,4D4A2,4D4A2M3d,Kalhalli,0704020001,625/*/4,0.53,0.0,OBC,small,1,AG3,MKHhB1,TCB,106.0,84.8,value,84.8,0.0,0.0,0.0,,0,0,0.0,0.0,0.0,0.0,4982.0,8649.6,1,1
a81d8cd327e5,Koppal,4D4A2,4D4A2M3d,Kalhalli,0704020001,627/*/4,1.97,0.0,OTHER,small,0,AG3,MKHhB1,TCB,394.0,167.9,value,167.9,1.0,,0.0,,0,0,0.0,0.0,0.0,0.0,37566.0,8630.06,1,1
019299cab1d7,Koppal,4D4A2,4D4A2M3d,Kalhalli,0704020001,627/*/5,0.51,0.0,OTHER,small,0,AG3,MKHhB1,TCB,102.0,139.39,value,139.39,0.0,0.0,0.0,,0,0,0.0,0.0,0.0,0.0,4794.0,7164.645999999999,1,1
4f9ca2162140,Koppal,4D4A2,4D4A2M3d,Kalhalli,0704020001,597/*/*,1.69,0.0,OTHER,small,1,AG3,BGTmB2g1,TCB,338.0,269.28,value,269.28,1.0,1.0,0.0,,0,0,0.0,0.0,40.0,0.0,38382.0,18051.992,1,1
468e184fd420,Koppal,4D4A2,4D4A2M3d,Kalhalli,0704020001,599/*/*,1.15,0.0,OTHER,small,1,AG3,MKHhB1,TCB,229.99999999999997,253.44,value,253.44,1.0,1.0,0.0,,0,0,0.0,0.0,40.0,0.0,26769.999999999996,16853.816,1,1
7026f16c204d,Koppal,4D4A2,4D4A2M3d,Kalhalli,0704020001,629/*/*,2.0,1.0,OTHER,small,1,AG3,GHTcB1g1,TCB,400.0,320.0,value,320.0,1.0,,0.0,,0,0,0.0,0.0,0.0,0.0,38500.0,32640.0,1,1
8a85b1a8c39c,Koppal,4D4A2,4D4A2M3d,Kalhalli,0704020001,630/*/2,0.8,1.0,OTHER,small,1,AG3,GHTcB1g1,TCB,160.0,110.88,value,110.88,0.0,0.0,0.0,,0,0,0.0,0.0,0.0,0.0,9920.0,5699.232,1,1
9db92d64755b,Koppal,4D4A2,4D4A2M3d,Kalhalli,0704020001,603/*/2,1.14,0.0,ST,small,1,AG3,HDHiB2g1,TCB,227.99999999999997,182.4,value,182.4,1.0,,0.0,,0,0,0.0,0.0,40.0,95.0,28591.999999999996,27629.8,1,1
a425617f96f8,Koppal,4D4A2,4D4A2M3d,Kalhalli,0704020001,633/*/1,0.72,0.0,OBC,small,1,AG3,KTPiB1,TCB,144.0,129.89,value,129.89,0.0,0.0,0.0,,0,0,0.0,0.0,0.0,0.0,8928.0,6676.346,1,1
305e11f903b4,Koppal,4D4A2,4D4A2M3d,Kalhalli,0704020001,633/*/5,0.8,0.0,OBC,small,1,AG3,KTPiB1,TCB,160.0,139.39,value,139.39,0.0,0.0,0.0,,0,0,0.0,0.0,0.0,0.0,9920.0,7164.645999999999,1,1
c54f7fda13fb,Koppal,4D4A2,4D4A2M3d,Kalhalli,0704020001,633/*/7,0.8,0.0,OBC,small,1,AG3,KTPiB1,TCB,160.0,139.39,value,139.39,0.0,0.0,0.0,,0,0,0.0,0.0,0.0,0.0,9920.0,7164.645999999999,1,1
d27903ab9b96,Koppal,4D4A2,4D4A2M3d,Kalhalli,0704020001,635/*/*,1.1,1.0,OBC,small,1,AG3,KTPiB1,TCB,220.00000000000003,117.22,value,117.22,1.0,,0.0,,0,0,0.0,0.0,0.0,0.0,22980.000000000004,6025.108,1,1
cfae1f0e6736,Koppal,4D4A2,4D4A2M3d,Kalhalli,0704020001,636/*/*,0.52,1.0,OTHER,small,0,AG3,DVHcB2g2,TCB,104.0,102.17,value,102.17,0.0,1.0,0.0,,0,0,0.0,0.0,0.0,0.0,4888.0,8211.538,1,1
cb251ab28a37,Koppal,4D4A2,4D4A2M3d,Kalhalli,0704020001,596/*/1,0.67,0.0,OTHER,small,1,AG3,DVHcB2g2,TCB,134.0,232.85,value,232.85,0.0,0.0,0.0,,0,0,0.0,0.0,0.0,0.0,6298.0,11968.49,1,1
0253d2e4fc83,Koppal,4D4A2,4D4A2M3d,Kalhalli,0704020001,626/*/1,1.08,0.0,OBC,small,1,AG3,MKHhB1,TCB,216.0,107.71,value,107.71,1.0,,0.0,,0,0,0.0,0.0,40.0,0.0,25524.0,5536.294,1,1
4f9ca2162140,Koppal,4D4A2,4D4A2M3d,Kalhalli,0704020001,597/*/*,1.69,0.0,OBC,small,1,AG3,BGTmB2g1,TCB,338.0,335.95,value,335.95,1.0,,0.0,,0,0,0.0,0.0,40.0,0.0,38382.0,17267.829999999998,1,1
0483e89928f9,Koppal,4D4A2,4D4A2M3d,Kalhalli,0704020001,600/*/3,0.63,0.0,OTHER,small,0,AG3,MKHhB1,TCB,126.0,100.8,value,100.8,0.0,0.0,0.0,,0,0,0.0,0.0,0.0,0.0,5922.0,10281.6,1,1
53cd75541179,Koppal,4D4A2,4D4A2M3d,Kalhalli,0704020001,601/*/1,2.83,0.0,OBC,medium,1,AG3,HDHiB2g1,TCB,566.0,529.06,value,529.06,1.0,,0.0,,0,0,0.0,0.0,0.0,0.0,54874.0,53964.119999999995,1,1
cebabf127f6a,Koppal,4D4A2,4D4A2M3d,Kalhalli,0704020001,628/*/2,1.6,0.0,OBC,small,1,AG3,MKHhB1,TCB,320.0,256.0,value,256.0,1.0,,0.0,,0,0,0.0,0.0,0.0,0.0,30980.0,26112.0,1,1
4e3bbb14a5a2,Koppal,4D4A2,4D4A2M3d,Kalhalli,0704020001,631/*/5,0.63,0.0,OTHER,small,0,AG3,GHTcB1g1,TCB,126.0,120.38,value,120.38,0.0,0.0,0.0,,0,0,0.0,0.0,0.0,0.0,7812.0,6187.531999999999,1,1
ee7832be18fd,Koppal,4D4A2,4D4A2M3d,Kalhalli,0704020001,632/*/2,0.38,0.0,OTHER,small,0,AG3,GHTcB1g1,TCB,76.0,120.38,value,120.38,0.0,0.0,0.0,,0,0,0.0,0.0,0.0,0.0,4712.0,6187.531999999999,1,1
ee7832be18fd,Koppal,4D4A2,4D4A2M3d,Kalhalli,0704020001,632/*/2,0.6,0.0,OBC,small,1,AG3,GHTcB1g1,TCB,120.0,110.88,value,110.88,0.0,0.0,0.0,,0,0,0.0,0.0,0.0,0.0,7440.0,5699.232,1,1
8248701e7c4a,Koppal,4D4A2,4D4A2M3d,Kalhalli,0704020001,625/*/1,0.2,0.0,OBC,small,1,AG3,MKHhB1,TCB,40.0,32.0,value,32.0,0.0,0.0,0.0,,0,0,0.0,0.0,0.0,0.0,1880.0,3264.0,1,1
ee7832be18fd,Koppal,4D4A2,4D4A2M3d,Kalhalli,0704020001,632/*/2,1.4,0.0,OBC,small,1,AG3,GHTcB1g1,TCB,280.0,148.9,value,148.9,1.0,1.0,0.0,,0,0,0.0,0.0,40.0,0.0,32120.0,11865.46,1,1
dc2759551dbb,Koppal,4D4A2,4D4A2M3d,Kalhalli,0704020001,634/*/3,1.6,0.0,OTHER,small,0,AG3,KTPiB1,TCB,320.0,228.1,value,228.1,1.0,1.0,0.0,,0,0,0.0,0.0,0.0,0.0,31880.0,15936.34,1,1
cfae1f0e6736,Koppal,4D4A2,4D4A2M3d,Kalhalli,0704020001,636/*/*,0.52,0.0,OBC,small,1,AG3,DVHcB2g2,TCB,104.0,71.28,value,71.28,0.0,0.0,0.0,,0,0,0.0,0.0,0.0,0.0,4888.0,3663.792,1,1
cfae1f0e6736,Koppal,4D4A2,4D4A2M3d,Kalhalli,0704020001,636/*/*,0.42,1.0,OTHER,small,0,AG3,DVHcB2g2,TCB,84.0,67.2,value,67.2,0.0,0.0,0.0,,0,0,0.0,0.0,0.0,0.0,3948.0,6854.400000000001,1,1
2d13bfa9e28c,Koppal,4D4A2,4D4A2M3d,Kalhalli,0704020001,626/*/10,0.2,0.0,OBC,small,1,AG3,MKHhB1,TCB,40.0,32.0,value,32.0,0.0,0.0,0.0,,0,0,0.0,0.0,0.0,0.0,1880.0,3264.0,1,1
66c3e10b581e,Koppal,4D4A2,4D4A2M3d,Kalhalli,0704020001,630/*/6,0.65,1.0,OBC,small,1,AG3,GHTcB1g1,TCB,130.0,110.88,value,110.88,0.0,1.0,0.0,,0,0,0.0,0.0,0.0,0.0,8060.0,9910.232,1,1
122aebfc8a7b,Koppal,4D4A2,4D4A2M3d,Kalhalli,0704020001,630/*/8,0.8,0.0,OBC,small,1,AG3,GHTcB1g1,TCB,160.0,110.88,value,110.88,0.0,0.0,0.0,,0,0,0.0,0.0,0.0,0.0,9920.0,5699.232,1,1
1541ed5adc3a,Koppal,4D4A2,4D4A2M3d,Kalhalli,0704020001,631/*/4,0.2,0.0,OTHER,small,0,AG3,GHTcB1g1,TCB,40.0,110.88,value,110.88,0.0,0.0,0.0,,0,0,0.0,0.0,0.0,0.0,2480.0,5699.232,1,1
3ad7cc48b23c,Koppal,4D4A2,4D4A2M3d,Kalhalli,0704020001,631/*/7,0.97,0.0,OBC,small,1,AG3,GHTcB1g1,TCB,194.0,110.88,value,110.88,0.0,0.0,0.0,,0,0,0.0,0.0,0.0,0.0,12028.0,5699.232,1,1
9a7e904054ae,Koppal,4D4A2,4D4A2M3d,Kalhalli,0704020001,634/*/4,1.74,0.0,OTHER,small,0,AG3,KTPiB1,TCB,348.0,221.76,value,221.76,1.0,1.0,0.0,,0,1,0.0,0.0,40.0,95.0,135672.0,175403.464,1,1
74be2f6be8a6,Koppal,4D4A2,4D4A2M4a,Raghunathanhalli  West-3,0704020013,105/*/3,1.16,0.0,OTHER,small,1,AG3,MTLmB2g2,TCB,231.99999999999997,227.94,value,227.94,1.0,,0.0,,0,0,0.0,0.0,40.0,95.0,28947.999999999996,20741.116,1,1
44669181322d,Koppal,4D4A2,4D4A2M4a,Raghunathanhalli  West-3,0704020013,107/*/1,0.76,0.0,SC,small,1,AG3,MTLmB2g2,TCB,152.0,244.73,value,244.73,0.0,1.0,0.0,,0,0,0.0,0.0,0.0,0.0,13528.0,15642.122,1,1
a8b2d6b066fe,Koppal,4D4A2,4D4A2M4a,Raghunathanhalli  West-3,0704020013,107/*/4,0.71,0.0,SC,small,1,AG3,MTLmB2g2,TCB,142.0,75.24,value,75.24,0.0,1.0,0.0,,0,0,0.0,0.0,0.0,0.0,12638.0,6930.335999999999,1,1
d13b341228e5,Koppal,4D4A2,4D4A2M4a,Raghunathanhalli  West-3,0704020013,107/*/5,0.29,0.0,SC,small,1,AG3,MTLmB2g2,TCB,57.99999999999999,0.0,value,0.0,0.0,0.0,0.0,,0,0,0.0,0.0,0.0,0.0,5161.999999999999,0.0,0,0
b95b463fdc6e,Koppal,4D4A2,4D4A2M4a,Raghunathanhalli  West-3,0704020013,108/*/5,0.73,1.0,OTHER,small,0,AG3,MTLmB2g2,TCB,146.0,263.47,value,263.47,0.0,0.0,0.0,,0,0,0.0,0.0,0.0,0.0,12994.0,13542.358,1,1
0140fbe377c5,Koppal,4D4A2,4D4A2M4a,Raghunathanhalli  West-3,0704020013,111/*/1,1.49,0.0,OTHER,small,1,AG3,MTLmB2g2,TCB,298.0,296.47,value,296.47,1.0,,0.0,,0,0,0.0,0.0,40.0,0.0,34822.0,15238.558,1,1
970cddb51a59,Koppal,4D4A2,4D4A2M4a,Raghunathanhalli  West-3,0704020013,112/*/*,1.38,0.0,OTHER,small,1,AG3,MTLmB2g2,TCB,276.0,178.86,value,178.86,1.0,1.0,0.0,,0,0,0.0,0.0,40.0,0.0,32864.0,12255.404,1,1
33a0a5068963,Koppal,4D4A2,4D4A2M4a,Raghunathanhalli  West-3,0704020013,104/*/3,0.8,0.0,OTHER,small,1,AG3,MTLmB2g2,TCB,160.0,157.2,value,157.2,0.0,0.0,0.0,,0,0,0.0,0.0,0.0,0.0,14240.0,8080.079999999999,1,1
09ec00d64af2,Koppal,4D4A2,4D4A2M4a,Raghunathanhalli  West-3,0704020013,106/*/2,0.45,0.0,OTHER,small,1,AG3,MTLmB2g2,TCB,90.0,88.43,value,88.43,0.0,0.0,0.0,,0,0,0.0,0.0,0.0,0.0,8010.0,4545.302000000001,1,1
fe35551c6bb6,Koppal,4D4A2,4D4A2M4a,Raghunathanhalli  West-3,0704020013,107/*/6,0.23,0.0,OTHER,small,0,AG3,MTLmB2g2,TCB,46.0,45.2,value,45.2,0.0,0.0,0.0,,0,0,0.0,0.0,0.0,0.0,4094.0,2323.28,1,1
5b47d4d02ed8,Koppal,4D4A2,4D4A2M4a,Raghunathanhalli  West-3,0704020013,113/*/3,0.8,1.0,SC,small,1,AG3,MTLmB2g2,TCB,160.0,376.46,value,376.46,0.0,1.0,0.0,,0,0,0.0,0.0,0.0,0.0,14240.0,22313.043999999998,1,1
115d26090137,Koppal,4D4A2,4D4A2M4a,Raghunathanhalli  West-3,0704020013,114/*/4,1.15,0.0,OTHER,small,1,AG3,MTLmB2g2,TCB,229.99999999999997,235.22,value,235.22,1.0,,0.0,,0,0,0.0,0.0,40.0,0.0,28769.999999999996,12090.307999999999,1,1
ca0f8b085451,Koppal,4D4A2,4D4A2M4a,Raghunathanhalli  West-3,0704020013,116/*/1,1.52,0.0,OTHER,small,1,AG3,RNKmB2g1,TCB,304.0,235.22,value,235.22,1.0,,0.0,,0,0,0.0,0.0,40.0,0.0,35356.0,12090.307999999999,1,1
fe08961ccca5,Koppal,4D4A2,4D4A2M4a,Raghunathanhalli  West-3,0704020013,108/*/3,2.4,0.0,OTHER,medium,1,AG3,MTLmB2g2,TCB,480.0,319.97,value,319.97,2.0,1.0,0.0,,0,0,0.0,0.0,40.0,0.0,55520.0,19509.458000000002,1,1
30e24d83ba49,Koppal,4D4A2,4D4A2M4a,Raghunathanhalli  West-3,0704020013,110/*/*,5.43,0.0,OBC,medium,1,AG3,MTLmB2g2,TCB,1086.0,1167.14,value,1167.14,3.0,3.0,0.0,,0,0,0.0,0.0,40.0,0.0,113954.0,68879.99600000001,1,1
feec850aedfc,Koppal,4D4A2,4D4A2M4a,Raghunathanhalli  West-3,0704020013,114/*/1,1.18,0.0,OBC,small,1,AG3,MTLmB2g2,TCB,236.0,235.22,value,235.22,1.0,,0.0,,0,0,0.0,0.0,40.0,0.0,29304.0,12090.307999999999,1,1
0ea92b779180,Koppal,4D4A2,4D4A2M4a,Raghunathanhalli  West-3,0704020013,114/*/6,1.15,0.0,OBC,small,1,AG3,MTLmB2g2,TCB,229.99999999999997,418.84,value,418.84,1.0,1.0,0.0,,0,0,0.0,0.0,40.0,0.0,28769.999999999996,24491.375999999997,1,1
e6b0d324a9ff,Koppal,4D4A2,4D4A2M4a,Raghunathanhalli  West-3,0704020013,103/*/1,3.2,0.0,OBC,medium,1,AG3,MTLmB2g1,TCB,640.0,376.46,value,376.46,3.0,2.0,0.0,,0,0,0.0,0.0,40.0,0.0,74260.0,25314.043999999998,1,1
340c53cb9303,Koppal,4D4A2,4D4A2M4a,Raghunathanhalli  West-3,0704020013,103/*/2,4.46,0.0,OTHER,medium,1,AG3,MTLmB2g1,TCB,892.0,579.88,value,579.88,3.0,2.0,0.0,,0,0,0.0,0.0,40.0,0.0,96688.0,35771.831999999995,1,1
b0ca05161a47,Koppal,4D4A2,4D4A2M4a,Raghunathanhalli  West-3,0704020013,115/*/*,2.24,0.0,OBC,small,1,AG3,MTLmB2g1,TCB,448.00000000000006,423.67,value,423.67,2.0,,0.0,,0,0,0.0,0.0,40.0,0.0,52672.00000000001,21776.638,1,1
038a6aa8dd8c,Koppal,4D4A2,4D4A2M4a,Raghunathanhalli  West-3,0704020013,103/*/3,1.16,1.0,OBC,small,1,AG3,MTLmB2g1,TCB,231.99999999999997,188.23,value,188.23,1.0,,0.0,,0,0,0.0,0.0,40.0,0.0,28947.999999999996,9675.021999999999,1,1
decfb83f450a,Koppal,4D4A2,4D4A2M4a,Raghunathanhalli  West-3,0704020013,102/*/*,2.72,0.0,OTHER,medium,1,AG3,MTLmB2g1,TCB,544.0,489.46,value,489.46,2.0,1.0,0.0,,0,0,0.0,0.0,40.0,95.0,61216.0,37165.244,1,1
7ffdac0a228c,Koppal,4D4A2,4D4A2M4a,Raghunathanhalli  West-3,0704020013,105/*/1,1.16,0.0,OTHER,small,1,AG3,MTLmB2g2,TCB,231.99999999999997,227.94,value,227.94,1.0,,0.0,,0,0,0.0,0.0,40.0,95.0,28947.999999999996,20741.116,1,1
e5e35cc873cb,Koppal,4D4A2,4D4A2M4a,Raghunathanhalli  West-3,0704020013,105/*/4,1.13,0.0,OBC,small,1,AG3,MTLmB2g2,TCB,225.99999999999997,222.05,value,222.05,1.0,,0.0,,0,0,0.0,0.0,40.0,95.0,28413.999999999996,20438.370000000003,1,1
decfb83f450a,Koppal,4D4A2,4D4A2M4a,Raghunathanhalli  West-3,0704020013,102/*/*,2.71,0.0,OTHER,medium,1,AG3,MTLmB2g1,TCB,542.0,244.73,value,244.73,2.0,1.0,0.0,,0,0,0.0,0.0,40.0,95.0,61038.0,24586.122,1,1
f6676bc94361,Koppal,4D4A2,4D4A2M4a,Raghunathanhalli  West-3,0704020013,104/*/1,1.81,0.0,OTHER,small,1,AG3,MTLmB2g2,TCB,362.0,355.67,value,355.67,1.0,,0.0,,0,0,0.0,0.0,40.0,95.0,40518.0,27306.438000000002,1,1
4e3e7ae6fff0,Koppal,4D4A2,4D4A2M4a,Raghunathanhalli  West-3,0704020013,104/*/2,1.6,0.0,OTHER,small,1,AG3,MTLmB2g2,TCB,320.0,314.4,value,314.4,1.0,,0.0,,0,0,0.0,0.0,40.0,95.0,36780.0,25185.159999999996,1,1
14f6f2790e59,Koppal,4D4A2,4D4A2M4a,Raghunathanhalli  West-3,0704020013,108/*/7,0.79,1.0,OTHER,small,0,AG3,MTLmB2g2,TCB,158.0,155.24,value,155.24,0.0,0.0,0.0,,0,0,0.0,0.0,0.0,0.0,14062.0,7979.336,1,1
87c829836643,Koppal,4D4A2,4D4A2M4a,Raghunathanhalli  West-3,0704020013,109/*/4,2.31,1.0,OTHER,small,0,AG3,MTLmB2g2,TCB,462.0,453.92,value,453.92,2.0,,0.0,,0,0,0.0,0.0,40.0,95.0,53918.0,32356.488,1,1
4041acfb2ca3,Koppal,4D4A2,4D4A2M4a,Raghunathanhalli  West-3,0704020013,111/*/4,1.49,0.0,OTHER,small,1,AG3,MTLmB2g2,TCB,298.0,188.23,value,188.23,1.0,1.0,0.0,,0,0,0.0,0.0,40.0,0.0,34822.0,12638.021999999999,1,1
f81731745cf4,Koppal,4D4A2,4D4A2M4a,Raghunathanhalli  West-3,0704020013,114/*/2,1.18,0.0,OBC,small,1,AG3,MTLmB2g2,TCB,236.0,188.23,value,188.23,1.0,1.0,0.0,,0,0,0.0,0.0,40.0,0.0,29304.0,12639.021999999999,1,1
524fb5c4ce32,Koppal,4D4A2,4D4A2M4a,Raghunathanhalli  West-3,0704020013,106/*/3,0.87,1.0,OTHER,small,1,AG3,MTLmB2g2,TCB,174.0,170.96,value,170.96,0.0,0.0,0.0,,0,0,0.0,0.0,0.0,0.0,15486.0,8787.344000000001,1,1
c1a6cd622153,Koppal,4D4A2,4D4A2M4a,Raghunathanhalli  West-3,0704020013,106/*/6,1.09,1.0,OTHER,small,1,AG3,MTLmB2g2,TCB,218.00000000000003,202.36,value,202.36,1.0,1.0,0.0,,0,0,0.0,0.0,40.0,0.0,27702.000000000004,13464.304,1,1
a041e299bbe1,Koppal,4D4A2,4D4A2M4a,Raghunathanhalli  West-3,0704020013,108/*/4,2.04,0.0,OTHER,small,0,AG3,MTLmB2g2,TCB,408.0,319.97,value,319.97,2.0,1.0,0.0,,0,0,0.0,0.0,40.0,0.0,49112.0,19508.458000000002,1,1
95253e6f1d74,Koppal,4D4A2,4D4A2M4a,Raghunathanhalli  West-3,0704020013,113/*/5,1.57,0.0,OTHER,small,1,AG3,MTLmB2g2,TCB,314.0,263.47,value,263.47,1.0,2.0,0.0,,0,0,0.0,0.0,40.0,0.0,36246.0,19468.358,1,1
6d4a5589a5c9,Koppal,4D4A2,4D4A2M4a,Raghunathanhalli  West-3,0704020013,107/*/2,0.73,0.0,SC,small,1,AG3,MTLmB2g2,TCB,146.0,188.23,value,188.23,0.0,1.0,0.0,,0,0,0.0,0.0,0.0,0.0,12994.0,12738.021999999999,1,1
8a57aac6423f,Koppal,4D4A2,4D4A2M4a,Raghunathanhalli  West-3,0704020013,109/*/5,1.38,0.0,OTHER,small,1,AG3,MTLmB2g2,TCB,276.0,271.17,value,271.17,1.0,,0.0,,0,0,0.0,0.0,40.0,95.0,32864.0,22963.138,1,1
54063e2b869e,Koppal,4D4A2,4D4A2M4a,Raghunathanhalli  West-3,0704020013,111/*/2,1.49,0.0,OTHER,small,1,AG3,MTLmB2g2,TCB,298.0,174.11,value,174.11,1.0,1.0,0.0,,0,0,0.0,0.0,40.0,0.0,34822.0,11912.254,1,1
e1c1b685c26e,Koppal,4D4A2,4D4A2M4a,Raghunathanhalli  West-3,0704020013,104/*/4,0.8,0.0,OTHER,small,1,AG3,MTLmB2g2,TCB,160.0,157.2,value,157.2,0.0,0.0,0.0,,0,0,0.0,0.0,0.0,0.0,14240.0,8080.079999999999,1,1
de46be214280,Koppal,4D4A2,4D4A2M4a,Raghunathanhalli  West-3,0704020013,104/*/5,4.8,0.0,OTHER,medium,1,AG3,MTLmB2g2,TCB,960.0,943.2,value,943.2,3.0,,0.0,,0,0,0.0,0.0,40.0,95.0,102740.0,57505.48,1,1
24166781141e,Koppal,4D4A2,4D4A2M4a,Raghunathanhalli  West-3,0704020013,105/*/2,1.4,0.0,OTHER,small,1,AG3,MTLmB2g2,TCB,280.0,275.1,value,275.1,1.0,,0.0,,0,0,0.0,0.0,40.0,95.0,33220.0,23165.14,1,1
d718bf8bc027,Koppal,4D4A2,4D4A2M4a,Raghunathanhalli  West-3,0704020013,106/*/5,1.88,0.0,OTHER,small,1,AG3,MTLmB2g2,TCB,376.0,150.83,value,150.83,1.0,1.0,0.0,,0,0,0.0,0.0,40.0,0.0,41764.0,10815.662,1,1
b223c4dba4f6,Koppal,4D4A2,4D4A2M4a,Raghunathanhalli  West-3,0704020013,111/*/3,1.49,0.0,OTHER,small,1,AG3,MTLmB2g2,TCB,298.0,18.23,value,18.23,1.0,1.0,0.0,,0,0,0.0,0.0,40.0,0.0,34822.0,3900.022,1,1
2c17affcefa2,Koppal,4D4A2,4D4A2M4a,Raghunathanhalli  West-3,0704020013,113/*/1,1.6,0.0,OTHER,small,0,AG3,MTLmB2g2,TCB,320.0,348.22,value,348.22,1.0,1.0,0.0,,0,0,0.0,0.0,40.0,0.0,36780.0,20861.508,1,1
fe42f8f406f6,Koppal,4D4A2,4D4A2M4a,Raghunathanhalli  West-3,0704020013,113/*/2,1.6,1.0,SC,small,1,AG3,MTLmB2g2,TCB,320.0,0.0,value,0.0,1.0,,0.0,,0,0,0.0,0.0,40.0,0.0,36780.0,0.0,0,0
f81731745cf4,Koppal,4D4A2,4D4A2M4a,Raghunathanhalli  West-3,0704020013,114/*/2,1.18,0.0,SC,small,1,AG3,MTLmB2g2,TCB,236.0,0.0,value,0.0,1.0,,0.0,,0,0,0.0,0.0,40.0,0.0,29304.0,0.0,0,0
940ae1f9dbfb,Koppal,4D4A2,4D4A2M4a,Raghunathanhalli  West-3,0704020013,107/*/8,0.61,0.0,SC,small,1,AG3,MTLmB2g2,TCB,122.0,244.73,value,244.73,0.0,1.0,0.0,,0,0,0.0,0.0,0.0,0.0,10858.0,15642.122,1,1
6720a575d63f,Koppal,4D4A2,4D4A2M4a,Raghunathanhalli  West-3,0704020013,107/*/9,0.57,0.0,SC,small,1,AG3,MTLmB2g2,TCB,113.99999999999999,0.0,value,0.0,0.0,0.0,0.0,,0,0,0.0,0.0,0.0,0.0,10145.999999999998,0.0,0,0
f1eaabff1ee2,Koppal,4D4A2,4D4A2M4a,Raghunathanhalli  West-3,0704020013,108/*/1,0.74,1.0,OTHER,small,1,AG3,MTLmB2g2,TCB,148.0,150.83,value,150.83,0.0,0.0,0.0,,0,0,0.0,0.0,0.0,0.0,13172.0,7752.662,1,1
60cea6940c10,Koppal,4D4A2,4D4A2M4a,Raghunathanhalli  West-3,0704020013,103/*/4,0.1,1.0,OTHER,small,0,AG3,MTLmB2g1,TCB,20.0,19.65,value,19.65,0.0,0.0,0.0,,0,0,0.0,0.0,0.0,0.0,1780.0,1010.0099999999999,1,1
24166781141e,Koppal,4D4A2,4D4A2M4a,Raghunathanhalli  West-3,0704020013,105/*/2,1.3,0.0,OTHER,small,1,AG3,MTLmB2g2,TCB,260.0,255.45,value,255.45,1.0,,0.0,,0,0,0.0,0.0,40.0,95.0,31440.0,22155.129999999997,1,1
49197dfb5b5f,Koppal,4D4A2,4D4A2M4a,Raghunathanhalli  West-3,0704020013,105/*/7,0.6,0.0,OBC,small,1,AG3,MTLmB2g2,TCB,120.0,96.3,value,96.3,0.0,0.0,0.0,,0,0,0.0,0.0,0.0,0.0,10680.0,4949.82,1,1
d0c8c1658cb3,Koppal,4D4A2,4D4A2M4a,Raghunathanhalli  West-3,0704020013,106/*/1,3.35,0.0,OTHER,medium,1,AG3,MTLmB2g2,TCB,670.0,461.21,value,461.21,3.0,2.0,0.0,,0,1,0.0,0.0,40.0,95.0,174430.0,172144.194,1,1
a1081e7d43fd,Koppal,4D4A2,4D4A2M4a,Raghunathanhalli  West-3,0704020013,106/*/4,0.49,0.0,OTHER,small,1,AG3,MTLmB2g2,TCB,98.0,131.74,value,131.74,0.0,0.0,0.0,,0,0,0.0,0.0,0.0,0.0,8722.0,6771.436000000001,1,1
0ea92b779180,Koppal,4D4A2,4D4A2M4a,Raghunathanhalli  West-3,0704020013,114/*/6,1.15,0.0,OTHER,small,1,AG3,MTLmB2g2,TCB,229.99999999999997,0.0,value,0.0,1.0,,0.0,,0,0,0.0,0.0,40.0,0.0,28769.999999999996,0.0,0,0
3277e9c81b17,Koppal,4D4A2,4D4A2M4a,Raghunathanhalli  West-3,0704020013,116/*/2,2.4,0.0,OTHER,medium,0,AG3,RNKmB2g1,TCB,480.0,459.73,value,459.73,2.0,1.0,0.0,,0,0,0.0,0.0,40.0,0.0,55520.0,26594.122,1,1
dec2134c5efb,Koppal,4D4A2,4D4A2M4a,Raghunathanhalli  West-3,0704020013,109/*/2,1.23,0.0,OTHER,small,1,AG3,MTLmB2g2,TCB,246.0,241.7,value,241.7,1.0,,0.0,,0,0,0.0,0.0,40.0,95.0,30194.0,21448.379999999997,1,1
db785e24b004,Koppal,4D4A2,4D4A2M4a,Raghunathanhalli  West-3,0704020013,114/*/3,1.17,0.0,OTHER,small,1,AG3,MTLmB2g2,TCB,234.0,131.74,value,131.74,1.0,,0.0,,0,0,0.0,0.0,40.0,0.0,29126.0,6771.436000000001,1,1
6ef601993bf1,Koppal,4D4A2,4D4A2M4a,Raghunathanhalli  West-3,0704020013,108/*/6,0.67,1.0,OTHER,small,0,AG3,MTLmB2g2,TCB,134.0,139.52,value,139.52,0.0,0.0,0.0,,0,1,0.0,0.0,0.0,0.0,11926.0,7171.328,1,1
c16b2382deb8,Koppal,4D4A2,4D4A2M4a,Raghunathanhalli  West-3,0704020013,108/*/8,0.71,1.0,OTHER,small,0,AG3,MTLmB2g2,TCB,142.0,263.47,value,263.47,0.0,1.0,0.0,,0,0,0.0,0.0,0.0,0.0,12638.0,16604.358,1,1
30e24d83ba49,Koppal,4D4A2,4D4A2M4a,Raghunathanhalli  West-3,0704020013,110/*/*,5.43,0.0,OTHER,medium,1,AG3,MTLmB2g2,TCB,1086.0,1067.0,value,1067.0,3.0,,0.0,,0,0,0.0,0.0,40.0,95.0,113954.0,63868.799999999996,1,1
970cddb51a59,Koppal,4D4A2,4D4A2M4a,Raghunathanhalli  West-3,0704020013,112/*/*,1.38,0.0,OTHER,small,1,AG3,MTLmB2g2,TCB,276.0,178.86,value,178.86,1.0,1.0,0.0,,0,0,0.0,0.0,40.0,0.0,32864.0,12255.404,1,1
8c0d8f4ecb8a,Koppal,4D4A2,4D4A2M4a,Raghunathanhalli  West-3,0704020013,114/*/5,1.15,0.0,OTHER,small,1,AG3,MTLmB2g2,TCB,229.99999999999997,188.23,value,188.23,1.0,1.0,0.0,,0,0,0.0,0.0,40.0,0.0,28769.999999999996,12639.021999999999,1,1
b0ca05161a47,Koppal,4D4A2,4D4A2M4a,Raghunathanhalli  West-3,0704020013,115/*/*,2.24,1.0,OTHER,small,1,AG3,MTLmB2g1,TCB,448.00000000000006,348.43,value,348.43,2.0,2.0,0.0,,0,0,0.0,0.0,40.0,0.0,52672.00000000001,23837.302,1,1
ca0f8b085451,Koppal,4D4A2,4D4A2M4a,Raghunathanhalli  West-3,0704020013,116/*/1,1.52,0.0,OTHER,small,1,AG3,RNKmB2g1,TCB,304.0,319.97,value,319.97,1.0,,0.0,,0,0,0.0,0.0,40.0,0.0,35356.0,16446.458000000002,1,1
970cddb51a59,Koppal,4D4A2,4D4A2M4a,Raghunathanhalli  West-3,0704020013,112/*/*,1.38,0.0,OTHER,small,1,AG3,MTLmB2g2,TCB,276.0,223.56,formula_81pct_of_proposed,,1.0,1.0,0.0,,0,0,0.0,0.0,40.0,0.0,32864.0,14552.984,1,1
feec850aedfc,Koppal,4D4A2,4D4A2M4a,Raghunathanhalli  West-3,0704020013,114/*/1,1.18,0.0,OTHER,small,1,AG3,MTLmB2g2,TCB,236.0,235.22,value,235.22,1.0,,0.0,,0,0,0.0,0.0,0.0,0.0,25504.0,12090.307999999999,1,1
31b3cbad4773,Koppal,4D4A2,4D4A2M4a,Raghunathanhalli  West-3,0704020013,27/*/*,3.3,0.0,OTHER,medium,1,AG1,KDTmB2,TCB,660.0,423.67,value,423.67,3.0,3.0,0.0,,0,0,0.0,0.0,0.0,0.0,72240.0,30752.638,1,1
31b3cbad4773,Koppal,4D4A2,4D4A2M4a,Raghunathanhalli  West-3,0704020013,27/*/*,0.05,1.0,OTHER,small,0,AG1,KDTmB2,TCB,10.0,0.0,value,0.0,0.0,0.0,0.0,,0,0,0.0,0.0,0.0,0.0,890.0,0.0,0,0
8f43e78d1209,Koppal,4D4A2,4D4A2M4a,Raghunathanhalli  West-3,0704020013,31/*/1,1.2,0.0,OTHER,small,0,AG1,MTLmB2g2,TCB,240.0,131.74,value,131.74,1.0,,0.0,,0,0,0.0,0.0,0.0,0.0,25860.0,6771.436000000001,1,1
71b41a10d30f,Koppal,4D4A2,4D4A2M4a,Raghunathanhalli  West-3,0704020013,36/*/1,3.35,0.0,OBC,medium,1,AG1,DRLmB2,TCB,670.0,376.68,value,376.68,3.0,3.0,0.0,,0,0,0.0,0.0,0.0,0.0,73130.0,28568.352,1,1
09a897f667dc,Koppal,4D4A2,4D4A2M4a,Raghunathanhalli  West-3,0704020013,37/*/*,7.76,1.0,OBC,medium,1,AG1,DRLmB2,TCB,1552.0,1045.08,value,1045.08,3.0,2.0,0.0,,0,1,0.0,0.0,0.0,0.0,249128.0,193142.112,1,1
044fca9a64a8,Koppal,4D4A2,4D4A2M4a,Raghunathanhalli  West-3,0704020013,41/*/*,4.38,0.0,OTHER,medium,1,AG1,MTLmB2g2,TCB,876.0,743.64,value,743.64,3.0,2.0,0.0,,0,0,0.0,0.0,0.0,0.0,91464.0,44359.096,1,1
099a51299708,Koppal,4D4A2,4D4A2M4a,Raghunathanhalli  West-3,0704020013,43/*/3,0.48,1.0,OBC,small,1,AG1,MTLmB2g2,TCB,96.0,0.0,value,0.0,0.0,0.0,0.0,,0,0,0.0,0.0,0.0,0.0,8544.0,0.0,0,0
711745689d97,Koppal,4D4A2,4D4A2M4a,Raghunathanhalli  West-3,0704020013,46/*/2,0.83,0.0,OTHER,small,1,AG2,DRLmB2,TCB,166.0,117.61,value,117.61,0.0,0.0,0.0,,0,0,0.0,0.0,0.0,0.0,14774.0,6045.1539999999995,1,1
234cd73b1379,Koppal,4D4A2,4D4A2M4a,Raghunathanhalli  West-3,0704020013,24/*/2,0.8,0.0,OTHER,small,1,AG1,KDTmB2,TCB,160.0,160.2,value,160.2,0.0,0.0,0.0,,0,0,0.0,0.0,0.0,0.0,14240.0,8234.279999999999,1,1
dd8b5fb22630,Koppal,4D4A2,4D4A2M4a,Raghunathanhalli  West-3,0704020013,28/*/*,3.89,0.0,OTHER,medium,1,AG1,MTLmB2g2,TCB,778.0,668.32,value,668.32,3.0,1.0,0.0,,0,0,0.0,0.0,0.0,0.0,82742.0,37414.648,1,1
1d02767c424f,Koppal,4D4A2,4D4A2M4a,Raghunathanhalli  West-3,0704020013,29/*/*,1.58,0.0,OTHER,small,1,AG1,MTLmB2g2,TCB,316.0,301.65,value,301.65,1.0,1.0,0.0,,0,0,0.0,0.0,0.0,0.0,32624.0,18567.809999999998,1,1
88e3b4abe598,Koppal,4D4A2,4D4A2M4a,Raghunathanhalli  West-3,0704020013,51/*/2,0.15,0.0,OTHER,small,0,AG2,MTLmB2g2,TCB,30.0,348.43,value,348.43,0.0,0.0,0.0,,0,0,0.0,0.0,0.0,0.0,2670.0,17909.302,1,1
985baf041104,Koppal,4D4A2,4D4A2M4a,Raghunathanhalli  West-3,0704020013,54/*/2,1.37,1.0,OTHER,small,0,AG2,MTLmB2g2,TCB,274.0,159.98,value,159.98,1.0,,0.0,,0,0,0.0,0.0,0.0,0.0,28886.0,8222.972,1,1
133fa63f2879,Koppal,4D4A2,4D4A2M4a,Raghunathanhalli  West-3,0704020013,54/*/4,1.37,1.0,SC,small,1,AG2,MTLmB2g2,TCB,274.0,145.86,value,145.86,1.0,1.0,0.0,,0,0,0.0,0.0,0.0,0.0,28886.0,10478.204000000002,1,1
55fbcf939a70,Koppal,4D4A2,4D4A2M4a,Raghunathanhalli  West-3,0704020013,56/*/2,4.2,1.0,OTHER,medium,1,AG2,MTLmB2g2,TCB,840.0,527.16,value,527.16,3.0,2.0,0.0,,0,0,0.0,0.0,0.0,0.0,88260.0,33062.024,1,1
2a5c010de2d9,Koppal,4D4A2,4D4A2M4a,Raghunathanhalli  West-3,0704020013,58/*/4,0.82,0.0,OTHER,small,0,AG2,MTLmB2g2,TCB,164.0,159.98,value,159.98,0.0,0.0,0.0,,0,0,0.0,0.0,0.0,0.0,14596.0,8222.972,1,1
1272addaf921,Koppal,4D4A2,4D4A2M4a,Raghunathanhalli  West-3,0704020013,63/*/1,2.44,0.0,OTHER,medium,1,AG2,GRHmB2,TCB,488.0,437.58,value,437.58,2.0,3.0,0.0,,0,0,0.0,0.0,0.0,0.0,52432.0,31431.611999999997,1,1
bb444e172cd1,Koppal,4D4A2,4D4A2M4a,Raghunathanhalli  West-3,0704020013,30/*/4,0.8,0.0,OTHER,small,1,AG1,MTLmB2g2,TCB,160.0,128.0,value,128.0,0.0,0.0,0.0,,0,1,0.0,0.0,0.0,0.0,111740.0,139866.2,1,1
7ee130116acb,Koppal,4D4A2,4D4A2M4a,Raghunathanhalli  West-3,0704020013,33/*/3,2.05,0.0,OBC,small,1,AG1,MTLmB2g2,TCB,409.99999999999994,235.22,value,235.22,2.0,1.0,0.0,,0,0,0.0,0.0,0.0,0.0,45489.99999999999,15081.307999999999,1,1
4b8e008114de,Koppal,4D4A2,4D4A2M4a,Raghunathanhalli  West-3,0704020013,34/*/3,1.23,0.0,SC,small,1,AG1,KVRmB2g1,TCB,246.0,291.93,value,291.93,1.0,,0.0,,0,0,0.0,0.0,0.0,0.0,26394.0,15005.202,1,1
7ecedead3828,Koppal,4D4A2,4D4A2M4a,Raghunathanhalli  West-3,0704020013,47/*/1,1.98,0.0,OTHER,small,1,AG2,GRHmB2,TCB,396.0,432.96,value,432.96,1.0,1.0,0.0,,0,0,0.0,0.0,0.0,0.0,39744.0,25702.143999999997,1,1
5c86c7c57fcf,Koppal,4D4A2,4D4A2M4a,Raghunathanhalli  West-3,0704020013,47/*/2,1.58,1.0,OTHER,small,1,AG2,GRHmB2,TCB,316.0,0.0,value,0.0,1.0,,0.0,,0,0,0.0,0.0,0.0,0.0,32624.0,0.0,0,0
5c86c7c57fcf,Koppal,4D4A2,4D4A2M4a,Raghunathanhalli  West-3,0704020013,47/*/2,1.58,1.0,OTHER,small,1,AG2,GRHmB2,TCB,316.0,272.98,value,272.98,1.0,1.0,0.0,,0,0,0.0,0.0,0.0,0.0,32624.0,17479.172,1,1
a2fb8bd0d3a6,Koppal,4D4A2,4D4A2M4a,Raghunathanhalli  West-3,0704020013,49/*/1,4.54,0.0,OTHER,medium,0,AG2,GRHmB2,TCB,908.0,503.58,value,503.58,3.0,2.0,0.0,,0,0,0.0,0.0,0.0,0.0,94312.0,32780.012,1,1
1d02767c424f,Koppal,4D4A2,4D4A2M4a,Raghunathanhalli  West-3,0704020013,29/*/*,1.57,0.0,OTHER,small,1,AG1,MTLmB2g2,TCB,314.0,207.11,value,207.11,1.0,1.0,0.0,,0,0,0.0,0.0,0.0,0.0,32446.0,13708.454,1,1
0ecfc30c8792,Koppal,4D4A2,4D4A2M4a,Raghunathanhalli  West-3,0704020013,31/*/2,0.93,0.0,OTHER,small,1,AG1,MTLmB2g2,TCB,186.0,169.57,value,169.57,0.0,0.0,0.0,,0,0,0.0,0.0,0.0,0.0,16554.0,8715.898,1,1
7de375ff7e9a,Koppal,4D4A2,4D4A2M4a,Raghunathanhalli  West-3,0704020013,32/*/1,2.37,0.0,OTHER,small,0,AG1,MTLmB2g2,TCB,474.0,0.0,value,0.0,2.0,,0.0,,0,0,0.0,0.0,0.0,0.0,51186.0,0.0,0,0
dffaa4622149,Koppal,4D4A2,4D4A2M4a,Raghunathanhalli  West-3,0704020013,24/*/1,5.0,0.0,OTHER,medium,0,AG1,KDTmB2,TCB,1000.0,950.75,value,950.75,3.0,,0.0,,0,0,0.0,0.0,0.0,0.0,102500.0,48868.549999999996,1,1
dda387b6d4eb,Koppal,4D4A2,4D4A2M4a,Raghunathanhalli  West-3,0704020013,26/*/*,1.87,0.0,OTHER,small,1,AG1,KDTmB2,TCB,374.0,188.23,value,188.23,1.0,1.0,0.0,,0,0,0.0,0.0,0.0,0.0,37786.0,12667.021999999999,1,1
4deaf2103322,Koppal,4D4A2,4D4A2M4a,Raghunathanhalli  West-3,0704020013,51/*/1,1.23,0.0,OTHER,small,1,AG2,MTLmB2g2,TCB,246.0,451.7,value,451.7,1.0,,0.0,,0,0,0.0,0.0,0.0,0.0,26394.0,23217.379999999997,1,1
ebe72f54fe7c,Koppal,4D4A2,4D4A2M4a,Raghunathanhalli  West-3,0704020013,51/*/5,1.69,1.0,OBC,small,1,AG2,MTLmB2g2,TCB,338.0,159.98,value,159.98,1.0,,0.0,,0,0,0.0,0.0,0.0,0.0,34582.0,8222.972,1,1
b453509f398f,Koppal,4D4A2,4D4A2M4a,Raghunathanhalli  West-3,0704020013,52/*/1,1.02,0.0,OBC,small,1,AG2,MTLmB2g2,TCB,204.0,160.2,value,160.2,1.0,1.0,0.0,,0,0,0.0,0.0,0.0,0.0,22656.0,11215.279999999999,1,1
ee994c21e68a,Koppal,4D4A2,4D4A2M4a,Raghunathanhalli  West-3,0704020013,54/*/5,1.37,1.0,SC,small,1,AG2,MTLmB2g2,TCB,274.0,160.2,value,160.2,1.0,1.0,0.0,,0,0,0.0,0.0,0.0,0.0,28886.0,11215.279999999999,1,1
dda387b6d4eb,Koppal,4D4A2,4D4A2M4a,Raghunathanhalli  West-3,0704020013,26/*/*,1.88,0.0,OTHER,small,1,AG1,KDTmB2,TCB,376.0,244.73,value,244.73,1.0,,0.0,,0,0,0.0,0.0,0.0,0.0,37964.0,12579.122,1,1
31b3cbad4773,Koppal,4D4A2,4D4A2M4a,Raghunathanhalli  West-3,0704020013,27/*/*,2.0,1.0,OTHER,small,0,AG1,KDTmB2,TCB,400.0,0.0,value,0.0,2.0,,0.0,,0,0,0.0,0.0,0.0,0.0,44600.0,0.0,0,0
bb444e172cd1,Koppal,4D4A2,4D4A2M4a,Raghunathanhalli  West-3,0704020013,30/*/4,0.8,0.0,OTHER,small,1,AG1,MTLmB2g2,TCB,160.0,197.6,value,197.6,0.0,0.0,0.0,,0,0,0.0,0.0,0.0,0.0,14240.0,10156.64,1,1
3a2de063b956,Koppal,4D4A2,4D4A2M4a,Raghunathanhalli  West-3,0704020013,34/*/1,1.24,0.0,SC,small,1,AG1,KVRmB2g1,TCB,248.0,319.97,value,319.97,1.0,2.0,0.0,,0,0,0.0,0.0,0.0,0.0,26572.0,24052.458000000002,1,1
bbee28f059a8,Koppal,4D4A2,4D4A2M4a,Raghunathanhalli  West-3,0704020013,38/*/2,1.5,0.0,OTHER,small,0,AG1,DRLmB2,TCB,300.0,174.11,value,174.11,1.0,1.0,0.0,,0,0,0.0,0.0,0.0,0.0,31200.0,12018.254,1,1
5fce881703b1,Koppal,4D4A2,4D4A2M4a,Raghunathanhalli  West-3,0704020013,38/*/5,0.5,0.0,SC,small,1,AG1,DRLmB2,TCB,100.0,206.98,value,206.98,0.0,1.0,0.0,,0,0,0.0,0.0,0.0,0.0,8900.0,13707.771999999999,1,1
de5ef48ccd48,Koppal,4D4A2,4D4A2M4a,Raghunathanhalli  West-3,0704020013,55/*/2,1.2,0.0,SC,small,1,AG2,MTLmB2g2,TCB,240.0,216.48,value,216.48,1.0,1.0,0.0,,0,0,0.0,0.0,0.0,0.0,25860.0,14190.071999999998,1,1
b2c65d17aeb7,Koppal,4D4A2,4D4A2M4a,Raghunathanhalli  West-3,0704020013,58/*/3,1.99,0.0,OTHER,small,1,AG2,MTLmB2g2,TCB,398.0,301.22,value,301.22,1.0,1.0,0.0,,0,0,0.0,0.0,0.0,0.0,39922.0,18465.708,1,1
20eac61c664f,Koppal,4D4A2,4D4A2M4a,Raghunathanhalli  West-3,0704020013,60/*/*,2.91,1.0,OTHER,medium,0,AG2,GRHmB2,TCB,582.0,752.93,value,752.93,2.0,1.0,0.0,,0,0,0.0,0.0,0.0,0.0,60798.0,41682.602,1,1
44f1a1491828,Koppal,4D4A2,4D4A2M4a,Raghunathanhalli  West-3,0704020013,62/*/1,2.28,0.0,OTHER,small,1,AG2,GRHmB2,TCB,455.99999999999994,0.0,value,0.0,2.0,,0.0,,0,0,0.0,0.0,0.0,0.0,49583.99999999999,0.0,0,0
dda387b6d4eb,Koppal,4D4A2,4D4A2M4a,Raghunathanhalli  West-3,0704020013,26/*/*,1.55,1.0,OTHER,small,1,AG1,KDTmB2,TCB,310.0,216.48,value,216.48,1.0,1.0,0.0,,0,0,0.0,0.0,0.0,0.0,32090.0,14119.071999999998,1,1
38a59a53590e,Koppal,4D4A2,4D4A2M4a,Raghunathanhalli  West-3,0704020013,31/*/3,2.4,0.0,OBC,medium,1,AG1,MTLmB2g2,TCB,480.0,362.34,value,362.34,2.0,2.0,0.0,,0,0,0.0,0.0,0.0,0.0,51720.0,24606.275999999998,1,1
7de375ff7e9a,Koppal,4D4A2,4D4A2M4a,Raghunathanhalli  West-3,0704020013,32/*/1,2.37,0.0,OTHER,small,0,AG1,MTLmB2g2,TCB,474.0,512.82,value,512.82,2.0,2.0,0.0,,0,0,0.0,0.0,0.0,0.0,51186.0,32340.948,1,1
7b795b511db1,Koppal,4D4A2,4D4A2M4a,Raghunathanhalli  West-3,0704020013,33/*/2,2.06,0.0,OTHER,small,1,AG1,MTLmB2g2,TCB,412.0,348.43,value,348.43,2.0,1.0,0.0,,0,0,0.0,0.0,0.0,0.0,45668.0,20900.302,1,1
25af374e2499,Koppal,4D4A2,4D4A2M4a,Raghunathanhalli  West-3,0704020013,62/*/4,2.29,0.0,OTHER,small,1,AG2,GRHmB2,TCB,458.0,0.0,value,0.0,2.0,,0.0,,0,0,0.0,0.0,0.0,0.0,49762.0,0.0,0,0
210583956d57,Koppal,4D4A2,4D4A2M4a,Raghunathanhalli  West-3,0704020013,63/*/2,1.22,1.0,OTHER,small,1,AG2,GRHmB2,TCB,244.0,131.74,value,131.74,1.0,,0.0,,0,0,0.0,0.0,0.0,0.0,26216.0,6771.436000000001,1,1
cc9f2f8c1241,Koppal,4D4A2,4D4A2M4a,Raghunathanhalli  West-3,0704020013,66/*/*,0.65,0.0,OTHER,small,1,AG2,GRHmB2,TCB,130.0,0.0,value,0.0,0.0,0.0,0.0,,0,0,0.0,0.0,0.0,0.0,11570.0,0.0,0,0
128f706aef02,Koppal,4D4A2,4D4A2M4a,Raghunathanhalli  West-3,0704020013,67/*/1,1.23,0.0,OTHER,small,0,AG2,GRHmB2,TCB,246.0,0.0,value,0.0,1.0,,0.0,,0,0,0.0,0.0,0.0,0.0,26394.0,0.0,0,0
2e3bcd3c8419,Koppal,4D4A2,4D4A2M4a,Raghunathanhalli  West-3,0704020013,34/*/4,1.23,0.0,SC,small,1,AG1,KVRmB2g1,TCB,246.0,160.2,value,160.2,1.0,,0.0,,0,0,0.0,0.0,0.0,0.0,26394.0,8234.279999999999,1,1
0939f8835fd1,Koppal,4D4A2,4D4A2M4a,Raghunathanhalli  West-3,0704020013,35/*/1,1.19,0.0,ST,small,1,AG1,KVRmB2g1,TCB,238.0,207.59,value,207.59,1.0,,0.0,,0,0,0.0,0.0,0.0,0.0,25682.0,10670.126,1,1
47e55acd0b04,Koppal,4D4A2,4D4A2M4a,Raghunathanhalli  West-3,0704020013,36/*/2,3.32,0.0,OTHER,medium,1,AG1,DRLmB2,TCB,664.0,362.55,value,362.55,3.0,2.0,0.0,,0,1,0.0,0.0,0.0,0.0,170096.0,158060.07,1,1
1d02767c424f,Koppal,4D4A2,4D4A2M4a,Raghunathanhalli  West-3,0704020013,29/*/*,3.16,0.0,OTHER,medium,0,AG1,MTLmB2g2,TCB,632.0,517.92,value,517.92,3.0,,0.0,,0,0,0.0,0.0,0.0,0.0,69748.0,26621.087999999996,1,1
97ff0353f120,Koppal,4D4A2,4D4A2M4a,Raghunathanhalli  West-3,0704020013,30/*/2,0.8,1.0,OTHER,small,1,AG1,MTLmB2g2,TCB,160.0,390.59,value,390.59,0.0,2.0,0.0,,0,0,0.0,0.0,0.0,0.0,14240.0,26058.325999999997,1,1
ae2fc88d726d,Koppal,4D4A2,4D4A2M4a,Raghunathanhalli  West-3,0704020013,32/*/2,2.37,0.0,OTHER,small,0,AG1,MTLmB2g2,TCB,474.0,291.72,value,291.72,2.0,1.0,0.0,,0,0,0.0,0.0,0.0,0.0,51186.0,17985.408000000003,1,1
9f4559faa8cf,Koppal,4D4A2,4D4A2M4a,Raghunathanhalli  West-3,0704020013,38/*/3,0.51,0.0,OTHER,small,1,AG1,DRLmB2,TCB,102.0,0.0,value,0.0,0.0,0.0,0.0,,0,0,0.0,0.0,0.0,0.0,9078.0,0.0,0,0
044fca9a64a8,Koppal,4D4A2,4D4A2M4a,Raghunathanhalli  West-3,0704020013,41/*/*,2.16,0.0,OTHER,small,0,AG1,MTLmB2g2,TCB,432.0,856.84,value,856.84,2.0,2.0,0.0,,0,0,0.0,0.0,0.0,0.0,47448.0,50177.576,1,1
7c672dbc66c3,Koppal,4D4A2,4D4A2M4a,Raghunathanhalli  West-3,0704020013,42/*/1,3.79,0.0,OTHER,medium,1,AG1,DRLmB2,TCB,758.0,508.41,value,508.41,3.0,3.0,0.0,,0,0,0.0,0.0,0.0,0.0,80962.0,35105.274000000005,1,1
4e2d43fd93b5,Koppal,4D4A2,4D4A2M4a,Raghunathanhalli  West-3,0704020013,35/*/5,0.8,1.0,OTHER,small,0,AG1,KVRmB2g1,TCB,160.0,179.37,value,179.37,0.0,0.0,0.0,,0,0,0.0,0.0,0.0,0.0,14240.0,9219.618,1,1
f685a9cb5ed5,Koppal,4D4A2,4D4A2M4a,Raghunathanhalli  West-3,0704020013,39/*/*,2.18,0.0,OTHER,small,1,AG1,DRLmB2,TCB,436.00000000000006,626.03,value,626.03,2.0,2.0,0.0,,0,0,0.0,0.0,0.0,0.0,47804.00000000001,38315.941999999995,1,1
0cd1bcd57825,Koppal,4D4A2,4D4A2M4a,Raghunathanhalli  West-3,0704020013,44/*/1,1.18,1.0,OTHER,small,1,AG1,MTLmB2g2,TCB,236.0,282.35,value,282.35,1.0,,0.0,,0,0,0.0,0.0,0.0,0.0,25504.0,14512.79,1,1
43206ef9a0cd,Koppal,4D4A2,4D4A2M4a,Raghunathanhalli  West-3,0704020013,44/*/2,2.37,0.0,OTHER,small,1,AG1,MTLmB2g2,TCB,474.0,729.3,value,729.3,2.0,1.0,0.0,,0,0,0.0,0.0,0.0,0.0,51186.0,40934.02,1,1
3ad352116f22,Koppal,4D4A2,4D4A2M4a,Raghunathanhalli  West-3,0704020013,46/*/1,0.83,1.0,OTHER,small,0,AG2,DRLmB2,TCB,166.0,131.74,value,131.74,0.0,0.0,0.0,,0,0,0.0,0.0,0.0,0.0,14774.0,6771.436000000001,1,1
11a7614a5b3c,Koppal,4D4A2,4D4A2M4a,Raghunathanhalli  West-3,0704020013,46/*/3,0.83,1.0,OTHER,small,1,AG2,DRLmB2,TCB,166.0,160.2,value,160.2,0.0,0.0,0.0,,0,0,0.0,0.0,0.0,0.0,14774.0,8234.279999999999,1,1
32ff45d6a9f9,Koppal,4D4A2,4D4A2M4a,Raghunathanhalli  West-3,0704020013,47/*/5,0.82,1.0,OTHER,small,1,AG2,GRHmB2,TCB,164.0,272.98,value,272.98,0.0,0.0,0.0,,0,0,0.0,0.0,0.0,0.0,14596.0,14031.172,1,1
85364409cc6b,Koppal,4D4A2,4D4A2M4a,Raghunathanhalli  West-3,0704020013,49/*/2,2.87,0.0,OTHER,medium,1,AG2,GRHmB2,TCB,574.0,489.46,value,489.46,2.0,2.0,0.0,,0,0,0.0,0.0,0.0,0.0,60086.0,32054.244,1,1
85364409cc6b,Koppal,4D4A2,4D4A2M4a,Raghunathanhalli  West-3,0704020013,49/*/2,1.66,0.0,OTHER,small,1,AG2,GRHmB2,TCB,332.0,404.71,value,404.71,1.0,1.0,0.0,,0,0,0.0,0.0,0.0,0.0,34048.0,24250.093999999997,1,1
044fca9a64a8,Koppal,4D4A2,4D4A2M4a,Raghunathanhalli  West-3,0704020013,41/*/*,2.15,0.0,OTHER,small,0,AG1,MTLmB2g2,TCB,430.0,0.0,value,0.0,2.0,,0.0,,0,0,0.0,0.0,0.0,0.0,47270.0,0.0,0,0
6c1106838f3c,Koppal,4D4A2,4D4A2M4a,Raghunathanhalli  West-3,0704020013,43/*/1,2.45,1.0,OBC,medium,1,AG1,MTLmB2g2,TCB,490.00000000000006,392.0,value,392.0,2.0,,0.0,,0,1,0.0,0.0,0.0,0.0,150110.0,153435.8,1,1
14e10de2f4e2,Koppal,4D4A2,4D4A2M4a,Raghunathanhalli  West-3,0704020013,50/*/2,2.4,1.0,OBC,medium,1,AG2,MTLmB2g2,TCB,480.0,0.0,value,0.0,2.0,,0.0,,0,0,0.0,0.0,0.0,0.0,51720.0,0.0,0,0
67ebb15fb72b,Koppal,4D4A2,4D4A2M4a,Raghunathanhalli  West-3,0704020013,53/*/4,0.84,0.0,ST,small,1,AG2,MTLmB2g2,TCB,168.0,131.74,value,131.74,0.0,0.0,0.0,,0,0,0.0,0.0,0.0,0.0,14952.0,6771.436000000001,1,1
fc07706056c7,Koppal,4D4A2,4D4A2M4a,Raghunathanhalli  West-3,0704020013,53/*/6,0.84,0.0,ST,small,1,AG2,MTLmB2g2,TCB,168.0,159.98,value,159.98,0.0,0.0,0.0,,0,0,0.0,0.0,0.0,0.0,14952.0,8222.972,1,1
64ac40538186,Koppal,4D4A2,4D4A2M4a,Raghunathanhalli  West-3,0704020013,51/*/6,1.25,0.0,OBC,small,1,AG2,MTLmB2g2,TCB,250.0,159.98,value,159.98,1.0,,0.0,,0,0,0.0,0.0,0.0,0.0,26750.0,8222.972,1,1
f5652d303b9e,Koppal,4D4A2,4D4A2M4a,Raghunathanhalli  West-3,0704020013,52/*/2,1.99,1.0,OTHER,small,1,AG2,MTLmB2g2,TCB,398.0,348.22,value,348.22,1.0,2.0,0.0,,0,1,0.0,0.0,0.0,0.0,137422.0,157147.508,1,1
892a5d91a0b4,Koppal,4D4A2,4D4A2M4a,Raghunathanhalli  West-3,0704020013,59/*/2,2.48,0.0,OTHER,medium,1,AG2,GRHmB2,TCB,496.0,432.96,value,432.96,2.0,2.0,0.0,,0,0,0.0,0.0,0.0,0.0,53144.0,28220.143999999997,1,1
63235568e47f,Koppal,4D4A2,4D4A2M4a,Raghunathanhalli  West-3,0704020013,59/*/3,2.48,1.0,OTHER,medium,1,AG2,GRHmB2,TCB,496.0,442.2,value,442.2,2.0,1.0,0.0,,0,1,0.0,0.0,0.0,0.0,150644.0,158998.08,1,1
c198912c22ad,Koppal,4D4A2,4D4A2M4a,Raghunathanhalli  West-3,0704020013,55/*/3,1.2,0.0,SC,small,1,AG2,MTLmB2g2,TCB,240.0,160.2,value,160.2,1.0,1.0,0.0,,0,0,0.0,0.0,0.0,0.0,25860.0,11297.279999999999,1,1
f720da32a6d8,Koppal,4D4A2,4D4A2M4a,Raghunathanhalli  West-3,0704020013,57/*/3,1.17,0.0,OTHER,small,0,AG2,MTLmB2g2,TCB,234.0,159.98,value,159.98,1.0,,0.0,,0,0,0.0,0.0,0.0,0.0,25326.0,8222.972,1,1
fef45f3e50ba,Koppal,4D4A2,4D4A2M4a,Raghunathanhalli  West-3,0704020013,62/*/2,1.6,0.0,OTHER,small,0,AG2,GRHmB2,TCB,320.0,0.0,value,0.0,1.0,,0.0,,0,0,0.0,0.0,0.0,0.0,32980.0,0.0,0,0
05ad96715a70,Koppal,4D4A2,4D4A2M4a,Raghunathanhalli  West-3,0704020013,62/*/3,0.8,0.0,OTHER,small,1,AG2,GRHmB2,TCB,160.0,0.0,value,0.0,0.0,0.0,0.0,,0,0,0.0,0.0,0.0,0.0,14240.0,0.0,0,0
20eac61c664f,Koppal,4D4A2,4D4A2M4a,Raghunathanhalli  West-3,0704020013,60/*/*,2.91,0.0,OBC,medium,1,AG2,GRHmB2,TCB,582.0,480.17,value,480.17,2.0,1.0,0.0,,0,0,0.0,0.0,0.0,0.0,60798.0,27662.738,1,1
38ddb895622e,Koppal,4D4A2,4D4A2M4a,Raghunathanhalli  West-3,0704020013,63/*/3,1.22,0.0,OTHER,small,1,AG2,GRHmB2,TCB,244.0,131.74,value,131.74,1.0,1.0,0.0,,0,0,0.0,0.0,0.0,0.0,26216.0,9751.436000000002,1,1
d4ea65704ef7,Koppal,4D4A2,4D4A2M4a,Raghunathanhalli  West-3,0704020013,67/*/3,0.4,0.0,OTHER,small,1,AG2,GRHmB2,TCB,80.0,0.0,value,0.0,0.0,0.0,0.0,,0,0,0.0,0.0,0.0,0.0,7120.0,0.0,0,0
59445e406bef,Koppal,4D4A2,4D4A2M4a,Raghunathanhalli  West-3,0704020013,35/*/2,1.19,1.0,OTHER,small,1,AG1,KVRmB2g1,TCB,238.0,226.07,value,226.07,1.0,2.0,0.0,,0,0,0.0,0.0,0.0,0.0,25682.0,19225.998,1,1
71b41a10d30f,Koppal,4D4A2,4D4A2M4a,Raghunathanhalli  West-3,0704020013,36/*/1,3.35,0.0,OBC,medium,1,AG1,DRLmB2,TCB,670.0,635.32,value,635.32,3.0,1.0,0.0,,0,0,0.0,0.0,0.0,0.0,73130.0,35724.448000000004,1,1
16bf147d7433,Koppal,4D4A2,4D4A2M4a,Raghunathanhalli  West-3,0704020013,38/*/4,0.5,0.0,OBC,small,1,AG1,DRLmB2,TCB,100.0,0.0,value,0.0,0.0,0.0,0.0,,0,0,0.0,0.0,0.0,0.0,8900.0,0.0,0,0
65c61d61dda9,Koppal,4D4A2,4D4A2M4a,Raghunathanhalli  West-3,0704020013,40/*/2,3.48,0.0,OBC,medium,1,AG1,DRLmB2,TCB,696.0,432.96,value,432.96,3.0,2.0,0.0,,0,0,0.0,0.0,0.0,0.0,75444.0,28392.143999999997,1,1
209cad61a034,Koppal,4D4A2,4D4A2M4a,Raghunathanhalli  West-3,0704020013,43/*/4,1.62,0.0,OTHER,small,1,AG1,MTLmB2g2,TCB,324.0,235.22,value,235.22,1.0,,0.0,,0,0,0.0,0.0,0.0,0.0,33336.0,12090.307999999999,1,1
1eefbaebfa5e,Koppal,4D4A2,4D4A2M4a,Raghunathanhalli  West-3,0704020013,42/*/4,0.78,0.0,OTHER,small,0,AG1,DRLmB2,TCB,156.0,169.57,value,169.57,0.0,1.0,0.0,,0,0,0.0,0.0,0.0,0.0,13884.0,11706.898,1,1
6c1106838f3c,Koppal,4D4A2,4D4A2M4a,Raghunathanhalli  West-3,0704020013,43/*/1,2.45,1.0,OBC,medium,1,AG1,MTLmB2g2,TCB,490.00000000000006,482.41,value,482.41,2.0,2.0,0.0,,0,0,0.0,0.0,0.0,0.0,52610.00000000001,30777.874,1,1
9692a79a44aa,Koppal,4D4A2,4D4A2M4a,Raghunathanhalli  West-3,0704020013,53/*/2,0.84,0.0,OTHER,small,0,AG2,MTLmB2g2,TCB,168.0,131.74,value,131.74,0.0,0.0,0.0,,0,0,0.0,0.0,0.0,0.0,14952.0,6771.436000000001,1,1
957ace9e4538,Koppal,4D4A2,4D4A2M4a,Raghunathanhalli  West-3,0704020013,54/*/3,1.37,1.0,OTHER,small,0,AG2,MTLmB2g2,TCB,274.0,160.2,value,160.2,1.0,1.0,0.0,,0,0,0.0,0.0,0.0,0.0,28886.0,11215.279999999999,1,1
b99fd94a2b8d,Koppal,4D4A2,4D4A2M4a,Raghunathanhalli  West-3,0704020013,47/*/3,0.8,0.0,OTHER,small,1,AG2,GRHmB2,TCB,160.0,178.86,value,178.86,0.0,0.0,0.0,,0,0,0.0,0.0,0.0,0.0,14240.0,9193.404,1,1
6a61263a637e,Koppal,4D4A2,4D4A2M4a,Raghunathanhalli  West-3,0704020013,52/*/4,1.03,0.0,OTHER,small,1,AG2,MTLmB2g2,TCB,206.0,159.98,value,159.98,1.0,1.0,0.0,,0,0,0.0,0.0,0.0,0.0,22834.0,11203.972,1,1
500b89bd8dff,Koppal,4D4A2,4D4A2M4a,Raghunathanhalli  West-3,0704020013,25/*/*,4.51,0.0,OTHER,medium,1,AG1,KDTmB2,TCB,902.0,564.7,value,564.7,3.0,2.0,0.0,,0,0,0.0,0.0,0.0,0.0,93778.0,36633.58,1,1
7295fc76aa5b,Koppal,4D4A2,4D4A2M4a,Raghunathanhalli  West-3,0704020013,30/*/1,2.63,0.0,OTHER,medium,1,AG1,MTLmB2g2,TCB,526.0,225.85,value,225.85,2.0,1.0,0.0,,0,0,0.0,0.0,0.0,0.0,55814.0,14599.689999999999,1,1
edb3009e8207,Koppal,4D4A2,4D4A2M4a,Raghunathanhalli  West-3,0704020013,55/*/1,1.73,0.0,OTHER,small,0,AG2,MTLmB2g2,TCB,346.0,668.32,value,668.32,1.0,,0.0,,0,0,0.0,0.0,0.0,0.0,35294.0,34351.648,1,1
d3d3f69ef34f,Koppal,4D4A2,4D4A2M4a,Raghunathanhalli  West-3,0704020013,57/*/1,0.58,0.0,OTHER,small,1,AG2,MTLmB2g2,TCB,115.99999999999999,160.2,value,160.2,0.0,0.0,0.0,,0,0,0.0,0.0,0.0,0.0,10323.999999999998,8234.279999999999,1,1
892a5d91a0b4,Koppal,4D4A2,4D4A2M4a,Raghunathanhalli  West-3,0704020013,59/*/2,2.48,0.0,OTHER,medium,1,AG2,GRHmB2,TCB,496.0,0.0,value,0.0,2.0,,0.0,,0,0,0.0,0.0,0.0,0.0,53144.0,0.0,0,0
20eac61c664f,Koppal,4D4A2,4D4A2M4a,Raghunathanhalli  West-3,0704020013,60/*/*,2.91,0.0,OTHER,medium,1,AG2,GRHmB2,TCB,582.0,348.43,value,348.43,2.0,2.0,0.0,,0,0,0.0,0.0,0.0,0.0,60798.0,23873.302,1,1
64d8bd769eee,Koppal,4D4A2,4D4A2M4a,Raghunathanhalli  West-3,0704020013,53/*/3,0.84,0.0,ST,small,1,AG2,MTLmB2g2,TCB,168.0,159.98,value,159.98,0.0,0.0,0.0,,0,0,0.0,0.0,0.0,0.0,14952.0,8222.972,1,1
9c9fe457f35b,Koppal,4D4A2,4D4A2M4a,Raghunathanhalli  West-3,0704020013,53/*/7,0.84,0.0,ST,small,1,AG2,MTLmB2g2,TCB,168.0,159.98,value,159.98,0.0,0.0,0.0,,0,0,0.0,0.0,0.0,0.0,14952.0,8222.972,1,1
f9d5bdac0504,Koppal,4D4A2,4D4A2M4a,Raghunathanhalli  West-3,0704020013,55/*/4,1.2,0.0,OTHER,small,0,AG2,MTLmB2g2,TCB,240.0,0.0,value,0.0,1.0,,0.0,,0,0,0.0,0.0,0.0,0.0,25860.0,0.0,0,0
2cace3b662dc,Koppal,4D4A2,4D4A2M4a,Raghunathanhalli  West-3,0704020013,56/*/3,0.11,0.0,OTHER,small,0,AG2,MTLmB2g2,TCB,22.0,0.0,value,0.0,0.0,0.0,0.0,,0,0,0.0,0.0,0.0,0.0,1958.0,0.0,0,0
6b0c5911e0c8,Koppal,4D4A2,4D4A2M4a,Raghunathanhalli  West-3,0704020013,30/*/3,1.92,0.0,OTHER,small,1,AG1,MTLmB2g2,TCB,384.0,362.34,value,362.34,1.0,1.0,0.0,,0,0,0.0,0.0,0.0,0.0,38676.0,21616.275999999998,1,1
38a59a53590e,Koppal,4D4A2,4D4A2M4a,Raghunathanhalli  West-3,0704020013,31/*/3,2.4,0.0,OBC,medium,1,AG1,MTLmB2g2,TCB,480.0,0.0,value,0.0,2.0,,0.0,,0,0,0.0,0.0,0.0,0.0,51720.0,0.0,0,0
a0a461e1161d,Koppal,4D4A2,4D4A2M4a,Raghunathanhalli  West-3,0704020013,35/*/3,0.4,0.0,ST,small,1,AG1,KVRmB2g1,TCB,80.0,0.0,value,0.0,0.0,0.0,0.0,,0,0,0.0,0.0,0.0,0.0,7120.0,0.0,0,0
7774b803be53,Koppal,4D4A2,4D4A2M4a,Raghunathanhalli  West-3,0704020013,35/*/4,1.2,0.0,ST,small,1,AG1,KVRmB2g1,TCB,240.0,178.56,value,178.56,1.0,2.0,0.0,,0,0,0.0,0.0,0.0,0.0,25860.0,16783.984,1,1
fdb2b2e5cb46,Koppal,4D4A2,4D4A2M4a,Raghunathanhalli  West-3,0704020013,44/*/3,1.19,1.0,OTHER,small,1,AG1,MTLmB2g2,TCB,238.0,311.02,value,311.02,1.0,,0.0,,0,0,0.0,0.0,0.0,0.0,25682.0,15986.427999999998,1,1
3fe9d122ce81,Koppal,4D4A2,4D4A2M4a,Raghunathanhalli  West-3,0704020013,45/*/*,3.07,0.0,OTHER,medium,1,AG2,DRLmB2,TCB,614.0,535.3,value,535.3,3.0,2.0,0.0,,0,0,0.0,0.0,0.0,0.0,68146.0,33650.42,1,1
7ff4b86893bb,Koppal,4D4A2,4D4A2M4a,Raghunathanhalli  West-3,0704020013,46/*/4,0.82,0.0,OTHER,small,1,AG2,DRLmB2,TCB,164.0,174.11,value,174.11,0.0,1.0,1.0,1.0,0,0,0.0,0.0,0.0,0.0,124596.0,107397.254,1,1
fae6c1ed2f33,Koppal,4D4A2,4D4A2M4a,Raghunathanhalli  West-3,0704020013,47/*/4,1.6,0.0,OBC,small,1,AG2,GRHmB2,TCB,320.0,348.22,value,348.22,1.0,1.0,0.0,,0,0,0.0,0.0,0.0,0.0,32980.0,21346.508,1,1
9386133ea557,Koppal,4D4A2,4D4A2M4a,Raghunathanhalli  West-3,0704020013,61/*/1,5.56,0.0,OTHER,medium,1,AG2,GRHmB2,TCB,1112.0,0.0,value,0.0,3.0,,0.0,,0,0,0.0,0.0,0.0,0.0,112468.0,0.0,0,0
1c636d5e7e46,Koppal,4D4A2,4D4A2M4a,Raghunathanhalli  West-3,0704020013,64/*/2,2.78,0.0,OTHER,medium,1,AG2,GRHmB2,TCB,556.0,306.06,value,306.06,2.0,1.0,0.0,,0,0,0.0,0.0,0.0,0.0,58484.0,18711.484,1,1
a2066069d876,Koppal,4D4A2,4D4A2M4a,Raghunathanhalli  West-3,0704020013,67/*/5,1.22,0.0,OTHER,small,1,AG2,GRHmB2,TCB,244.0,0.0,value,0.0,1.0,,0.0,,0,0,0.0,0.0,0.0,0.0,26216.0,0.0,0,0
944b6a50fe80,Koppal,4D4A2,4D4A2M4a,Raghunathanhalli  West-3,0704020013,58/*/1,1.2,1.0,OTHER,small,0,AG2,MTLmB2g2,TCB,240.0,188.23,value,188.23,1.0,1.0,1.0,1.0,0,0,0.0,0.0,0.0,0.0,135860.0,112658.022,1,1
20eac61c664f,Koppal,4D4A2,4D4A2M4a,Raghunathanhalli  West-3,0704020013,60/*/*,2.91,1.0,OTHER,medium,0,AG2,GRHmB2,TCB,582.0,0.0,value,0.0,2.0,,0.0,,0,0,0.0,0.0,0.0,0.0,60798.0,0.0,0,0
ee5992cc2022,Koppal,4D4A2,4D4A2M4a,Raghunathanhalli  West-3,0704020013,47/*/6,2.0,0.0,OTHER,small,1,AG2,GRHmB2,TCB,400.0,291.93,value,291.93,2.0,1.0,0.0,,0,0,0.0,0.0,0.0,0.0,44600.0,18453.201999999997,1,1
dd5631b3b139,Koppal,4D4A2,4D4A2M4a,Raghunathanhalli  West-3,0704020013,47/*/7,0.8,1.0,OTHER,small,1,AG2,GRHmB2,TCB,160.0,112.99,value,112.99,0.0,0.0,0.0,,0,0,0.0,0.0,0.0,0.0,14240.0,5807.686,1,1
14e10de2f4e2,Koppal,4D4A2,4D4A2M4a,Raghunathanhalli  West-3,0704020013,50/*/2,2.4,1.0,OTHER,medium,1,AG2,MTLmB2g2,TCB,480.0,334.09,value,334.09,2.0,2.0,0.0,,0,0,0.0,0.0,0.0,0.0,51720.0,24070.226,1,1
e74f8a7a0236,Koppal,4D4A2,4D4A2M4a,Raghunathanhalli  West-3,0704020013,51/*/3,0.15,0.0,OTHER,small,0,AG2,MTLmB2g2,TCB,30.0,0.0,value,0.0,0.0,0.0,0.0,,0,0,0.0,0.0,0.0,0.0,2670.0,0.0,0,0
c9827b2f0fcc,Koppal,4D4A2,4D4A2M4a,Raghunathanhalli  West-3,0704020013,52/*/3,1.02,0.0,OTHER,small,1,AG2,MTLmB2g2,TCB,204.0,131.74,value,131.74,1.0,,0.0,,0,0,0.0,0.0,0.0,0.0,22656.0,6771.436000000001,1,1
55f25a8984cb,Koppal,4D4A2,4D4A2M4a,Raghunathanhalli  West-3,0704020013,53/*/1,0.84,0.0,OTHER,small,0,AG2,MTLmB2g2,TCB,168.0,174.11,value,174.11,0.0,1.0,0.0,,0,0,0.0,0.0,0.0,0.0,14952.0,11930.254,1,1
81c2870f50fb,Koppal,4D4A2,4D4A2M4a,Raghunathanhalli  West-3,0704020013,54/*/1,0.8,0.0,OTHER,small,0,AG2,MTLmB2g2,TCB,160.0,174.11,value,174.11,0.0,0.0,0.0,,0,0,0.0,0.0,0.0,0.0,14240.0,8949.254,1,1
81c2870f50fb,Koppal,4D4A2,4D4A2M4a,Raghunathanhalli  West-3,0704020013,54/*/1,0.8,0.0,OTHER,small,0,AG2,MTLmB2g2,TCB,160.0,117.61,value,117.61,0.0,0.0,0.0,,0,0,0.0,0.0,0.0,0.0,14240.0,6045.1539999999995,1,1
f71261767fb3,Koppal,4D4A2,4D4A2M4a,Raghunathanhalli  West-3,0704020013,57/*/2,0.58,0.0,OTHER,small,1,AG2,MTLmB2g2,TCB,115.99999999999999,159.98,value,159.98,0.0,0.0,0.0,,0,0,0.0,0.0,0.0,0.0,10323.999999999998,8222.972,1,1
35fb547b9fdb,Koppal,4D4A2,4D4A2M4a,Raghunathanhalli  West-3,0704020013,57/*/4,2.34,0.0,OTHER,small,1,AG2,MTLmB2g2,TCB,468.0,174.11,value,174.11,2.0,1.0,1.0,1.0,0,1,0.0,0.0,0.0,0.0,258152.0,240216.25400000002,1,1
af41f6895510,Koppal,4D4A2,4D4A2M4a,Raghunathanhalli  West-3,0704020013,57/*/5,1.36,0.0,OTHER,small,1,AG2,MTLmB2g2,TCB,272.0,188.23,value,188.23,1.0,1.0,0.0,,0,1,0.0,0.0,0.0,0.0,126208.0,145942.022,1,1
519909c44fc7,Koppal,4D4A2,4D4A2M4a,Raghunathanhalli  West-3,0704020013,57/*/6,0.98,0.0,OBC,small,1,AG2,MTLmB2g2,TCB,196.0,159.98,value,159.98,0.0,0.0,0.0,,0,0,0.0,0.0,0.0,0.0,17444.0,8222.972,1,1
d9f74827fc41,Koppal,4D4A2,4D4A2M4a,Raghunathanhalli  West-3,0704020013,58/*/2,1.52,1.0,OTHER,small,0,AG2,MTLmB2g2,TCB,304.0,159.98,value,159.98,1.0,1.0,0.0,,0,0,0.0,0.0,0.0,0.0,31556.0,11205.972,1,1
1550199215ed,Koppal,4D4A2,4D4A2M4a,Raghunathanhalli  West-3,0704020013,67/*/2,1.23,0.0,OTHER,small,1,AG2,GRHmB2,TCB,246.0,0.0,value,0.0,1.0,,0.0,,0,0,0.0,0.0,0.0,0.0,26394.0,0.0,0,0
5b76defc887b,Koppal,4D4A2,4D4A2M4a,Raghunathanhalli  West-3,0704020013,64/*/1,2.79,0.0,OTHER,medium,1,AG2,GRHmB2,TCB,558.0,470.48,value,470.48,2.0,3.0,0.0,,0,0,0.0,0.0,0.0,0.0,58662.0,33122.672,1,1
7746b4c08d80,Koppal,4D4A2,4D4A2M4a,Raghunathanhalli  West-3,0704020013,105/*/5,1.2,0.0,OTHER,small,1,AG3,MTLmB2g2,TCB,240.0,19.65,value,19.65,1.0,,0.0,,0,0,0.0,0.0,0.0,0.0,25860.0,1010.0099999999999,1,1
f9cd19962a99,Koppal,4D4A2,4D4A2M4a,Raghunathanhalli  West-3,0704020013,105/*/6,1.2,0.0,OTHER,small,1,AG3,MTLmB2g2,TCB,240.0,235.8,value,235.8,1.0,,0.0,,0,0,0.0,0.0,0.0,0.0,25860.0,12120.12,1,1
49197dfb5b5f,Koppal,4D4A2,4D4A2M4a,Raghunathanhalli  West-3,0704020013,105/*/7,0.6,0.0,OTHER,small,0,AG3,MTLmB2g2,TCB,120.0,96.3,value,96.3,0.0,0.0,0.0,,0,0,0.0,0.0,0.0,0.0,10680.0,4949.82,1,1
dae76663b31b,Koppal,4D4A2,4D4A2M4a,Raghunathanhalli  West-3,0704020013,107/*/3,0.65,0.0,OTHER,small,1,AG3,MTLmB2g2,TCB,130.0,188.23,value,188.23,0.0,1.0,0.0,,0,0,0.0,0.0,0.0,0.0,11570.0,12738.021999999999,1,1
98f84333fe35,Koppal,4D4A2,4D4A2M4a,Raghunathanhalli  West-3,0704020013,107/*/7,0.94,0.0,SC,small,1,AG3,MTLmB2g2,TCB,188.0,188.23,value,188.23,0.0,1.0,0.0,,0,0,0.0,0.0,0.0,0.0,16732.0,12738.021999999999,1,1
43c11519d096,Koppal,4D4A2,4D4A2M4a,Raghunathanhalli  West-3,0704020013,108/*/2,0.79,1.0,OTHER,small,1,AG3,MTLmB2g2,TCB,158.0,150.83,value,150.83,0.0,0.0,0.0,,0,0,0.0,0.0,0.0,0.0,14062.0,7752.662,1,1
ff8af89b9f46,Koppal,4D4A2,4D4A2M4a,Raghunathanhalli  West-3,0704020013,109/*/1,1.23,0.0,OTHER,small,1,AG3,MTLmB2g2,TCB,246.0,241.7,value,241.7,1.0,,0.0,,0,0,0.0,0.0,0.0,0.0,26394.0,12423.38,1,1
5d1895f9e5e1,Koppal,4D4A2,4D4A2M4a,Raghunathanhalli  West-3,0704020013,109/*/3,1.24,0.0,OTHER,small,1,AG3,MTLmB2g2,TCB,248.0,243.66,value,243.66,1.0,,0.0,,0,0,0.0,0.0,0.0,0.0,26572.0,12524.124,1,1
e3afad845435,Koppal,4D4A2,4D4A2M4a,Raghunathanhalli  West-3,0704020013,113/*/4,2.4,0.0,OBC,medium,1,AG3,MTLmB2g2,TCB,480.0,616.79,value,616.79,2.0,1.0,0.0,,0,0,0.0,0.0,0.0,0.0,51720.0,34666.005999999994,1,1
e2fe80d5a8dd,Koppal,4D4A2,4D4A2M4a,Raghunathanhalli  West-3,0704020013,113/*/6,1.42,0.0,OTHER,small,0,AG3,MTLmB2g2,TCB,284.0,273.19,value,273.19,1.0,2.0,0.0,,0,0,0.0,0.0,0.0,0.0,29776.0,19967.966,1,1
70b4b9b39d94,Koppal,4D4A2,4D4A2M4a,Raghunathanhalli  West-3,0704020013,33/*/1,1.4,1.0,OTHER,small,0,AG1,MTLmB2g2,TCB,280.0,197.6,value,197.6,1.0,1.0,0.0,,0,0,0.0,0.0,0.0,0.0,29420.0,13147.64,1,1
211d55ba9037,Koppal,4D4A2,4D4A2M4a,Raghunathanhalli  West-3,0704020013,34/*/2,1.23,0.0,SC,small,1,AG1,KVRmB2g1,TCB,246.0,216.48,value,216.48,1.0,1.0,0.0,,0,0,0.0,0.0,0.0,0.0,26394.0,14930.071999999998,1,1
f3aee93c5f3d,Koppal,4D4A2,4D4A2M4a,Raghunathanhalli  West-3,0704020013,38/*/1,3.0,0.0,SC,medium,1,AG1,DRLmB2,TCB,600.0,263.47,value,263.47,3.0,1.0,0.0,,0,0,0.0,0.0,0.0,0.0,66900.0,16611.358,1,1
577144e599a2,Koppal,4D4A2,4D4A2M4a,Raghunathanhalli  West-3,0704020013,40/*/1,1.16,0.0,OTHER,small,1,AG1,DRLmB2,TCB,231.99999999999997,198.85,value,198.85,1.0,1.0,0.0,,0,0,0.0,0.0,0.0,0.0,25147.999999999996,13289.89,1,1
48ccf993ddc2,Koppal,4D4A2,4D4A2M4a,Raghunathanhalli  West-3,0704020013,42/*/2,1.27,1.0,OBC,small,1,AG1,DRLmB2,TCB,254.0,169.57,value,169.57,1.0,1.0,0.0,,0,0,0.0,0.0,0.0,0.0,27106.0,11706.898,1,1
d5919caf29e4,Koppal,4D4A2,4D4A2M4a,Raghunathanhalli  West-3,0704020013,42/*/3,2.42,1.0,OTHER,medium,1,AG1,DRLmB2,TCB,484.0,183.48,value,183.48,2.0,1.0,0.0,,0,0,0.0,0.0,0.0,0.0,52076.0,12421.872,1,1
5a9736a8a0f1,Koppal,4D4A2,4D4A2M4a,Raghunathanhalli  West-3,0704020013,43/*/2,2.22,0.0,OTHER,small,0,AG1,MTLmB2g2,TCB,444.00000000000006,362.55,value,362.55,2.0,1.0,0.0,,0,0,0.0,0.0,0.0,0.0,48516.00000000001,21626.07,1,1
f64e2843f9cc,Koppal,4D4A2,4D4A2M4a,Raghunathanhalli  West-3,0704020013,50/*/1,2.43,0.0,OTHER,medium,1,AG2,MTLmB2g2,TCB,486.00000000000006,348.22,value,348.22,2.0,2.0,1.0,1.0,0,0,0.0,0.0,0.0,0.0,162254.0,119796.508,1,1
1ee5d5e903ee,Koppal,4D4A2,4D4A2M4a,Raghunathanhalli  West-3,0704020013,51/*/4,1.79,0.0,OTHER,small,1,AG2,MTLmB2g2,TCB,358.0,159.98,value,159.98,1.0,,0.0,,0,1,0.0,0.0,0.0,0.0,133862.0,141509.972,1,1
25434f810134,Koppal,4D4A2,4D4A2M4a,Raghunathanhalli  West-3,0704020013,51/*/7,0.95,0.0,OTHER,small,0,AG2,MTLmB2g2,TCB,190.0,0.0,value,0.0,0.0,0.0,0.0,,0,0,0.0,0.0,0.0,0.0,16910.0,0.0,0,0
2d42c3b62496,Koppal,4D4A2,4D4A2M4a,Raghunathanhalli  West-3,0704020013,52/*/5,1.03,0.0,OTHER,small,1,AG2,MTLmB2g2,TCB,206.0,160.2,value,160.2,1.0,,0.0,,0,0,0.0,0.0,0.0,0.0,22834.0,8234.279999999999,1,1
112ce6cd5193,Koppal,4D4A2,4D4A2M4a,Raghunathanhalli  West-3,0704020013,53/*/5,0.85,0.0,ST,small,1,AG2,MTLmB2g2,TCB,170.0,291.72,value,291.72,0.0,2.0,0.0,,0,0,0.0,0.0,0.0,0.0,15130.0,20956.408000000003,1,1
3996ef2226c2,Koppal,4D4A2,4D4A2M4a,Raghunathanhalli  West-3,0704020013,56/*/1,4.2,1.0,OTHER,medium,1,AG2,MTLmB2g2,TCB,840.0,564.7,value,564.7,3.0,2.0,0.0,,0,0,0.0,0.0,0.0,0.0,88260.0,34991.58,1,1
dd09a47f8973,Koppal,4D4A2,4D4A2M4a,Raghunathanhalli  West-3,0704020013,59/*/1,2.48,0.0,OTHER,medium,0,AG2,GRHmB2,TCB,496.0,668.18,value,668.18,2.0,1.0,0.0,,0,0,0.0,0.0,0.0,0.0,53144.0,37327.452,1,1
ec66420d5f98,Koppal,4D4A2,4D4A2M4a,Raghunathanhalli  West-3,0704020013,61/*/2,0.8,1.0,OTHER,small,1,AG2,GRHmB2,TCB,160.0,0.0,value,0.0,0.0,0.0,0.0,,0,0,0.0,0.0,0.0,0.0,14240.0,0.0,0,0
49fd59ccb406,Koppal,4D4A2,4D4A2M4a,Raghunathanhalli  West-3,0704020013,65/*/*,0.67,0.0,OTHER,small,1,AG2,GRHmB2,TCB,134.0,0.0,value,0.0,0.0,0.0,0.0,,0,0,0.0,0.0,0.0,0.0,11926.0,0.0,0,0
1550199215ed,Koppal,4D4A2,4D4A2M4a,Raghunathanhalli  West-3,0704020013,67/*/2,1.23,0.0,OTHER,small,1,AG2,GRHmB2,TCB,246.0,0.0,value,0.0,1.0,,0.0,,0,0,0.0,0.0,0.0,0.0,26394.0,0.0,0,0
f82897171388,Koppal,4D4A2,4D4A2M4a,Raghunathanhalli  West-3,0704020013,67/*/4,0.83,1.0,OTHER,small,1,AG2,GRHmB2,TCB,166.0,0.0,value,0.0,0.0,0.0,0.0,,0,0,0.0,0.0,0.0,0.0,14774.0,0.0,0,0
3ad670206436,Koppal,4D4A2,4D4A2M4a,Raghunathanhalli  West-3,0704020017,29/*/*,1.33,0.0,OTHER,small,0,AG3,BGTmB2g2,TCB,266.0,0.0,value,0.0,1.0,,0.0,,0,0,0.0,0.0,0.0,0.0,28174.0,0.0,0,0
3ad670206436,Koppal,4D4A2,4D4A2M4a,Raghunathanhalli  West-3,0704020017,29/*/*,1.33,1.0,OTHER,small,0,AG3,BGTmB2g2,TCB,266.0,0.0,value,0.0,1.0,,0.0,,0,0,0.0,0.0,0.0,0.0,28174.0,0.0,0,0
3ad670206436,Koppal,4D4A2,4D4A2M4a,Raghunathanhalli  West-3,0704020017,29/*/*,1.34,0.0,OTHER,small,1,AG3,BGTmB2g2,TCB,268.0,0.0,value,0.0,1.0,,0.0,,0,0,0.0,0.0,0.0,0.0,28352.0,0.0,0,0
3ad670206436,Koppal,4D4A2,4D4A2M4a,Raghunathanhalli  West-3,0704020017,29/*/*,1.78,1.0,OTHER,small,1,AG3,BGTmB2g2,TCB,356.0,0.0,value,0.0,1.0,,0.0,,0,0,0.0,0.0,0.0,0.0,36184.0,0.0,0,0
3ad670206436,Koppal,4D4A2,4D4A2M4a,Raghunathanhalli  West-3,0704020017,29/*/*,1.34,0.0,OTHER,small,0,AG3,BGTmB2g2,TCB,268.0,0.0,value,0.0,1.0,,0.0,,0,0,0.0,0.0,0.0,0.0,28352.0,0.0,0,0
82d2d57a1ca8,Koppal,4D4A2,4D4A2M4a,Raghunathanhalli  West-3,0704020002,1300/*/1,1.79,0.0,OBC,medium,1,AG1,KVRmB2g1,TCB,358.0,351.74,value,351.74,3.0,,0.0,,0,0,0.0,0.0,0.0,0.0,45362.0,18079.436,1,1
eb1c847021d6,Koppal,4D4A2,4D4A2M4a,Raghunathanhalli  West-3,0704020002,1343/*/*,9.9,0.0,OBC,large,1,AG4,GRHmB2,TCB,1980.0,1021.8,value,1021.8,3.0,,0.0,,0,0,0.0,0.0,0.0,0.0,189720.0,52520.52,1,1
3713164ef078,Koppal,4D4A2,4D4A2M4a,Raghunathanhalli  West-3,0704020002,1344/*/*,8.34,1.0,OBC,large,1,AG4,GRHmB2,TCB,1668.0,1638.81,value,1638.81,3.0,,0.0,,0,0,0.0,0.0,0.0,0.0,161952.0,84234.83399999999,1,1
3a49de1371a9,Koppal,4D4A2,4D4A2M4a,Raghunathanhalli  West-3,0704020002,1346/*/3,0.8,1.0,SC,small,1,AG4,KVRmB2g1,TCB,160.0,0.0,value,0.0,0.0,0.0,0.0,,0,0,0.0,0.0,0.0,0.0,14240.0,0.0,0,0
0b1575dbce6a,Koppal,4D4A2,4D4A2M4a,Raghunathanhalli  West-3,0704020002,1346/*/5,0.8,1.0,ST,small,1,AG4,KVRmB2g1,TCB,160.0,0.0,value,0.0,0.0,0.0,0.0,,0,0,0.0,0.0,0.0,0.0,14240.0,0.0,0,0
0cdd6c65b677,Koppal,4D4A2,4D4A2M4a,Raghunathanhalli  West-3,0704020002,1347/*/2,2.4,1.0,OBC,medium,1,AG4,DRLmB2,TCB,480.0,471.6,value,471.6,2.0,,0.0,,0,0,0.0,0.0,0.0,0.0,51720.0,24240.24,1,1
c7e0005fcba9,Koppal,4D4A2,4D4A2M4a,Raghunathanhalli  West-3,0704020002,1348/*/*,0.3,0.0,OBC,small,0,AG4,DRLmB2,TCB,60.0,58.95,value,58.95,0.0,0.0,0.0,,0,0,0.0,0.0,0.0,0.0,5340.0,3030.03,1,1
e818d2d89551,Koppal,4D4A2,4D4A2M4a,Raghunathanhalli  West-3,0704020002,1346/*/2,0.3,0.0,OBC,small,1,AG4,KVRmB2g1,TCB,60.0,58.95,value,58.95,0.0,0.0,0.0,,0,0,0.0,0.0,0.0,0.0,5340.0,3030.03,1,1
195c4b973cc3,Koppal,4D4A2,4D4A2M4a,Raghunathanhalli  West-3,0704020002,1349/*/*,7.29,0.0,OBC,medium,0,AG4,DRLmB2,TCB,1458.0,668.1,value,668.1,3.0,,0.0,,0,0,0.0,0.0,0.0,0.0,143262.0,34340.340000000004,1,1
5dc1d4afddc3,Koppal,4D4A2,4D4A2M4a,Raghunathanhalli  West-3,0704020002,1346/*/6,0.8,1.0,OBC,small,0,AG4,KVRmB2g1,TCB,160.0,157.2,value,157.2,0.0,0.0,0.0,,0,0,0.0,0.0,0.0,0.0,14240.0,8080.079999999999,1,1
c9d101ef019a,Koppal,4D4A2,4D4A2M4a,Raghunathanhalli  West-3,0704020002,1346/*/1,1.6,1.0,OBC,small,1,AG4,KVRmB2g1,TCB,320.0,314.4,value,314.4,1.0,,0.0,,0,0,0.0,0.0,0.0,0.0,32980.0,16160.159999999998,1,1
45ed24fecb5b,Koppal,4D4A2,4D4A2M4a,Raghunathanhalli  West-3,0704020002,1346/*/4,0.8,1.0,ST,small,1,AG4,KVRmB2g1,TCB,160.0,0.0,value,0.0,0.0,0.0,0.0,,0,0,0.0,0.0,0.0,0.0,14240.0,0.0,0,0
e3169daee40a,Koppal,4D4A2,4D4A2M4a,Raghunathanhalli  West-3,0704020002,1345/*/*,4.08,0.0,OBC,large,1,AG4,DRLmB2,TCB,816.0,801.72,value,801.72,3.0,,0.0,,0,0,0.0,0.0,0.0,0.0,86124.0,41208.408,1,1
775387521f10,Koppal,4D4A2,4D4A2M4a,Raghunathanhalli  West-3,0704020002,1300/*/2,1.84,1.0,OBC,medium,1,AG4,KVRmB2g1,TCB,368.0,361.56,value,361.56,3.0,,0.0,,0,0,0.0,0.0,0.0,0.0,46252.0,18584.184,1,1
47835aba590d,Koppal,4D4A2,4D4A2M4a,Raghunathanhalli  West-3,0704020002,1347/*/1,2.58,0.0,OBC,medium,1,AG4,DRLmB2,TCB,516.0,506.97,value,506.97,2.0,,0.0,,0,0,0.0,0.0,0.0,0.0,54924.0,26058.258,1,1
10e7d2bdb478,Koppal,4D4A2,4D4A2M4b,Raghunathanhalli  West-1,0704020013,100/*/1,1.78,0.0,OTHER,small,0,AG1,RNKmB2g1,TCB,356.0,301.22,value,301.22,1.0,1.0,0.0,,0,0,0.0,0.0,0.0,0.0,36184.0,18539.708,1,1
3d6f8a383676,Koppal,4D4A2,4D4A2M4b,Raghunathanhalli  West-1,0704020013,100/*/2,1.82,1.0,OTHER,small,1,AG1,RNKmB2g1,TCB,364.0,244.73,value,244.73,1.0,1.0,1.0,1.0,0,0,0.0,0.0,0.0,0.0,146896.0,115636.122,1,1
6d6072f79ac0,Koppal,4D4A2,4D4A2M4b,Raghunathanhalli  West-1,0704020013,101/*/3,1.47,0.0,OTHER,small,1,AG1,GRHmB2,TCB,294.0,216.48,value,216.48,1.0,1.0,0.0,,0,0,100.0,100.0,0.0,0.0,52264.0,35784.072,1,1
39bb30a3c467,Koppal,4D4A2,4D4A2M4b,Raghunathanhalli  West-1,0704020013,100/*/4,0.05,1.0,OTHER,small,0,AG1,RNKmB2g1,TCB,10.0,8.03,value,8.03,0.0,0.0,0.0,,0,0,0.0,0.0,0.0,0.0,890.0,412.74199999999996,1,1
2a192e2b4772,Koppal,4D4A2,4D4A2M4b,Raghunathanhalli  West-1,0704020013,101/*/2,1.2,0.0,OTHER,small,1,AG1,GRHmB2,TCB,240.0,183.98,value,183.98,1.0,,0.0,,0,0,277.0,0.0,0.0,0.0,53348.0,9456.572,1,1
1314fd423809,Koppal,4D4A2,4D4A2M4b,Raghunathanhalli  West-1,0704020013,100/*/5,1.83,0.0,OTHER,small,1,AG1,RNKmB2g1,TCB,366.0,216.48,value,216.48,1.0,1.0,0.0,,0,0,0.0,0.0,0.0,0.0,37074.0,14184.071999999998,1,1
d0fca41357e6,Koppal,4D4A2,4D4A2M4b,Raghunathanhalli  West-1,0704020013,94/*/1,1.23,1.0,OTHER,medium,1,AG1,GRHmB2,TCB,246.0,241.7,value,241.7,2.0,1.0,0.0,,0,0,0.0,0.0,0.0,0.0,30894.0,13995.38,1,1
1aaa9a6cfd94,Koppal,4D4A2,4D4A2M4b,Raghunathanhalli  West-1,0704020013,99/*/2,0.76,0.0,OTHER,small,1,AG1,BGTmB2g2,TCB,152.0,174.11,value,174.11,0.0,0.0,0.0,,0,0,0.0,0.0,0.0,0.0,13528.0,8949.254,1,1
97a632c9024f,Koppal,4D4A2,4D4A2M4b,Raghunathanhalli  West-1,0704020013,99/*/6,2.38,1.0,OBC,small,1,AG1,BGTmB2g2,TCB,476.0,395.55,value,395.55,2.0,,0.0,,0,0,0.0,0.0,40.0,0.0,55164.0,20331.27,1,1
c0ef217a31bd,Koppal,4D4A2,4D4A2M4b,Raghunathanhalli  West-1,0704020013,96/*/5,0.8,0.0,OTHER,small,1,AG1,GRHmB2,TCB,160.0,145.86,value,145.86,0.0,1.0,0.0,,0,0,0.0,0.0,0.0,0.0,14240.0,10555.204000000002,1,1
11dfc2e7734b,Koppal,4D4A2,4D4A2M4b,Raghunathanhalli  West-1,0704020013,99/*/1,1.16,0.0,OTHER,small,1,AG1,BGTmB2g2,TCB,231.99999999999997,230.6,value,230.6,1.0,1.0,0.0,,0,0,0.0,0.0,0.0,0.0,25147.999999999996,14909.84,1,1
73b558d993de,Koppal,4D4A2,4D4A2M4b,Raghunathanhalli  West-1,0704020013,99/*/3,0.54,0.0,OTHER,small,0,AG1,BGTmB2g2,TCB,108.0,131.74,value,131.74,0.0,0.0,0.0,,0,0,0.0,0.0,0.0,0.0,9612.0,6771.436000000001,1,1
20a478924206,Koppal,4D4A2,4D4A2M4b,Raghunathanhalli  West-1,0704020013,96/*/6,0.8,1.0,OTHER,small,0,AG1,GRHmB2,TCB,160.0,230.6,value,230.6,0.0,1.0,0.0,,0,0,0.0,0.0,0.0,0.0,14240.0,14910.84,1,1
6868f124a732,Koppal,4D4A2,4D4A2M4b,Raghunathanhalli  West-1,0704020013,96/*/7,0.89,0.0,OTHER,small,1,AG1,GRHmB2,TCB,178.0,131.74,value,131.74,0.0,1.0,0.0,,0,0,0.0,0.0,0.0,0.0,15842.0,9829.436000000002,1,1
ec395d1b3490,Koppal,4D4A2,4D4A2M4b,Raghunathanhalli  West-1,0704020013,96/*/8,0.89,0.0,OTHER,small,0,AG1,GRHmB2,TCB,178.0,131.74,value,131.74,0.0,1.0,0.0,,0,0,0.0,0.0,0.0,0.0,15842.0,9829.436000000002,1,1
24e8a5230c82,Koppal,4D4A2,4D4A2M4b,Raghunathanhalli  West-1,0704020013,99/*/4,1.19,0.0,OTHER,small,0,AG1,BGTmB2g2,TCB,238.0,233.84,value,233.84,1.0,,0.0,,0,0,0.0,0.0,0.0,0.0,25682.0,12019.376,1,1
43c0ececf0f2,Koppal,4D4A2,4D4A2M4b,Raghunathanhalli  West-1,0704020013,95/*/1,0.46,1.0,OTHER,small,1,AG1,GRHmB2,TCB,92.0,90.39,value,90.39,0.0,0.0,0.0,,0,0,0.0,0.0,0.0,0.0,8188.0,4646.046,1,1
61b52eadf4e6,Koppal,4D4A2,4D4A2M4b,Raghunathanhalli  West-1,0704020013,95/*/2,0.92,1.0,OTHER,small,1,AG1,GRHmB2,TCB,184.0,0.0,value,0.0,0.0,0.0,0.0,,0,0,0.0,0.0,0.0,0.0,16376.0,0.0,0,0
04f3bd8f9c9c,Koppal,4D4A2,4D4A2M4b,Raghunathanhalli  West-1,0704020013,95/*/4,1.4,0.0,OTHER,small,1,AG1,GRHmB2,TCB,280.0,180.0,value,180.0,1.0,,0.0,,0,0,277.0,0.0,0.0,0.0,56908.0,9252.0,1,1
aed2567d4ee4,Koppal,4D4A2,4D4A2M4b,Raghunathanhalli  West-1,0704020013,96/*/3,1.05,0.0,OTHER,small,0,AG1,GRHmB2,TCB,210.0,131.74,value,131.74,1.0,1.0,0.0,,0,0,0.0,0.0,0.0,0.0,23190.0,9829.436000000002,1,1
8376c68fff22,Koppal,4D4A2,4D4A2M4b,Raghunathanhalli  West-1,0704020013,96/*/4,1.2,0.0,OTHER,small,0,AG1,GRHmB2,TCB,240.0,188.23,value,188.23,1.0,1.0,0.0,,0,0,0.0,0.0,0.0,0.0,25860.0,12733.021999999999,1,1
8da023d474d2,Koppal,4D4A2,4D4A2M4b,Raghunathanhalli  West-1,0704020013,98/*/1,1.44,0.0,OTHER,small,0,AG1,RNKmB2g1,TCB,288.0,188.23,value,188.23,1.0,1.0,0.0,,0,0,0.0,0.0,0.0,0.0,30132.0,12732.021999999999,1,1
8d76cd095f5c,Koppal,4D4A2,4D4A2M4b,Raghunathanhalli  West-1,0704020013,95/*/5,4.2,0.0,OTHER,medium,1,AG1,GRHmB2,TCB,840.0,432.0,value,432.0,3.0,,0.0,,0,0,277.0,0.0,40.0,95.0,217048.0,31229.8,1,1
493252a51fc7,Koppal,4D4A2,4D4A2M4b,Raghunathanhalli  West-1,0704020013,98/*/2,1.44,1.0,OTHER,small,1,AG1,RNKmB2g1,TCB,288.0,268.22,value,268.22,1.0,1.0,0.0,,0,0,0.0,0.0,0.0,0.0,30132.0,16843.508,1,1
1fe5f50b13cc,Koppal,4D4A2,4D4A2M4b,Raghunathanhalli  West-1,0704020013,98/*/3,0.11,0.0,OTHER,small,0,AG1,RNKmB2g1,TCB,22.0,21.62,value,21.62,0.0,0.0,0.0,,0,0,0.0,0.0,0.0,0.0,1958.0,1111.268,1,1
65723a01fea2,Koppal,4D4A2,4D4A2M4b,Raghunathanhalli  West-1,0704020013,98/*/4,0.53,0.0,OTHER,small,0,AG1,RNKmB2g1,TCB,106.0,75.24,value,75.24,0.0,0.0,0.0,,0,0,0.0,0.0,0.0,0.0,9434.0,3867.336,1,1
327e15bc9f3e,Koppal,4D4A2,4D4A2M4b,Raghunathanhalli  West-1,0704020013,95/*/3,1.4,0.0,OBC,small,1,AG1,GRHmB2,TCB,280.0,275.1,value,275.1,1.0,,0.0,,0,0,100.0,100.0,0.0,0.0,51018.0,35740.14,1,1
cc06f8d62882,Koppal,4D4A2,4D4A2M4b,Raghunathanhalli  West-1,0704020013,98/*/5,0.4,0.0,OTHER,small,0,AG1,RNKmB2g1,TCB,80.0,75.2,value,75.2,0.0,0.0,0.0,,0,0,0.0,0.0,0.0,0.0,7120.0,3865.28,1,1
0165dfa9e692,Koppal,4D4A2,4D4A2M4b,Raghunathanhalli  West-1,0704020013,98/*/6,0.4,0.0,OTHER,small,0,AG1,RNKmB2g1,TCB,80.0,159.98,value,159.98,0.0,0.0,0.0,,0,0,0.0,0.0,0.0,0.0,7120.0,8222.972,1,1
52e1a8838215,Koppal,4D4A2,4D4A2M4b,Raghunathanhalli  West-1,0704020013,99/*/5,1.16,0.0,OTHER,small,0,AG1,BGTmB2g2,TCB,231.99999999999997,202.36,value,202.36,1.0,1.0,0.0,,0,0,0.0,0.0,0.0,0.0,25147.999999999996,13458.304,1,1
8efd0fced00d,Koppal,4D4A2,4D4A2M4b,Raghunathanhalli  West-1,0704020013,100/*/3,1.82,0.0,OTHER,small,0,AG1,RNKmB2g1,TCB,364.0,216.48,value,216.48,1.0,1.0,0.0,,0,0,0.0,0.0,0.0,0.0,36896.0,14184.071999999998,1,1
2849eb60f984,Koppal,4D4A2,4D4A2M4b,Raghunathanhalli  West-1,0704020013,101/*/1,1.48,0.0,OBC,small,1,AG1,GRHmB2,TCB,296.0,216.48,value,216.48,1.0,1.0,1.0,1.0,0,0,277.0,0.0,0.0,0.0,168332.0,114184.072,1,1
73def4d84b14,Koppal,4D4A2,4D4A2M4b,Raghunathanhalli  West-1,0704020013,101/*/4,1.47,0.0,OTHER,small,1,AG1,GRHmB2,TCB,294.0,216.48,value,216.48,1.0,1.0,0.0,,0,0,277.0,0.0,0.0,0.0,58154.0,14184.071999999998,1,1
93e1dcdd048c,Koppal,4D4A2,4D4A2M4b,Raghunathanhalli  West-1,0704020013,94/*/2,2.44,1.0,OBC,medium,1,AG1,GRHmB2,TCB,488.0,479.46,value,479.46,2.0,,0.0,,0,0,0.0,0.0,0.0,0.0,52432.0,24644.244,1,1
dd353f8bb6a0,Koppal,4D4A2,4D4A2M4b,Raghunathanhalli  West-1,0704020013,96/*/1,1.6,0.0,OTHER,small,1,AG1,GRHmB2,TCB,320.0,188.23,value,188.23,1.0,1.0,0.0,,0,0,0.0,0.0,0.0,0.0,32980.0,12733.021999999999,1,1
d3a86b10d98f,Koppal,4D4A2,4D4A2M4b,Raghunathanhalli  West-1,0704020013,96/*/2,1.05,0.0,OTHER,small,0,AG1,GRHmB2,TCB,210.0,131.74,value,131.74,1.0,1.0,0.0,,0,0,0.0,0.0,0.0,0.0,23190.0,9829.436000000002,1,1
fefd0551c516,Koppal,4D4A2,4D4A2M4b,Raghunathanhalli  West-1,0704020013,97/*/*,9.92,1.0,OTHER,medium,1,AG1,RNKmB2g1,TCB,1984.0,1492.16,value,1492.16,3.0,2.0,0.0,,0,0,0.0,0.0,40.0,0.0,193876.0,82811.024,1,1
3762ffd94608,Koppal,4D4A2,4D4A2M4b,Raghunathanhalli  West-1,0704020017,34/*/6,0.8,0.0,OTHER,small,1,AG2,KVRmB1,TCB,160.0,216.48,value,216.48,0.0,1.0,0.0,,0,0,0.0,0.0,0.0,0.0,14240.0,14184.071999999998,1,1
5300165bf91b,Koppal,4D4A2,4D4A2M4b,Raghunathanhalli  West-1,0704020017,36/*/*,0.8,0.0,OTHER,small,1,AG2,KVRmB1,TCB,160.0,0.0,value,0.0,0.0,0.0,0.0,,0,0,0.0,0.0,0.0,0.0,14240.0,0.0,0,0
be120a59e901,Koppal,4D4A2,4D4A2M4b,Raghunathanhalli  West-1,0704020017,37/*/1,2.05,0.0,OTHER,small,1,AG2,KVRmB1,TCB,409.99999999999994,294.0,value,294.0,2.0,,0.0,,0,0,0.0,0.0,0.0,0.0,45489.99999999999,15111.6,1,1
eb388476eff9,Koppal,4D4A2,4D4A2M4b,Raghunathanhalli  West-1,0704020017,38/*/6,0.3,0.0,OTHER,small,1,AG2,RNKmB2g1,TCB,60.0,58.95,value,58.95,0.0,0.0,0.0,,0,0,0.0,0.0,0.0,0.0,5340.0,3030.03,1,1
c2a992fd04e6,Koppal,4D4A2,4D4A2M4b,Raghunathanhalli  West-1,0704020017,40/*/10,0.99,0.0,OTHER,small,1,AG2,RNKmB2g1,TCB,198.0,194.54,value,194.54,0.0,0.0,0.0,,0,0,0.0,0.0,0.0,0.0,17622.0,9999.356,1,1
2e1611e600ea,Koppal,4D4A2,4D4A2M4b,Raghunathanhalli  West-1,0704020017,43/*/*,1.88,0.0,OTHER,small,1,AG2,HDLmA1g1,TCB,376.0,251.52,value,251.52,1.0,,0.0,,0,0,277.0,277.0,0.0,0.0,54200.0,40351.128,1,1
3a8cb5a0aa39,Koppal,4D4A2,4D4A2M4b,Raghunathanhalli  West-1,0704020017,44/*/*,1.23,0.0,OTHER,small,1,AG2,BGTmB2g1,TCB,246.0,241.7,value,241.7,1.0,,0.0,,0,0,0.0,0.0,0.0,0.0,26394.0,12423.38,1,1
c7e1b48bbe54,Koppal,4D4A2,4D4A2M4b,Raghunathanhalli  West-1,0704020017,46/*/3,1.57,0.0,OTHER,small,0,AG2,KVRmB1,TCB,314.0,308.51,value,308.51,1.0,,0.0,,0,0,0.0,0.0,0.0,0.0,32446.0,15857.413999999999,1,1
d5bc4eda8782,Koppal,4D4A2,4D4A2M4b,Raghunathanhalli  West-1,0704020017,57/*/3,0.17,0.0,OTHER,small,1,AG3,BGTmB2g1,TCB,34.0,33.41,value,33.41,0.0,0.0,0.0,,0,0,0.0,0.0,0.0,0.0,3026.0,1717.274,1,1
453685f4919c,Koppal,4D4A2,4D4A2M4b,Raghunathanhalli  West-1,0704020017,63/*/*,4.15,0.0,OTHER,large,1,AG3,MTLmB1g1,TCB,830.0000000000001,815.48,value,815.48,3.0,,0.0,,0,1,0.0,0.0,40.0,95.0,188670.0,184227.672,1,1
826b8e9d9804,Koppal,4D4A2,4D4A2M4b,Raghunathanhalli  West-1,0704020017,65/*/*,3.18,0.0,OTHER,small,1,AG3,MTLmB1g1,TCB,636.0,624.87,value,624.87,3.0,,0.0,,0,0,0.0,0.0,40.0,95.0,171404.0,41143.318,1,1
5166e139cd17,Koppal,4D4A2,4D4A2M4b,Raghunathanhalli  West-1,0704020017,33/*/*,1.52,1.0,OTHER,small,1,AG2,KVRmB1,TCB,304.0,160.2,value,160.2,1.0,,0.0,,0,0,0.0,0.0,0.0,0.0,31556.0,8234.279999999999,1,1
5300165bf91b,Koppal,4D4A2,4D4A2M4b,Raghunathanhalli  West-1,0704020017,36/*/*,0.19,0.0,OTHER,small,1,AG2,KVRmB1,TCB,38.0,37.34,value,37.34,0.0,0.0,0.0,,0,0,0.0,0.0,0.0,0.0,3382.0,1919.276,1,1
37d6173cc8f6,Koppal,4D4A2,4D4A2M4b,Raghunathanhalli  West-1,0704020017,30/*/*,0.42,1.0,OTHER,small,0,AG2,LGDmB1,TCB,84.0,145.86,value,145.86,0.0,1.0,1.0,,0,0,0.0,0.0,0.0,0.0,117476.0,10555.204000000002,1,1
37d6173cc8f6,Koppal,4D4A2,4D4A2M4b,Raghunathanhalli  West-1,0704020017,30/*/*,1.77,0.0,OTHER,small,0,AG2,LGDmB1,TCB,354.0,230.6,value,230.6,1.0,1.0,0.0,,0,0,0.0,0.0,0.0,0.0,36006.0,14910.84,1,1
37d6173cc8f6,Koppal,4D4A2,4D4A2M4b,Raghunathanhalli  West-1,0704020017,30/*/*,1.1,1.0,OTHER,small,1,AG2,LGDmB1,TCB,220.00000000000003,131.74,value,131.74,1.0,1.0,0.0,,0,0,0.0,0.0,0.0,0.0,24080.000000000004,9829.436000000002,1,1
37d6173cc8f6,Koppal,4D4A2,4D4A2M4b,Raghunathanhalli  West-1,0704020017,30/*/*,0.42,0.0,OTHER,small,0,AG2,LGDmB1,TCB,84.0,131.74,value,131.74,0.0,1.0,0.0,,0,0,0.0,0.0,0.0,0.0,7476.0,9829.436000000002,1,1
c043fc099124,Koppal,4D4A2,4D4A2M4b,Raghunathanhalli  West-1,0704020017,38/*/3,0.58,0.0,OTHER,small,1,AG2,RNKmB2g1,TCB,115.99999999999999,113.97,value,113.97,0.0,0.0,0.0,,0,0,0.0,0.0,0.0,0.0,10323.999999999998,5858.058,1,1
e7e15d35e550,Koppal,4D4A2,4D4A2M4b,Raghunathanhalli  West-1,0704020017,40/*/2,1.19,0.0,OTHER,small,1,AG2,RNKmB2g1,TCB,238.0,233.84,value,233.84,1.0,,0.0,,0,0,277.0,277.0,0.0,0.0,53170.0,39442.376000000004,1,1
1d2d2ebe53d9,Koppal,4D4A2,4D4A2M4b,Raghunathanhalli  West-1,0704020017,41/*/2,0.56,0.0,OTHER,small,1,AG2,DRLmB2,TCB,112.00000000000001,110.04,value,110.04,0.0,0.0,0.0,,0,0,0.0,0.0,0.0,0.0,9968.000000000002,5656.0560000000005,1,1
e1d1ef5b4330,Koppal,4D4A2,4D4A2M4b,Raghunathanhalli  West-1,0704020017,41/*/5,0.57,0.0,OTHER,small,1,AG2,DRLmB2,TCB,113.99999999999999,112.01,value,112.01,0.0,0.0,0.0,,0,0,0.0,0.0,0.0,0.0,10145.999999999998,5757.314,1,1
908bd40b028d,Koppal,4D4A2,4D4A2M4b,Raghunathanhalli  West-1,0704020017,46/*/1,1.71,0.0,OTHER,small,1,AG2,KVRmB1,TCB,342.0,336.02,value,336.02,1.0,,0.0,,0,0,0.0,0.0,0.0,0.0,34938.0,17271.428,1,1
96eed5c75c4a,Koppal,4D4A2,4D4A2M4b,Raghunathanhalli  West-1,0704020017,46/*/2,2.1,0.0,OTHER,small,1,AG2,KVRmB1,TCB,420.0,0.0,value,0.0,2.0,,0.0,,0,0,0.0,0.0,0.0,0.0,46380.0,0.0,0,0
7c67b62ad17d,Koppal,4D4A2,4D4A2M4b,Raghunathanhalli  West-1,0704020017,50/.51.52.53.5  /ಈ,0.72,0.0,OTHER,small,0,AG2,KVRmB1,TCB,144.0,0.0,value,0.0,0.0,0.0,0.0,,0,0,0.0,0.0,0.0,0.0,12816.0,0.0,0,0
6c33474702e4,Koppal,4D4A2,4D4A2M4b,Raghunathanhalli  West-1,0704020017,50/].51.52.53.54  /ಇ,0.37,0.0,OTHER,small,1,AG2,KVRmB1,TCB,74.0,0.0,value,0.0,0.0,0.0,0.0,,0,0,0.0,0.0,0.0,0.0,6586.0,0.0,0,0
6c33474702e4,Koppal,4D4A2,4D4A2M4b,Raghunathanhalli  West-1,0704020017,50/].51.52.53.54  /ಇ,0.37,0.0,OTHER,small,1,AG2,KVRmB1,TCB,74.0,0.0,value,0.0,0.0,0.0,0.0,,0,0,0.0,0.0,0.0,0.0,6586.0,0.0,0,0
179ab6c850e1,Koppal,4D4A2,4D4A2M4b,Raghunathanhalli  West-1,0704020017,31/*/*,0.43,0.0,OTHER,small,1,AG2,LGDmB1,TCB,86.0,131.74,value,131.74,0.0,1.0,0.0,,0,0,0.0,0.0,0.0,0.0,7654.0,9829.436000000002,1,1
5166e139cd17,Koppal,4D4A2,4D4A2M4b,Raghunathanhalli  West-1,0704020017,33/*/*,0.71,0.0,SC,small,1,AG2,KVRmB1,TCB,142.0,139.52,value,139.52,0.0,1.0,0.0,,0,0,0.0,0.0,0.0,0.0,12638.0,10228.328000000001,1,1
5166e139cd17,Koppal,4D4A2,4D4A2M4b,Raghunathanhalli  West-1,0704020017,33/*/*,0.8,1.0,SC,small,1,AG2,KVRmB1,TCB,160.0,268.22,value,268.22,0.0,1.0,0.0,,0,0,0.0,0.0,0.0,0.0,14240.0,16843.508,1,1
37d6173cc8f6,Koppal,4D4A2,4D4A2M4b,Raghunathanhalli  West-1,0704020017,30/*/*,0.42,0.0,OTHER,small,0,AG2,LGDmB1,TCB,84.0,131.74,value,131.74,0.0,1.0,0.0,,0,0,0.0,0.0,0.0,0.0,7476.0,9829.436000000002,1,1
14d921f24d21,Koppal,4D4A2,4D4A2M4b,Raghunathanhalli  West-1,0704020017,55/*/1,1.14,0.0,OTHER,small,1,AG2,KVRmB1,TCB,227.99999999999997,224.01,value,224.01,1.0,,0.0,,0,0,0.0,0.0,0.0,0.0,24791.999999999996,11514.114,1,1
c13609b031a1,Koppal,4D4A2,4D4A2M4b,Raghunathanhalli  West-1,0704020017,57/*/4,0.2,0.0,OTHER,small,1,AG3,BGTmB2g1,TCB,40.0,39.3,value,39.3,0.0,0.0,0.0,,0,0,0.0,0.0,0.0,0.0,3560.0,2020.0199999999998,1,1
c90cbacd4c06,Koppal,4D4A2,4D4A2M4b,Raghunathanhalli  West-1,0704020017,61/*/*,2.9,0.0,OTHER,small,1,AG3,MTLmB1g1,TCB,580.0,569.85,value,569.85,2.0,,0.0,,0,0,0.0,0.0,40.0,95.0,64420.0,38315.29,1,1
d4cf47acb5ef,Koppal,4D4A2,4D4A2M4b,Raghunathanhalli  West-1,0704020017,36/*/3,1.2,0.0,OTHER,small,1,AG2,KVRmB1,TCB,240.0,235.8,value,235.8,1.0,,0.0,,0,0,100.0,100.0,0.0,0.0,48458.0,34720.12,1,1
28839e23c5b5,Koppal,4D4A2,4D4A2M4b,Raghunathanhalli  West-1,0704020017,39/*/1,2.94,0.0,OTHER,small,1,AG2,KVRmB1,TCB,588.0,577.71,value,577.71,2.0,,0.0,,0,0,277.0,277.0,0.0,0.0,88820.0,57117.294,1,1
844125a8fbb4,Koppal,4D4A2,4D4A2M4b,Raghunathanhalli  West-1,0704020017,39/*/3,1.46,0.0,OTHER,small,1,AG2,KVRmB1,TCB,292.0,286.89,value,286.89,1.0,,0.0,,0,0,0.0,0.0,0.0,0.0,30488.0,14746.145999999999,1,1
37d6173cc8f6,Koppal,4D4A2,4D4A2M4b,Raghunathanhalli  West-1,0704020017,30/*/*,0.42,0.0,OTHER,small,0,AG2,LGDmB1,TCB,84.0,188.23,value,188.23,0.0,1.0,0.0,,0,0,0.0,0.0,0.0,0.0,7476.0,12733.021999999999,1,1
5166e139cd17,Koppal,4D4A2,4D4A2M4b,Raghunathanhalli  West-1,0704020017,33/*/*,1.2,1.0,OTHER,small,1,AG2,KVRmB1,TCB,240.0,244.73,value,244.73,1.0,,0.0,,0,0,0.0,0.0,0.0,0.0,25860.0,12579.122,1,1
cd8ac4bde1cf,Koppal,4D4A2,4D4A2M4b,Raghunathanhalli  West-1,0704020017,35/*/1,1.38,0.0,OTHER,small,0,AG2,KVRmB1,TCB,276.0,271.17,value,271.17,1.0,,0.0,,0,0,100.0,100.0,0.0,0.0,51662.0,36538.138,1,1
5300165bf91b,Koppal,4D4A2,4D4A2M4b,Raghunathanhalli  West-1,0704020017,36/*/*,1.97,0.0,OTHER,small,1,AG2,KVRmB1,TCB,394.0,151.31,value,151.31,1.0,,0.0,,0,0,100.0,100.0,0.0,0.0,62164.0,30377.334,1,1
ee58e2815dd4,Koppal,4D4A2,4D4A2M4b,Raghunathanhalli  West-1,0704020017,41/*/3,0.56,0.0,OTHER,small,1,AG2,DRLmB2,TCB,112.00000000000001,110.04,value,110.04,0.0,0.0,0.0,,0,0,0.0,0.0,0.0,0.0,9968.000000000002,5656.0560000000005,1,1
a8de3a5c2a19,Koppal,4D4A2,4D4A2M4b,Raghunathanhalli  West-1,0704020017,41/*/4,0.56,0.0,OTHER,small,1,AG2,DRLmB2,TCB,112.00000000000001,110.04,value,110.04,0.0,0.0,0.0,,0,0,0.0,0.0,0.0,0.0,9968.000000000002,5656.0560000000005,1,1
1376ff645299,Koppal,4D4A2,4D4A2M4b,Raghunathanhalli  West-1,0704020017,42/*/*,1.35,0.0,OTHER,small,1,AG2,BGTmB2g1,TCB,270.0,265.28,value,265.28,1.0,,0.0,,0,0,0.0,0.0,0.0,0.0,28530.0,13635.391999999998,1,1
37d6173cc8f6,Koppal,4D4A2,4D4A2M4b,Raghunathanhalli  West-1,0704020017,30/*/*,2.87,0.0,OTHER,small,1,AG2,LGDmB1,TCB,574.0,188.23,value,188.23,2.0,1.0,0.0,,0,0,0.0,0.0,0.0,0.0,60086.0,12733.021999999999,1,1
5166e139cd17,Koppal,4D4A2,4D4A2M4b,Raghunathanhalli  West-1,0704020017,33/*/*,0.8,1.0,SC,small,1,AG2,KVRmB1,TCB,160.0,75.24,value,75.24,0.0,0.0,0.0,,0,0,0.0,0.0,0.0,0.0,14240.0,3867.336,1,1
5166e139cd17,Koppal,4D4A2,4D4A2M4b,Raghunathanhalli  West-1,0704020017,33/*/*,0.39,0.0,OTHER,small,1,AG2,KVRmB1,TCB,78.0,75.24,value,75.24,0.0,0.0,0.0,,0,0,0.0,0.0,0.0,0.0,6942.0,3867.336,1,1
f229bdec4056,Koppal,4D4A2,4D4A2M4b,Raghunathanhalli  West-1,0704020017,34/*/1,1.16,0.0,OTHER,small,1,AG2,KVRmB1,TCB,231.99999999999997,216.48,value,216.48,1.0,1.0,0.0,,0,0,100.0,100.0,0.0,0.0,47746.0,36784.072,1,1
58b81fa10e7f,Koppal,4D4A2,4D4A2M4b,Raghunathanhalli  West-1,0704020017,38/*/1,0.7,0.0,OTHER,small,0,AG2,RNKmB2g1,TCB,140.0,137.55,value,137.55,0.0,0.0,0.0,,0,0,0.0,0.0,0.0,0.0,12460.0,7070.070000000001,1,1
4350ad41a7d4,Koppal,4D4A2,4D4A2M4b,Raghunathanhalli  West-1,0704020017,40/*/6,0.86,0.0,OTHER,small,1,AG2,RNKmB2g1,TCB,172.0,168.99,value,168.99,0.0,0.0,0.0,,0,0,0.0,0.0,0.0,0.0,15308.0,8686.086,1,1
908bd40b028d,Koppal,4D4A2,4D4A2M4b,Raghunathanhalli  West-1,0704020017,46/*/1,1.71,0.0,OTHER,small,1,AG2,KVRmB1,TCB,342.0,0.0,value,0.0,1.0,,0.0,,0,0,0.0,0.0,0.0,0.0,34938.0,0.0,0,0
3a8cb5a0aa39,Koppal,4D4A2,4D4A2M4b,Raghunathanhalli  West-1,0704020017,44/*/*,1.4,0.0,OTHER,small,0,AG2,BGTmB2g1,TCB,280.0,275.1,value,275.1,1.0,,0.0,,0,0,0.0,0.0,0.0,0.0,29420.0,14140.140000000001,1,1
9e49d747fb3e,Koppal,4D4A2,4D4A2M4b,Raghunathanhalli  West-1,0704020017,47/*/*,1.24,0.0,OTHER,small,0,AG2,KVRmB1,TCB,248.0,243.66,value,243.66,1.0,,0.0,,0,0,0.0,0.0,0.0,0.0,26572.0,12524.124,1,1
9d35959ca150,Koppal,4D4A2,4D4A2M4b,Raghunathanhalli  West-1,0704020017,48/*/2,1.93,0.0,OTHER,small,0,AG2,KVRmB1,TCB,386.0,379.25,value,379.25,1.0,,0.0,,0,0,100.0,100.0,0.0,0.0,61452.0,42093.45,1,1
7eb3022f679a,Koppal,4D4A2,4D4A2M4b,Raghunathanhalli  West-1,0704020017,34/*/2,0.97,0.0,OTHER,small,0,AG2,KVRmB1,TCB,194.0,216.48,value,216.48,0.0,1.0,0.0,,0,0,100.0,100.0,0.0,0.0,39864.0,36784.072,1,1
dce642f5c17d,Koppal,4D4A2,4D4A2M4b,Raghunathanhalli  West-1,0704020017,34/*/4,0.41,0.0,OTHER,small,0,AG2,KVRmB1,TCB,82.0,80.57,value,80.57,0.0,0.0,0.0,,0,0,0.0,0.0,0.0,0.0,7298.0,4141.298,1,1
bc6646f5cfff,Koppal,4D4A2,4D4A2M4b,Raghunathanhalli  West-1,0704020017,34/*/5,0.41,0.0,OTHER,small,0,AG2,KVRmB1,TCB,82.0,80.57,value,80.57,0.0,0.0,0.0,,0,0,0.0,0.0,0.0,0.0,7298.0,4141.298,1,1
fca09ff4b16c,Koppal,4D4A2,4D4A2M4b,Raghunathanhalli  West-1,0704020017,50/.51.52.53.54  /ಆ,0.31,0.0,OTHER,small,1,AG2,KVRmB1,TCB,62.0,0.0,value,0.0,0.0,0.0,0.0,,0,0,0.0,0.0,0.0,0.0,5518.0,0.0,0,0
453685f4919c,Koppal,4D4A2,4D4A2M4b,Raghunathanhalli  West-1,0704020017,63/*/*,0.52,0.0,OTHER,small,1,AG3,MTLmB1g1,TCB,104.0,102.18,value,102.18,0.0,0.0,0.0,,0,0,0.0,0.0,0.0,0.0,9256.0,5252.052000000001,1,1
8d50d333e1b8,Koppal,4D4A2,4D4A2M4b,Raghunathanhalli  West-1,0704020017,68/*/1,1.4,0.0,OTHER,small,1,AG3,MTLmB1g1,TCB,280.0,275.1,value,275.1,1.0,,0.0,,0,0,0.0,0.0,0.0,0.0,29420.0,14140.140000000001,1,1
71b44ffda515,Koppal,4D4A2,4D4A2M4b,Raghunathanhalli  West-1,0704020017,36/*/2,0.96,1.0,OTHER,small,1,AG2,KVRmB1,TCB,192.0,188.64,value,188.64,0.0,0.0,0.0,,0,0,277.0,277.0,0.0,0.0,44576.0,37119.096,1,1
94f8e5c1357e,Koppal,4D4A2,4D4A2M4b,Raghunathanhalli  West-1,0704020017,37/*/2,1.03,1.0,OTHER,small,1,AG2,KVRmB1,TCB,206.0,202.4,value,202.4,1.0,,0.0,,0,0,100.0,100.0,0.0,0.0,45432.0,33003.36,1,1
c043fc099124,Koppal,4D4A2,4D4A2M4b,Raghunathanhalli  West-1,0704020017,38/*/3,0.2,0.0,OTHER,small,1,AG2,RNKmB2g1,TCB,40.0,39.3,value,39.3,0.0,0.0,0.0,,0,0,0.0,0.0,0.0,0.0,3560.0,2020.0199999999998,1,1
e87b724a1031,Koppal,4D4A2,4D4A2M4b,Raghunathanhalli  West-1,0704020017,38/*/5,1.13,0.0,OTHER,small,1,AG2,RNKmB2g1,TCB,225.99999999999997,222.05,value,222.05,1.0,,0.0,,0,0,100.0,100.0,0.0,0.0,47212.0,34013.37,1,1
49f9e429c14f,Koppal,4D4A2,4D4A2M4b,Raghunathanhalli  West-1,0704020017,57/*/5,0.23,0.0,OTHER,small,1,AG3,BGTmB2g1,TCB,46.0,45.2,value,45.2,0.0,0.0,0.0,,0,0,0.0,0.0,0.0,0.0,4094.0,2323.28,1,1
bddfc5116834,Koppal,4D4A2,4D4A2M4b,Raghunathanhalli  West-1,0704020017,59/*/*,3.55,0.0,OTHER,small,1,AG3,RNKmB1,TCB,710.0,697.58,value,697.58,3.0,,0.0,,0,1,0.0,0.0,40.0,95.0,177990.0,178167.612,1,1
bddfc5116834,Koppal,4D4A2,4D4A2M4b,Raghunathanhalli  West-1,0704020017,59/*/*,0.78,0.0,OTHER,small,1,AG3,RNKmB1,TCB,156.0,153.27,value,153.27,0.0,0.0,0.0,,0,0,0.0,0.0,0.0,0.0,13884.0,7878.078,1,1
d86094dd7ecb,Koppal,4D4A2,4D4A2M4b,Raghunathanhalli  West-1,0704020017,40/*/11,0.5,0.0,OTHER,small,1,AG2,RNKmB2g1,TCB,100.0,98.25,value,98.25,0.0,0.0,0.0,,0,0,0.0,0.0,0.0,0.0,8900.0,5050.05,1,1
e412c9954f29,Koppal,4D4A2,4D4A2M4b,Raghunathanhalli  West-1,0704020017,40/*/12,0.64,0.0,OTHER,small,1,AG2,RNKmB2g1,TCB,128.0,125.76,value,125.76,0.0,0.0,0.0,,0,0,0.0,0.0,0.0,0.0,11392.0,6464.064,1,1
5456ff872989,Koppal,4D4A2,4D4A2M4b,Raghunathanhalli  West-1,0704020017,60/*/2,0.85,0.0,OTHER,small,1,AG3,BGTmB2g1,TCB,170.0,48.0,value,48.0,0.0,0.0,0.0,,0,0,0.0,0.0,0.0,0.0,15130.0,2467.2,1,1
dc4c08533ddb,Koppal,4D4A2,4D4A2M4b,Raghunathanhalli  West-1,0704020017,60/*/3,0.79,0.0,OTHER,small,1,AG3,BGTmB2g1,TCB,158.0,48.0,value,48.0,0.0,0.0,0.0,,0,0,0.0,0.0,0.0,0.0,14062.0,2467.2,1,1
6ff046ba68c7,Koppal,4D4A2,4D4A2M4b,Raghunathanhalli  West-1,0704020017,64/*/*,2.07,0.0,OTHER,small,1,AG3,MTLmB1g1,TCB,413.99999999999994,98.0,value,98.0,2.0,,0.0,,0,0,0.0,0.0,0.0,0.0,45845.99999999999,5037.2,1,1
d68355a15fc0,Koppal,4D4A2,4D4A2M4b,Raghunathanhalli  West-1,0704020017,40/*/7,0.5,0.0,OTHER,small,1,AG2,RNKmB2g1,TCB,100.0,0.0,value,0.0,0.0,0.0,0.0,,0,0,0.0,0.0,0.0,0.0,8900.0,0.0,0,0
695e15143c21,Koppal,4D4A2,4D4A2M4b,Raghunathanhalli  West-1,0704020017,41/*/1,0.56,0.0,OTHER,small,1,AG2,DRLmB2,TCB,112.00000000000001,110.04,value,110.04,0.0,0.0,0.0,,0,0,0.0,0.0,0.0,0.0,9968.000000000002,5656.0560000000005,1,1
1376ff645299,Koppal,4D4A2,4D4A2M4b,Raghunathanhalli  West-1,0704020017,42/*/*,1.36,1.0,OTHER,small,1,AG2,BGTmB2g1,TCB,272.0,267.24,value,267.24,1.0,,0.0,,0,0,0.0,0.0,0.0,0.0,28708.0,13736.136,1,1
c261ff21637b,Koppal,4D4A2,4D4A2M4b,Raghunathanhalli  West-1,0704020017,66/*/1,0.92,0.0,OTHER,small,1,AG3,MTLmB1g1,TCB,184.0,180.0,value,180.0,0.0,0.0,0.0,,0,0,0.0,0.0,0.0,0.0,16376.0,9252.0,1,1
e8ab11461562,Koppal,4D4A2,4D4A2M4b,Raghunathanhalli  West-1,0704020017,68/*/2,1.4,0.0,OTHER,small,1,AG3,MTLmB1g1,TCB,280.0,275.1,value,275.1,1.0,,0.0,,0,0,0.0,0.0,0.0,0.0,29420.0,14140.140000000001,1,1
2e1611e600ea,Koppal,4D4A2,4D4A2M4b,Raghunathanhalli  West-1,0704020017,43/*/*,1.88,0.0,OTHER,small,1,AG2,HDLmA1g1,TCB,376.0,369.42,value,369.42,1.0,,0.0,,0,0,0.0,0.0,0.0,0.0,26712.0,18988.188000000002,1,1
3a8cb5a0aa39,Koppal,4D4A2,4D4A2M4b,Raghunathanhalli  West-1,0704020017,44/*/*,1.43,0.0,OTHER,small,1,AG2,BGTmB2g1,TCB,286.0,281.0,value,281.0,1.0,,0.0,,0,0,0.0,0.0,0.0,0.0,29954.0,14443.4,1,1
2348c6438973,Koppal,4D4A2,4D4A2M4b,Raghunathanhalli  West-1,0704020017,45/*/3,0.91,0.0,OTHER,small,1,AG2,BGTmB2g1,TCB,182.0,178.82,value,178.82,0.0,0.0,0.0,,0,0,0.0,0.0,0.0,0.0,16198.0,9191.348,1,1
908bd40b028d,Koppal,4D4A2,4D4A2M4b,Raghunathanhalli  West-1,0704020017,46/*/1,1.71,1.0,OTHER,small,1,AG2,KVRmB1,TCB,342.0,336.0,value,336.0,1.0,,0.0,,0,0,0.0,0.0,0.0,0.0,34938.0,17270.399999999998,1,1
9e49d747fb3e,Koppal,4D4A2,4D4A2M4b,Raghunathanhalli  West-1,0704020017,47/*/*,0.08,0.0,OTHER,small,0,AG2,KVRmB1,TCB,16.0,15.72,value,15.72,0.0,0.0,0.0,,0,0,0.0,0.0,0.0,0.0,1424.0,808.008,1,1
500ba0d30d13,Koppal,4D4A2,4D4A2M4b,Raghunathanhalli  West-1,0704020017,"50/.51,52.53.54  /ಉ",0.47,0.0,OTHER,small,1,AG2,KVRmB1,TCB,94.0,0.0,value,0.0,0.0,0.0,0.0,,0,0,0.0,0.0,0.0,0.0,8366.0,0.0,0,0
913c9620cd25,Koppal,4D4A2,4D4A2M4b,Raghunathanhalli  West-1,0704020017,35/*/2,1.37,0.0,OTHER,small,1,AG2,KVRmB1,TCB,274.0,269.21,value,269.21,1.0,,0.0,,0,0,100.0,100.0,0.0,0.0,51484.0,36437.394,1,1
a0912106657b,Koppal,4D4A2,4D4A2M4b,Raghunathanhalli  West-1,0704020017,38/*/2,0.85,0.0,OTHER,small,1,AG2,RNKmB2g1,TCB,170.0,167.03,value,167.03,0.0,0.0,0.0,,0,0,222.0,0.0,0.0,0.0,37120.0,8585.342,1,1
d6f7b9065a51,Koppal,4D4A2,4D4A2M4b,Raghunathanhalli  West-1,0704020017,38/*/4,0.76,0.0,OTHER,small,1,AG2,RNKmB2g1,TCB,152.0,149.34,value,149.34,0.0,0.0,0.0,,0,0,0.0,0.0,0.0,0.0,13528.0,7676.076,1,1
4450668cb54f,Koppal,4D4A2,4D4A2M4b,Raghunathanhalli  West-1,0704020017,"50/.51,52.53.54   /ಉ",0.48,0.0,OTHER,small,0,AG2,KVRmB1,TCB,96.0,0.0,value,0.0,0.0,0.0,0.0,,0,0,0.0,0.0,0.0,0.0,8544.0,0.0,0,0
fca09ff4b16c,Koppal,4D4A2,4D4A2M4b,Raghunathanhalli  West-1,0704020017,50/.51.52.53.54  /ಆ,0.3,0.0,OTHER,small,1,AG2,KVRmB1,TCB,60.0,0.0,value,0.0,0.0,0.0,0.0,,0,0,0.0,0.0,0.0,0.0,5340.0,0.0,0,0
0ebe149e9e09,Koppal,4D4A2,4D4A2M4b,Raghunathanhalli  West-1,0704020017,50/*/*,2.9,0.0,OTHER,small,1,AG2,KVRmB1,TCB,580.0,569.85,value,569.85,2.0,,0.0,,0,0,0.0,0.0,0.0,0.0,60620.0,29290.29,1,1
f19ad7bdc04c,Koppal,4D4A2,4D4A2M4b,Raghunathanhalli  West-1,0704020017,67/*/P2,4.77,0.0,OTHER,large,1,AG3,MTLmB1g1,TCB,953.9999999999999,937.31,value,937.31,3.0,,0.0,,0,0,0.0,0.0,40.0,95.0,102205.99999999999,57202.734,1,1
99ac337f492e,Koppal,4D4A2,4D4A2M4b,Raghunathanhalli  West-1,0704020017,68/*/3,1.46,0.0,OTHER,small,1,AG3,MTLmB1g1,TCB,292.0,286.89,value,286.89,1.0,,0.0,,0,0,0.0,0.0,0.0,0.0,30488.0,14746.145999999999,1,1
3a8cb5a0aa39,Koppal,4D4A2,4D4A2M4b,Raghunathanhalli  West-1,0704020017,44/*/*,1.6,0.0,OTHER,small,1,AG2,BGTmB2g1,TCB,320.0,314.4,value,314.4,1.0,,0.0,,0,0,0.0,0.0,0.0,0.0,32980.0,16160.159999999998,1,1
96eed5c75c4a,Koppal,4D4A2,4D4A2M4b,Raghunathanhalli  West-1,0704020017,46/*/2,2.1,0.0,OTHER,small,1,AG2,KVRmB1,TCB,420.0,412.65,value,412.65,2.0,,0.0,,0,0,0.0,0.0,0.0,0.0,46380.0,21210.21,1,1
7beaee008448,Koppal,4D4A2,4D4A2M4b,Raghunathanhalli  West-1,0704020017,48/*/1,0.95,0.0,OTHER,small,1,AG2,KVRmB1,TCB,190.0,186.68,value,186.68,0.0,0.0,0.0,,0,0,100.0,100.0,0.0,0.0,39508.0,32195.352,1,1
5166e139cd17,Koppal,4D4A2,4D4A2M4b,Raghunathanhalli  West-1,0704020017,33/*/*,0.68,1.0,SC,small,1,AG2,KVRmB1,TCB,136.0,244.73,value,244.73,0.0,0.0,0.0,,0,0,0.0,0.0,0.0,0.0,12104.0,12579.122,1,1
f229bdec4056,Koppal,4D4A2,4D4A2M4b,Raghunathanhalli  West-1,0704020017,34/*/1,0.05,0.0,OTHER,small,1,AG2,KVRmB1,TCB,10.0,9.83,value,9.83,0.0,0.0,0.0,,0,0,0.0,0.0,0.0,0.0,890.0,505.262,1,1
ad25f37e67d9,Koppal,4D4A2,4D4A2M4b,Raghunathanhalli  West-1,0704020017,35/*/3,1.42,0.0,OTHER,small,1,AG2,KVRmB1,TCB,284.0,279.03,value,279.03,1.0,,0.0,,0,0,0.0,0.0,0.0,0.0,29776.0,14342.141999999998,1,1
fca09ff4b16c,Koppal,4D4A2,4D4A2M4b,Raghunathanhalli  West-1,0704020017,50/.51.52.53.54  /ಆ,0.3,0.0,OTHER,small,1,AG2,KVRmB1,TCB,60.0,0.0,value,0.0,0.0,0.0,0.0,,0,0,0.0,0.0,0.0,0.0,5340.0,0.0,0,0
0fc011de6d1d,Koppal,4D4A2,4D4A2M4b,Raghunathanhalli  West-1,0704020017,50/.51.52.53.54/ಆ,0.31,0.0,OTHER,small,1,AG2,KVRmB1,TCB,62.0,0.0,value,0.0,0.0,0.0,0.0,,0,0,0.0,0.0,0.0,0.0,5518.0,0.0,0,0
500ba0d30d13,Koppal,4D4A2,4D4A2M4b,Raghunathanhalli  West-1,0704020017,"50/.51,52.53.54  /ಉ",0.47,0.0,OTHER,small,1,AG2,KVRmB1,TCB,94.0,0.0,value,0.0,0.0,0.0,0.0,,0,0,0.0,0.0,0.0,0.0,8366.0,0.0,0,0
a8e203ae2319,Koppal,4D4A2,4D4A2M4b,Raghunathanhalli  West-1,0704020017,50/].51.52.53.54/ಇ,0.36,0.0,OTHER,small,1,AG2,KVRmB1,TCB,72.0,0.0,value,0.0,0.0,0.0,0.0,,0,0,0.0,0.0,0.0,0.0,6408.0,0.0,0,0
5300165bf91b,Koppal,4D4A2,4D4A2M4b,Raghunathanhalli  West-1,0704020017,36/*/*,1.97,0.0,OTHER,small,1,AG2,KVRmB1,TCB,394.0,235.8,value,235.8,1.0,,0.0,,0,0,0.0,0.0,0.0,0.0,39566.0,12120.12,1,1
0769711eb6d6,Koppal,4D4A2,4D4A2M4b,Raghunathanhalli  West-1,0704020017,37/*/3,1.02,1.0,OTHER,small,1,AG2,KVRmB1,TCB,204.0,200.0,value,200.0,1.0,,0.0,,0,0,227.0,0.0,0.0,0.0,50144.0,10280.0,1,1
af530e2ae89d,Koppal,4D4A2,4D4A2M4b,Raghunathanhalli  West-1,0704020017,38/*/7,0.3,0.0,OTHER,small,1,AG2,RNKmB2g1,TCB,60.0,58.95,value,58.95,0.0,0.0,0.0,,0,0,0.0,0.0,0.0,0.0,5340.0,3030.03,1,1
1756aeae2ea3,Koppal,4D4A2,4D4A2M4b,Raghunathanhalli  West-1,0704020017,38/*/8,0.2,0.0,OTHER,small,1,AG2,RNKmB2g1,TCB,40.0,39.3,value,39.3,0.0,0.0,0.0,,0,0,0.0,0.0,0.0,0.0,3560.0,2020.0199999999998,1,1
ac04e7d5d2d4,Koppal,4D4A2,4D4A2M4b,Raghunathanhalli  West-1,0704020017,56/*/*,1.37,0.0,OTHER,small,1,AG2,BGTmB2g1,TCB,274.0,269.21,value,269.21,1.0,,0.0,,0,0,0.0,0.0,0.0,0.0,28886.0,13837.393999999998,1,1
29da36889a38,Koppal,4D4A2,4D4A2M4b,Raghunathanhalli  West-1,0704020017,57/*/1,1.56,0.0,OTHER,small,1,AG3,BGTmB2g1,TCB,312.0,306.54,value,306.54,1.0,,0.0,,0,0,0.0,0.0,0.0,0.0,32268.0,15756.156,1,1
49f9e429c14f,Koppal,4D4A2,4D4A2M4b,Raghunathanhalli  West-1,0704020017,57/*/5,1.78,0.0,OTHER,small,1,AG3,BGTmB2g1,TCB,356.0,349.77,value,349.77,1.0,,0.0,,0,0,0.0,0.0,0.0,0.0,36184.0,17978.178,1,1
3387a79d710c,Koppal,4D4A2,4D4A2M4b,Raghunathanhalli  West-1,0704020017,58/*/*,0.78,0.0,OTHER,small,1,AG3,BGTmB2g1,TCB,156.0,153.27,value,153.27,0.0,0.0,0.0,,0,0,0.0,0.0,0.0,0.0,13884.0,7878.078,1,1
56704d917c2a,Koppal,4D4A2,4D4A2M4b,Raghunathanhalli  West-1,0704020017,55/*/2,1.13,1.0,OTHER,small,1,AG2,KVRmB1,TCB,225.99999999999997,222.05,value,222.05,1.0,,0.0,,0,0,0.0,0.0,0.0,0.0,24613.999999999996,11413.37,1,1
30e51416d4f5,Koppal,4D4A2,4D4A2M4b,Raghunathanhalli  West-1,0704020017,60/*/1,0.85,0.0,OTHER,small,1,AG3,BGTmB2g1,TCB,170.0,167.03,value,167.03,0.0,0.0,0.0,,0,0,0.0,0.0,0.0,0.0,15130.0,8585.342,1,1
4c43804bc69e,Koppal,4D4A2,4D4A2M4b,Raghunathanhalli  West-1,0704020017,62/*/*,2.19,0.0,OTHER,small,1,AG3,MTLmB1g1,TCB,438.0,430.34,value,430.34,2.0,,0.0,,0,0,0.0,0.0,0.0,0.0,47982.0,22119.476,1,1
2bc761a416c0,Koppal,4D4A2,4D4A2M4b,Raghunathanhalli  West-1,0704020017,66/*/4,0.84,0.0,OTHER,small,1,AG3,MTLmB1g1,TCB,168.0,165.06,value,165.06,0.0,0.0,0.0,,0,0,0.0,0.0,0.0,0.0,14952.0,8484.084,1,1
f56262307f0a,Koppal,4D4A2,4D4A2M4b,Raghunathanhalli  West-1,0704020017,39/*/4,1.46,0.0,OTHER,small,1,AG2,KVRmB1,TCB,292.0,286.89,value,286.89,1.0,,0.0,,0,0,0.0,0.0,0.0,0.0,30488.0,14746.145999999999,1,1
febb881f6606,Koppal,4D4A2,4D4A2M4b,Raghunathanhalli  West-1,0704020017,40/*/1,0.3,0.0,OTHER,small,1,AG2,RNKmB2g1,TCB,60.0,58.95,value,58.95,0.0,0.0,0.0,,0,0,0.0,0.0,0.0,0.0,5340.0,3030.03,1,1
9e76672bea6b,Koppal,4D4A2,4D4A2M4b,Raghunathanhalli  West-1,0704020017,40/*/5,0.38,0.0,OTHER,small,1,AG2,RNKmB2g1,TCB,76.0,74.67,value,74.67,0.0,0.0,0.0,,0,0,0.0,0.0,0.0,0.0,6764.0,3838.038,1,1
3577d6bbebe8,Koppal,4D4A2,4D4A2M4b,Raghunathanhalli  West-1,0704020017,40/*/8,0.8,0.0,OTHER,small,1,AG2,RNKmB2g1,TCB,160.0,157.2,value,157.2,0.0,0.0,0.0,,0,0,0.0,0.0,0.0,0.0,14240.0,8080.079999999999,1,1
1376ff645299,Koppal,4D4A2,4D4A2M4b,Raghunathanhalli  West-1,0704020017,42/*/*,1.35,0.0,OTHER,small,1,AG2,BGTmB2g1,TCB,270.0,265.28,value,265.28,1.0,,0.0,,0,0,0.0,0.0,0.0,0.0,28530.0,13635.391999999998,1,1
3a8cb5a0aa39,Koppal,4D4A2,4D4A2M4b,Raghunathanhalli  West-1,0704020017,44/*/*,3.05,1.0,OTHER,small,1,AG2,BGTmB2g1,TCB,610.0,599.33,value,599.33,3.0,,0.0,,0,0,0.0,0.0,40.0,95.0,71590.0,39830.562000000005,1,1
cb2d3bf883a0,Koppal,4D4A2,4D4A2M4b,Raghunathanhalli  West-1,0704020017,45/*/1,0.91,0.0,OTHER,small,1,AG2,BGTmB2g1,TCB,182.0,178.82,value,178.82,0.0,0.0,0.0,,0,0,0.0,0.0,0.0,0.0,16198.0,9191.348,1,1
c90cbacd4c06,Koppal,4D4A2,4D4A2M4b,Raghunathanhalli  West-1,0704020017,61/*/*,3.44,0.0,OTHER,small,1,AG3,MTLmB1g1,TCB,688.0,675.96,value,675.96,3.0,,0.0,,0,0,0.0,0.0,40.0,95.0,176032.0,43769.344,1,1
453685f4919c,Koppal,4D4A2,4D4A2M4b,Raghunathanhalli  West-1,0704020017,63/*/*,2.91,0.0,OTHER,small,1,AG3,MTLmB1g1,TCB,582.0,560.03,value,560.03,2.0,,0.0,,0,0,0.0,0.0,40.0,95.0,64598.0,37810.542,1,1
83108c073800,Koppal,4D4A2,4D4A2M4b,Raghunathanhalli  West-1,0704020017,66/*/2,1.67,1.0,OTHER,small,1,AG3,MTLmB1g1,TCB,334.0,328.0,value,328.0,1.0,,0.0,,0,0,0.0,0.0,0.0,0.0,34226.0,16859.2,1,1
908bd40b028d,Koppal,4D4A2,4D4A2M4b,Raghunathanhalli  West-1,0704020017,46/*/1,1.71,1.0,OTHER,small,1,AG2,KVRmB1,TCB,342.0,0.0,value,0.0,1.0,,0.0,,0,0,0.0,0.0,0.0,0.0,34938.0,0.0,0,0
9e49d747fb3e,Koppal,4D4A2,4D4A2M4b,Raghunathanhalli  West-1,0704020017,47/*/*,1.24,0.0,ST,small,1,AG2,KVRmB1,TCB,248.0,0.0,value,0.0,1.0,,0.0,,0,0,0.0,0.0,0.0,0.0,26572.0,0.0,0,0
fb81463f1946,Koppal,4D4A2,4D4A2M4b,Raghunathanhalli  West-1,0704020017,48/*/3,0.14,0.0,OTHER,small,0,AG2,KVRmB1,TCB,28.000000000000004,27.51,value,27.51,0.0,0.0,0.0,,0,0,0.0,0.0,0.0,0.0,2492.0000000000005,1414.0140000000001,1,1
6850672d1c93,Koppal,4D4A2,4D4A2M4b,Raghunathanhalli  West-1,0704020017,66/*/5,0.2,0.0,OTHER,small,1,AG3,MTLmB1g1,TCB,40.0,39.3,value,39.3,0.0,0.0,0.0,,0,0,0.0,0.0,0.0,0.0,3560.0,2020.0199999999998,1,1
6c33474702e4,Koppal,4D4A2,4D4A2M4b,Raghunathanhalli  West-1,0704020017,50/].51.52.53.54  /ಇ,0.36,0.0,OTHER,small,1,AG2,KVRmB1,TCB,72.0,0.0,value,0.0,0.0,0.0,0.0,,0,0,0.0,0.0,0.0,0.0,6408.0,0.0,0,0
bddfc5116834,Koppal,4D4A2,4D4A2M4b,Raghunathanhalli  West-1,0704020017,59/*/*,0.79,0.0,OTHER,small,1,AG3,RNKmB1,TCB,158.0,155.0,value,155.0,0.0,0.0,0.0,,0,0,0.0,0.0,0.0,0.0,14062.0,7967.0,1,1
2956979598b5,Koppal,4D4A2,4D4A2M4b,Raghunathanhalli  West-1,0704020017,60/*/4,0.89,0.0,OTHER,small,1,AG3,BGTmB2g1,TCB,178.0,174.89,value,174.89,0.0,0.0,0.0,,0,0,0.0,0.0,0.0,0.0,15842.0,8989.346,1,1
93879a37485f,Koppal,4D4A2,4D4A2M4b,Raghunathanhalli  West-1,0704020017,66/*/3,1.89,0.0,OTHER,small,1,AG3,MTLmB1g1,TCB,378.0,371.0,value,371.0,1.0,,0.0,,0,0,0.0,0.0,0.0,0.0,38142.0,19069.399999999998,1,1
5166e139cd17,Koppal,4D4A2,4D4A2M4b,Raghunathanhalli  West-1,0704020017,33/*/*,1.12,1.0,OTHER,small,1,AG2,KVRmB1,TCB,224.00000000000003,159.98,value,159.98,1.0,1.0,0.0,,0,0,0.0,0.0,0.0,0.0,24436.000000000004,11279.972,1,1
471b4b73531c,Koppal,4D4A2,4D4A2M4b,Raghunathanhalli  West-1,0704020017,34/*/3,0.81,0.0,OTHER,small,1,AG2,KVRmB1,TCB,162.0,159.17,value,159.17,0.0,0.0,0.0,,0,0,0.0,0.0,0.0,0.0,14418.0,8181.337999999999,1,1
bf864788471c,Koppal,4D4A2,4D4A2M4b,Raghunathanhalli  West-1,0704020017,34/*/7,0.98,0.0,OTHER,small,1,AG2,KVRmB1,TCB,196.0,192.57,value,192.57,0.0,0.0,0.0,,0,0,100.0,100.0,0.0,0.0,40042.0,32498.097999999998,1,1
83e7a3201c07,Koppal,4D4A2,4D4A2M4b,Raghunathanhalli  West-1,0704020017,39/*/2,0.64,0.0,OTHER,small,1,AG2,KVRmB1,TCB,128.0,125.76,value,125.76,0.0,0.0,0.0,,0,0,0.0,0.0,0.0,0.0,11392.0,6464.064,1,1
be9de0419e60,Koppal,4D4A2,4D4A2M4b,Raghunathanhalli  West-1,0704020017,40/*/3,0.22,0.0,OTHER,small,1,AG2,RNKmB2g1,TCB,44.0,43.23,value,43.23,0.0,0.0,0.0,,0,0,0.0,0.0,0.0,0.0,3916.0,2222.022,1,1
59c86f8c3ea9,Koppal,4D4A2,4D4A2M4b,Raghunathanhalli  West-1,0704020017,40/*/4,0.63,0.0,OTHER,small,1,AG2,RNKmB2g1,TCB,126.0,123.0,value,123.0,0.0,0.0,0.0,,0,0,0.0,0.0,0.0,0.0,11214.0,6322.2,1,1
59c86f8c3ea9,Koppal,4D4A2,4D4A2M4b,Raghunathanhalli  West-1,0704020017,40/*/4,0.63,0.0,OTHER,small,0,AG2,RNKmB2g1,TCB,126.0,123.0,value,123.0,0.0,0.0,0.0,,0,0,0.0,0.0,0.0,0.0,11214.0,6322.2,1,1
0a1e75d97ab0,Koppal,4D4A2,4D4A2M4b,Raghunathanhalli  West-1,0704020017,40/*/9,0.5,0.0,OTHER,small,1,AG2,RNKmB2g1,TCB,100.0,98.0,value,98.0,0.0,0.0,0.0,,0,0,0.0,0.0,0.0,0.0,8900.0,5037.2,1,1
2ccefafee0de,Koppal,4D4A2,4D4A2M4b,Raghunathanhalli  West-1,0704020017,45/*/2,0.92,0.0,OTHER,small,1,AG2,BGTmB2g1,TCB,184.0,180.0,value,180.0,0.0,0.0,0.0,,0,0,0.0,0.0,0.0,0.0,16376.0,9252.0,1,1
9e49d747fb3e,Koppal,4D4A2,4D4A2M4b,Raghunathanhalli  West-1,0704020017,47/*/*,1.6,0.0,OTHER,small,0,AG2,KVRmB1,TCB,320.0,314.0,value,314.0,1.0,,0.0,,0,0,0.0,0.0,0.0,0.0,32980.0,16139.6,1,1
9f0f550abdfc,Koppal,4D4A2,4D4A2M4b,Raghunathanhalli  West-1,0704020017,47/*/4,0.9,0.0,OTHER,small,1,AG2,KVRmB1,TCB,180.0,176.0,value,176.0,0.0,0.0,0.0,,0,0,0.0,0.0,0.0,0.0,16020.0,9046.4,1,1
2c90519e2d2c,Koppal,4D4A2,4D4A2M4b,Raghunathanhalli  West-1,0704020017,50/.51.52.53.54  /ಅ,0.68,1.0,OTHER,small,1,AG2,KVRmB1,TCB,136.0,0.0,value,0.0,0.0,0.0,0.0,,0,0,0.0,0.0,0.0,0.0,12104.0,0.0,0,0
6595ad9774e8,Koppal,4D4A2,4D4A2M4b,Raghunathanhalli  West-1,0704020017,50/.51.52.53.54/ಈ,0.7,0.0,OTHER,small,1,AG2,KVRmB1,TCB,140.0,0.0,value,0.0,0.0,0.0,0.0,,0,0,0.0,0.0,0.0,0.0,12460.0,0.0,0,0
db3064dacbbf,Koppal,4D4A2,4D4A2M4b,Raghunathanhalli  West-1,0704020017,57/*/2,1.4,0.0,OTHER,small,1,AG3,BGTmB2g1,TCB,280.0,275.0,value,275.0,1.0,,0.0,,0,0,0.0,0.0,0.0,0.0,29420.0,14135.0,1,1
bddfc5116834,Koppal,4D4A2,4D4A2M4b,Raghunathanhalli  West-1,0704020017,59/*/*,1.96,0.0,OTHER,small,0,AG3,RNKmB1,TCB,392.0,385.14,value,385.14,1.0,,0.0,,0,0,0.0,0.0,40.0,95.0,43188.0,28821.196,1,1
b01b3b78509c,Koppal,4D4A2,4D4A2M4b,Raghunathanhalli  West-1,0704020001,648/*/3,0.57,0.0,OBC,small,1,AG4,NSPmB2,TCB,113.99999999999999,112.0,value,112.0,0.0,0.0,0.0,,0,0,0.0,0.0,0.0,0.0,10145.999999999998,5756.8,1,1
b9c69e19970e,Koppal,4D4A2,4D4A2M4b,Raghunathanhalli  West-1,0704020001,648/*/4,0.58,0.0,OBC,small,1,AG4,NSPmB2,TCB,115.99999999999999,113.0,value,113.0,0.0,0.0,0.0,,0,0,0.0,0.0,0.0,0.0,10323.999999999998,5808.2,1,1
76212f19c27b,Koppal,4D4A2,4D4A2M4b,Raghunathanhalli  West-1,0704020001,649/*/8,0.33,0.0,SC,small,1,AG4,NSPmB2,TCB,66.0,64.85,value,64.85,0.0,0.0,0.0,,0,0,0.0,0.0,0.0,0.0,5874.0,3333.2899999999995,1,1
c7eaa941b245,Koppal,4D4A2,4D4A2M4b,Raghunathanhalli  West-1,0704020001,687/*/2,2.18,0.0,OBC,small,1,AG4,HDLmB2,TCB,436.00000000000006,428.37,value,428.37,2.0,,0.0,,0,0,277.0,0.0,0.0,0.0,75292.0,22018.218,1,1
094ecc0b9121,Koppal,4D4A2,4D4A2M4b,Raghunathanhalli  West-1,0704020001,687/*/3,1.03,1.0,OBC,small,1,AG4,HDLmB2,TCB,206.0,202.0,value,202.0,1.0,,0.0,,0,0,100.0,100.0,0.0,0.0,44432.0,31982.8,1,1
d30ab5ff358d,Koppal,4D4A2,4D4A2M4b,Raghunathanhalli  West-1,0704020001,689/*/10,0.84,0.0,OTHER,small,0,AG4,MTLmB1g1,TCB,168.0,165.06,value,165.06,0.0,0.0,0.0,,0,0,0.0,0.0,0.0,0.0,14952.0,8484.084,1,1
a5373610682e,Koppal,4D4A2,4D4A2M4b,Raghunathanhalli  West-1,0704020001,689/*/4,0.04,0.0,OTHER,small,0,AG4,MTLmB1g1,TCB,8.0,0.0,value,0.0,0.0,0.0,0.0,,0,0,0.0,0.0,0.0,0.0,712.0,0.0,0,0
627829e6c73c,Koppal,4D4A2,4D4A2M4b,Raghunathanhalli  West-1,0704020001,647/*/*,1.6,0.0,OTHER,small,0,AG4,AWDmB2,TCB,320.0,39.3,value,39.3,1.0,,0.0,,0,0,0.0,0.0,0.0,0.0,32980.0,2020.0199999999998,1,1
627829e6c73c,Koppal,4D4A2,4D4A2M4b,Raghunathanhalli  West-1,0704020001,647/*/*,2.3,0.0,OBC,small,1,AG4,AWDmB2,TCB,459.99999999999994,451.95,value,451.95,2.0,,0.0,,0,0,0.0,0.0,0.0,0.0,49939.99999999999,23230.23,1,1
459bb48b4910,Koppal,4D4A2,4D4A2M4b,Raghunathanhalli  West-1,0704020001,692/*/2,1.17,1.0,SC,small,1,AG4,HDLmA1g1,TCB,234.0,229.91,value,229.91,1.0,,0.0,,0,0,277.0,0.0,0.0,0.0,45396.0,11817.374,1,1
8518b056334e,Koppal,4D4A2,4D4A2M4b,Raghunathanhalli  West-1,0704020001,705/*/1,1.15,0.0,OBC,small,1,AG5,RNKmA1g1,TCB,229.99999999999997,225.98,value,225.98,1.0,,0.0,,0,0,0.0,0.0,40.0,95.0,28769.999999999996,20640.372,1,1
a7160c6808b0,Koppal,4D4A2,4D4A2M4b,Raghunathanhalli  West-1,0704020001,705/*/3,1.93,1.0,OBC,small,1,AG5,RNKmA1g1,TCB,386.0,379.25,value,379.25,1.0,,0.0,,0,0,0.0,0.0,40.0,95.0,42654.0,28518.45,1,1
f8f372d02210,Koppal,4D4A2,4D4A2M4b,Raghunathanhalli  West-1,0704020001,648/*/2,1.0,0.0,OBC,small,1,AG4,NSPmB2,TCB,200.0,196.5,value,196.5,0.0,0.0,0.0,,0,0,0.0,0.0,0.0,0.0,17800.0,10100.1,1,1
ae5e66edd5ac,Koppal,4D4A2,4D4A2M4b,Raghunathanhalli  West-1,0704020001,649/*/13,1.46,0.0,OBC,small,1,AG4,NSPmB2,TCB,292.0,286.89,value,286.89,1.0,,0.0,,0,0,490.0,490.0,0.0,0.0,70442.0,54926.146,1,1
29ee3984d655,Koppal,4D4A2,4D4A2M4b,Raghunathanhalli  West-1,0704020001,705/*/4,1.93,0.0,OBC,small,1,AG5,RNKmA1g1,TCB,386.0,379.25,value,379.25,1.0,,0.0,,0,0,0.0,0.0,40.0,95.0,42654.0,28518.45,1,1
961e2c13608a,Koppal,4D4A2,4D4A2M4b,Raghunathanhalli  West-1,0704020001,711/*/3,2.32,0.0,OBC,small,1,AG5,HDLmA1g1,TCB,463.99999999999994,455.88,value,455.88,2.0,,0.0,,0,0,277.0,0.0,0.0,0.0,62056.0,23432.232,1,1
54ca5bf5459e,Koppal,4D4A2,4D4A2M4b,Raghunathanhalli  West-1,0704020001,712/*/*,2.47,1.0,OBC,medium,1,AG5,RNKmA1g1,TCB,494.00000000000006,485.36,value,485.36,2.0,,0.0,,0,0,0.0,0.0,0.0,0.0,52966.00000000001,24947.504,1,1
d1a6591f8feb,Koppal,4D4A2,4D4A2M4b,Raghunathanhalli  West-1,0704020001,646/*/4,3.6,0.0,OBC,medium,1,AG4,AWDmB2,TCB,720.0,707.4,value,707.4,3.0,,0.0,,0,0,490.0,490.0,0.0,0.0,215034.0,76540.36,1,1
627829e6c73c,Koppal,4D4A2,4D4A2M4b,Raghunathanhalli  West-1,0704020001,647/*/*,1.95,0.0,OBC,small,1,AG4,AWDmB2,TCB,390.0,383.18,value,383.18,1.0,,0.0,,0,0,0.0,0.0,0.0,0.0,39210.0,19695.452,1,1
627829e6c73c,Koppal,4D4A2,4D4A2M4b,Raghunathanhalli  West-1,0704020001,647/*/*,1.6,0.0,OTHER,small,0,AG4,AWDmB2,TCB,320.0,235.8,value,235.8,1.0,,0.0,,0,0,0.0,0.0,0.0,0.0,32980.0,12120.12,1,1
928d5f09eb32,Koppal,4D4A2,4D4A2M4b,Raghunathanhalli  West-1,0704020001,649/*/10,0.33,0.0,SC,small,1,AG4,NSPmB2,TCB,66.0,64.85,value,64.85,0.0,0.0,0.0,,0,0,0.0,0.0,0.0,0.0,5874.0,3333.2899999999995,1,1
c385817d68ca,Koppal,4D4A2,4D4A2M4b,Raghunathanhalli  West-1,0704020001,649/*/12,1.32,0.0,OBC,small,1,AG4,NSPmB2,TCB,264.0,259.38,value,259.38,1.0,,0.0,,0,0,490.0,490.0,0.0,0.0,67950.0,53512.132,1,1
56704298094f,Koppal,4D4A2,4D4A2M4b,Raghunathanhalli  West-1,0704020001,649/*/4,4.75,0.0,OBC,medium,1,AG4,NSPmB2,TCB,950.0,658.28,value,658.28,3.0,,0.0,,0,0,490.0,490.0,40.0,95.0,141804.0,83040.592,1,1
4dc3cab63be1,Koppal,4D4A2,4D4A2M4b,Raghunathanhalli  West-1,0704020001,685/*/4,1.41,0.0,OBC,small,1,AG4,KTPiB1,TCB,282.0,277.07,value,277.07,1.0,,0.0,,0,0,277.0,0.0,0.0,0.0,48372.0,14241.398,1,1
030caed7e920,Koppal,4D4A2,4D4A2M4b,Raghunathanhalli  West-1,0704020001,686/*/2,1.51,0.0,OBC,small,1,AG4,NSPmB2,TCB,302.0,296.72,value,296.72,1.0,,0.0,,0,0,277.0,0.0,0.0,0.0,58866.0,15251.408000000001,1,1
ad3692fb6537,Koppal,4D4A2,4D4A2M4b,Raghunathanhalli  West-1,0704020001,689/*/6,0.06,0.0,OBC,small,1,AG4,MTLmB1g1,TCB,12.0,11.79,value,11.79,0.0,0.0,0.0,,0,0,0.0,0.0,0.0,0.0,1068.0,606.006,1,1
d03efefaf8e7,Koppal,4D4A2,4D4A2M4b,Raghunathanhalli  West-1,0704020001,646/*/1,0.91,0.0,OBC,small,1,AG4,AWDmB2,TCB,182.0,178.82,value,178.82,0.0,0.0,0.0,,0,0,441.0,441.0,0.0,0.0,52156.0,45353.348,1,1
c51f8e97d0a0,Koppal,4D4A2,4D4A2M4b,Raghunathanhalli  West-1,0704020001,646/*/2,0.91,0.0,OBC,small,1,AG4,AWDmB2,TCB,182.0,178.82,value,178.82,0.0,0.0,0.0,,0,0,441.0,441.0,0.0,0.0,52156.0,45353.348,1,1
627829e6c73c,Koppal,4D4A2,4D4A2M4b,Raghunathanhalli  West-1,0704020001,647/*/*,1.95,0.0,OTHER,small,0,AG4,AWDmB2,TCB,390.0,383.18,value,383.18,1.0,,0.0,,0,0,0.0,0.0,0.0,0.0,39210.0,19695.452,1,1
6ce617cc3d6c,Koppal,4D4A2,4D4A2M4b,Raghunathanhalli  West-1,0704020001,649/*/5,0.5,1.0,SC,small,1,AG4,NSPmB2,TCB,100.0,98.25,value,98.25,0.0,0.0,0.0,,0,0,0.0,0.0,0.0,0.0,8900.0,5050.05,1,1
37bec9d50773,Koppal,4D4A2,4D4A2M4b,Raghunathanhalli  West-1,0704020001,689/*/8,0.61,0.0,OBC,small,1,AG4,MTLmB1g1,TCB,122.0,119.87,value,119.87,0.0,0.0,0.0,,0,0,0.0,0.0,0.0,0.0,10858.0,6161.318,1,1
8c16c3db30f5,Koppal,4D4A2,4D4A2M4b,Raghunathanhalli  West-1,0704020001,648/*/1,1.0,0.0,OTHER,small,0,AG4,NSPmB2,TCB,200.0,119.87,value,119.87,0.0,0.0,0.0,,0,0,0.0,0.0,0.0,0.0,17800.0,6161.318,1,1
4b0323be0b39,Koppal,4D4A2,4D4A2M4b,Raghunathanhalli  West-1,0704020001,649/*/11,1.32,1.0,OTHER,small,0,AG4,NSPmB2,TCB,264.0,259.38,value,259.38,1.0,,0.0,,0,0,0.0,0.0,0.0,0.0,27996.0,13332.132,1,1
301a6f08d582,Koppal,4D4A2,4D4A2M4b,Raghunathanhalli  West-1,0704020001,649/*/2,1.69,1.0,OBC,small,1,AG4,NSPmB2,TCB,338.0,332.09,value,332.09,1.0,,0.0,,0,0,490.0,0.0,0.0,0.0,74536.0,17069.426,1,1
41980e9b20a2,Koppal,4D4A2,4D4A2M4b,Raghunathanhalli  West-1,0704020001,649/*/6,0.82,0.0,OBC,small,1,AG4,NSPmB2,TCB,164.0,161.13,value,161.13,0.0,0.0,0.0,,0,0,0.0,0.0,0.0,0.0,14596.0,8282.082,1,1
f352d3847897,Koppal,4D4A2,4D4A2M4b,Raghunathanhalli  West-1,0704020001,685/*/2,1.4,0.0,OBC,small,1,AG4,KTPiB1,TCB,280.0,275.1,value,275.1,1.0,,0.0,,0,0,0.0,0.0,0.0,0.0,20760.0,14140.140000000001,1,1
f5c4c3bc5ab4,Koppal,4D4A2,4D4A2M4b,Raghunathanhalli  West-1,0704020001,689/*/9,0.22,0.0,OTHER,small,0,AG4,MTLmB1g1,TCB,44.0,43.23,value,43.23,0.0,0.0,0.0,,0,0,0.0,0.0,0.0,0.0,3916.0,2222.022,1,1
74a369d56c35,Koppal,4D4A2,4D4A2M4b,Raghunathanhalli  West-1,0704020001,707/*/4,7.75,1.0,OTHER,medium,1,AG5,RNKmA1g1,TCB,1550.0,1522.88,value,1522.88,3.0,,0.0,,0,0,0.0,0.0,40.0,95.0,155250.0,87301.032,1,1
0f73c185d153,Koppal,4D4A2,4D4A2M4b,Raghunathanhalli  West-1,0704020001,710/*/1,2.59,0.0,OTHER,medium,1,AG5,HDLmA1g1,TCB,518.0,508.94,value,508.94,2.0,,0.0,,0,0,0.0,0.0,0.0,0.0,37916.0,26159.516,1,1
8f19603cc2b0,Koppal,4D4A2,4D4A2M4b,Raghunathanhalli  West-1,0704020001,711/*/1,2.31,0.0,OTHER,small,1,AG5,HDLmA1g1,TCB,462.0,453.92,value,453.92,2.0,,0.0,,0,0,0.0,0.0,0.0,0.0,34444.0,23331.488,1,1
030caed7e920,Koppal,4D4A2,4D4A2M4b,Raghunathanhalli  West-1,0704020001,686/*/2,1.51,0.0,OBC,small,1,AG4,NSPmB2,TCB,302.0,296.72,value,296.72,1.0,,0.0,,0,0,0.0,0.0,0.0,0.0,31378.0,15251.408000000001,1,1
8d11f0b60493,Koppal,4D4A2,4D4A2M4b,Raghunathanhalli  West-1,0704020001,687/*/1,1.51,0.0,OBC,small,1,AG4,HDLmB2,TCB,302.0,296.72,value,296.72,1.0,,0.0,,0,0,277.0,0.0,0.0,0.0,58866.0,15251.408000000001,1,1
f29f0372774e,Koppal,4D4A2,4D4A2M4b,Raghunathanhalli  West-1,0704020001,689/*/1,0.14,0.0,OBC,small,1,AG4,MTLmB1g1,TCB,28.000000000000004,27.51,value,27.51,0.0,0.0,0.0,,0,0,0.0,0.0,0.0,0.0,2492.0000000000005,1414.0140000000001,1,1
952fcba45dd8,Koppal,4D4A2,4D4A2M4b,Raghunathanhalli  West-1,0704020001,689/*/11,0.9,0.0,OBC,small,1,AG4,MTLmB1g1,TCB,180.0,176.85,value,176.85,0.0,0.0,0.0,,0,0,0.0,0.0,0.0,0.0,16020.0,9090.09,1,1
fbd202be126c,Koppal,4D4A2,4D4A2M4b,Raghunathanhalli  West-1,0704020001,690/*/*,9.32,0.0,OBC,medium,1,AG4,NSPmB2,TCB,1864.0,1831.38,value,1831.38,3.0,,0.0,,0,0,0.0,0.0,40.0,95.0,183196.0,103157.932,1,1
459bb48b4910,Koppal,4D4A2,4D4A2M4b,Raghunathanhalli  West-1,0704020001,692/*/2,1.17,1.0,SC,small,1,AG4,HDLmA1g1,TCB,234.0,229.91,value,229.91,1.0,,0.0,,0,0,0.0,0.0,0.0,0.0,17908.0,11817.374,1,1
a9706bb88b89,Koppal,4D4A2,4D4A2M4b,Raghunathanhalli  West-1,0704020001,693/*/2,0.8,0.0,OBC,small,1,AG4,HDLmA1g1,TCB,160.0,157.2,value,157.2,0.0,0.0,0.0,,0,0,0.0,0.0,0.0,0.0,9920.0,8080.079999999999,1,1
2f7623dbc1a5,Koppal,4D4A2,4D4A2M4b,Raghunathanhalli  West-1,0704020001,694/*/1,0.95,1.0,OBC,small,1,AG4,HDLmA1g1,TCB,190.0,186.68,value,186.68,1.0,,0.0,,0,0,0.0,0.0,0.0,0.0,15180.0,9595.352,1,1
3a030017d003,Koppal,4D4A2,4D4A2M4b,Raghunathanhalli  West-1,0704020001,694/*/2,1.6,0.0,OBC,small,1,AG4,HDLmA1g1,TCB,320.0,314.4,value,314.4,1.0,,0.0,,0,0,0.0,0.0,0.0,0.0,23240.0,16160.159999999998,1,1
6f8c7b0813b9,Koppal,4D4A2,4D4A2M4b,Raghunathanhalli  West-1,0704020001,649/*/9,0.33,0.0,SC,small,1,AG4,NSPmB2,TCB,66.0,64.85,value,64.85,0.0,0.0,0.0,,0,0,0.0,0.0,0.0,0.0,5874.0,3333.2899999999995,1,1
3a030017d003,Koppal,4D4A2,4D4A2M4b,Raghunathanhalli  West-1,0704020001,694/*/2,1.6,0.0,OBC,small,1,AG4,HDLmA1g1,TCB,320.0,314.4,value,314.4,1.0,,0.0,,0,0,0.0,0.0,0.0,0.0,23240.0,16160.159999999998,1,1
2ef13cd9ef69,Koppal,4D4A2,4D4A2M4b,Raghunathanhalli  West-1,0704020001,705/*/2,0.8,0.0,OTHER,small,0,AG5,RNKmA1g1,TCB,160.0,157.2,value,157.2,0.0,0.0,0.0,,0,0,0.0,0.0,0.0,0.0,14240.0,8080.079999999999,1,1
21a31d23ce6a,Koppal,4D4A2,4D4A2M4b,Raghunathanhalli  West-1,0704020001,707/*/1,15.66,1.0,OBC,large,1,AG5,RNKmA1g1,TCB,3132.0,1965.0,value,1965.0,3.0,,0.0,,0,0,0.0,0.0,40.0,95.0,296048.0,110026.0,1,1
4d731bfbd355,Koppal,4D4A2,4D4A2M4b,Raghunathanhalli  West-1,0704020001,706/*/1,8.31,0.0,OTHER,medium,0,AG5,HDLmA1g1,TCB,1662.0,1632.92,value,1632.92,3.0,,0.0,,0,0,0.0,0.0,40.0,95.0,115544.0,92957.088,1,1
a1eb49ee6df5,Koppal,4D4A2,4D4A2M4b,Raghunathanhalli  West-1,0704020001,707/*/3,4.0,0.0,OTHER,medium,0,AG5,RNKmA1g1,TCB,800.0,786.0,value,786.0,3.0,,0.0,,0,0,0.0,0.0,40.0,95.0,186000.0,49425.4,1,1
8f3c11f247d7,Koppal,4D4A2,4D4A2M4b,Raghunathanhalli  West-1,0704020001,708/*/3,1.31,1.0,OBC,small,1,AG5,HDLmA1g1,TCB,262.0,257.42,value,257.42,1.0,,0.0,,0,0,0.0,0.0,0.0,0.0,19644.0,13231.388,1,1
2743abd4e257,Koppal,4D4A2,4D4A2M4b,Raghunathanhalli  West-1,0704020001,713/*/1,2.0,0.0,OBC,small,1,AG5,RNKmA1g1,TCB,400.0,393.0,value,393.0,2.0,,0.0,,0,0,0.0,0.0,0.0,0.0,44600.0,20200.2,1,1
892bb70bff9d,Koppal,4D4A2,4D4A2M4b,Raghunathanhalli  West-1,0704020001,685/*/3,1.4,1.0,OBC,small,1,AG4,KTPiB1,TCB,280.0,275.1,value,275.1,1.0,,0.0,,0,0,277.0,0.0,0.0,0.0,48248.0,14140.140000000001,1,1
16e420828c15,Koppal,4D4A2,4D4A2M4b,Raghunathanhalli  West-1,0704020001,686/*/3,1.6,0.0,OTHER,small,0,AG4,NSPmB2,TCB,320.0,314.4,value,314.4,1.0,,0.0,,0,0,277.0,0.0,0.0,0.0,60468.0,16160.159999999998,1,1
ac49ba900da7,Koppal,4D4A2,4D4A2M4b,Raghunathanhalli  West-1,0704020001,686/*/4,0.21,0.0,OTHER,small,0,AG4,NSPmB2,TCB,42.0,41.27,value,41.27,0.0,0.0,0.0,,0,0,0.0,0.0,0.0,0.0,3738.0,2121.2780000000002,1,1
b8c7b3a4d74e,Koppal,4D4A2,4D4A2M4b,Raghunathanhalli  West-1,0704020001,709/*/3,1.25,1.0,ST,small,1,AG5,HDLmA1g1,TCB,250.0,245.63,value,245.63,1.0,,0.0,,0,0,0.0,0.0,0.0,0.0,18900.0,12625.382,1,1
7e97e9520c97,Koppal,4D4A2,4D4A2M4b,Raghunathanhalli  West-1,0704020001,711/*/2,2.32,1.0,OBC,small,1,AG5,HDLmA1g1,TCB,463.99999999999994,455.88,value,455.88,2.0,,0.0,,0,0,277.0,0.0,0.0,0.0,62056.0,23432.232,1,1
637bc8adf981,Koppal,4D4A2,4D4A2M4b,Raghunathanhalli  West-1,0704020001,713/*/2,2.12,0.0,OBC,small,1,AG5,RNKmA1g1,TCB,424.0,416.0,value,416.0,2.0,,0.0,,0,0,0.0,0.0,0.0,0.0,46736.0,21382.399999999998,1,1
8e368c2f62ea,Koppal,4D4A2,4D4A2M4b,Raghunathanhalli  West-1,0704020001,649/*/1,1.32,1.0,OBC,small,1,AG4,NSPmB2,TCB,264.0,259.38,value,259.38,1.0,,0.0,,0,0,0.0,0.0,0.0,0.0,27996.0,13332.132,1,1
2962fbd72811,Koppal,4D4A2,4D4A2M4b,Raghunathanhalli  West-1,0704020001,684/*/*,4.94,0.0,OTHER,medium,0,AG4,BDRmA1g1,TCB,988.0000000000001,970.71,value,970.71,3.0,,0.0,,0,0,0.0,0.0,40.0,95.0,91732.00000000001,58919.494,1,1
e4b6f3fa31c6,Koppal,4D4A2,4D4A2M4b,Raghunathanhalli  West-1,0704020001,687/*/4,1.03,1.0,OBC,small,1,AG4,HDLmB2,TCB,206.0,202.4,value,202.4,1.0,,0.0,,0,0,100.0,100.0,0.0,0.0,44432.0,32003.36,1,1
7b9cbd54ad2a,Koppal,4D4A2,4D4A2M4b,Raghunathanhalli  West-1,0704020001,689/*/2,1.13,0.0,OBC,small,1,AG4,MTLmB1g1,TCB,225.99999999999997,222.05,value,222.05,1.0,,0.0,,0,0,276.0,0.0,40.0,95.0,55794.0,20438.370000000003,1,1
34615c8ec60e,Koppal,4D4A2,4D4A2M4b,Raghunathanhalli  West-1,0704020001,689/*/7,1.35,0.0,OBC,small,1,AG4,MTLmB1g1,TCB,270.0,265.28,value,265.28,1.0,,0.0,,0,0,277.0,0.0,40.0,95.0,59818.0,22660.392,1,1
1895ab3d81a5,Koppal,4D4A2,4D4A2M4b,Raghunathanhalli  West-1,0704020001,692/*/1,1.18,0.0,OBC,small,1,AG4,HDLmA1g1,TCB,236.0,231.87,value,231.87,1.0,,0.0,,0,0,277.0,0.0,0.0,0.0,45520.0,11918.118,1,1
a9706bb88b89,Koppal,4D4A2,4D4A2M4b,Raghunathanhalli  West-1,0704020001,693/*/2,0.79,0.0,OBC,small,1,AG4,HDLmA1g1,TCB,158.0,155.24,value,155.24,0.0,0.0,0.0,,0,0,0.0,0.0,0.0,0.0,9796.0,7979.336,1,1
0281c832b737,Koppal,4D4A2,4D4A2M4b,Raghunathanhalli  West-1,0704020001,693/*/5,0.8,0.0,SC,small,1,AG4,HDLmA1g1,TCB,160.0,157.2,value,157.2,0.0,0.0,0.0,,0,0,0.0,0.0,0.0,0.0,9920.0,8080.079999999999,1,1
d2701b89bb7f,Koppal,4D4A2,4D4A2M4b,Raghunathanhalli  West-1,0704020001,693/*/6,0.8,0.0,OTHER,small,0,AG4,HDLmA1g1,TCB,160.0,157.2,value,157.2,0.0,0.0,0.0,,0,0,0.0,0.0,0.0,0.0,9920.0,8080.079999999999,1,1
3a030017d003,Koppal,4D4A2,4D4A2M4b,Raghunathanhalli  West-1,0704020001,694/*/2,1.6,0.0,OBC,small,1,AG4,HDLmA1g1,TCB,320.0,314.4,value,314.4,1.0,,0.0,,0,0,0.0,0.0,0.0,0.0,23240.0,16160.159999999998,1,1
fcff93f04573,Koppal,4D4A2,4D4A2M4b,Raghunathanhalli  West-1,0704020001,646/*/3,1.83,0.0,OBC,small,1,AG4,AWDmB2,TCB,366.0,359.6,value,359.6,1.0,,0.0,,0,0,490.0,490.0,0.0,0.0,77028.0,58663.44,1,1
d8257f2207b0,Koppal,4D4A2,4D4A2M4b,Raghunathanhalli  West-1,0704020001,649/*/3,1.32,0.0,OBC,small,1,AG4,NSPmB2,TCB,264.0,259.38,value,259.38,1.0,,0.0,,0,0,372.0,0.0,0.0,0.0,58356.0,13332.132,1,1
cf17f52190ba,Koppal,4D4A2,4D4A2M4b,Raghunathanhalli  West-1,0704020001,649/*/7,0.33,0.0,SC,small,1,AG4,NSPmB2,TCB,66.0,64.85,value,64.85,0.0,0.0,0.0,,0,0,0.0,0.0,0.0,0.0,5874.0,3333.2899999999995,1,1
4f74705985d1,Koppal,4D4A2,4D4A2M4b,Raghunathanhalli  West-1,0704020001,687/*/5,1.35,1.0,OBC,small,1,AG4,HDLmB2,TCB,270.0,265.28,value,265.28,1.0,,0.0,,0,0,100.0,100.0,0.0,0.0,50128.0,35235.392,1,1
37bec9d50773,Koppal,4D4A2,4D4A2M4b,Raghunathanhalli  West-1,0704020001,689/*/8,0.61,0.0,OBC,small,1,AG4,MTLmB1g1,TCB,122.0,119.87,value,119.87,0.0,0.0,0.0,,0,0,0.0,0.0,0.0,0.0,10858.0,6161.318,1,1
a7160c6808b0,Koppal,4D4A2,4D4A2M4b,Raghunathanhalli  West-1,0704020001,705/*/3,1.93,0.0,OBC,small,1,AG5,RNKmA1g1,TCB,386.0,379.25,value,379.25,1.0,,0.0,,0,0,0.0,0.0,40.0,95.0,42654.0,28518.45,1,1
29ee3984d655,Koppal,4D4A2,4D4A2M4b,Raghunathanhalli  West-1,0704020001,705/*/4,1.93,0.0,OBC,small,1,AG5,RNKmA1g1,TCB,386.0,379.25,value,379.25,1.0,,0.0,,0,0,0.0,0.0,40.0,95.0,42654.0,28518.45,1,1
e21d3a842617,Koppal,4D4A2,4D4A2M4b,Raghunathanhalli  West-1,0704020001,709/*/1,0.83,0.0,ST,small,1,AG5,HDLmA1g1,TCB,166.0,163.1,value,163.1,0.0,0.0,0.0,,0,0,220.0,0.0,0.0,0.0,32282.0,8383.34,1,1
955cd93a3d05,Koppal,4D4A2,4D4A2M4b,Raghunathanhalli  West-1,0704020001,693/*/4,1.3,0.0,OBC,small,1,AG4,HDLmA1g1,TCB,260.0,255.45,value,255.45,1.0,,0.0,,0,0,277.0,0.0,0.0,0.0,47008.0,13130.13,1,1
ea9e6a69ba3a,Koppal,4D4A2,4D4A2M4b,Raghunathanhalli  West-1,0704020001,709/*/2,0.84,1.0,OTHER,small,0,AG5,HDLmA1g1,TCB,168.0,165.06,value,165.06,0.0,0.0,0.0,,0,0,0.0,0.0,0.0,0.0,10416.0,8484.084,1,1
374442a32272,Koppal,4D4A2,4D4A2M4b,Raghunathanhalli  West-1,0704020001,685/*/1,1.6,0.0,OBC,small,1,AG4,KTPiB1,TCB,320.0,314.4,value,314.4,1.0,,0.0,,0,0,277.0,0.0,0.0,0.0,50728.0,16160.159999999998,1,1
374442a32272,Koppal,4D4A2,4D4A2M4b,Raghunathanhalli  West-1,0704020001,685/*/1,1.6,0.0,OBC,small,1,AG4,KTPiB1,TCB,320.0,262.4,formula_82pct_of_proposed,,1.0,,0.0,,0,0,100.0,100.0,0.0,0.0,44838.0,15087.359999999999,1,1
df101a6a3c2f,Koppal,4D4A2,4D4A2M4b,Raghunathanhalli  West-1,0704020001,686/*/1,1.6,0.0,OBC,small,1,AG4,NSPmB2,TCB,320.0,314.4,value,314.4,1.0,,0.0,,0,0,277.0,0.0,0.0,0.0,60468.0,16160.159999999998,1,1
030caed7e920,Koppal,4D4A2,4D4A2M4b,Raghunathanhalli  West-1,0704020001,686/*/2,1.51,0.0,OBC,small,1,AG4,NSPmB2,TCB,302.0,296.72,value,296.72,1.0,,0.0,,0,0,0.0,0.0,40.0,95.0,35178.0,24276.408000000003,1,1
1f2f36a65930,Koppal,4D4A2,4D4A2M4b,Raghunathanhalli  West-1,0704020001,686/*/5,1.6,0.0,OBC,small,1,AG4,NSPmB2,TCB,320.0,314.4,value,314.4,1.0,,0.0,,0,0,277.0,0.0,0.0,0.0,60468.0,16160.159999999998,1,1
a21c0486ce0d,Koppal,4D4A2,4D4A2M4b,Raghunathanhalli  West-1,0704020001,687/*/6,0.95,0.0,OBC,small,1,AG4,HDLmB2,TCB,190.0,186.68,value,186.68,0.0,0.0,0.0,,0,0,249.0,0.0,0.0,0.0,41649.0,9595.352,1,1
2ef13cd9ef69,Koppal,4D4A2,4D4A2M4b,Raghunathanhalli  West-1,0704020001,705/*/2,0.8,0.0,OTHER,small,0,AG5,RNKmA1g1,TCB,160.0,157.2,value,157.2,0.0,0.0,0.0,,0,0,0.0,0.0,0.0,0.0,14240.0,8080.079999999999,1,1
f982a4c16b2a,Koppal,4D4A2,4D4A2M4b,Raghunathanhalli  West-1,0704020001,706/*/2,1.6,0.0,OTHER,small,0,AG5,HDLmA1g1,TCB,320.0,314.4,value,314.4,1.0,,0.0,,0,0,0.0,0.0,0.0,0.0,23240.0,16160.159999999998,1,1
0a1cfd769551,Koppal,4D4A2,4D4A2M4b,Raghunathanhalli  West-1,0704020001,707/*/2,3.92,0.0,OBC,medium,1,AG5,RNKmA1g1,TCB,784.0,770.28,value,770.28,3.0,,0.0,,0,1,0.0,0.0,40.0,95.0,184576.0,181904.392,1,1
3436fa591960,Koppal,4D4A2,4D4A2M4b,Raghunathanhalli  West-1,0704020001,709/*/6,0.42,0.0,ST,small,1,AG5,HDLmA1g1,TCB,84.0,82.53,value,82.53,0.0,0.0,0.0,,0,0,0.0,0.0,0.0,0.0,5208.0,4242.042,1,1
54ca5bf5459e,Koppal,4D4A2,4D4A2M4b,Raghunathanhalli  West-1,0704020001,712/*/*,0.8,0.0,OBC,small,1,AG5,RNKmA1g1,TCB,160.0,157.2,value,157.2,0.0,0.0,0.0,,0,0,0.0,0.0,0.0,0.0,14240.0,8080.079999999999,1,1
54ca5bf5459e,Koppal,4D4A2,4D4A2M4b,Raghunathanhalli  West-1,0704020001,712/*/*,1.27,0.0,OBC,small,1,AG5,RNKmA1g1,TCB,254.0,249.56,value,249.56,1.0,,0.0,,0,0,0.0,0.0,0.0,0.0,27106.0,12827.384,1,1
7316a3b9240c,Koppal,4D4A2,4D4A2M4b,Raghunathanhalli  West-1,0704020001,688/*/*,3.17,1.0,OBC,medium,1,AG4,HDLmB2,TCB,634.0,622.91,value,622.91,3.0,,0.0,,0,0,277.0,0.0,40.0,95.0,101214.0,41042.57399999999,1,1
adb7364698c1,Koppal,4D4A2,4D4A2M4b,Raghunathanhalli  West-1,0704020001,692/*/3,1.6,0.0,SC,small,1,AG4,HDLmA1g1,TCB,320.0,314.4,value,314.4,1.0,,0.0,,0,0,100.0,100.0,0.0,0.0,44838.0,37760.159999999996,1,1
8bee373b95e9,Koppal,4D4A2,4D4A2M4b,Raghunathanhalli  West-1,0704020001,693/*/1,0.11,0.0,OTHER,small,0,AG4,HDLmA1g1,TCB,22.0,21.62,value,21.62,0.0,0.0,0.0,,0,0,0.0,0.0,0.0,0.0,1364.0,1111.268,1,1
374442a32272,Koppal,4D4A2,4D4A2M4b,Raghunathanhalli  West-1,0704020001,685/*/1,1.6,0.0,OBC,small,1,AG4,KTPiB1,TCB,320.0,314.0,value,314.0,1.0,,0.0,,0,0,0.0,0.0,0.0,0.0,23240.0,16139.6,1,1
dd30a5d6001b,Koppal,4D4A2,4D4A2M4b,Raghunathanhalli  West-1,0704020001,708/*/2,1.32,1.0,OTHER,small,0,AG5,HDLmA1g1,TCB,264.0,259.38,value,259.38,1.0,,0.0,,0,0,277.0,0.0,0.0,0.0,47256.0,13332.132,1,1
341b977b044d,Koppal,4D4A2,4D4A2M4b,Raghunathanhalli  West-1,0704020001,709/*/4,0.84,0.0,ST,small,1,AG5,HDLmA1g1,TCB,168.0,165.06,value,165.06,0.0,0.0,0.0,,0,0,0.0,0.0,0.0,0.0,10416.0,8484.084,1,1
637bc8adf981,Koppal,4D4A2,4D4A2M4b,Raghunathanhalli  West-1,0704020001,713/*/2,2.12,0.0,OBC,small,1,AG5,RNKmA1g1,TCB,424.0,265.28,value,265.28,2.0,,0.0,,0,0,0.0,0.0,0.0,0.0,46736.0,13635.391999999998,1,1
4f74705985d1,Koppal,4D4A2,4D4A2M4b,Raghunathanhalli  West-1,0704020001,687/*/5,1.35,1.0,OBC,small,1,AG4,HDLmB2,TCB,270.0,265.28,value,265.28,1.0,,0.0,,0,0,0.0,0.0,0.0,0.0,28530.0,13635.391999999998,1,1
7b9cbd54ad2a,Koppal,4D4A2,4D4A2M4b,Raghunathanhalli  West-1,0704020001,689/*/2,1.13,1.0,OBC,small,1,AG4,MTLmB1g1,TCB,225.99999999999997,222.05,value,222.05,1.0,,0.0,,0,0,0.0,0.0,40.0,95.0,28413.999999999996,20438.370000000003,1,1
a5c5706f1b14,Koppal,4D4A2,4D4A2M4b,Raghunathanhalli  West-1,0704020001,689/*/3,0.03,1.0,OBC,small,1,AG4,MTLmB1g1,TCB,6.0,5.9,value,5.9,0.0,0.0,0.0,,0,0,0.0,0.0,0.0,0.0,534.0,303.26,1,1
bd6b856ab757,Koppal,4D4A2,4D4A2M4b,Raghunathanhalli  West-1,0704020001,689/*/5,0.06,0.0,OTHER,small,0,AG4,MTLmB1g1,TCB,12.0,11.79,value,11.79,0.0,0.0,0.0,,0,0,0.0,0.0,0.0,0.0,1068.0,606.006,1,1
b2f7a7da6e53,Koppal,4D4A2,4D4A2M4b,Raghunathanhalli  West-1,0704020001,693/*/3,0.13,0.0,OTHER,small,0,AG4,HDLmA1g1,TCB,26.0,25.55,value,25.55,0.0,0.0,0.0,,0,0,0.0,0.0,0.0,0.0,1612.0,1313.27,1,1
2f7623dbc1a5,Koppal,4D4A2,4D4A2M4b,Raghunathanhalli  West-1,0704020001,694/*/1,0.95,1.0,OBC,small,1,AG4,HDLmA1g1,TCB,190.0,186.68,value,186.68,1.0,,0.0,,0,0,0.0,0.0,0.0,0.0,15180.0,9595.352,1,1
b3810288356f,Koppal,4D4A2,4D4A2M4b,Raghunathanhalli  West-1,0704020001,708/*/1,2.63,0.0,OTHER,medium,1,AG5,HDLmA1g1,TCB,526.0,516.8,value,516.8,2.0,,0.0,,0,0,277.0,0.0,0.0,0.0,65900.0,26563.519999999997,1,1
b8c7b3a4d74e,Koppal,4D4A2,4D4A2M4b,Raghunathanhalli  West-1,0704020001,709/*/3,1.25,1.0,ST,small,1,AG5,HDLmA1g1,TCB,250.0,245.63,value,245.63,1.0,,0.0,,0,0,277.0,0.0,0.0,0.0,46388.0,12625.382,1,1
24188afa3686,Koppal,4D4A2,4D4A2M4b,Raghunathanhalli  West-1,0704020001,709/*/5,0.84,0.0,SC,small,1,AG5,HDLmA1g1,TCB,168.0,165.06,value,165.06,0.0,0.0,0.0,,0,0,220.0,0.0,0.0,0.0,32406.0,8484.084,1,1
ed0e1e812d33,Koppal,4D4A2,4D4A2M4b,Raghunathanhalli  West-1,0704020001,710/*/2,2.59,0.0,OBC,medium,1,AG5,HDLmA1g1,TCB,518.0,508.94,value,508.94,2.0,,0.0,,0,0,224.0,0.0,0.0,0.0,60122.0,26159.516,1,1
7633cca765d1,Koppal,4D4A2,4D4A2M4c,Raghunathanhalli  West-2,0704020027,146/*/3,2.05,0.0,OBC,small,1,AG1,MLRmB2,TCB,409.99999999999994,340.29999999999995,formula_83pct_of_proposed,,2.0,,0.0,,0,0,277.0,0.0,0.0,0.0,72978.0,17491.42,1,0
ff85f0ff31d0,Koppal,4D4A2,4D4A2M4c,Raghunathanhalli  West-2,0704020027,146/*/2,1.03,0.0,OBC,small,1,AG1,MLRmB2,TCB,206.0,170.98,formula_83pct_of_proposed,,1.0,,0.0,,0,0,277.0,0.0,0.0,0.0,50322.0,8788.372,1,0
e9267268aa2e,Koppal,4D4A2,4D4A2M4c,Raghunathanhalli  West-2,0704020027,145/*/2,0.99,0.0,OBC,small,1,AG1,MLRmB2,TCB,198.0,0.0,value,0.0,0.0,0.0,0.0,,0,0,277.0,0.0,0.0,0.0,45110.0,0.0,0,0
074ffb8a65e5,Koppal,4D4A2,4D4A2M4c,Raghunathanhalli  West-2,0704020027,146/*/1,1.03,0.0,OBC,small,1,AG1,MLRmB2,TCB,206.0,170.98,formula_83pct_of_proposed,,1.0,,0.0,,0,0,0.0,0.0,0.0,0.0,22834.0,8788.372,1,0
80d33b16d6cc,Koppal,4D4A2,4D4A2M4c,Raghunathanhalli  West-2,0704020027,145/*/3,1.6,1.0,OBC,small,1,AG1,MLRmB2,TCB,320.0,265.6,formula_83pct_of_proposed,,1.0,,0.0,,0,0,277.0,0.0,0.0,0.0,60468.0,13651.84,1,0
8e2bad4985dd,Koppal,4D4A2,4D4A2M4c,Raghunathanhalli  West-2,0704020027,145/*/1,1.27,0.0,OBC,small,1,AG1,MLRmB2,TCB,254.0,210.82,formula_83pct_of_proposed,,1.0,,0.0,,0,0,100.0,0.0,0.0,0.0,48704.0,10836.148,1,0
062cc1bd2067,Koppal,4D4A2,4D4A2M4c,Raghunathanhalli  West-2,0704020001,586/*/*,1.5,0.0,OBC,small,1,AG1,AWDmA1,TCB,300.0,249.0,formula_83pct_of_proposed,,1.0,,0.0,,0,0,0.0,0.0,40.0,0.0,30500.0,12798.6,1,0
062cc1bd2067,Koppal,4D4A2,4D4A2M4c,Raghunathanhalli  West-2,0704020001,586/*/*,1.5,0.0,OBC,small,1,AG1,AWDmA1,TCB,300.0,249.0,formula_83pct_of_proposed,,1.0,,0.0,,0,0,0.0,0.0,40.0,0.0,30500.0,12798.6,1,0
d8323e828c9a,Koppal,4D4A2,4D4A2M4c,Raghunathanhalli  West-2,0704020001,588/*/*,0.53,1.0,OTHER,small,0,AG1,KTPcB1g1,TCB,106.0,87.98,formula_83pct_of_proposed,,0.0,0.0,0.0,,0,0,0.0,0.0,0.0,0.0,4982.0,4522.1720000000005,1,0
2bf5bdcc8efd,Koppal,4D4A2,4D4A2M4c,Raghunathanhalli  West-2,0704020001,590/*/6,0.2,0.0,OTHER,small,0,AG1,AWDmA1,TCB,40.0,33.2,formula_83pct_of_proposed,,0.0,0.0,0.0,,0,0,0.0,0.0,0.0,0.0,3560.0,1706.48,1,0
f26f3f0f7965,Koppal,4D4A2,4D4A2M4c,Raghunathanhalli  West-2,0704020001,582/*/*,0.57,0.0,OTHER,small,0,AG1,MKHhB1,TCB,113.99999999999999,94.61999999999998,formula_83pct_of_proposed,,0.0,0.0,0.0,,0,0,0.0,0.0,0.0,0.0,5357.999999999999,4863.467999999999,1,0
b8d472bc07e0,Koppal,4D4A2,4D4A2M4c,Raghunathanhalli  West-2,0704020001,584/*/2,1.2,0.0,OBC,small,1,AG1,KTPcB1g1,TCB,240.0,199.2,formula_83pct_of_proposed,,1.0,,0.0,,0,0,0.0,0.0,40.0,0.0,15080.0,10238.88,1,0
d8323e828c9a,Koppal,4D4A2,4D4A2M4c,Raghunathanhalli  West-2,0704020001,588/*/*,0.54,1.0,ST,small,1,AG1,KTPcB1g1,TCB,108.0,0.0,value,0.0,0.0,0.0,0.0,,0,0,0.0,0.0,0.0,0.0,5076.0,0.0,0,0
0a38ee37bf64,Koppal,4D4A2,4D4A2M4c,Raghunathanhalli  West-2,0704020001,576/*/*,1.92,0.0,OTHER,medium,0,AG1,MKHhB1,TCB,384.0,318.72,formula_83pct_of_proposed,,3.0,,0.0,,0,0,0.0,0.0,0.0,0.0,18048.0,16382.208,1,0
d90d290d9ec6,Koppal,4D4A2,4D4A2M4c,Raghunathanhalli  West-2,0704020001,583/*/2,0.93,0.0,OBC,small,1,AG1,MLRmA1g1,TCB,186.0,154.38,formula_83pct_of_proposed,,0.0,0.0,0.0,,0,0,441.0,441.0,0.0,0.0,52513.0,44097.132,1,1
062cc1bd2067,Koppal,4D4A2,4D4A2M4c,Raghunathanhalli  West-2,0704020001,586/*/*,0.8,0.0,OBC,small,1,AG1,AWDmA1,TCB,160.0,0.0,value,0.0,0.0,0.0,0.0,,0,0,0.0,0.0,0.0,0.0,14240.0,0.0,0,0
6d16676d092c,Koppal,4D4A2,4D4A2M4c,Raghunathanhalli  West-2,0704020001,589/*/1,1.51,0.0,OBC,small,1,AG1,KTPcB1g1,TCB,302.0,250.66,formula_83pct_of_proposed,,1.0,,0.0,,0,0,0.0,0.0,40.0,0.0,17994.0,12883.923999999999,1,0
24287b278377,Koppal,4D4A2,4D4A2M4c,Raghunathanhalli  West-2,0704020001,590/*/4,1.6,0.0,OTHER,small,0,AG1,AWDmA1,TCB,320.0,265.6,formula_83pct_of_proposed,,1.0,,0.0,,0,0,277.0,0.0,40.0,0.0,72233.0,13651.84,1,0
35ca2b0b5274,Koppal,4D4A2,4D4A2M4c,Raghunathanhalli  West-2,0704020001,591/*/*,1.6,0.0,OBC,small,1,AG1,AWDmA1,TCB,320.0,265.6,formula_83pct_of_proposed,,1.0,,0.0,,0,0,225.0,0.0,0.0,0.0,50825.0,13651.84,1,0
c6ac75be9f41,Koppal,4D4A2,4D4A2M4c,Raghunathanhalli  West-2,0704020001,583/*/1,1.8,0.0,OTHER,small,0,AG1,MLRmA1g1,TCB,360.0,298.8,formula_83pct_of_proposed,,1.0,,0.0,,0,0,490.0,490.0,40.0,95.0,75794.0,64563.32,1,1
1b3a6f5ad300,Koppal,4D4A2,4D4A2M4c,Raghunathanhalli  West-2,0704020001,585/*/*,5.25,0.0,OTHER,medium,0,AG1,AWDmB2,TCB,1050.0,871.5,formula_83pct_of_proposed,,3.0,,0.0,,0,0,0.0,0.0,40.0,0.0,110750.0,44795.1,1,0
062cc1bd2067,Koppal,4D4A2,4D4A2M4c,Raghunathanhalli  West-2,0704020001,586/*/*,2.14,0.0,OTHER,small,0,AG1,AWDmA1,TCB,428.0,355.24,formula_83pct_of_proposed,,2.0,,0.0,,0,0,0.0,0.0,40.0,0.0,41892.0,18259.336,1,0
d8323e828c9a,Koppal,4D4A2,4D4A2M4c,Raghunathanhalli  West-2,0704020001,588/*/*,0.53,0.0,ST,small,1,AG1,KTPcB1g1,TCB,106.0,0.0,value,0.0,0.0,0.0,0.0,,0,0,0.0,0.0,0.0,0.0,4982.0,0.0,0,0
c33c5037963b,Koppal,4D4A2,4D4A2M4c,Raghunathanhalli  West-2,0704020001,589/*/3,1.12,0.0,OBC,small,1,AG1,KTPcB1g1,TCB,224.00000000000003,185.92000000000004,formula_83pct_of_proposed,,1.0,,0.0,,0,0,0.0,0.0,40.0,0.0,14328.000000000002,9556.288000000002,1,0
2c89f02acf4c,Koppal,4D4A2,4D4A2M4c,Raghunathanhalli  West-2,0704020001,590/*/5,1.87,0.0,OTHER,small,0,AG1,AWDmA1,TCB,374.0,310.42,formula_83pct_of_proposed,,1.0,,0.0,,0,0,277.0,0.0,40.0,0.0,77039.0,15955.588,1,0
f26f3f0f7965,Koppal,4D4A2,4D4A2M4c,Raghunathanhalli  West-2,0704020001,582/*/*,0.97,0.0,OBC,small,1,AG1,MKHhB1,TCB,194.0,0.0,value,0.0,0.0,0.0,0.0,,0,0,0.0,0.0,0.0,0.0,9118.0,0.0,0,0
8b53aee143ae,Koppal,4D4A2,4D4A2M4c,Raghunathanhalli  West-2,0704020001,583/*/3,1.8,1.0,OBC,small,1,AG1,MLRmA1g1,TCB,360.0,298.8,formula_83pct_of_proposed,,1.0,,0.0,,0,0,490.0,490.0,40.0,0.0,75794.0,55538.32,1,1
bedbc1a0db92,Koppal,4D4A2,4D4A2M4c,Raghunathanhalli  West-2,0704020001,589/*/2,1.6,1.0,OBC,small,1,AG1,KTPcB1g1,TCB,320.0,265.6,formula_83pct_of_proposed,,1.0,,0.0,,0,0,0.0,0.0,40.0,0.0,18840.0,13651.84,1,0
16bc96a594a1,Koppal,4D4A2,4D4A2M4c,Raghunathanhalli  West-2,0704020001,590/*/7,1.6,0.0,OTHER,small,0,AG1,AWDmA1,TCB,320.0,265.6,formula_83pct_of_proposed,,1.0,,0.0,,0,0,277.0,0.0,40.0,0.0,72233.0,13651.84,1,0
268d747b6a3c,Koppal,4D4A2,4D4A2M4c,Raghunathanhalli  West-2,0704020001,637/*/2,2.15,0.0,ST,small,1,AG1,AWDmB2,TCB,430.0,356.9,formula_83pct_of_proposed,,2.0,,0.0,,0,0,490.0,490.0,40.0,95.0,91024.0,67549.66,1,1
bb56786f28e5,Koppal,4D4A2,4D4A2M4c,Raghunathanhalli  West-2,0704020001,639/*/2,1.5,0.0,OBC,small,1,AG1,KTPiB1,TCB,300.0,249.0,formula_83pct_of_proposed,,1.0,,0.0,,0,0,0.0,0.0,0.0,0.0,22000.0,12798.6,1,0
4b58fb3ad518,Koppal,4D4A2,4D4A2M4c,Raghunathanhalli  West-2,0704020001,642/*/3,2.31,1.0,OBC,small,1,AG1,AWDmB2,TCB,462.0,383.46,formula_83pct_of_proposed,,2.0,,0.0,,0,0,490.0,490.0,0.0,0.0,90072.0,59889.844,1,1
87849d26a327,Koppal,4D4A2,4D4A2M4c,Raghunathanhalli  West-2,0704020001,651/*/5,1.2,0.0,OBC,small,1,AG2,AWDmB2,TCB,240.0,199.2,formula_83pct_of_proposed,,1.0,,0.0,,0,0,0.0,0.0,0.0,0.0,25860.0,10238.88,1,0
89fdb1d795cf,Koppal,4D4A2,4D4A2M4c,Raghunathanhalli  West-2,0704020001,652/*/3,2.42,1.0,OBC,medium,1,AG2,AWDmB2,TCB,484.0,0.0,value,0.0,2.0,,0.0,,0,0,0.0,0.0,40.0,0.0,55876.0,0.0,0,0
7a27d4800305,Koppal,4D4A2,4D4A2M4c,Raghunathanhalli  West-2,0704020001,655/*/*,1.35,1.0,OTHER,small,0,AG2,MKHhB1,TCB,270.0,224.1,formula_83pct_of_proposed,,1.0,,0.0,,0,0,0.0,0.0,0.0,0.0,12690.0,11518.74,1,0
7a0cdf92419e,Koppal,4D4A2,4D4A2M4c,Raghunathanhalli  West-2,0704020001,661/*/5,0.69,1.0,OBC,small,1,AG2,KTPiB1,TCB,138.0,0.0,value,0.0,0.0,0.0,0.0,,0,0,0.0,0.0,0.0,0.0,8556.0,0.0,0,0
a2c36ff1070a,Koppal,4D4A2,4D4A2M4c,Raghunathanhalli  West-2,0704020001,666/*/2,2.07,1.0,OBC,small,1,AG2,HDLmA1g1,TCB,413.99999999999994,343.61999999999995,formula_83pct_of_proposed,,2.0,,0.0,,0,0,0.0,0.0,40.0,0.0,35268.0,17662.067999999996,1,0
413124f83b36,Koppal,4D4A2,4D4A2M4c,Raghunathanhalli  West-2,0704020001,666/*/3,2.07,0.0,OBC,small,1,AG2,HDLmA1g1,TCB,413.99999999999994,343.61999999999995,formula_83pct_of_proposed,,2.0,,0.0,,0,0,0.0,0.0,0.0,0.0,31467.999999999996,17662.067999999996,1,0
aa25ffb7f5eb,Koppal,4D4A2,4D4A2M4c,Raghunathanhalli  West-2,0704020001,679/*/4,2.31,0.0,OBC,small,1,AG5,HDLmA1g1,TCB,462.0,383.46,formula_83pct_of_proposed,,2.0,,0.0,,0,0,277.0,0.0,0.0,0.0,61932.0,19709.843999999997,1,0
c03675213d89,Koppal,4D4A2,4D4A2M4c,Raghunathanhalli  West-2,0704020001,683/*/1,1.49,1.0,OBC,small,1,AG5,BDRmA1g1,TCB,298.0,247.34,formula_83pct_of_proposed,,1.0,,0.0,,0,0,277.0,0.0,0.0,0.0,54010.0,12713.276,1,0
f26f3f0f7965,Koppal,4D4A2,4D4A2M4c,Raghunathanhalli  West-2,0704020001,582/*/*,1.91,0.0,OBC,small,1,AG1,MKHhB1,TCB,382.0,317.06,formula_83pct_of_proposed,,1.0,,0.0,,0,0,0.0,0.0,40.0,0.0,21754.0,16296.884,1,0
99e3a323b5d5,Koppal,4D4A2,4D4A2M4c,Raghunathanhalli  West-2,0704020001,584/*/1,1.41,0.0,OBC,small,1,AG1,KTPcB1g1,TCB,282.0,234.06,formula_83pct_of_proposed,,1.0,,0.0,,0,0,0.0,0.0,40.0,0.0,17054.0,12030.684,1,0
9aba167e93ae,Koppal,4D4A2,4D4A2M4c,Raghunathanhalli  West-2,0704020001,590/*/2,0.8,0.0,OBC,small,1,AG1,AWDmA1,TCB,160.0,132.8,formula_83pct_of_proposed,,0.0,0.0,0.0,,0,0,0.0,0.0,0.0,0.0,14240.0,6825.92,1,0
79fda75fa3b6,Koppal,4D4A2,4D4A2M4c,Raghunathanhalli  West-2,0704020001,640/*/5,0.56,0.0,OBC,small,1,AG1,AWDmB2,TCB,112.00000000000001,92.96000000000002,formula_83pct_of_proposed,,0.0,0.0,0.0,,0,0,0.0,0.0,0.0,0.0,9968.000000000002,4778.144000000001,1,0
69bdc3521ae2,Koppal,4D4A2,4D4A2M4c,Raghunathanhalli  West-2,0704020001,654/*/4,0.55,1.0,OBC,small,1,AG2,MKHhB1,TCB,110.00000000000001,91.30000000000001,formula_83pct_of_proposed,,0.0,0.0,0.0,,0,0,0.0,0.0,0.0,0.0,5170.000000000001,4692.820000000001,1,0
f86128d0868c,Koppal,4D4A2,4D4A2M4c,Raghunathanhalli  West-2,0704020001,639/*/3,1.5,0.0,OBC,small,1,AG1,KTPiB1,TCB,300.0,249.0,formula_83pct_of_proposed,,1.0,,0.0,,0,0,0.0,0.0,0.0,0.0,22000.0,12798.6,1,0
1f78fac42f50,Koppal,4D4A2,4D4A2M4c,Raghunathanhalli  West-2,0704020001,642/*/1,2.26,0.0,OTHER,small,0,AG1,AWDmB2,TCB,451.99999999999994,375.1599999999999,formula_83pct_of_proposed,,2.0,,0.0,,0,0,490.0,490.0,0.0,0.0,89182.0,59463.223999999995,1,1
ebfc0d61daa3,Koppal,4D4A2,4D4A2M4c,Raghunathanhalli  West-2,0704020001,643/*/3,0.39,1.0,OTHER,small,0,AG2,AWDmB2,TCB,78.0,0.0,value,0.0,0.0,0.0,0.0,,0,0,196.0,0.0,0.0,0.0,22923.0,0.0,0,0
f87c8a7177f8,Koppal,4D4A2,4D4A2M4c,Raghunathanhalli  West-2,0704020001,652/*/2,2.43,0.0,OBC,medium,1,AG2,AWDmB2,TCB,486.00000000000006,403.38000000000005,formula_83pct_of_proposed,,2.0,,0.0,,0,0,0.0,0.0,40.0,0.0,56054.00000000001,20733.732000000004,1,0
d5480d1dca43,Koppal,4D4A2,4D4A2M4c,Raghunathanhalli  West-2,0704020001,653/*/3,2.16,1.0,OBC,small,1,AG2,KGPcB1g1,TCB,432.0,358.56,formula_83pct_of_proposed,,2.0,,0.0,,0,0,0.0,0.0,40.0,0.0,24104.0,18429.984,1,0
016954eefbef,Koppal,4D4A2,4D4A2M4c,Raghunathanhalli  West-2,0704020001,656/*/2,0.81,0.0,OBC,small,1,AG2,MKHhB1,TCB,162.0,0.0,value,0.0,0.0,0.0,0.0,,0,0,0.0,0.0,0.0,0.0,7614.0,0.0,0,0
79ff16ed0a2f,Koppal,4D4A2,4D4A2M4c,Raghunathanhalli  West-2,0704020001,658/*/1,2.49,0.0,OBC,medium,1,AG2,MKHhB1g1,TCB,498.00000000000006,413.3400000000001,formula_83pct_of_proposed,,2.0,,0.0,,0,0,0.0,0.0,0.0,0.0,23406.000000000004,21245.676000000003,1,0
25baf4ef2b35,Koppal,4D4A2,4D4A2M4c,Raghunathanhalli  West-2,0704020001,659/*/3,1.2,0.0,OBC,small,1,AG2,MKHhB1g1,TCB,240.0,199.2,formula_83pct_of_proposed,,1.0,,0.0,,0,0,0.0,0.0,0.0,0.0,11280.0,10238.88,1,0
3db1e6ea90f0,Koppal,4D4A2,4D4A2M4c,Raghunathanhalli  West-2,0704020001,660/*/1,3.86,0.0,OBC,medium,1,AG2,KTPiB1,TCB,772.0,640.76,formula_83pct_of_proposed,,3.0,,0.0,,0,0,0.0,0.0,0.0,0.0,58064.0,32935.064,1,0
ea2efc9bed33,Koppal,4D4A2,4D4A2M4c,Raghunathanhalli  West-2,0704020001,663/*/*,3.23,0.0,OBC,medium,1,AG2,HDLmA1g1,TCB,646.0,536.18,formula_83pct_of_proposed,,3.0,,1.0,,0,0,0.0,0.0,0.0,0.0,256252.0,27559.652,1,0
6d78568d655e,Koppal,4D4A2,4D4A2M4c,Raghunathanhalli  West-2,0704020001,661/*/1,1.44,1.0,OBC,small,1,AG2,KTPiB1,TCB,288.0,239.04,formula_83pct_of_proposed,,1.0,,0.0,,0,0,0.0,0.0,0.0,0.0,21256.0,12286.655999999999,1,0
b97ad9e79be5,Koppal,4D4A2,4D4A2M4c,Raghunathanhalli  West-2,0704020001,661/*/4,0.86,1.0,OBC,small,1,AG2,KTPiB1,TCB,172.0,142.76,formula_83pct_of_proposed,,0.0,0.0,0.0,,0,0,0.0,0.0,0.0,0.0,10664.0,7337.864,1,0
af1745b5673a,Koppal,4D4A2,4D4A2M4c,Raghunathanhalli  West-2,0704020001,662/*/*,0.79,1.0,OBC,small,1,AG2,MKHhB1g1,TCB,158.0,0.0,value,0.0,0.0,0.0,0.0,,0,0,0.0,0.0,0.0,0.0,7426.0,0.0,0,0
ebf32367fc03,Koppal,4D4A2,4D4A2M4c,Raghunathanhalli  West-2,0704020001,673/*/2,0.4,0.0,OBC,small,1,AG5,HDLmA1g1,TCB,80.0,66.4,formula_83pct_of_proposed,,0.0,0.0,0.0,,0,0,196.0,196.0,0.0,0.0,20941.0,19484.96,1,1
99fe19bea80a,Koppal,4D4A2,4D4A2M4c,Raghunathanhalli  West-2,0704020001,679/*/2,2.42,0.0,OBC,medium,1,AG5,HDLmA1g1,TCB,484.0,401.72,formula_83pct_of_proposed,,2.0,,0.0,,0,0,100.0,100.0,0.0,0.0,57406.0,42248.407999999996,1,1
a45be9871bb8,Koppal,4D4A2,4D4A2M4c,Raghunathanhalli  West-2,0704020001,664/*/*,1.72,1.0,OBC,small,1,AG2,HDLmA1g1,TCB,344.0,285.52,formula_83pct_of_proposed,,1.0,,0.0,,0,0,277.0,0.0,0.0,0.0,52216.0,14675.728,1,0
29e2407924e8,Koppal,4D4A2,4D4A2M4c,Raghunathanhalli  West-2,0704020001,667/*/1,1.13,0.0,OTHER,small,0,AG2,MKHhB1,TCB,225.99999999999997,187.57999999999996,formula_83pct_of_proposed,,1.0,,0.0,,0,0,0.0,0.0,40.0,0.0,14421.999999999998,9641.611999999997,1,0
27ab6ea4395d,Koppal,4D4A2,4D4A2M4c,Raghunathanhalli  West-2,0704020001,668/*/2,0.49,1.0,OTHER,small,0,AG2,MKHhB1,TCB,98.0,0.0,value,0.0,0.0,0.0,0.0,,0,0,0.0,0.0,0.0,0.0,4606.0,0.0,0,0
f26f3f0f7965,Koppal,4D4A2,4D4A2M4c,Raghunathanhalli  West-2,0704020001,582/*/*,0.97,0.0,OBC,small,1,AG1,MKHhB1,TCB,194.0,0.0,value,0.0,0.0,0.0,0.0,,0,0,0.0,0.0,0.0,0.0,9118.0,0.0,0,0
4a66d2306b4e,Koppal,4D4A2,4D4A2M4c,Raghunathanhalli  West-2,0704020001,680/*/*,3.94,1.0,OBC,medium,1,AG5,HDLmA1g1,TCB,788.0,654.04,formula_83pct_of_proposed,,3.0,,0.0,,0,0,277.0,0.0,0.0,0.0,85044.0,33617.655999999995,1,0
1d730358f622,Koppal,4D4A2,4D4A2M4c,Raghunathanhalli  West-2,0704020001,681/*/*,3.77,0.0,OTHER,medium,0,AG5,HDLmA1g1,TCB,754.0,625.82,formula_83pct_of_proposed,,3.0,,0.0,,0,0,277.0,0.0,0.0,0.0,82936.0,32167.148,1,0
e3574d0673fd,Koppal,4D4A2,4D4A2M4c,Raghunathanhalli  West-2,0704020001,683/*/2,1.49,0.0,OTHER,small,0,AG5,BDRmA1g1,TCB,298.0,247.34,formula_83pct_of_proposed,,1.0,,0.0,,0,0,0.0,0.0,0.0,0.0,26522.0,12713.276,1,0
4d76b42a4d1a,Koppal,4D4A2,4D4A2M4c,Raghunathanhalli  West-2,0704020001,638/*/1,0.85,0.0,ST,small,1,AG1,KTPiB1,TCB,170.0,141.1,formula_83pct_of_proposed,,0.0,0.0,0.0,,0,0,392.0,392.0,0.0,0.0,42503.0,39396.54,1,1
79fda75fa3b6,Koppal,4D4A2,4D4A2M4c,Raghunathanhalli  West-2,0704020001,640/*/5,0.56,0.0,OBC,small,1,AG1,AWDmB2,TCB,112.00000000000001,0.0,value,0.0,0.0,0.0,0.0,,0,0,0.0,0.0,0.0,0.0,9968.000000000002,0.0,0,0
b0fdce01e96c,Koppal,4D4A2,4D4A2M4c,Raghunathanhalli  West-2,0704020001,640/*/6,4.63,1.0,OBC,medium,1,AG1,AWDmB2,TCB,926.0,768.58,formula_83pct_of_proposed,,3.0,,0.0,,0,0,0.0,0.0,0.0,0.0,95914.0,39505.012,1,0
fef353a0c970,Koppal,4D4A2,4D4A2M4c,Raghunathanhalli  West-2,0704020001,638/*/2,0.85,0.0,ST,small,1,AG1,KTPiB1,TCB,170.0,141.1,formula_83pct_of_proposed,,0.0,0.0,0.0,,0,0,0.0,0.0,0.0,0.0,10540.0,7252.539999999999,1,0
a50fdad8a98f,Koppal,4D4A2,4D4A2M4c,Raghunathanhalli  West-2,0704020001,640/*/4,0.56,1.0,OBC,small,1,AG1,AWDmB2,TCB,112.00000000000001,92.96000000000002,formula_83pct_of_proposed,,0.0,0.0,0.0,,0,0,0.0,0.0,0.0,0.0,9968.000000000002,4778.144000000001,1,0
834e2634f653,Koppal,4D4A2,4D4A2M4c,Raghunathanhalli  West-2,0704020001,641/*/*,0.5,0.0,OBC,small,1,AG1,AWDmB2,TCB,100.0,83.0,formula_83pct_of_proposed,,0.0,0.0,0.0,,0,0,0.0,0.0,0.0,0.0,8900.0,4266.2,1,0
ec6204a53b41,Koppal,4D4A2,4D4A2M4c,Raghunathanhalli  West-2,0704020001,583/*/4,0.8,1.0,OTHER,small,0,AG1,MLRmA1g1,TCB,160.0,132.8,formula_83pct_of_proposed,,0.0,0.0,0.0,,0,0,392.0,392.0,0.0,0.0,46203.0,38969.92,1,1
062cc1bd2067,Koppal,4D4A2,4D4A2M4c,Raghunathanhalli  West-2,0704020001,586/*/*,1.5,0.0,OBC,small,1,AG1,AWDmA1,TCB,300.0,249.0,formula_83pct_of_proposed,,1.0,,0.0,,0,0,0.0,0.0,40.0,0.0,30500.0,12798.6,1,0
062cc1bd2067,Koppal,4D4A2,4D4A2M4c,Raghunathanhalli  West-2,0704020001,586/*/*,1.5,0.0,OBC,small,1,AG1,AWDmA1,TCB,300.0,249.0,formula_83pct_of_proposed,,1.0,,0.0,,0,0,0.0,0.0,40.0,0.0,30500.0,12798.6,1,0
d8323e828c9a,Koppal,4D4A2,4D4A2M4c,Raghunathanhalli  West-2,0704020001,588/*/*,0.36,1.0,OTHER,small,0,AG1,KTPcB1g1,TCB,72.0,59.76,formula_83pct_of_proposed,,0.0,0.0,0.0,,0,0,0.0,0.0,0.0,0.0,3384.0,3071.6639999999998,1,0
d8323e828c9a,Koppal,4D4A2,4D4A2M4c,Raghunathanhalli  West-2,0704020001,588/*/*,1.24,1.0,OBC,small,1,AG1,KTPcB1g1,TCB,248.0,205.84,formula_83pct_of_proposed,,1.0,,0.0,,0,0,0.0,0.0,40.0,0.0,15456.0,10580.176,1,0
33789a89cf6d,Koppal,4D4A2,4D4A2M4c,Raghunathanhalli  West-2,0704020001,674/*/2,0.98,0.0,OBC,small,1,AG5,HDLmA1g1,TCB,196.0,162.68,formula_83pct_of_proposed,,0.0,0.0,0.0,,0,0,0.0,0.0,0.0,0.0,12152.0,8361.752,1,0
5624fd491c9e,Koppal,4D4A2,4D4A2M4c,Raghunathanhalli  West-2,0704020001,674/*/6,0.75,0.0,OTHER,small,0,AG5,HDLmA1g1,TCB,150.0,124.5,formula_83pct_of_proposed,,0.0,0.0,0.0,,0,0,0.0,0.0,0.0,0.0,9300.0,6399.3,1,0
967cf08ceb68,Koppal,4D4A2,4D4A2M4c,Raghunathanhalli  West-2,0704020001,642/*/2,2.31,0.0,OBC,small,1,AG1,AWDmB2,TCB,462.0,383.46,formula_83pct_of_proposed,,2.0,,0.0,,0,0,490.0,490.0,0.0,0.0,90072.0,59889.844,1,1
1e5f97bd836c,Koppal,4D4A2,4D4A2M4c,Raghunathanhalli  West-2,0704020001,644/*/2,2.0,0.0,OBC,small,1,AG2,AWDmB2,TCB,400.0,332.0,formula_83pct_of_proposed,,2.0,,0.0,,0,0,0.0,0.0,0.0,0.0,44600.0,17064.8,1,0
9f82683ab9bc,Koppal,4D4A2,4D4A2M4c,Raghunathanhalli  West-2,0704020001,590/*/1,0.48,0.0,OBC,small,1,AG1,AWDmA1,TCB,96.0,0.0,value,0.0,0.0,0.0,0.0,,0,0,0.0,0.0,0.0,0.0,8544.0,0.0,0,0
35ca2b0b5274,Koppal,4D4A2,4D4A2M4c,Raghunathanhalli  West-2,0704020001,591/*/*,1.6,0.0,OBC,small,1,AG1,AWDmA1,TCB,320.0,265.6,formula_83pct_of_proposed,,1.0,,0.0,,0,0,0.0,0.0,0.0,0.0,28480.0,13651.84,1,0
96a7f79ee102,Koppal,4D4A2,4D4A2M4c,Raghunathanhalli  West-2,0704020001,650/*/*,1.6,0.0,OBC,small,1,AG2,AWDmB2,TCB,320.0,265.6,formula_83pct_of_proposed,,1.0,,0.0,,0,0,0.0,0.0,40.0,0.0,36780.0,13651.84,1,0
b765f1d2ace0,Koppal,4D4A2,4D4A2M4c,Raghunathanhalli  West-2,0704020001,651/*/2,1.6,0.0,OBC,small,1,AG2,AWDmB2,TCB,320.0,265.6,formula_83pct_of_proposed,,1.0,,0.0,,0,0,0.0,0.0,0.0,0.0,32980.0,13651.84,1,0
5f214903ff86,Koppal,4D4A2,4D4A2M4c,Raghunathanhalli  West-2,0704020001,653/*/1,2.0,1.0,OBC,small,1,AG2,KGPcB1g1,TCB,400.0,332.0,formula_83pct_of_proposed,,2.0,,0.0,,0,0,0.0,0.0,0.0,0.0,18800.0,17064.8,1,0
3f583aef4cc1,Koppal,4D4A2,4D4A2M4c,Raghunathanhalli  West-2,0704020001,654/*/1,0.83,0.0,OTHER,small,0,AG2,MKHhB1,TCB,166.0,0.0,value,0.0,0.0,0.0,0.0,,0,0,0.0,0.0,0.0,0.0,7802.0,0.0,0,0
8d1f624aaf34,Koppal,4D4A2,4D4A2M4c,Raghunathanhalli  West-2,0704020001,654/*/2,0.82,1.0,OTHER,small,0,AG2,MKHhB1,TCB,164.0,0.0,value,0.0,0.0,0.0,0.0,,0,0,0.0,0.0,0.0,0.0,7708.0,0.0,0,0
69bdc3521ae2,Koppal,4D4A2,4D4A2M4c,Raghunathanhalli  West-2,0704020001,654/*/4,0.55,1.0,OBC,small,1,AG2,MKHhB1,TCB,110.00000000000001,0.0,value,0.0,0.0,0.0,0.0,,0,0,0.0,0.0,0.0,0.0,5170.000000000001,0.0,0,0
e095f91d9b68,Koppal,4D4A2,4D4A2M4c,Raghunathanhalli  West-2,0704020001,679/*/1,2.42,0.0,OBC,medium,1,AG5,HDLmA1g1,TCB,484.0,401.72,formula_83pct_of_proposed,,2.0,,1.0,1.0,0,0,277.0,0.0,0.0,0.0,173296.0,120648.408,1,0
af1745b5673a,Koppal,4D4A2,4D4A2M4c,Raghunathanhalli  West-2,0704020001,662/*/*,1.56,0.0,OBC,small,1,AG2,MKHhB1g1,TCB,312.0,258.96,formula_83pct_of_proposed,,1.0,,0.0,,0,0,0.0,0.0,0.0,0.0,14664.0,13310.543999999998,1,0
7c7a0f30b53d,Koppal,4D4A2,4D4A2M4c,Raghunathanhalli  West-2,0704020001,651/*/6,0.4,1.0,OBC,small,1,AG2,AWDmB2,TCB,80.0,0.0,value,0.0,0.0,0.0,0.0,,0,0,0.0,0.0,0.0,0.0,7120.0,0.0,0,0
b7b77877aaa3,Koppal,4D4A2,4D4A2M4c,Raghunathanhalli  West-2,0704020001,652/*/1,2.4,0.0,OBC,medium,1,AG2,AWDmB2,TCB,480.0,398.4,formula_83pct_of_proposed,,2.0,,0.0,,0,0,0.0,0.0,0.0,0.0,51720.0,20477.76,1,0
3e2cecd025c0,Koppal,4D4A2,4D4A2M4c,Raghunathanhalli  West-2,0704020001,654/*/5,0.55,0.0,OTHER,small,0,AG2,MKHhB1,TCB,110.00000000000001,91.30000000000001,formula_83pct_of_proposed,,0.0,0.0,0.0,,0,0,0.0,0.0,0.0,0.0,5170.000000000001,4692.820000000001,1,0
c38aa68ba10b,Koppal,4D4A2,4D4A2M4c,Raghunathanhalli  West-2,0704020001,668/*/4,0.72,1.0,OBC,small,1,AG2,MKHhB1,TCB,144.0,119.52,formula_83pct_of_proposed,,0.0,0.0,0.0,,0,0,0.0,0.0,0.0,0.0,6768.0,6143.3279999999995,1,0
872360c668d5,Koppal,4D4A2,4D4A2M4c,Raghunathanhalli  West-2,0704020001,637/*/1,2.15,0.0,OTHER,small,0,AG1,AWDmB2,TCB,430.0,356.9,formula_83pct_of_proposed,,2.0,,0.0,,0,0,490.0,490.0,0.0,0.0,87224.0,58524.66,1,1
8e6f9f189920,Koppal,4D4A2,4D4A2M4c,Raghunathanhalli  West-2,0704020001,639/*/4,0.75,0.0,OTHER,small,0,AG1,KTPiB1,TCB,150.0,124.5,formula_83pct_of_proposed,,0.0,0.0,0.0,,0,0,0.0,0.0,0.0,0.0,9300.0,6399.3,1,0
133d43b3fe45,Koppal,4D4A2,4D4A2M4c,Raghunathanhalli  West-2,0704020001,643/*/1,1.16,0.0,OBC,small,1,AG2,AWDmB2,TCB,231.99999999999997,192.55999999999997,formula_83pct_of_proposed,,1.0,,0.0,,0,0,490.0,490.0,40.0,95.0,68902.0,59102.584,1,1
0b3942335912,Koppal,4D4A2,4D4A2M4c,Raghunathanhalli  West-2,0704020001,674/*/3,0.9,0.0,OBC,small,1,AG5,HDLmA1g1,TCB,180.0,0.0,value,0.0,0.0,0.0,0.0,,0,0,0.0,0.0,0.0,0.0,11160.0,0.0,0,0
6cec73d2b0b9,Koppal,4D4A2,4D4A2M4c,Raghunathanhalli  West-2,0704020001,656/*/1,0.81,1.0,OBC,small,1,AG2,MKHhB1,TCB,162.0,0.0,value,0.0,0.0,0.0,0.0,,0,0,0.0,0.0,0.0,0.0,7614.0,0.0,0,0
9d09e0befdb9,Koppal,4D4A2,4D4A2M4c,Raghunathanhalli  West-2,0704020001,657/*/*,0.59,0.0,OTHER,small,0,AG2,MKHhB1g1,TCB,118.0,97.94,formula_83pct_of_proposed,,0.0,0.0,0.0,,0,0,0.0,0.0,0.0,0.0,5546.0,5034.116,1,0
7e9c23f8da62,Koppal,4D4A2,4D4A2M4c,Raghunathanhalli  West-2,0704020001,658/*/2,1.26,0.0,OBC,small,1,AG2,MKHhB1g1,TCB,252.0,209.16,formula_83pct_of_proposed,,1.0,,0.0,,0,0,0.0,0.0,0.0,0.0,11844.0,10750.823999999999,1,0
2112760fb307,Koppal,4D4A2,4D4A2M4c,Raghunathanhalli  West-2,0704020001,674/*/8,0.79,0.0,OBC,small,1,AG5,HDLmA1g1,TCB,158.0,131.14,formula_83pct_of_proposed,,0.0,0.0,0.0,,0,0,0.0,0.0,0.0,0.0,9796.0,6740.596,1,0
a68c700b7fb3,Koppal,4D4A2,4D4A2M4c,Raghunathanhalli  West-2,0704020001,659/*/2,2.72,0.0,OBC,medium,1,AG2,MKHhB1g1,TCB,544.0,451.52,formula_83pct_of_proposed,,2.0,,0.0,,0,0,0.0,0.0,0.0,0.0,25568.0,23208.127999999997,1,0
79248659b6c4,Koppal,4D4A2,4D4A2M4c,Raghunathanhalli  West-2,0704020001,682/*/1,0.81,0.0,SC,small,1,AG5,MKHhB1g2,TCB,162.0,0.0,value,0.0,0.0,0.0,0.0,,0,0,222.0,0.0,0.0,0.0,29604.0,0.0,0,0
f26f3f0f7965,Koppal,4D4A2,4D4A2M4c,Raghunathanhalli  West-2,0704020001,582/*/*,0.98,0.0,OTHER,small,0,AG1,MKHhB1,TCB,196.0,0.0,value,0.0,0.0,0.0,0.0,,0,0,0.0,0.0,0.0,0.0,9212.0,0.0,0,0
f26f3f0f7965,Koppal,4D4A2,4D4A2M4c,Raghunathanhalli  West-2,0704020001,582/*/*,1.99,0.0,OTHER,small,0,AG1,MKHhB1,TCB,398.0,330.34,formula_83pct_of_proposed,,1.0,,0.0,,0,0,0.0,0.0,40.0,0.0,22506.0,16979.476,1,0
eae5a0ac4926,Koppal,4D4A2,4D4A2M4c,Raghunathanhalli  West-2,0704020001,643/*/2,2.23,0.0,OBC,small,1,AG2,AWDmB2,TCB,446.0,370.18,formula_83pct_of_proposed,,2.0,,0.0,,0,0,490.0,490.0,0.0,0.0,88648.0,59207.252,1,1
d4f9ddd760cc,Koppal,4D4A2,4D4A2M4c,Raghunathanhalli  West-2,0704020001,695/*/*,4.69,1.0,OBC,medium,1,AG5,HDLmA1g1,TCB,938.0000000000001,778.5400000000002,formula_83pct_of_proposed,,3.0,,0.0,,0,0,0.0,0.0,0.0,0.0,66856.0,40016.956000000006,1,0
476d44585f97,Koppal,4D4A2,4D4A2M4c,Raghunathanhalli  West-2,0704020001,661/*/3,2.14,1.0,OBC,small,1,AG2,KTPiB1,TCB,428.0,355.24,formula_83pct_of_proposed,,2.0,,0.0,,0,0,0.0,0.0,0.0,0.0,33336.0,18259.336,1,0
d8323e828c9a,Koppal,4D4A2,4D4A2M4c,Raghunathanhalli  West-2,0704020001,588/*/*,0.38,0.0,OTHER,small,0,AG1,KTPcB1g1,TCB,76.0,0.0,value,0.0,0.0,0.0,0.0,,0,0,0.0,0.0,0.0,0.0,3572.0,0.0,0,0
d8323e828c9a,Koppal,4D4A2,4D4A2M4c,Raghunathanhalli  West-2,0704020001,588/*/*,1.6,1.0,OTHER,small,0,AG1,KTPcB1g1,TCB,320.0,265.6,formula_83pct_of_proposed,,1.0,,0.0,,0,0,0.0,0.0,40.0,0.0,18840.0,13651.84,1,0
b52d2509c28e,Koppal,4D4A2,4D4A2M4c,Raghunathanhalli  West-2,0704020001,590/*/3,0.8,1.0,OTHER,small,0,AG1,AWDmA1,TCB,160.0,0.0,value,0.0,0.0,0.0,0.0,,0,0,222.0,0.0,0.0,0.0,46192.0,0.0,0,0
8f8c01182fa0,Koppal,4D4A2,4D4A2M4c,Raghunathanhalli  West-2,0704020001,665/*/*,2.01,0.0,OBC,small,1,AG2,HDLmA1g1,TCB,401.99999999999994,333.6599999999999,formula_83pct_of_proposed,,2.0,,0.0,,0,0,100.0,100.0,0.0,0.0,52322.0,38750.123999999996,1,1
a4983d7a9b61,Koppal,4D4A2,4D4A2M4c,Raghunathanhalli  West-2,0704020001,668/*/3,0.8,1.0,OTHER,small,0,AG2,MKHhB1,TCB,160.0,132.8,formula_83pct_of_proposed,,1.0,,0.0,,0,0,0.0,0.0,0.0,0.0,7520.0,6825.92,1,0
04beaf37a233,Koppal,4D4A2,4D4A2M4c,Raghunathanhalli  West-2,0704020001,668/*/5,0.68,1.0,OTHER,small,0,AG2,MKHhB1,TCB,136.0,0.0,value,0.0,0.0,0.0,0.0,,0,0,0.0,0.0,0.0,0.0,6392.0,0.0,0,0
9969cc001f72,Koppal,4D4A2,4D4A2M4c,Raghunathanhalli  West-2,0704020001,673/*/1,0.84,1.0,OBC,small,1,AG5,HDLmA1g1,TCB,168.0,139.44,formula_83pct_of_proposed,,0.0,0.0,0.0,,0,0,392.0,392.0,0.0,0.0,42379.0,39311.216,1,1
81cd9ee0134b,Koppal,4D4A2,4D4A2M4c,Raghunathanhalli  West-2,0704020001,674/*/5,0.79,0.0,OBC,small,1,AG5,HDLmA1g1,TCB,158.0,0.0,value,0.0,0.0,0.0,0.0,,0,0,0.0,0.0,0.0,0.0,9796.0,0.0,0,0
2c7807084958,Koppal,4D4A2,4D4A2M4c,Raghunathanhalli  West-2,0704020001,674/*/1,1.0,1.0,OBC,small,1,AG5,HDLmA1g1,TCB,200.0,0.0,value,0.0,0.0,0.0,0.0,,0,0,0.0,0.0,0.0,0.0,12400.0,0.0,0,0
7e1076fb8072,Koppal,4D4A2,4D4A2M4c,Raghunathanhalli  West-2,0704020001,674/*/7,0.79,0.0,OTHER,small,0,AG5,HDLmA1g1,TCB,158.0,131.14,formula_83pct_of_proposed,,0.0,0.0,0.0,,0,0,0.0,0.0,0.0,0.0,9796.0,6740.596,1,0
60d5aeafb6c3,Koppal,4D4A2,4D4A2M4c,Raghunathanhalli  West-2,0704020001,682/*/2,0.81,0.0,SC,small,1,AG5,MKHhB1g2,TCB,162.0,134.46,formula_83pct_of_proposed,,0.0,0.0,0.0,,0,0,0.0,0.0,0.0,0.0,7614.0,6911.244000000001,1,0
be091f38b1fd,Koppal,4D4A2,4D4A2M4c,Raghunathanhalli  West-2,0704020001,682/*/3,0.81,0.0,SC,small,1,AG5,MKHhB1g2,TCB,162.0,134.46,formula_83pct_of_proposed,,0.0,0.0,0.0,,0,0,222.0,0.0,0.0,0.0,29604.0,6911.244000000001,1,0
f305c706603f,Koppal,4D4A2,4D4A2M4c,Raghunathanhalli  West-2,0704020001,682/*/4,0.81,0.0,SC,small,1,AG5,MKHhB1g2,TCB,162.0,0.0,value,0.0,0.0,0.0,0.0,,0,0,0.0,0.0,0.0,0.0,7614.0,0.0,0,0
68790dc1f02c,Koppal,4D4A2,4D4A2M4c,Raghunathanhalli  West-2,0704020001,682/*/5,0.8,0.0,OBC,small,1,AG5,MKHhB1g2,TCB,160.0,132.8,formula_83pct_of_proposed,,0.0,0.0,0.0,,0,0,80.0,80.0,0.0,0.0,24798.0,24105.92,1,1
9263cdfedccf,Koppal,4D4A2,4D4A2M4c,Raghunathanhalli  West-2,0704020001,640/*/1,0.5,0.0,OTHER,small,0,AG1,AWDmB2,TCB,100.0,0.0,value,0.0,0.0,0.0,0.0,,0,0,0.0,0.0,0.0,0.0,8900.0,0.0,0,0
96a7f79ee102,Koppal,4D4A2,4D4A2M4c,Raghunathanhalli  West-2,0704020001,650/*/*,2.8,0.0,OTHER,medium,0,AG2,AWDmB2,TCB,560.0,464.8,formula_83pct_of_proposed,,2.0,,0.0,,0,0,0.0,0.0,0.0,0.0,58840.0,23890.72,1,0
45d8e1779ee7,Koppal,4D4A2,4D4A2M4c,Raghunathanhalli  West-2,0704020001,651/*/3,1.2,0.0,OBC,small,1,AG2,AWDmB2,TCB,240.0,199.2,formula_83pct_of_proposed,,1.0,,0.0,,0,0,0.0,0.0,40.0,0.0,29660.0,10238.88,1,0
7663d000bc3c,Koppal,4D4A2,4D4A2M4c,Raghunathanhalli  West-2,0704020001,654/*/3,0.55,1.0,OTHER,small,0,AG2,MKHhB1,TCB,110.00000000000001,0.0,value,0.0,0.0,0.0,0.0,,0,0,0.0,0.0,0.0,0.0,5170.000000000001,0.0,0,0
38610f9d0174,Koppal,4D4A2,4D4A2M4c,Raghunathanhalli  West-2,0704020001,637/*/3,2.14,0.0,OBC,small,1,AG1,AWDmB2,TCB,428.0,355.24,formula_83pct_of_proposed,,2.0,,0.0,,0,0,490.0,490.0,0.0,0.0,87046.0,58439.335999999996,1,1
a1b10d535fb0,Koppal,4D4A2,4D4A2M4c,Raghunathanhalli  West-2,0704020001,639/*/1,0.76,0.0,OBC,small,1,AG1,KTPiB1,TCB,152.0,0.0,value,0.0,0.0,0.0,0.0,,0,0,0.0,0.0,0.0,0.0,9424.0,0.0,0,0
04400ec81439,Koppal,4D4A2,4D4A2M4c,Raghunathanhalli  West-2,0704020001,640/*/3,0.64,0.0,OBC,small,1,AG1,AWDmB2,TCB,128.0,106.24,formula_83pct_of_proposed,,0.0,0.0,0.0,,0,0,0.0,0.0,0.0,0.0,11392.0,5460.736,1,0
5f147c3f8e4f,Koppal,4D4A2,4D4A2M4c,Raghunathanhalli  West-2,0704020001,658/*/3,1.26,1.0,OTHER,small,1,AG2,MKHhB1g1,TCB,252.0,209.16,formula_83pct_of_proposed,,1.0,,0.0,,0,0,0.0,0.0,0.0,0.0,11844.0,10750.823999999999,1,0
51ba49a15375,Koppal,4D4A2,4D4A2M4c,Raghunathanhalli  West-2,0704020001,659/*/1,1.2,0.0,OBC,small,1,AG2,MKHhB1g1,TCB,240.0,199.2,formula_83pct_of_proposed,,1.0,,0.0,,0,0,0.0,0.0,0.0,0.0,11280.0,10238.88,1,0
133d43b3fe45,Koppal,4D4A2,4D4A2M4c,Raghunathanhalli  West-2,0704020001,643/*/1,0.67,1.0,OTHER,small,0,AG2,AWDmB2,TCB,134.0,0.0,value,0.0,0.0,0.0,0.0,,0,0,0.0,0.0,0.0,0.0,11926.0,0.0,0,0
e303fefc23a2,Koppal,4D4A2,4D4A2M4c,Raghunathanhalli  West-2,0704020001,644/*/1,2.0,1.0,OBC,small,1,AG2,AWDmB2,TCB,400.0,332.0,formula_83pct_of_proposed,,2.0,,0.0,,0,0,490.0,490.0,0.0,0.0,84554.0,57244.8,1,1
96a7f79ee102,Koppal,4D4A2,4D4A2M4c,Raghunathanhalli  West-2,0704020001,650/*/*,2.18,0.0,OBC,small,1,AG2,AWDmB2,TCB,436.00000000000006,361.88000000000005,formula_83pct_of_proposed,,2.0,,0.0,,0,0,0.0,0.0,0.0,0.0,47804.00000000001,18600.632,1,0
e719f94ae605,Koppal,4D4A2,4D4A2M4c,Raghunathanhalli  West-2,0704020001,661/*/2,1.28,1.0,OTHER,small,0,AG2,KTPiB1,TCB,256.0,212.48,formula_83pct_of_proposed,,1.0,,0.0,,0,0,0.0,0.0,0.0,0.0,19272.0,10921.472,1,0
af1745b5673a,Koppal,4D4A2,4D4A2M4c,Raghunathanhalli  West-2,0704020001,662/*/*,0.8,1.0,OBC,small,1,AG2,MKHhB1g1,TCB,160.0,0.0,value,0.0,0.0,0.0,0.0,,0,0,0.0,0.0,0.0,0.0,7520.0,0.0,0,0
af1745b5673a,Koppal,4D4A2,4D4A2M4c,Raghunathanhalli  West-2,0704020001,662/*/*,1.59,0.0,OBC,small,1,AG2,MKHhB1g1,TCB,318.0,263.94,formula_83pct_of_proposed,,1.0,,0.0,,0,0,0.0,0.0,0.0,0.0,14946.0,13566.516,1,0
c930527408d1,Koppal,4D4A2,4D4A2M4c,Raghunathanhalli  West-2,0704020001,651/*/1,1.2,1.0,OBC,small,1,AG2,AWDmB2,TCB,240.0,199.2,formula_83pct_of_proposed,,1.0,,0.0,,0,0,0.0,0.0,0.0,0.0,25860.0,10238.88,1,0
c9044da25ac5,Koppal,4D4A2,4D4A2M4c,Raghunathanhalli  West-2,0704020001,651/*/4,1.7,0.0,OTHER,small,0,AG2,AWDmB2,TCB,340.0,282.2,formula_83pct_of_proposed,,1.0,,0.0,,0,0,0.0,0.0,0.0,0.0,34760.0,14505.079999999998,1,0
d937b3e0a5c0,Koppal,4D4A2,4D4A2M4c,Raghunathanhalli  West-2,0704020001,651/*/7,0.25,0.0,OBC,small,1,AG2,AWDmB2,TCB,50.0,41.5,formula_83pct_of_proposed,,0.0,0.0,0.0,,0,0,0.0,0.0,0.0,0.0,4450.0,2133.1,1,0
db69967c8792,Koppal,4D4A2,4D4A2M4c,Raghunathanhalli  West-2,0704020001,667/*/3,1.13,0.0,OBC,small,1,AG2,MKHhB1,TCB,225.99999999999997,187.57999999999996,formula_83pct_of_proposed,,1.0,,0.0,,0,0,0.0,0.0,0.0,0.0,10621.999999999998,9641.611999999997,1,0
aeea79edf1ea,Koppal,4D4A2,4D4A2M4c,Raghunathanhalli  West-2,0704020001,668/*/1,1.31,0.0,OBC,small,1,AG2,MKHhB1,TCB,262.0,217.46,formula_83pct_of_proposed,,1.0,,0.0,,0,0,0.0,0.0,0.0,0.0,12314.0,11177.444,1,0
e3a2e169e79d,Koppal,4D4A2,4D4A2M4c,Raghunathanhalli  West-2,0704020001,653/*/2,2.0,1.0,OBC,small,1,AG2,KGPcB1g1,TCB,400.0,332.0,formula_83pct_of_proposed,,2.0,,0.0,,0,0,0.0,0.0,40.0,0.0,22600.0,17064.8,1,0
c6cf2b7f94a8,Koppal,4D4A2,4D4A2M4c,Raghunathanhalli  West-2,0704020001,654/*/6,1.65,0.0,OTHER,small,0,AG2,MKHhB1,TCB,330.0,273.9,formula_83pct_of_proposed,,1.0,,0.0,,0,0,0.0,0.0,0.0,0.0,15510.0,14078.46,1,0
6cec73d2b0b9,Koppal,4D4A2,4D4A2M4c,Raghunathanhalli  West-2,0704020001,656/*/1,0.81,1.0,OBC,small,1,AG2,MKHhB1,TCB,162.0,134.46,formula_83pct_of_proposed,,0.0,0.0,0.0,,0,0,0.0,0.0,0.0,0.0,7614.0,6911.244000000001,1,0
69181173af14,Koppal,4D4A2,4D4A2M4c,Raghunathanhalli  West-2,0704020001,702/*/*,3.29,0.0,OBC,medium,1,AG5,BDGiB1g2,TCB,658.0,546.14,formula_83pct_of_proposed,,3.0,,0.0,,0,0,0.0,0.0,0.0,0.0,30926.0,28071.595999999998,1,0
af1745b5673a,Koppal,4D4A2,4D4A2M4c,Raghunathanhalli  West-2,0704020001,662/*/*,0.8,1.0,OBC,small,1,AG2,MKHhB1g1,TCB,160.0,132.8,formula_83pct_of_proposed,,0.0,0.0,0.0,,0,0,0.0,0.0,0.0,0.0,7520.0,6825.92,1,0
af1745b5673a,Koppal,4D4A2,4D4A2M4c,Raghunathanhalli  West-2,0704020001,662/*/*,0.73,0.0,OBC,small,1,AG2,MKHhB1g1,TCB,146.0,121.18,formula_83pct_of_proposed,,0.0,0.0,0.0,,0,0,0.0,0.0,0.0,0.0,6862.0,6228.652,1,0
92da143fbdb8,Koppal,4D4A2,4D4A2M4c,Raghunathanhalli  West-2,0704020001,666/*/1,2.08,0.0,OTHER,small,0,AG2,HDLmA1g1,TCB,416.0,345.28,formula_83pct_of_proposed,,2.0,,0.0,,0,0,0.0,0.0,0.0,0.0,31592.0,17747.392,1,0
d6fc4d474779,Koppal,4D4A2,4D4A2M4c,Raghunathanhalli  West-2,0704020001,673/*/3,0.8,0.0,OTHER,small,0,AG5,HDLmA1g1,TCB,160.0,0.0,value,0.0,0.0,0.0,0.0,,0,0,0.0,0.0,0.0,0.0,9920.0,0.0,0,0
d9fb6f44197f,Koppal,4D4A2,4D4A2M4c,Raghunathanhalli  West-2,0704020001,679/*/3,2.31,0.0,OBC,small,1,AG5,HDLmA1g1,TCB,462.0,383.46,formula_83pct_of_proposed,,2.0,,0.0,,0,0,100.0,100.0,0.0,0.0,56042.0,41309.844,1,1
a2c36ff1070a,Koppal,4D4A2,4D4A2M4c,Raghunathanhalli  West-2,0704020001,666/*/2,2.07,1.0,OTHER,small,0,AG2,HDLmA1g1,TCB,413.99999999999994,343.61999999999995,formula_83pct_of_proposed,,2.0,,0.0,,0,0,0.0,0.0,0.0,0.0,31467.999999999996,17662.067999999996,1,0
a30809cf0859,Koppal,4D4A2,4D4A2M4c,Raghunathanhalli  West-2,0704020001,667/*/2,1.14,1.0,OBC,small,1,AG2,MKHhB1,TCB,227.99999999999997,189.23999999999995,formula_83pct_of_proposed,,1.0,,0.0,,0,0,0.0,0.0,0.0,0.0,10715.999999999998,9726.935999999998,1,0
37dfe7cbdf44,Koppal,4D4A2,4D4A2M4c,Raghunathanhalli  West-2,0704020001,667/*/4,2.0,0.0,OBC,small,1,AG2,MKHhB1,TCB,400.0,332.0,formula_83pct_of_proposed,,2.0,,0.0,,0,0,0.0,0.0,0.0,0.0,18800.0,17064.8,1,0
5e74728907aa,Koppal,4D4A2,4D4A2M4c,Raghunathanhalli  West-2,0704020001,667/*/5,1.2,0.0,OBC,small,1,AG2,MKHhB1,TCB,240.0,199.2,formula_83pct_of_proposed,,1.0,,0.0,,0,0,0.0,0.0,0.0,0.0,11280.0,10238.88,1,0
5e518a03f2ac,Koppal,4D4A2,4D4A2M4c,Raghunathanhalli  West-2,0704020001,674/*/4,0.4,1.0,OBC,small,1,AG5,HDLmA1g1,TCB,80.0,0.0,value,0.0,0.0,0.0,0.0,,0,0,0.0,0.0,0.0,0.0,24960.0,0.0,0,0
